sample_id,split,source_dataset,mask_path,img_path
1,train,cityscapes,streetViewData\train\cityscapes\mask\strasbourg_000000_029339.png,streetViewData\train\cityscapes\img\strasbourg_000000_029339.png
2,train,cityscapes,streetViewData\train\cityscapes\mask\cologne_000132_000019.png,streetViewData\train\cityscapes\img\cologne_000132_000019.png
3,train,cityscapes,streetViewData\train\cityscapes\mask\bochum_000000_021070.png,streetViewData\train\cityscapes\img\bochum_000000_021070.png
4,train,cityscapes,streetViewData\train\cityscapes\mask\strasbourg_000001_052050.png,streetViewData\train\cityscapes\img\strasbourg_000001_052050.png
5,train,cityscapes,streetViewData\train\cityscapes\mask\hamburg_000000_059339.png,streetViewData\train\cityscapes\img\hamburg_000000_059339.png
6,train,cityscapes,streetViewData\train\cityscapes\mask\hamburg_000000_036427.png,streetViewData\train\cityscapes\img\hamburg_000000_036427.png
7,train,cityscapes,streetViewData\train\cityscapes\mask\hamburg_000000_008221.png,streetViewData\train\cityscapes\img\hamburg_000000_008221.png
8,train,cityscapes,streetViewData\train\cityscapes\mask\darmstadt_000035_000019.png,streetViewData\train\cityscapes\img\darmstadt_000035_000019.png
9,train,cityscapes,streetViewData\train\cityscapes\mask\strasbourg_000001_049776.png,streetViewData\train\cityscapes\img\strasbourg_000001_049776.png
10,train,cityscapes,streetViewData\train\cityscapes\mask\cologne_000113_000019.png,streetViewData\train\cityscapes\img\cologne_000113_000019.png
11,train,cityscapes,streetViewData\train\cityscapes\mask\strasbourg_000001_009618.png,streetViewData\train\cityscapes\img\strasbourg_000001_009618.png
12,train,cityscapes,streetViewData\train\cityscapes\mask\strasbourg_000001_051877.png,streetViewData\train\cityscapes\img\strasbourg_000001_051877.png
13,train,cityscapes,streetViewData\train\cityscapes\mask\tubingen_000066_000019.png,streetViewData\train\cityscapes\img\tubingen_000066_000019.png
14,train,cityscapes,streetViewData\train\cityscapes\mask\monchengladbach_000000_005686.png,streetViewData\train\cityscapes\img\monchengladbach_000000_005686.png
15,train,cityscapes,streetViewData\train\cityscapes\mask\cologne_000082_000019.png,streetViewData\train\cityscapes\img\cologne_000082_000019.png
16,train,cityscapes,streetViewData\train\cityscapes\mask\strasbourg_000000_004248.png,streetViewData\train\cityscapes\img\strasbourg_000000_004248.png
17,train,cityscapes,streetViewData\train\cityscapes\mask\hanover_000000_051536.png,streetViewData\train\cityscapes\img\hanover_000000_051536.png
18,train,cityscapes,streetViewData\train\cityscapes\mask\bochum_000000_024717.png,streetViewData\train\cityscapes\img\bochum_000000_024717.png
19,train,cityscapes,streetViewData\train\cityscapes\mask\bochum_000000_023648.png,streetViewData\train\cityscapes\img\bochum_000000_023648.png
20,train,cityscapes,streetViewData\train\cityscapes\mask\cologne_000095_000019.png,streetViewData\train\cityscapes\img\cologne_000095_000019.png
21,train,cityscapes,streetViewData\train\cityscapes\mask\hamburg_000000_001613.png,streetViewData\train\cityscapes\img\hamburg_000000_001613.png
22,train,cityscapes,streetViewData\train\cityscapes\mask\hamburg_000000_022524.png,streetViewData\train\cityscapes\img\hamburg_000000_022524.png
23,train,cityscapes,streetViewData\train\cityscapes\mask\krefeld_000000_011655.png,streetViewData\train\cityscapes\img\krefeld_000000_011655.png
24,train,cityscapes,streetViewData\train\cityscapes\mask\strasbourg_000000_011225.png,streetViewData\train\cityscapes\img\strasbourg_000000_011225.png
25,train,cityscapes,streetViewData\train\cityscapes\mask\bochum_000000_021479.png,streetViewData\train\cityscapes\img\bochum_000000_021479.png
26,train,cityscapes,streetViewData\train\cityscapes\mask\monchengladbach_000000_019682.png,streetViewData\train\cityscapes\img\monchengladbach_000000_019682.png
27,train,cityscapes,streetViewData\train\cityscapes\mask\erfurt_000072_000019.png,streetViewData\train\cityscapes\img\erfurt_000072_000019.png
28,train,cityscapes,streetViewData\train\cityscapes\mask\strasbourg_000001_036232.png,streetViewData\train\cityscapes\img\strasbourg_000001_036232.png
29,train,cityscapes,streetViewData\train\cityscapes\mask\strasbourg_000000_033129.png,streetViewData\train\cityscapes\img\strasbourg_000000_033129.png
30,train,cityscapes,streetViewData\train\cityscapes\mask\strasbourg_000001_027097.png,streetViewData\train\cityscapes\img\strasbourg_000001_027097.png
31,train,cityscapes,streetViewData\train\cityscapes\mask\ulm_000081_000019.png,streetViewData\train\cityscapes\img\ulm_000081_000019.png
32,train,cityscapes,streetViewData\train\cityscapes\mask\hanover_000000_050228.png,streetViewData\train\cityscapes\img\hanover_000000_050228.png
33,train,cityscapes,streetViewData\train\cityscapes\mask\hamburg_000000_003904.png,streetViewData\train\cityscapes\img\hamburg_000000_003904.png
34,train,cityscapes,streetViewData\train\cityscapes\mask\jena_000031_000019.png,streetViewData\train\cityscapes\img\jena_000031_000019.png
35,train,cityscapes,streetViewData\train\cityscapes\mask\strasbourg_000000_003632.png,streetViewData\train\cityscapes\img\strasbourg_000000_003632.png
36,train,cityscapes,streetViewData\train\cityscapes\mask\hamburg_000000_061468.png,streetViewData\train\cityscapes\img\hamburg_000000_061468.png
37,train,cityscapes,streetViewData\train\cityscapes\mask\stuttgart_000092_000019.png,streetViewData\train\cityscapes\img\stuttgart_000092_000019.png
38,train,cityscapes,streetViewData\train\cityscapes\mask\tubingen_000019_000019.png,streetViewData\train\cityscapes\img\tubingen_000019_000019.png
39,train,cityscapes,streetViewData\train\cityscapes\mask\bochum_000000_004748.png,streetViewData\train\cityscapes\img\bochum_000000_004748.png
40,train,cityscapes,streetViewData\train\cityscapes\mask\strasbourg_000001_061472.png,streetViewData\train\cityscapes\img\strasbourg_000001_061472.png
41,train,cityscapes,streetViewData\train\cityscapes\mask\stuttgart_000085_000019.png,streetViewData\train\cityscapes\img\stuttgart_000085_000019.png
42,train,cityscapes,streetViewData\train\cityscapes\mask\darmstadt_000076_000019.png,streetViewData\train\cityscapes\img\darmstadt_000076_000019.png
43,train,cityscapes,streetViewData\train\cityscapes\mask\strasbourg_000001_024701.png,streetViewData\train\cityscapes\img\strasbourg_000001_024701.png
44,train,cityscapes,streetViewData\train\cityscapes\mask\hanover_000000_051842.png,streetViewData\train\cityscapes\img\hanover_000000_051842.png
45,train,cityscapes,streetViewData\train\cityscapes\mask\hanover_000000_001620.png,streetViewData\train\cityscapes\img\hanover_000000_001620.png
46,train,cityscapes,streetViewData\train\cityscapes\mask\ulm_000059_000019.png,streetViewData\train\cityscapes\img\ulm_000059_000019.png
47,train,cityscapes,streetViewData\train\cityscapes\mask\darmstadt_000068_000019.png,streetViewData\train\cityscapes\img\darmstadt_000068_000019.png
48,train,cityscapes,streetViewData\train\cityscapes\mask\erfurt_000105_000019.png,streetViewData\train\cityscapes\img\erfurt_000105_000019.png
49,train,cityscapes,streetViewData\train\cityscapes\mask\strasbourg_000001_065214.png,streetViewData\train\cityscapes\img\strasbourg_000001_065214.png
50,train,cityscapes,streetViewData\train\cityscapes\mask\hamburg_000000_105464.png,streetViewData\train\cityscapes\img\hamburg_000000_105464.png
51,train,cityscapes,streetViewData\train\cityscapes\mask\ulm_000085_000019.png,streetViewData\train\cityscapes\img\ulm_000085_000019.png
52,train,cityscapes,streetViewData\train\cityscapes\mask\cologne_000093_000019.png,streetViewData\train\cityscapes\img\cologne_000093_000019.png
53,train,cityscapes,streetViewData\train\cityscapes\mask\hanover_000000_028460.png,streetViewData\train\cityscapes\img\hanover_000000_028460.png
54,train,cityscapes,streetViewData\train\cityscapes\mask\cologne_000102_000019.png,streetViewData\train\cityscapes\img\cologne_000102_000019.png
55,train,cityscapes,streetViewData\train\cityscapes\mask\hanover_000000_015587.png,streetViewData\train\cityscapes\img\hanover_000000_015587.png
56,train,cityscapes,streetViewData\train\cityscapes\mask\stuttgart_000170_000019.png,streetViewData\train\cityscapes\img\stuttgart_000170_000019.png
57,train,cityscapes,streetViewData\train\cityscapes\mask\hanover_000000_004646.png,streetViewData\train\cityscapes\img\hanover_000000_004646.png
58,train,cityscapes,streetViewData\train\cityscapes\mask\strasbourg_000000_013223.png,streetViewData\train\cityscapes\img\strasbourg_000000_013223.png
59,train,cityscapes,streetViewData\train\cityscapes\mask\hamburg_000000_050160.png,streetViewData\train\cityscapes\img\hamburg_000000_050160.png
60,train,cityscapes,streetViewData\train\cityscapes\mask\stuttgart_000087_000019.png,streetViewData\train\cityscapes\img\stuttgart_000087_000019.png
61,train,cityscapes,streetViewData\train\cityscapes\mask\bochum_000000_034936.png,streetViewData\train\cityscapes\img\bochum_000000_034936.png
62,train,cityscapes,streetViewData\train\cityscapes\mask\strasbourg_000001_044219.png,streetViewData\train\cityscapes\img\strasbourg_000001_044219.png
63,train,cityscapes,streetViewData\train\cityscapes\mask\jena_000052_000019.png,streetViewData\train\cityscapes\img\jena_000052_000019.png
64,train,cityscapes,streetViewData\train\cityscapes\mask\krefeld_000000_033478.png,streetViewData\train\cityscapes\img\krefeld_000000_033478.png
65,train,cityscapes,streetViewData\train\cityscapes\mask\darmstadt_000005_000019.png,streetViewData\train\cityscapes\img\darmstadt_000005_000019.png
66,train,cityscapes,streetViewData\train\cityscapes\mask\tubingen_000127_000019.png,streetViewData\train\cityscapes\img\tubingen_000127_000019.png
67,train,cityscapes,streetViewData\train\cityscapes\mask\hanover_000000_027766.png,streetViewData\train\cityscapes\img\hanover_000000_027766.png
68,train,cityscapes,streetViewData\train\cityscapes\mask\cologne_000065_000019.png,streetViewData\train\cityscapes\img\cologne_000065_000019.png
69,train,cityscapes,streetViewData\train\cityscapes\mask\monchengladbach_000000_010860.png,streetViewData\train\cityscapes\img\monchengladbach_000000_010860.png
70,train,cityscapes,streetViewData\train\cityscapes\mask\hamburg_000000_071675.png,streetViewData\train\cityscapes\img\hamburg_000000_071675.png
71,train,cityscapes,streetViewData\train\cityscapes\mask\stuttgart_000133_000019.png,streetViewData\train\cityscapes\img\stuttgart_000133_000019.png
72,train,cityscapes,streetViewData\train\cityscapes\mask\strasbourg_000000_025351.png,streetViewData\train\cityscapes\img\strasbourg_000000_025351.png
73,train,cityscapes,streetViewData\train\cityscapes\mask\strasbourg_000000_018358.png,streetViewData\train\cityscapes\img\strasbourg_000000_018358.png
74,train,cityscapes,streetViewData\train\cityscapes\mask\tubingen_000052_000019.png,streetViewData\train\cityscapes\img\tubingen_000052_000019.png
75,train,cityscapes,streetViewData\train\cityscapes\mask\tubingen_000003_000019.png,streetViewData\train\cityscapes\img\tubingen_000003_000019.png
76,train,cityscapes,streetViewData\train\cityscapes\mask\hanover_000000_018213.png,streetViewData\train\cityscapes\img\hanover_000000_018213.png
77,train,cityscapes,streetViewData\train\cityscapes\mask\monchengladbach_000000_033454.png,streetViewData\train\cityscapes\img\monchengladbach_000000_033454.png
78,train,cityscapes,streetViewData\train\cityscapes\mask\erfurt_000058_000019.png,streetViewData\train\cityscapes\img\erfurt_000058_000019.png
79,train,cityscapes,streetViewData\train\cityscapes\mask\strasbourg_000001_030120.png,streetViewData\train\cityscapes\img\strasbourg_000001_030120.png
80,train,cityscapes,streetViewData\train\cityscapes\mask\cologne_000046_000019.png,streetViewData\train\cityscapes\img\cologne_000046_000019.png
81,train,cityscapes,streetViewData\train\cityscapes\mask\bochum_000000_037829.png,streetViewData\train\cityscapes\img\bochum_000000_037829.png
82,train,cityscapes,streetViewData\train\cityscapes\mask\strasbourg_000001_002354.png,streetViewData\train\cityscapes\img\strasbourg_000001_002354.png
83,train,cityscapes,streetViewData\train\cityscapes\mask\hamburg_000000_016928.png,streetViewData\train\cityscapes\img\hamburg_000000_016928.png
84,train,cityscapes,streetViewData\train\cityscapes\mask\stuttgart_000018_000019.png,streetViewData\train\cityscapes\img\stuttgart_000018_000019.png
85,train,cityscapes,streetViewData\train\cityscapes\mask\hamburg_000000_069096.png,streetViewData\train\cityscapes\img\hamburg_000000_069096.png
86,train,cityscapes,streetViewData\train\cityscapes\mask\cologne_000067_000019.png,streetViewData\train\cityscapes\img\cologne_000067_000019.png
87,train,cityscapes,streetViewData\train\cityscapes\mask\stuttgart_000186_000019.png,streetViewData\train\cityscapes\img\stuttgart_000186_000019.png
88,train,cityscapes,streetViewData\train\cityscapes\mask\ulm_000073_000019.png,streetViewData\train\cityscapes\img\ulm_000073_000019.png
89,train,cityscapes,streetViewData\train\cityscapes\mask\tubingen_000013_000019.png,streetViewData\train\cityscapes\img\tubingen_000013_000019.png
90,train,cityscapes,streetViewData\train\cityscapes\mask\cologne_000110_000019.png,streetViewData\train\cityscapes\img\cologne_000110_000019.png
91,train,cityscapes,streetViewData\train\cityscapes\mask\ulm_000042_000019.png,streetViewData\train\cityscapes\img\ulm_000042_000019.png
92,train,cityscapes,streetViewData\train\cityscapes\mask\ulm_000049_000019.png,streetViewData\train\cityscapes\img\ulm_000049_000019.png
93,train,cityscapes,streetViewData\train\cityscapes\mask\jena_000040_000019.png,streetViewData\train\cityscapes\img\jena_000040_000019.png
94,train,cityscapes,streetViewData\train\cityscapes\mask\strasbourg_000000_028556.png,streetViewData\train\cityscapes\img\strasbourg_000000_028556.png
95,train,cityscapes,streetViewData\train\cityscapes\mask\stuttgart_000143_000019.png,streetViewData\train\cityscapes\img\stuttgart_000143_000019.png
96,train,cityscapes,streetViewData\train\cityscapes\mask\hanover_000000_019938.png,streetViewData\train\cityscapes\img\hanover_000000_019938.png
97,train,cityscapes,streetViewData\train\cityscapes\mask\darmstadt_000083_000019.png,streetViewData\train\cityscapes\img\darmstadt_000083_000019.png
98,train,cityscapes,streetViewData\train\cityscapes\mask\hanover_000000_024276.png,streetViewData\train\cityscapes\img\hanover_000000_024276.png
99,train,cityscapes,streetViewData\train\cityscapes\mask\hanover_000000_012675.png,streetViewData\train\cityscapes\img\hanover_000000_012675.png
100,train,cityscapes,streetViewData\train\cityscapes\mask\erfurt_000094_000019.png,streetViewData\train\cityscapes\img\erfurt_000094_000019.png
101,train,cityscapes,streetViewData\train\cityscapes\mask\strasbourg_000001_006562.png,streetViewData\train\cityscapes\img\strasbourg_000001_006562.png
102,train,cityscapes,streetViewData\train\cityscapes\mask\hamburg_000000_053486.png,streetViewData\train\cityscapes\img\hamburg_000000_053486.png
103,train,cityscapes,streetViewData\train\cityscapes\mask\strasbourg_000001_028379.png,streetViewData\train\cityscapes\img\strasbourg_000001_028379.png
104,train,cityscapes,streetViewData\train\cityscapes\mask\strasbourg_000001_014258.png,streetViewData\train\cityscapes\img\strasbourg_000001_014258.png
105,train,cityscapes,streetViewData\train\cityscapes\mask\strasbourg_000000_032346.png,streetViewData\train\cityscapes\img\strasbourg_000000_032346.png
106,train,cityscapes,streetViewData\train\cityscapes\mask\cologne_000050_000019.png,streetViewData\train\cityscapes\img\cologne_000050_000019.png
107,train,cityscapes,streetViewData\train\cityscapes\mask\strasbourg_000000_014584.png,streetViewData\train\cityscapes\img\strasbourg_000000_014584.png
108,train,cityscapes,streetViewData\train\cityscapes\mask\strasbourg_000000_028240.png,streetViewData\train\cityscapes\img\strasbourg_000000_028240.png
109,train,cityscapes,streetViewData\train\cityscapes\mask\erfurt_000015_000019.png,streetViewData\train\cityscapes\img\erfurt_000015_000019.png
110,train,cityscapes,streetViewData\train\cityscapes\mask\krefeld_000000_030701.png,streetViewData\train\cityscapes\img\krefeld_000000_030701.png
111,train,cityscapes,streetViewData\train\cityscapes\mask\strasbourg_000001_043886.png,streetViewData\train\cityscapes\img\strasbourg_000001_043886.png
112,train,cityscapes,streetViewData\train\cityscapes\mask\ulm_000089_000019.png,streetViewData\train\cityscapes\img\ulm_000089_000019.png
113,train,cityscapes,streetViewData\train\cityscapes\mask\darmstadt_000084_000019.png,streetViewData\train\cityscapes\img\darmstadt_000084_000019.png
114,train,cityscapes,streetViewData\train\cityscapes\mask\jena_000058_000019.png,streetViewData\train\cityscapes\img\jena_000058_000019.png
115,train,cityscapes,streetViewData\train\cityscapes\mask\hanover_000000_028202.png,streetViewData\train\cityscapes\img\hanover_000000_028202.png
116,train,cityscapes,streetViewData\train\cityscapes\mask\hamburg_000000_054555.png,streetViewData\train\cityscapes\img\hamburg_000000_054555.png
117,train,cityscapes,streetViewData\train\cityscapes\mask\strasbourg_000000_029400.png,streetViewData\train\cityscapes\img\strasbourg_000000_029400.png
118,train,cityscapes,streetViewData\train\cityscapes\mask\strasbourg_000001_017540.png,streetViewData\train\cityscapes\img\strasbourg_000001_017540.png
119,train,cityscapes,streetViewData\train\cityscapes\mask\monchengladbach_000000_015928.png,streetViewData\train\cityscapes\img\monchengladbach_000000_015928.png
120,train,cityscapes,streetViewData\train\cityscapes\mask\hamburg_000000_002338.png,streetViewData\train\cityscapes\img\hamburg_000000_002338.png
121,train,cityscapes,streetViewData\train\cityscapes\mask\strasbourg_000001_015605.png,streetViewData\train\cityscapes\img\strasbourg_000001_015605.png
122,train,cityscapes,streetViewData\train\cityscapes\mask\hamburg_000000_095561.png,streetViewData\train\cityscapes\img\hamburg_000000_095561.png
123,train,cityscapes,streetViewData\train\cityscapes\mask\stuttgart_000161_000019.png,streetViewData\train\cityscapes\img\stuttgart_000161_000019.png
124,train,cityscapes,streetViewData\train\cityscapes\mask\stuttgart_000008_000019.png,streetViewData\train\cityscapes\img\stuttgart_000008_000019.png
125,train,cityscapes,streetViewData\train\cityscapes\mask\stuttgart_000024_000019.png,streetViewData\train\cityscapes\img\stuttgart_000024_000019.png
126,train,cityscapes,streetViewData\train\cityscapes\mask\cologne_000018_000019.png,streetViewData\train\cityscapes\img\cologne_000018_000019.png
127,train,cityscapes,streetViewData\train\cityscapes\mask\hamburg_000000_019373.png,streetViewData\train\cityscapes\img\hamburg_000000_019373.png
128,train,cityscapes,streetViewData\train\cityscapes\mask\stuttgart_000118_000019.png,streetViewData\train\cityscapes\img\stuttgart_000118_000019.png
129,train,cityscapes,streetViewData\train\cityscapes\mask\ulm_000077_000019.png,streetViewData\train\cityscapes\img\ulm_000077_000019.png
130,train,cityscapes,streetViewData\train\cityscapes\mask\stuttgart_000083_000019.png,streetViewData\train\cityscapes\img\stuttgart_000083_000019.png
131,train,cityscapes,streetViewData\train\cityscapes\mask\hamburg_000000_088627.png,streetViewData\train\cityscapes\img\hamburg_000000_088627.png
132,train,cityscapes,streetViewData\train\cityscapes\mask\hanover_000000_041232.png,streetViewData\train\cityscapes\img\hanover_000000_041232.png
133,train,cityscapes,streetViewData\train\cityscapes\mask\hamburg_000000_053776.png,streetViewData\train\cityscapes\img\hamburg_000000_053776.png
134,train,cityscapes,streetViewData\train\cityscapes\mask\cologne_000039_000019.png,streetViewData\train\cityscapes\img\cologne_000039_000019.png
135,train,cityscapes,streetViewData\train\cityscapes\mask\erfurt_000097_000019.png,streetViewData\train\cityscapes\img\erfurt_000097_000019.png
136,train,cityscapes,streetViewData\train\cityscapes\mask\monchengladbach_000000_023856.png,streetViewData\train\cityscapes\img\monchengladbach_000000_023856.png
137,train,cityscapes,streetViewData\train\cityscapes\mask\tubingen_000033_000019.png,streetViewData\train\cityscapes\img\tubingen_000033_000019.png
138,train,cityscapes,streetViewData\train\cityscapes\mask\strasbourg_000001_037090.png,streetViewData\train\cityscapes\img\strasbourg_000001_037090.png
139,train,cityscapes,streetViewData\train\cityscapes\mask\hamburg_000000_088054.png,streetViewData\train\cityscapes\img\hamburg_000000_088054.png
140,train,cityscapes,streetViewData\train\cityscapes\mask\erfurt_000100_000019.png,streetViewData\train\cityscapes\img\erfurt_000100_000019.png
141,train,cityscapes,streetViewData\train\cityscapes\mask\strasbourg_000000_035942.png,streetViewData\train\cityscapes\img\strasbourg_000000_035942.png
142,train,cityscapes,streetViewData\train\cityscapes\mask\krefeld_000000_006686.png,streetViewData\train\cityscapes\img\krefeld_000000_006686.png
143,train,cityscapes,streetViewData\train\cityscapes\mask\hanover_000000_038773.png,streetViewData\train\cityscapes\img\hanover_000000_038773.png
144,train,cityscapes,streetViewData\train\cityscapes\mask\tubingen_000050_000019.png,streetViewData\train\cityscapes\img\tubingen_000050_000019.png
145,train,cityscapes,streetViewData\train\cityscapes\mask\strasbourg_000000_030017.png,streetViewData\train\cityscapes\img\strasbourg_000000_030017.png
146,train,cityscapes,streetViewData\train\cityscapes\mask\jena_000051_000019.png,streetViewData\train\cityscapes\img\jena_000051_000019.png
147,train,cityscapes,streetViewData\train\cityscapes\mask\darmstadt_000042_000019.png,streetViewData\train\cityscapes\img\darmstadt_000042_000019.png
148,train,cityscapes,streetViewData\train\cityscapes\mask\hamburg_000000_051855.png,streetViewData\train\cityscapes\img\hamburg_000000_051855.png
149,train,cityscapes,streetViewData\train\cityscapes\mask\ulm_000087_000019.png,streetViewData\train\cityscapes\img\ulm_000087_000019.png
150,train,cityscapes,streetViewData\train\cityscapes\mask\hamburg_000000_037279.png,streetViewData\train\cityscapes\img\hamburg_000000_037279.png
151,train,cityscapes,streetViewData\train\cityscapes\mask\strasbourg_000001_052979.png,streetViewData\train\cityscapes\img\strasbourg_000001_052979.png
152,train,cityscapes,streetViewData\train\cityscapes\mask\ulm_000069_000019.png,streetViewData\train\cityscapes\img\ulm_000069_000019.png
153,train,cityscapes,streetViewData\train\cityscapes\mask\krefeld_000000_035124.png,streetViewData\train\cityscapes\img\krefeld_000000_035124.png
154,train,cityscapes,streetViewData\train\cityscapes\mask\hamburg_000000_048750.png,streetViewData\train\cityscapes\img\hamburg_000000_048750.png
155,train,cityscapes,streetViewData\train\cityscapes\mask\strasbourg_000001_054275.png,streetViewData\train\cityscapes\img\strasbourg_000001_054275.png
156,train,cityscapes,streetViewData\train\cityscapes\mask\monchengladbach_000001_001936.png,streetViewData\train\cityscapes\img\monchengladbach_000001_001936.png
157,train,cityscapes,streetViewData\train\cityscapes\mask\hanover_000000_055592.png,streetViewData\train\cityscapes\img\hanover_000000_055592.png
158,train,cityscapes,streetViewData\train\cityscapes\mask\tubingen_000077_000019.png,streetViewData\train\cityscapes\img\tubingen_000077_000019.png
159,train,cityscapes,streetViewData\train\cityscapes\mask\monchengladbach_000001_000876.png,streetViewData\train\cityscapes\img\monchengladbach_000001_000876.png
160,train,cityscapes,streetViewData\train\cityscapes\mask\hanover_000000_040221.png,streetViewData\train\cityscapes\img\hanover_000000_040221.png
161,train,cityscapes,streetViewData\train\cityscapes\mask\hanover_000000_018546.png,streetViewData\train\cityscapes\img\hanover_000000_018546.png
162,train,cityscapes,streetViewData\train\cityscapes\mask\tubingen_000119_000019.png,streetViewData\train\cityscapes\img\tubingen_000119_000019.png
163,train,cityscapes,streetViewData\train\cityscapes\mask\darmstadt_000033_000019.png,streetViewData\train\cityscapes\img\darmstadt_000033_000019.png
164,train,cityscapes,streetViewData\train\cityscapes\mask\krefeld_000000_015116.png,streetViewData\train\cityscapes\img\krefeld_000000_015116.png
165,train,cityscapes,streetViewData\train\cityscapes\mask\krefeld_000000_000926.png,streetViewData\train\cityscapes\img\krefeld_000000_000926.png
166,train,cityscapes,streetViewData\train\cityscapes\mask\cologne_000090_000019.png,streetViewData\train\cityscapes\img\cologne_000090_000019.png
167,train,cityscapes,streetViewData\train\cityscapes\mask\strasbourg_000001_059675.png,streetViewData\train\cityscapes\img\strasbourg_000001_059675.png
168,train,cityscapes,streetViewData\train\cityscapes\mask\cologne_000000_000019.png,streetViewData\train\cityscapes\img\cologne_000000_000019.png
169,train,cityscapes,streetViewData\train\cityscapes\mask\tubingen_000002_000019.png,streetViewData\train\cityscapes\img\tubingen_000002_000019.png
170,train,cityscapes,streetViewData\train\cityscapes\mask\cologne_000128_000019.png,streetViewData\train\cityscapes\img\cologne_000128_000019.png
171,train,cityscapes,streetViewData\train\cityscapes\mask\darmstadt_000063_000019.png,streetViewData\train\cityscapes\img\darmstadt_000063_000019.png
172,train,cityscapes,streetViewData\train\cityscapes\mask\strasbourg_000000_025089.png,streetViewData\train\cityscapes\img\strasbourg_000000_025089.png
173,train,cityscapes,streetViewData\train\cityscapes\mask\darmstadt_000077_000019.png,streetViewData\train\cityscapes\img\darmstadt_000077_000019.png
174,train,cityscapes,streetViewData\train\cityscapes\mask\stuttgart_000057_000019.png,streetViewData\train\cityscapes\img\stuttgart_000057_000019.png
175,train,cityscapes,streetViewData\train\cityscapes\mask\strasbourg_000001_011990.png,streetViewData\train\cityscapes\img\strasbourg_000001_011990.png
176,train,cityscapes,streetViewData\train\cityscapes\mask\ulm_000078_000019.png,streetViewData\train\cityscapes\img\ulm_000078_000019.png
177,train,cityscapes,streetViewData\train\cityscapes\mask\strasbourg_000000_007441.png,streetViewData\train\cityscapes\img\strasbourg_000000_007441.png
178,train,cityscapes,streetViewData\train\cityscapes\mask\cologne_000034_000019.png,streetViewData\train\cityscapes\img\cologne_000034_000019.png
179,train,cityscapes,streetViewData\train\cityscapes\mask\hanover_000000_030889.png,streetViewData\train\cityscapes\img\hanover_000000_030889.png
180,train,cityscapes,streetViewData\train\cityscapes\mask\hanover_000000_029404.png,streetViewData\train\cityscapes\img\hanover_000000_029404.png
181,train,cityscapes,streetViewData\train\cityscapes\mask\strasbourg_000000_006995.png,streetViewData\train\cityscapes\img\strasbourg_000000_006995.png
182,train,cityscapes,streetViewData\train\cityscapes\mask\jena_000070_000019.png,streetViewData\train\cityscapes\img\jena_000070_000019.png
183,train,cityscapes,streetViewData\train\cityscapes\mask\krefeld_000000_027596.png,streetViewData\train\cityscapes\img\krefeld_000000_027596.png
184,train,cityscapes,streetViewData\train\cityscapes\mask\hamburg_000000_040021.png,streetViewData\train\cityscapes\img\hamburg_000000_040021.png
185,train,cityscapes,streetViewData\train\cityscapes\mask\monchengladbach_000000_012672.png,streetViewData\train\cityscapes\img\monchengladbach_000000_012672.png
186,train,cityscapes,streetViewData\train\cityscapes\mask\tubingen_000001_000019.png,streetViewData\train\cityscapes\img\tubingen_000001_000019.png
187,train,cityscapes,streetViewData\train\cityscapes\mask\bochum_000000_008448.png,streetViewData\train\cityscapes\img\bochum_000000_008448.png
188,train,cityscapes,streetViewData\train\cityscapes\mask\tubingen_000064_000019.png,streetViewData\train\cityscapes\img\tubingen_000064_000019.png
189,train,cityscapes,streetViewData\train\cityscapes\mask\strasbourg_000001_039231.png,streetViewData\train\cityscapes\img\strasbourg_000001_039231.png
190,train,cityscapes,streetViewData\train\cityscapes\mask\cologne_000138_000019.png,streetViewData\train\cityscapes\img\cologne_000138_000019.png
191,train,cityscapes,streetViewData\train\cityscapes\mask\strasbourg_000001_013767.png,streetViewData\train\cityscapes\img\strasbourg_000001_013767.png
192,train,cityscapes,streetViewData\train\cityscapes\mask\krefeld_000000_034156.png,streetViewData\train\cityscapes\img\krefeld_000000_034156.png
193,train,cityscapes,streetViewData\train\cityscapes\mask\strasbourg_000001_056857.png,streetViewData\train\cityscapes\img\strasbourg_000001_056857.png
194,train,cityscapes,streetViewData\train\cityscapes\mask\tubingen_000137_000019.png,streetViewData\train\cityscapes\img\tubingen_000137_000019.png
195,train,cityscapes,streetViewData\train\cityscapes\mask\stuttgart_000009_000019.png,streetViewData\train\cityscapes\img\stuttgart_000009_000019.png
196,train,cityscapes,streetViewData\train\cityscapes\mask\strasbourg_000000_029577.png,streetViewData\train\cityscapes\img\strasbourg_000000_029577.png
197,train,cityscapes,streetViewData\train\cityscapes\mask\ulm_000050_000019.png,streetViewData\train\cityscapes\img\ulm_000050_000019.png
198,train,cityscapes,streetViewData\train\cityscapes\mask\ulm_000093_000019.png,streetViewData\train\cityscapes\img\ulm_000093_000019.png
199,train,cityscapes,streetViewData\train\cityscapes\mask\hamburg_000000_071942.png,streetViewData\train\cityscapes\img\hamburg_000000_071942.png
200,train,cityscapes,streetViewData\train\cityscapes\mask\jena_000002_000019.png,streetViewData\train\cityscapes\img\jena_000002_000019.png
201,train,cityscapes,streetViewData\train\cityscapes\mask\darmstadt_000073_000019.png,streetViewData\train\cityscapes\img\darmstadt_000073_000019.png
202,train,cityscapes,streetViewData\train\cityscapes\mask\jena_000041_000019.png,streetViewData\train\cityscapes\img\jena_000041_000019.png
203,train,cityscapes,streetViewData\train\cityscapes\mask\bochum_000000_002293.png,streetViewData\train\cityscapes\img\bochum_000000_002293.png
204,train,cityscapes,streetViewData\train\cityscapes\mask\strasbourg_000001_039446.png,streetViewData\train\cityscapes\img\strasbourg_000001_039446.png
205,train,cityscapes,streetViewData\train\cityscapes\mask\tubingen_000032_000019.png,streetViewData\train\cityscapes\img\tubingen_000032_000019.png
206,train,cityscapes,streetViewData\train\cityscapes\mask\strasbourg_000001_037906.png,streetViewData\train\cityscapes\img\strasbourg_000001_037906.png
207,train,cityscapes,streetViewData\train\cityscapes\mask\hamburg_000000_048960.png,streetViewData\train\cityscapes\img\hamburg_000000_048960.png
208,train,cityscapes,streetViewData\train\cityscapes\mask\krefeld_000000_008305.png,streetViewData\train\cityscapes\img\krefeld_000000_008305.png
209,train,cityscapes,streetViewData\train\cityscapes\mask\strasbourg_000001_063808.png,streetViewData\train\cityscapes\img\strasbourg_000001_063808.png
210,train,cityscapes,streetViewData\train\cityscapes\mask\erfurt_000030_000019.png,streetViewData\train\cityscapes\img\erfurt_000030_000019.png
211,train,cityscapes,streetViewData\train\cityscapes\mask\krefeld_000000_013766.png,streetViewData\train\cityscapes\img\krefeld_000000_013766.png
212,train,cityscapes,streetViewData\train\cityscapes\mask\cologne_000121_000019.png,streetViewData\train\cityscapes\img\cologne_000121_000019.png
213,train,cityscapes,streetViewData\train\cityscapes\mask\tubingen_000021_000019.png,streetViewData\train\cityscapes\img\tubingen_000021_000019.png
214,train,cityscapes,streetViewData\train\cityscapes\mask\strasbourg_000000_023064.png,streetViewData\train\cityscapes\img\strasbourg_000000_023064.png
215,train,cityscapes,streetViewData\train\cityscapes\mask\hamburg_000000_074545.png,streetViewData\train\cityscapes\img\hamburg_000000_074545.png
216,train,cityscapes,streetViewData\train\cityscapes\mask\stuttgart_000158_000019.png,streetViewData\train\cityscapes\img\stuttgart_000158_000019.png
217,train,cityscapes,streetViewData\train\cityscapes\mask\strasbourg_000000_029281.png,streetViewData\train\cityscapes\img\strasbourg_000000_029281.png
218,train,cityscapes,streetViewData\train\cityscapes\mask\tubingen_000028_000019.png,streetViewData\train\cityscapes\img\tubingen_000028_000019.png
219,train,cityscapes,streetViewData\train\cityscapes\mask\tubingen_000132_000019.png,streetViewData\train\cityscapes\img\tubingen_000132_000019.png
220,train,cityscapes,streetViewData\train\cityscapes\mask\ulm_000068_000019.png,streetViewData\train\cityscapes\img\ulm_000068_000019.png
221,train,cityscapes,streetViewData\train\cityscapes\mask\tubingen_000068_000019.png,streetViewData\train\cityscapes\img\tubingen_000068_000019.png
222,train,cityscapes,streetViewData\train\cityscapes\mask\hanover_000000_026183.png,streetViewData\train\cityscapes\img\hanover_000000_026183.png
223,train,cityscapes,streetViewData\train\cityscapes\mask\strasbourg_000001_064224.png,streetViewData\train\cityscapes\img\strasbourg_000001_064224.png
224,train,cityscapes,streetViewData\train\cityscapes\mask\darmstadt_000080_000019.png,streetViewData\train\cityscapes\img\darmstadt_000080_000019.png
225,train,cityscapes,streetViewData\train\cityscapes\mask\krefeld_000000_035398.png,streetViewData\train\cityscapes\img\krefeld_000000_035398.png
226,train,cityscapes,streetViewData\train\cityscapes\mask\stuttgart_000029_000019.png,streetViewData\train\cityscapes\img\stuttgart_000029_000019.png
227,train,cityscapes,streetViewData\train\cityscapes\mask\krefeld_000000_028638.png,streetViewData\train\cityscapes\img\krefeld_000000_028638.png
228,train,cityscapes,streetViewData\train\cityscapes\mask\bochum_000000_000600.png,streetViewData\train\cityscapes\img\bochum_000000_000600.png
229,train,cityscapes,streetViewData\train\cityscapes\mask\strasbourg_000000_008784.png,streetViewData\train\cityscapes\img\strasbourg_000000_008784.png
230,train,cityscapes,streetViewData\train\cityscapes\mask\hamburg_000000_094717.png,streetViewData\train\cityscapes\img\hamburg_000000_094717.png
231,train,cityscapes,streetViewData\train\cityscapes\mask\jena_000112_000019.png,streetViewData\train\cityscapes\img\jena_000112_000019.png
232,train,cityscapes,streetViewData\train\cityscapes\mask\bochum_000000_015880.png,streetViewData\train\cityscapes\img\bochum_000000_015880.png
233,train,cityscapes,streetViewData\train\cityscapes\mask\cologne_000133_000019.png,streetViewData\train\cityscapes\img\cologne_000133_000019.png
234,train,cityscapes,streetViewData\train\cityscapes\mask\hanover_000000_019116.png,streetViewData\train\cityscapes\img\hanover_000000_019116.png
235,train,cityscapes,streetViewData\train\cityscapes\mask\stuttgart_000138_000019.png,streetViewData\train\cityscapes\img\stuttgart_000138_000019.png
236,train,cityscapes,streetViewData\train\cityscapes\mask\ulm_000035_000019.png,streetViewData\train\cityscapes\img\ulm_000035_000019.png
237,train,cityscapes,streetViewData\train\cityscapes\mask\hamburg_000000_082187.png,streetViewData\train\cityscapes\img\hamburg_000000_082187.png
238,train,cityscapes,streetViewData\train\cityscapes\mask\hamburg_000000_030279.png,streetViewData\train\cityscapes\img\hamburg_000000_030279.png
239,train,cityscapes,streetViewData\train\cityscapes\mask\cologne_000022_000019.png,streetViewData\train\cityscapes\img\cologne_000022_000019.png
240,train,cityscapes,streetViewData\train\cityscapes\mask\hamburg_000000_032266.png,streetViewData\train\cityscapes\img\hamburg_000000_032266.png
241,train,cityscapes,streetViewData\train\cityscapes\mask\tubingen_000103_000019.png,streetViewData\train\cityscapes\img\tubingen_000103_000019.png
242,train,cityscapes,streetViewData\train\cityscapes\mask\ulm_000027_000019.png,streetViewData\train\cityscapes\img\ulm_000027_000019.png
243,train,cityscapes,streetViewData\train\cityscapes\mask\cologne_000079_000019.png,streetViewData\train\cityscapes\img\cologne_000079_000019.png
244,train,cityscapes,streetViewData\train\cityscapes\mask\strasbourg_000001_046324.png,streetViewData\train\cityscapes\img\strasbourg_000001_046324.png
245,train,cityscapes,streetViewData\train\cityscapes\mask\jena_000107_000019.png,streetViewData\train\cityscapes\img\jena_000107_000019.png
246,train,cityscapes,streetViewData\train\cityscapes\mask\stuttgart_000106_000019.png,streetViewData\train\cityscapes\img\stuttgart_000106_000019.png
247,train,cityscapes,streetViewData\train\cityscapes\mask\cologne_000045_000019.png,streetViewData\train\cityscapes\img\cologne_000045_000019.png
248,train,cityscapes,streetViewData\train\cityscapes\mask\strasbourg_000001_062542.png,streetViewData\train\cityscapes\img\strasbourg_000001_062542.png
249,train,cityscapes,streetViewData\train\cityscapes\mask\krefeld_000000_030221.png,streetViewData\train\cityscapes\img\krefeld_000000_030221.png
250,train,cityscapes,streetViewData\train\cityscapes\mask\stuttgart_000003_000019.png,streetViewData\train\cityscapes\img\stuttgart_000003_000019.png
251,train,cityscapes,streetViewData\train\cityscapes\mask\darmstadt_000007_000019.png,streetViewData\train\cityscapes\img\darmstadt_000007_000019.png
252,train,cityscapes,streetViewData\train\cityscapes\mask\darmstadt_000012_000019.png,streetViewData\train\cityscapes\img\darmstadt_000012_000019.png
253,train,cityscapes,streetViewData\train\cityscapes\mask\strasbourg_000001_001901.png,streetViewData\train\cityscapes\img\strasbourg_000001_001901.png
254,train,cityscapes,streetViewData\train\cityscapes\mask\jena_000085_000019.png,streetViewData\train\cityscapes\img\jena_000085_000019.png
255,train,cityscapes,streetViewData\train\cityscapes\mask\monchengladbach_000000_009690.png,streetViewData\train\cityscapes\img\monchengladbach_000000_009690.png
256,train,cityscapes,streetViewData\train\cityscapes\mask\erfurt_000003_000019.png,streetViewData\train\cityscapes\img\erfurt_000003_000019.png
257,train,cityscapes,streetViewData\train\cityscapes\mask\tubingen_000091_000019.png,streetViewData\train\cityscapes\img\tubingen_000091_000019.png
258,train,cityscapes,streetViewData\train\cityscapes\mask\krefeld_000000_026580.png,streetViewData\train\cityscapes\img\krefeld_000000_026580.png
259,train,cityscapes,streetViewData\train\cityscapes\mask\strasbourg_000000_014066.png,streetViewData\train\cityscapes\img\strasbourg_000000_014066.png
260,train,cityscapes,streetViewData\train\cityscapes\mask\hanover_000000_052013.png,streetViewData\train\cityscapes\img\hanover_000000_052013.png
261,train,cityscapes,streetViewData\train\cityscapes\mask\erfurt_000098_000019.png,streetViewData\train\cityscapes\img\erfurt_000098_000019.png
262,train,cityscapes,streetViewData\train\cityscapes\mask\tubingen_000014_000019.png,streetViewData\train\cityscapes\img\tubingen_000014_000019.png
263,train,cityscapes,streetViewData\train\cityscapes\mask\strasbourg_000001_059433.png,streetViewData\train\cityscapes\img\strasbourg_000001_059433.png
264,train,cityscapes,streetViewData\train\cityscapes\mask\ulm_000033_000019.png,streetViewData\train\cityscapes\img\ulm_000033_000019.png
265,train,cityscapes,streetViewData\train\cityscapes\mask\strasbourg_000001_018155.png,streetViewData\train\cityscapes\img\strasbourg_000001_018155.png
266,train,cityscapes,streetViewData\train\cityscapes\mask\erfurt_000076_000019.png,streetViewData\train\cityscapes\img\erfurt_000076_000019.png
267,train,cityscapes,streetViewData\train\cityscapes\mask\strasbourg_000001_034494.png,streetViewData\train\cityscapes\img\strasbourg_000001_034494.png
268,train,cityscapes,streetViewData\train\cityscapes\mask\hamburg_000000_085645.png,streetViewData\train\cityscapes\img\hamburg_000000_085645.png
269,train,cityscapes,streetViewData\train\cityscapes\mask\tubingen_000079_000019.png,streetViewData\train\cityscapes\img\tubingen_000079_000019.png
270,train,cityscapes,streetViewData\train\cityscapes\mask\strasbourg_000001_007524.png,streetViewData\train\cityscapes\img\strasbourg_000001_007524.png
271,train,cityscapes,streetViewData\train\cityscapes\mask\ulm_000066_000019.png,streetViewData\train\cityscapes\img\ulm_000066_000019.png
272,train,cityscapes,streetViewData\train\cityscapes\mask\hanover_000000_026014.png,streetViewData\train\cityscapes\img\hanover_000000_026014.png
273,train,cityscapes,streetViewData\train\cityscapes\mask\jena_000009_000019.png,streetViewData\train\cityscapes\img\jena_000009_000019.png
274,train,cityscapes,streetViewData\train\cityscapes\mask\krefeld_000000_020033.png,streetViewData\train\cityscapes\img\krefeld_000000_020033.png
275,train,cityscapes,streetViewData\train\cityscapes\mask\jena_000036_000019.png,streetViewData\train\cityscapes\img\jena_000036_000019.png
276,train,cityscapes,streetViewData\train\cityscapes\mask\cologne_000151_000019.png,streetViewData\train\cityscapes\img\cologne_000151_000019.png
277,train,cityscapes,streetViewData\train\cityscapes\mask\hamburg_000000_038446.png,streetViewData\train\cityscapes\img\hamburg_000000_038446.png
278,train,cityscapes,streetViewData\train\cityscapes\mask\hamburg_000000_013577.png,streetViewData\train\cityscapes\img\hamburg_000000_013577.png
279,train,cityscapes,streetViewData\train\cityscapes\mask\cologne_000035_000019.png,streetViewData\train\cityscapes\img\cologne_000035_000019.png
280,train,cityscapes,streetViewData\train\cityscapes\mask\hanover_000000_000164.png,streetViewData\train\cityscapes\img\hanover_000000_000164.png
281,train,cityscapes,streetViewData\train\cityscapes\mask\bochum_000000_016758.png,streetViewData\train\cityscapes\img\bochum_000000_016758.png
282,train,cityscapes,streetViewData\train\cityscapes\mask\strasbourg_000000_002183.png,streetViewData\train\cityscapes\img\strasbourg_000000_002183.png
283,train,cityscapes,streetViewData\train\cityscapes\mask\monchengladbach_000000_013228.png,streetViewData\train\cityscapes\img\monchengladbach_000000_013228.png
284,train,cityscapes,streetViewData\train\cityscapes\mask\hamburg_000000_019892.png,streetViewData\train\cityscapes\img\hamburg_000000_019892.png
285,train,cityscapes,streetViewData\train\cityscapes\mask\strasbourg_000000_002553.png,streetViewData\train\cityscapes\img\strasbourg_000000_002553.png
286,train,cityscapes,streetViewData\train\cityscapes\mask\ulm_000062_000019.png,streetViewData\train\cityscapes\img\ulm_000062_000019.png
287,train,cityscapes,streetViewData\train\cityscapes\mask\bochum_000000_005537.png,streetViewData\train\cityscapes\img\bochum_000000_005537.png
288,train,cityscapes,streetViewData\train\cityscapes\mask\cologne_000049_000019.png,streetViewData\train\cityscapes\img\cologne_000049_000019.png
289,train,cityscapes,streetViewData\train\cityscapes\mask\strasbourg_000001_031272.png,streetViewData\train\cityscapes\img\strasbourg_000001_031272.png
290,train,cityscapes,streetViewData\train\cityscapes\mask\strasbourg_000000_026575.png,streetViewData\train\cityscapes\img\strasbourg_000000_026575.png
291,train,cityscapes,streetViewData\train\cityscapes\mask\cologne_000024_000019.png,streetViewData\train\cityscapes\img\cologne_000024_000019.png
292,train,cityscapes,streetViewData\train\cityscapes\mask\hamburg_000000_018878.png,streetViewData\train\cityscapes\img\hamburg_000000_018878.png
293,train,cityscapes,streetViewData\train\cityscapes\mask\cologne_000042_000019.png,streetViewData\train\cityscapes\img\cologne_000042_000019.png
294,train,cityscapes,streetViewData\train\cityscapes\mask\bochum_000000_024524.png,streetViewData\train\cityscapes\img\bochum_000000_024524.png
295,train,cityscapes,streetViewData\train\cityscapes\mask\hamburg_000000_100300.png,streetViewData\train\cityscapes\img\hamburg_000000_100300.png
296,train,cityscapes,streetViewData\train\cityscapes\mask\stuttgart_000147_000019.png,streetViewData\train\cityscapes\img\stuttgart_000147_000019.png
297,train,cityscapes,streetViewData\train\cityscapes\mask\krefeld_000000_018004.png,streetViewData\train\cityscapes\img\krefeld_000000_018004.png
298,train,cityscapes,streetViewData\train\cityscapes\mask\hamburg_000000_029144.png,streetViewData\train\cityscapes\img\hamburg_000000_029144.png
299,train,cityscapes,streetViewData\train\cityscapes\mask\hamburg_000000_061790.png,streetViewData\train\cityscapes\img\hamburg_000000_061790.png
300,train,cityscapes,streetViewData\train\cityscapes\mask\strasbourg_000001_006153.png,streetViewData\train\cityscapes\img\strasbourg_000001_006153.png
301,train,cityscapes,streetViewData\train\cityscapes\mask\jena_000106_000019.png,streetViewData\train\cityscapes\img\jena_000106_000019.png
302,train,cityscapes,streetViewData\train\cityscapes\mask\erfurt_000103_000019.png,streetViewData\train\cityscapes\img\erfurt_000103_000019.png
303,train,cityscapes,streetViewData\train\cityscapes\mask\stuttgart_000173_000019.png,streetViewData\train\cityscapes\img\stuttgart_000173_000019.png
304,train,cityscapes,streetViewData\train\cityscapes\mask\darmstadt_000020_000019.png,streetViewData\train\cityscapes\img\darmstadt_000020_000019.png
305,train,cityscapes,streetViewData\train\cityscapes\mask\strasbourg_000001_040564.png,streetViewData\train\cityscapes\img\strasbourg_000001_040564.png
306,train,cityscapes,streetViewData\train\cityscapes\mask\monchengladbach_000000_026908.png,streetViewData\train\cityscapes\img\monchengladbach_000000_026908.png
307,train,cityscapes,streetViewData\train\cityscapes\mask\monchengladbach_000000_031623.png,streetViewData\train\cityscapes\img\monchengladbach_000000_031623.png
308,train,cityscapes,streetViewData\train\cityscapes\mask\jena_000080_000019.png,streetViewData\train\cityscapes\img\jena_000080_000019.png
309,train,cityscapes,streetViewData\train\cityscapes\mask\hamburg_000000_033506.png,streetViewData\train\cityscapes\img\hamburg_000000_033506.png
310,train,cityscapes,streetViewData\train\cityscapes\mask\stuttgart_000041_000019.png,streetViewData\train\cityscapes\img\stuttgart_000041_000019.png
311,train,cityscapes,streetViewData\train\cityscapes\mask\stuttgart_000127_000019.png,streetViewData\train\cityscapes\img\stuttgart_000127_000019.png
312,train,cityscapes,streetViewData\train\cityscapes\mask\stuttgart_000088_000019.png,streetViewData\train\cityscapes\img\stuttgart_000088_000019.png
313,train,cityscapes,streetViewData\train\cityscapes\mask\hanover_000000_043822.png,streetViewData\train\cityscapes\img\hanover_000000_043822.png
314,train,cityscapes,streetViewData\train\cityscapes\mask\erfurt_000054_000019.png,streetViewData\train\cityscapes\img\erfurt_000054_000019.png
315,train,cityscapes,streetViewData\train\cityscapes\mask\cologne_000097_000019.png,streetViewData\train\cityscapes\img\cologne_000097_000019.png
316,train,cityscapes,streetViewData\train\cityscapes\mask\ulm_000041_000019.png,streetViewData\train\cityscapes\img\ulm_000041_000019.png
317,train,cityscapes,streetViewData\train\cityscapes\mask\strasbourg_000001_001449.png,streetViewData\train\cityscapes\img\strasbourg_000001_001449.png
318,train,cityscapes,streetViewData\train\cityscapes\mask\hanover_000000_056457.png,streetViewData\train\cityscapes\img\hanover_000000_056457.png
319,train,cityscapes,streetViewData\train\cityscapes\mask\hanover_000000_011971.png,streetViewData\train\cityscapes\img\hanover_000000_011971.png
320,train,cityscapes,streetViewData\train\cityscapes\mask\hanover_000000_052512.png,streetViewData\train\cityscapes\img\hanover_000000_052512.png
321,train,cityscapes,streetViewData\train\cityscapes\mask\hanover_000000_045657.png,streetViewData\train\cityscapes\img\hanover_000000_045657.png
322,train,cityscapes,streetViewData\train\cityscapes\mask\jena_000068_000019.png,streetViewData\train\cityscapes\img\jena_000068_000019.png
323,train,cityscapes,streetViewData\train\cityscapes\mask\tubingen_000128_000019.png,streetViewData\train\cityscapes\img\tubingen_000128_000019.png
324,train,cityscapes,streetViewData\train\cityscapes\mask\cologne_000014_000019.png,streetViewData\train\cityscapes\img\cologne_000014_000019.png
325,train,cityscapes,streetViewData\train\cityscapes\mask\strasbourg_000001_008576.png,streetViewData\train\cityscapes\img\strasbourg_000001_008576.png
326,train,cityscapes,streetViewData\train\cityscapes\mask\strasbourg_000000_035008.png,streetViewData\train\cityscapes\img\strasbourg_000000_035008.png
327,train,cityscapes,streetViewData\train\cityscapes\mask\strasbourg_000000_031223.png,streetViewData\train\cityscapes\img\strasbourg_000000_031223.png
328,train,cityscapes,streetViewData\train\cityscapes\mask\cologne_000105_000019.png,streetViewData\train\cityscapes\img\cologne_000105_000019.png
329,train,cityscapes,streetViewData\train\cityscapes\mask\cologne_000028_000019.png,streetViewData\train\cityscapes\img\cologne_000028_000019.png
330,train,cityscapes,streetViewData\train\cityscapes\mask\hanover_000000_042255.png,streetViewData\train\cityscapes\img\hanover_000000_042255.png
331,train,cityscapes,streetViewData\train\cityscapes\mask\strasbourg_000001_043080.png,streetViewData\train\cityscapes\img\strasbourg_000001_043080.png
332,train,cityscapes,streetViewData\train\cityscapes\mask\hanover_000000_000712.png,streetViewData\train\cityscapes\img\hanover_000000_000712.png
333,train,cityscapes,streetViewData\train\cityscapes\mask\stuttgart_000074_000019.png,streetViewData\train\cityscapes\img\stuttgart_000074_000019.png
334,train,cityscapes,streetViewData\train\cityscapes\mask\cologne_000127_000019.png,streetViewData\train\cityscapes\img\cologne_000127_000019.png
335,train,cityscapes,streetViewData\train\cityscapes\mask\hamburg_000000_038729.png,streetViewData\train\cityscapes\img\hamburg_000000_038729.png
336,train,cityscapes,streetViewData\train\cityscapes\mask\erfurt_000057_000019.png,streetViewData\train\cityscapes\img\erfurt_000057_000019.png
337,train,cityscapes,streetViewData\train\cityscapes\mask\stuttgart_000121_000019.png,streetViewData\train\cityscapes\img\stuttgart_000121_000019.png
338,train,cityscapes,streetViewData\train\cityscapes\mask\ulm_000031_000019.png,streetViewData\train\cityscapes\img\ulm_000031_000019.png
339,train,cityscapes,streetViewData\train\cityscapes\mask\jena_000030_000019.png,streetViewData\train\cityscapes\img\jena_000030_000019.png
340,train,cityscapes,streetViewData\train\cityscapes\mask\darmstadt_000037_000019.png,streetViewData\train\cityscapes\img\darmstadt_000037_000019.png
341,train,cityscapes,streetViewData\train\cityscapes\mask\tubingen_000063_000019.png,streetViewData\train\cityscapes\img\tubingen_000063_000019.png
342,train,cityscapes,streetViewData\train\cityscapes\mask\erfurt_000040_000019.png,streetViewData\train\cityscapes\img\erfurt_000040_000019.png
343,train,cityscapes,streetViewData\train\cityscapes\mask\stuttgart_000136_000019.png,streetViewData\train\cityscapes\img\stuttgart_000136_000019.png
344,train,cityscapes,streetViewData\train\cityscapes\mask\jena_000059_000019.png,streetViewData\train\cityscapes\img\jena_000059_000019.png
345,train,cityscapes,streetViewData\train\cityscapes\mask\hamburg_000000_039264.png,streetViewData\train\cityscapes\img\hamburg_000000_039264.png
346,train,cityscapes,streetViewData\train\cityscapes\mask\cologne_000058_000019.png,streetViewData\train\cityscapes\img\cologne_000058_000019.png
347,train,cityscapes,streetViewData\train\cityscapes\mask\jena_000019_000019.png,streetViewData\train\cityscapes\img\jena_000019_000019.png
348,train,cityscapes,streetViewData\train\cityscapes\mask\monchengladbach_000000_010280.png,streetViewData\train\cityscapes\img\monchengladbach_000000_010280.png
349,train,cityscapes,streetViewData\train\cityscapes\mask\cologne_000104_000019.png,streetViewData\train\cityscapes\img\cologne_000104_000019.png
350,train,cityscapes,streetViewData\train\cityscapes\mask\cologne_000007_000019.png,streetViewData\train\cityscapes\img\cologne_000007_000019.png
351,train,cityscapes,streetViewData\train\cityscapes\mask\strasbourg_000000_034097.png,streetViewData\train\cityscapes\img\strasbourg_000000_034097.png
352,train,cityscapes,streetViewData\train\cityscapes\mask\monchengladbach_000000_000383.png,streetViewData\train\cityscapes\img\monchengladbach_000000_000383.png
353,train,cityscapes,streetViewData\train\cityscapes\mask\bochum_000000_011711.png,streetViewData\train\cityscapes\img\bochum_000000_011711.png
354,train,cityscapes,streetViewData\train\cityscapes\mask\ulm_000075_000019.png,streetViewData\train\cityscapes\img\ulm_000075_000019.png
355,train,cityscapes,streetViewData\train\cityscapes\mask\strasbourg_000001_058105.png,streetViewData\train\cityscapes\img\strasbourg_000001_058105.png
356,train,cityscapes,streetViewData\train\cityscapes\mask\hamburg_000000_028056.png,streetViewData\train\cityscapes\img\hamburg_000000_028056.png
357,train,cityscapes,streetViewData\train\cityscapes\mask\erfurt_000005_000019.png,streetViewData\train\cityscapes\img\erfurt_000005_000019.png
358,train,cityscapes,streetViewData\train\cityscapes\mask\hanover_000000_043653.png,streetViewData\train\cityscapes\img\hanover_000000_043653.png
359,train,cityscapes,streetViewData\train\cityscapes\mask\stuttgart_000134_000019.png,streetViewData\train\cityscapes\img\stuttgart_000134_000019.png
360,train,cityscapes,streetViewData\train\cityscapes\mask\jena_000097_000019.png,streetViewData\train\cityscapes\img\jena_000097_000019.png
361,train,cityscapes,streetViewData\train\cityscapes\mask\erfurt_000102_000019.png,streetViewData\train\cityscapes\img\erfurt_000102_000019.png
362,train,cityscapes,streetViewData\train\cityscapes\mask\tubingen_000107_000019.png,streetViewData\train\cityscapes\img\tubingen_000107_000019.png
363,train,cityscapes,streetViewData\train\cityscapes\mask\stuttgart_000144_000019.png,streetViewData\train\cityscapes\img\stuttgart_000144_000019.png
364,train,cityscapes,streetViewData\train\cityscapes\mask\erfurt_000002_000019.png,streetViewData\train\cityscapes\img\erfurt_000002_000019.png
365,train,cityscapes,streetViewData\train\cityscapes\mask\hanover_000000_027998.png,streetViewData\train\cityscapes\img\hanover_000000_027998.png
366,train,cityscapes,streetViewData\train\cityscapes\mask\bochum_000000_001519.png,streetViewData\train\cityscapes\img\bochum_000000_001519.png
367,train,cityscapes,streetViewData\train\cityscapes\mask\hanover_000000_034560.png,streetViewData\train\cityscapes\img\hanover_000000_034560.png
368,train,cityscapes,streetViewData\train\cityscapes\mask\hamburg_000000_052122.png,streetViewData\train\cityscapes\img\hamburg_000000_052122.png
369,train,cityscapes,streetViewData\train\cityscapes\mask\stuttgart_000040_000019.png,streetViewData\train\cityscapes\img\stuttgart_000040_000019.png
370,train,cityscapes,streetViewData\train\cityscapes\mask\stuttgart_000042_000019.png,streetViewData\train\cityscapes\img\stuttgart_000042_000019.png
371,train,cityscapes,streetViewData\train\cityscapes\mask\jena_000043_000019.png,streetViewData\train\cityscapes\img\jena_000043_000019.png
372,train,cityscapes,streetViewData\train\cityscapes\mask\hamburg_000000_066706.png,streetViewData\train\cityscapes\img\hamburg_000000_066706.png
373,train,cityscapes,streetViewData\train\cityscapes\mask\stuttgart_000175_000019.png,streetViewData\train\cityscapes\img\stuttgart_000175_000019.png
374,train,cityscapes,streetViewData\train\cityscapes\mask\strasbourg_000001_023515.png,streetViewData\train\cityscapes\img\strasbourg_000001_023515.png
375,train,cityscapes,streetViewData\train\cityscapes\mask\strasbourg_000001_045481.png,streetViewData\train\cityscapes\img\strasbourg_000001_045481.png
376,train,cityscapes,streetViewData\train\cityscapes\mask\stuttgart_000039_000019.png,streetViewData\train\cityscapes\img\stuttgart_000039_000019.png
377,train,cityscapes,streetViewData\train\cityscapes\mask\monchengladbach_000000_015561.png,streetViewData\train\cityscapes\img\monchengladbach_000000_015561.png
378,train,cityscapes,streetViewData\train\cityscapes\mask\strasbourg_000001_002519.png,streetViewData\train\cityscapes\img\strasbourg_000001_002519.png
379,train,cityscapes,streetViewData\train\cityscapes\mask\strasbourg_000001_037645.png,streetViewData\train\cityscapes\img\strasbourg_000001_037645.png
380,train,cityscapes,streetViewData\train\cityscapes\mask\jena_000108_000019.png,streetViewData\train\cityscapes\img\jena_000108_000019.png
381,train,cityscapes,streetViewData\train\cityscapes\mask\darmstadt_000067_000019.png,streetViewData\train\cityscapes\img\darmstadt_000067_000019.png
382,train,cityscapes,streetViewData\train\cityscapes\mask\erfurt_000053_000019.png,streetViewData\train\cityscapes\img\erfurt_000053_000019.png
383,train,cityscapes,streetViewData\train\cityscapes\mask\hamburg_000000_073999.png,streetViewData\train\cityscapes\img\hamburg_000000_073999.png
384,train,cityscapes,streetViewData\train\cityscapes\mask\hamburg_000000_000629.png,streetViewData\train\cityscapes\img\hamburg_000000_000629.png
385,train,cityscapes,streetViewData\train\cityscapes\mask\cologne_000023_000019.png,streetViewData\train\cityscapes\img\cologne_000023_000019.png
386,train,cityscapes,streetViewData\train\cityscapes\mask\monchengladbach_000000_034930.png,streetViewData\train\cityscapes\img\monchengladbach_000000_034930.png
387,train,cityscapes,streetViewData\train\cityscapes\mask\strasbourg_000001_049143.png,streetViewData\train\cityscapes\img\strasbourg_000001_049143.png
388,train,cityscapes,streetViewData\train\cityscapes\mask\monchengladbach_000000_002255.png,streetViewData\train\cityscapes\img\monchengladbach_000000_002255.png
389,train,cityscapes,streetViewData\train\cityscapes\mask\stuttgart_000189_000019.png,streetViewData\train\cityscapes\img\stuttgart_000189_000019.png
390,train,cityscapes,streetViewData\train\cityscapes\mask\strasbourg_000001_055273.png,streetViewData\train\cityscapes\img\strasbourg_000001_055273.png
391,train,cityscapes,streetViewData\train\cityscapes\mask\hamburg_000000_087216.png,streetViewData\train\cityscapes\img\hamburg_000000_087216.png
392,train,cityscapes,streetViewData\train\cityscapes\mask\cologne_000021_000019.png,streetViewData\train\cityscapes\img\cologne_000021_000019.png
393,train,cityscapes,streetViewData\train\cityscapes\mask\cologne_000006_000019.png,streetViewData\train\cityscapes\img\cologne_000006_000019.png
394,train,cityscapes,streetViewData\train\cityscapes\mask\monchengladbach_000001_001531.png,streetViewData\train\cityscapes\img\monchengladbach_000001_001531.png
395,train,cityscapes,streetViewData\train\cityscapes\mask\jena_000088_000019.png,streetViewData\train\cityscapes\img\jena_000088_000019.png
396,train,cityscapes,streetViewData\train\cityscapes\mask\krefeld_000000_009926.png,streetViewData\train\cityscapes\img\krefeld_000000_009926.png
397,train,cityscapes,streetViewData\train\cityscapes\mask\krefeld_000000_029050.png,streetViewData\train\cityscapes\img\krefeld_000000_029050.png
398,train,cityscapes,streetViewData\train\cityscapes\mask\darmstadt_000072_000019.png,streetViewData\train\cityscapes\img\darmstadt_000072_000019.png
399,train,cityscapes,streetViewData\train\cityscapes\mask\cologne_000020_000019.png,streetViewData\train\cityscapes\img\cologne_000020_000019.png
400,train,cityscapes,streetViewData\train\cityscapes\mask\krefeld_000000_014146.png,streetViewData\train\cityscapes\img\krefeld_000000_014146.png
401,train,cityscapes,streetViewData\train\cityscapes\mask\cologne_000068_000019.png,streetViewData\train\cityscapes\img\cologne_000068_000019.png
402,train,cityscapes,streetViewData\train\cityscapes\mask\erfurt_000045_000019.png,streetViewData\train\cityscapes\img\erfurt_000045_000019.png
403,train,cityscapes,streetViewData\train\cityscapes\mask\cologne_000044_000019.png,streetViewData\train\cityscapes\img\cologne_000044_000019.png
404,train,cityscapes,streetViewData\train\cityscapes\mask\strasbourg_000000_006483.png,streetViewData\train\cityscapes\img\strasbourg_000000_006483.png
405,train,cityscapes,streetViewData\train\cityscapes\mask\cologne_000043_000019.png,streetViewData\train\cityscapes\img\cologne_000043_000019.png
406,train,cityscapes,streetViewData\train\cityscapes\mask\strasbourg_000001_009246.png,streetViewData\train\cityscapes\img\strasbourg_000001_009246.png
407,train,cityscapes,streetViewData\train\cityscapes\mask\hamburg_000000_026675.png,streetViewData\train\cityscapes\img\hamburg_000000_026675.png
408,train,cityscapes,streetViewData\train\cityscapes\mask\hanover_000000_042581.png,streetViewData\train\cityscapes\img\hanover_000000_042581.png
409,train,cityscapes,streetViewData\train\cityscapes\mask\cologne_000149_000019.png,streetViewData\train\cityscapes\img\cologne_000149_000019.png
410,train,cityscapes,streetViewData\train\cityscapes\mask\monchengladbach_000000_026006.png,streetViewData\train\cityscapes\img\monchengladbach_000000_026006.png
411,train,cityscapes,streetViewData\train\cityscapes\mask\hamburg_000000_037161.png,streetViewData\train\cityscapes\img\hamburg_000000_037161.png
412,train,cityscapes,streetViewData\train\cityscapes\mask\monchengladbach_000000_034621.png,streetViewData\train\cityscapes\img\monchengladbach_000000_034621.png
413,train,cityscapes,streetViewData\train\cityscapes\mask\strasbourg_000000_006264.png,streetViewData\train\cityscapes\img\strasbourg_000000_006264.png
414,train,cityscapes,streetViewData\train\cityscapes\mask\bochum_000000_031687.png,streetViewData\train\cityscapes\img\bochum_000000_031687.png
415,train,cityscapes,streetViewData\train\cityscapes\mask\strasbourg_000000_018874.png,streetViewData\train\cityscapes\img\strasbourg_000000_018874.png
416,train,cityscapes,streetViewData\train\cityscapes\mask\cologne_000071_000019.png,streetViewData\train\cityscapes\img\cologne_000071_000019.png
417,train,cityscapes,streetViewData\train\cityscapes\mask\hanover_000000_049465.png,streetViewData\train\cityscapes\img\hanover_000000_049465.png
418,train,cityscapes,streetViewData\train\cityscapes\mask\strasbourg_000001_000710.png,streetViewData\train\cityscapes\img\strasbourg_000001_000710.png
419,train,cityscapes,streetViewData\train\cityscapes\mask\tubingen_000080_000019.png,streetViewData\train\cityscapes\img\tubingen_000080_000019.png
420,train,cityscapes,streetViewData\train\cityscapes\mask\monchengladbach_000000_022748.png,streetViewData\train\cityscapes\img\monchengladbach_000000_022748.png
421,train,cityscapes,streetViewData\train\cityscapes\mask\krefeld_000000_023338.png,streetViewData\train\cityscapes\img\krefeld_000000_023338.png
422,train,cityscapes,streetViewData\train\cityscapes\mask\hamburg_000000_088783.png,streetViewData\train\cityscapes\img\hamburg_000000_088783.png
423,train,cityscapes,streetViewData\train\cityscapes\mask\hamburg_000000_047220.png,streetViewData\train\cityscapes\img\hamburg_000000_047220.png
424,train,cityscapes,streetViewData\train\cityscapes\mask\erfurt_000083_000019.png,streetViewData\train\cityscapes\img\erfurt_000083_000019.png
425,train,cityscapes,streetViewData\train\cityscapes\mask\strasbourg_000001_006386.png,streetViewData\train\cityscapes\img\strasbourg_000001_006386.png
426,train,cityscapes,streetViewData\train\cityscapes\mask\ulm_000067_000019.png,streetViewData\train\cityscapes\img\ulm_000067_000019.png
427,train,cityscapes,streetViewData\train\cityscapes\mask\hamburg_000000_087822.png,streetViewData\train\cityscapes\img\hamburg_000000_087822.png
428,train,cityscapes,streetViewData\train\cityscapes\mask\hamburg_000000_029378.png,streetViewData\train\cityscapes\img\hamburg_000000_029378.png
429,train,cityscapes,streetViewData\train\cityscapes\mask\stuttgart_000067_000019.png,streetViewData\train\cityscapes\img\stuttgart_000067_000019.png
430,train,cityscapes,streetViewData\train\cityscapes\mask\tubingen_000096_000019.png,streetViewData\train\cityscapes\img\tubingen_000096_000019.png
431,train,cityscapes,streetViewData\train\cityscapes\mask\darmstadt_000018_000019.png,streetViewData\train\cityscapes\img\darmstadt_000018_000019.png
432,train,cityscapes,streetViewData\train\cityscapes\mask\stuttgart_000165_000019.png,streetViewData\train\cityscapes\img\stuttgart_000165_000019.png
433,train,cityscapes,streetViewData\train\cityscapes\mask\strasbourg_000000_030941.png,streetViewData\train\cityscapes\img\strasbourg_000000_030941.png
434,train,cityscapes,streetViewData\train\cityscapes\mask\hamburg_000000_076966.png,streetViewData\train\cityscapes\img\hamburg_000000_076966.png
435,train,cityscapes,streetViewData\train\cityscapes\mask\jena_000048_000019.png,streetViewData\train\cityscapes\img\jena_000048_000019.png
436,train,cityscapes,streetViewData\train\cityscapes\mask\stuttgart_000013_000019.png,streetViewData\train\cityscapes\img\stuttgart_000013_000019.png
437,train,cityscapes,streetViewData\train\cityscapes\mask\strasbourg_000001_057191.png,streetViewData\train\cityscapes\img\strasbourg_000001_057191.png
438,train,cityscapes,streetViewData\train\cityscapes\mask\cologne_000052_000019.png,streetViewData\train\cityscapes\img\cologne_000052_000019.png
439,train,cityscapes,streetViewData\train\cityscapes\mask\bochum_000000_007150.png,streetViewData\train\cityscapes\img\bochum_000000_007150.png
440,train,cityscapes,streetViewData\train\cityscapes\mask\jena_000050_000019.png,streetViewData\train\cityscapes\img\jena_000050_000019.png
441,train,cityscapes,streetViewData\train\cityscapes\mask\strasbourg_000000_019617.png,streetViewData\train\cityscapes\img\strasbourg_000000_019617.png
442,train,cityscapes,streetViewData\train\cityscapes\mask\monchengladbach_000000_020856.png,streetViewData\train\cityscapes\img\monchengladbach_000000_020856.png
443,train,cityscapes,streetViewData\train\cityscapes\mask\cologne_000108_000019.png,streetViewData\train\cityscapes\img\cologne_000108_000019.png
444,train,cityscapes,streetViewData\train\cityscapes\mask\cologne_000054_000019.png,streetViewData\train\cityscapes\img\cologne_000054_000019.png
445,train,cityscapes,streetViewData\train\cityscapes\mask\krefeld_000000_034389.png,streetViewData\train\cityscapes\img\krefeld_000000_034389.png
446,train,cityscapes,streetViewData\train\cityscapes\mask\erfurt_000101_000019.png,streetViewData\train\cityscapes\img\erfurt_000101_000019.png
447,train,cityscapes,streetViewData\train\cityscapes\mask\krefeld_000000_012505.png,streetViewData\train\cityscapes\img\krefeld_000000_012505.png
448,train,cityscapes,streetViewData\train\cityscapes\mask\stuttgart_000006_000019.png,streetViewData\train\cityscapes\img\stuttgart_000006_000019.png
449,train,cityscapes,streetViewData\train\cityscapes\mask\darmstadt_000021_000019.png,streetViewData\train\cityscapes\img\darmstadt_000021_000019.png
450,train,cityscapes,streetViewData\train\cityscapes\mask\hanover_000000_007780.png,streetViewData\train\cityscapes\img\hanover_000000_007780.png
451,train,cityscapes,streetViewData\train\cityscapes\mask\stuttgart_000032_000019.png,streetViewData\train\cityscapes\img\stuttgart_000032_000019.png
452,train,cityscapes,streetViewData\train\cityscapes\mask\hamburg_000000_036003.png,streetViewData\train\cityscapes\img\hamburg_000000_036003.png
453,train,cityscapes,streetViewData\train\cityscapes\mask\hanover_000000_023975.png,streetViewData\train\cityscapes\img\hanover_000000_023975.png
454,train,cityscapes,streetViewData\train\cityscapes\mask\hamburg_000000_066424.png,streetViewData\train\cityscapes\img\hamburg_000000_066424.png
455,train,cityscapes,streetViewData\train\cityscapes\mask\tubingen_000038_000019.png,streetViewData\train\cityscapes\img\tubingen_000038_000019.png
456,train,cityscapes,streetViewData\train\cityscapes\mask\stuttgart_000162_000019.png,streetViewData\train\cityscapes\img\stuttgart_000162_000019.png
457,train,cityscapes,streetViewData\train\cityscapes\mask\monchengladbach_000000_002972.png,streetViewData\train\cityscapes\img\monchengladbach_000000_002972.png
458,train,cityscapes,streetViewData\train\cityscapes\mask\strasbourg_000001_029696.png,streetViewData\train\cityscapes\img\strasbourg_000001_029696.png
459,train,cityscapes,streetViewData\train\cityscapes\mask\hamburg_000000_078407.png,streetViewData\train\cityscapes\img\hamburg_000000_078407.png
460,train,cityscapes,streetViewData\train\cityscapes\mask\strasbourg_000000_015602.png,streetViewData\train\cityscapes\img\strasbourg_000000_015602.png
461,train,cityscapes,streetViewData\train\cityscapes\mask\strasbourg_000000_035255.png,streetViewData\train\cityscapes\img\strasbourg_000000_035255.png
462,train,cityscapes,streetViewData\train\cityscapes\mask\tubingen_000056_000019.png,streetViewData\train\cityscapes\img\tubingen_000056_000019.png
463,train,cityscapes,streetViewData\train\cityscapes\mask\bochum_000000_006026.png,streetViewData\train\cityscapes\img\bochum_000000_006026.png
464,train,cityscapes,streetViewData\train\cityscapes\mask\strasbourg_000001_005289.png,streetViewData\train\cityscapes\img\strasbourg_000001_005289.png
465,train,cityscapes,streetViewData\train\cityscapes\mask\monchengladbach_000000_013352.png,streetViewData\train\cityscapes\img\monchengladbach_000000_013352.png
466,train,cityscapes,streetViewData\train\cityscapes\mask\hamburg_000000_076392.png,streetViewData\train\cityscapes\img\hamburg_000000_076392.png
467,train,cityscapes,streetViewData\train\cityscapes\mask\strasbourg_000001_003159.png,streetViewData\train\cityscapes\img\strasbourg_000001_003159.png
468,train,cityscapes,streetViewData\train\cityscapes\mask\cologne_000116_000019.png,streetViewData\train\cityscapes\img\cologne_000116_000019.png
469,train,cityscapes,streetViewData\train\cityscapes\mask\darmstadt_000025_000019.png,streetViewData\train\cityscapes\img\darmstadt_000025_000019.png
470,train,cityscapes,streetViewData\train\cityscapes\mask\ulm_000036_000019.png,streetViewData\train\cityscapes\img\ulm_000036_000019.png
471,train,cityscapes,streetViewData\train\cityscapes\mask\cologne_000140_000019.png,streetViewData\train\cityscapes\img\cologne_000140_000019.png
472,train,cityscapes,streetViewData\train\cityscapes\mask\cologne_000123_000019.png,streetViewData\train\cityscapes\img\cologne_000123_000019.png
473,train,cityscapes,streetViewData\train\cityscapes\mask\strasbourg_000001_052297.png,streetViewData\train\cityscapes\img\strasbourg_000001_052297.png
474,train,cityscapes,streetViewData\train\cityscapes\mask\tubingen_000054_000019.png,streetViewData\train\cityscapes\img\tubingen_000054_000019.png
475,train,cityscapes,streetViewData\train\cityscapes\mask\ulm_000048_000019.png,streetViewData\train\cityscapes\img\ulm_000048_000019.png
476,train,cityscapes,streetViewData\train\cityscapes\mask\hamburg_000000_056229.png,streetViewData\train\cityscapes\img\hamburg_000000_056229.png
477,train,cityscapes,streetViewData\train\cityscapes\mask\hamburg_000000_064269.png,streetViewData\train\cityscapes\img\hamburg_000000_064269.png
478,train,cityscapes,streetViewData\train\cityscapes\mask\strasbourg_000000_013574.png,streetViewData\train\cityscapes\img\strasbourg_000000_013574.png
479,train,cityscapes,streetViewData\train\cityscapes\mask\erfurt_000096_000019.png,streetViewData\train\cityscapes\img\erfurt_000096_000019.png
480,train,cityscapes,streetViewData\train\cityscapes\mask\strasbourg_000001_036937.png,streetViewData\train\cityscapes\img\strasbourg_000001_036937.png
481,train,cityscapes,streetViewData\train\cityscapes\mask\hanover_000000_003853.png,streetViewData\train\cityscapes\img\hanover_000000_003853.png
482,train,cityscapes,streetViewData\train\cityscapes\mask\erfurt_000081_000019.png,streetViewData\train\cityscapes\img\erfurt_000081_000019.png
483,train,cityscapes,streetViewData\train\cityscapes\mask\strasbourg_000001_016681.png,streetViewData\train\cityscapes\img\strasbourg_000001_016681.png
484,train,cityscapes,streetViewData\train\cityscapes\mask\strasbourg_000000_027233.png,streetViewData\train\cityscapes\img\strasbourg_000000_027233.png
485,train,cityscapes,streetViewData\train\cityscapes\mask\hamburg_000000_049558.png,streetViewData\train\cityscapes\img\hamburg_000000_049558.png
486,train,cityscapes,streetViewData\train\cityscapes\mask\krefeld_000000_012353.png,streetViewData\train\cityscapes\img\krefeld_000000_012353.png
487,train,cityscapes,streetViewData\train\cityscapes\mask\tubingen_000008_000019.png,streetViewData\train\cityscapes\img\tubingen_000008_000019.png
488,train,cityscapes,streetViewData\train\cityscapes\mask\tubingen_000055_000019.png,streetViewData\train\cityscapes\img\tubingen_000055_000019.png
489,train,cityscapes,streetViewData\train\cityscapes\mask\cologne_000008_000019.png,streetViewData\train\cityscapes\img\cologne_000008_000019.png
490,train,cityscapes,streetViewData\train\cityscapes\mask\ulm_000043_000019.png,streetViewData\train\cityscapes\img\ulm_000043_000019.png
491,train,cityscapes,streetViewData\train\cityscapes\mask\strasbourg_000000_027771.png,streetViewData\train\cityscapes\img\strasbourg_000000_027771.png
492,train,cityscapes,streetViewData\train\cityscapes\mask\stuttgart_000115_000019.png,streetViewData\train\cityscapes\img\stuttgart_000115_000019.png
493,train,cityscapes,streetViewData\train\cityscapes\mask\hamburg_000000_060586.png,streetViewData\train\cityscapes\img\hamburg_000000_060586.png
494,train,cityscapes,streetViewData\train\cityscapes\mask\bochum_000000_036606.png,streetViewData\train\cityscapes\img\bochum_000000_036606.png
495,train,cityscapes,streetViewData\train\cityscapes\mask\bochum_000000_002562.png,streetViewData\train\cityscapes\img\bochum_000000_002562.png
496,train,cityscapes,streetViewData\train\cityscapes\mask\hamburg_000000_103541.png,streetViewData\train\cityscapes\img\hamburg_000000_103541.png
497,train,cityscapes,streetViewData\train\cityscapes\mask\darmstadt_000017_000019.png,streetViewData\train\cityscapes\img\darmstadt_000017_000019.png
498,train,cityscapes,streetViewData\train\cityscapes\mask\strasbourg_000000_028912.png,streetViewData\train\cityscapes\img\strasbourg_000000_028912.png
499,train,cityscapes,streetViewData\train\cityscapes\mask\hamburg_000000_048138.png,streetViewData\train\cityscapes\img\hamburg_000000_048138.png
500,train,cityscapes,streetViewData\train\cityscapes\mask\tubingen_000015_000019.png,streetViewData\train\cityscapes\img\tubingen_000015_000019.png
501,train,cityscapes,streetViewData\train\cityscapes\mask\jena_000016_000019.png,streetViewData\train\cityscapes\img\jena_000016_000019.png
502,train,cityscapes,streetViewData\train\cityscapes\mask\monchengladbach_000000_010733.png,streetViewData\train\cityscapes\img\monchengladbach_000000_010733.png
503,train,cityscapes,streetViewData\train\cityscapes\mask\strasbourg_000001_030725.png,streetViewData\train\cityscapes\img\strasbourg_000001_030725.png
504,train,cityscapes,streetViewData\train\cityscapes\mask\hanover_000000_054965.png,streetViewData\train\cityscapes\img\hanover_000000_054965.png
505,train,cityscapes,streetViewData\train\cityscapes\mask\monchengladbach_000000_019500.png,streetViewData\train\cityscapes\img\monchengladbach_000000_019500.png
506,train,cityscapes,streetViewData\train\cityscapes\mask\tubingen_000016_000019.png,streetViewData\train\cityscapes\img\tubingen_000016_000019.png
507,train,cityscapes,streetViewData\train\cityscapes\mask\tubingen_000006_000019.png,streetViewData\train\cityscapes\img\tubingen_000006_000019.png
508,train,cityscapes,streetViewData\train\cityscapes\mask\stuttgart_000089_000019.png,streetViewData\train\cityscapes\img\stuttgart_000089_000019.png
509,train,cityscapes,streetViewData\train\cityscapes\mask\strasbourg_000001_018872.png,streetViewData\train\cityscapes\img\strasbourg_000001_018872.png
510,train,cityscapes,streetViewData\train\cityscapes\mask\darmstadt_000055_000019.png,streetViewData\train\cityscapes\img\darmstadt_000055_000019.png
511,train,cityscapes,streetViewData\train\cityscapes\mask\monchengladbach_000000_005876.png,streetViewData\train\cityscapes\img\monchengladbach_000000_005876.png
512,train,cityscapes,streetViewData\train\cityscapes\mask\bochum_000000_027951.png,streetViewData\train\cityscapes\img\bochum_000000_027951.png
513,train,cityscapes,streetViewData\train\cityscapes\mask\tubingen_000072_000019.png,streetViewData\train\cityscapes\img\tubingen_000072_000019.png
514,train,cityscapes,streetViewData\train\cityscapes\mask\monchengladbach_000001_000054.png,streetViewData\train\cityscapes\img\monchengladbach_000001_000054.png
515,train,cityscapes,streetViewData\train\cityscapes\mask\monchengladbach_000000_011383.png,streetViewData\train\cityscapes\img\monchengladbach_000000_011383.png
516,train,cityscapes,streetViewData\train\cityscapes\mask\darmstadt_000053_000019.png,streetViewData\train\cityscapes\img\darmstadt_000053_000019.png
517,train,cityscapes,streetViewData\train\cityscapes\mask\hanover_000000_056142.png,streetViewData\train\cityscapes\img\hanover_000000_056142.png
518,train,cityscapes,streetViewData\train\cityscapes\mask\darmstadt_000011_000019.png,streetViewData\train\cityscapes\img\darmstadt_000011_000019.png
519,train,cityscapes,streetViewData\train\cityscapes\mask\bochum_000000_033331.png,streetViewData\train\cityscapes\img\bochum_000000_033331.png
520,train,cityscapes,streetViewData\train\cityscapes\mask\hamburg_000000_083586.png,streetViewData\train\cityscapes\img\hamburg_000000_083586.png
521,train,cityscapes,streetViewData\train\cityscapes\mask\hanover_000000_019672.png,streetViewData\train\cityscapes\img\hanover_000000_019672.png
522,train,cityscapes,streetViewData\train\cityscapes\mask\stuttgart_000021_000019.png,streetViewData\train\cityscapes\img\stuttgart_000021_000019.png
523,train,cityscapes,streetViewData\train\cityscapes\mask\hanover_000000_014537.png,streetViewData\train\cityscapes\img\hanover_000000_014537.png
524,train,cityscapes,streetViewData\train\cityscapes\mask\erfurt_000095_000019.png,streetViewData\train\cityscapes\img\erfurt_000095_000019.png
525,train,cityscapes,streetViewData\train\cityscapes\mask\tubingen_000048_000019.png,streetViewData\train\cityscapes\img\tubingen_000048_000019.png
526,train,cityscapes,streetViewData\train\cityscapes\mask\stuttgart_000090_000019.png,streetViewData\train\cityscapes\img\stuttgart_000090_000019.png
527,train,cityscapes,streetViewData\train\cityscapes\mask\strasbourg_000001_004983.png,streetViewData\train\cityscapes\img\strasbourg_000001_004983.png
528,train,cityscapes,streetViewData\train\cityscapes\mask\cologne_000114_000019.png,streetViewData\train\cityscapes\img\cologne_000114_000019.png
529,train,cityscapes,streetViewData\train\cityscapes\mask\hanover_000000_011471.png,streetViewData\train\cityscapes\img\hanover_000000_011471.png
530,train,cityscapes,streetViewData\train\cityscapes\mask\monchengladbach_000000_018720.png,streetViewData\train\cityscapes\img\monchengladbach_000000_018720.png
531,train,cityscapes,streetViewData\train\cityscapes\mask\stuttgart_000077_000019.png,streetViewData\train\cityscapes\img\stuttgart_000077_000019.png
532,train,cityscapes,streetViewData\train\cityscapes\mask\strasbourg_000000_019355.png,streetViewData\train\cityscapes\img\strasbourg_000000_019355.png
533,train,cityscapes,streetViewData\train\cityscapes\mask\darmstadt_000066_000019.png,streetViewData\train\cityscapes\img\darmstadt_000066_000019.png
534,train,cityscapes,streetViewData\train\cityscapes\mask\stuttgart_000079_000019.png,streetViewData\train\cityscapes\img\stuttgart_000079_000019.png
535,train,cityscapes,streetViewData\train\cityscapes\mask\darmstadt_000082_000019.png,streetViewData\train\cityscapes\img\darmstadt_000082_000019.png
536,train,cityscapes,streetViewData\train\cityscapes\mask\erfurt_000027_000019.png,streetViewData\train\cityscapes\img\erfurt_000027_000019.png
537,train,cityscapes,streetViewData\train\cityscapes\mask\hanover_000000_046398.png,streetViewData\train\cityscapes\img\hanover_000000_046398.png
538,train,cityscapes,streetViewData\train\cityscapes\mask\bochum_000000_020899.png,streetViewData\train\cityscapes\img\bochum_000000_020899.png
539,train,cityscapes,streetViewData\train\cityscapes\mask\erfurt_000032_000019.png,streetViewData\train\cityscapes\img\erfurt_000032_000019.png
540,train,cityscapes,streetViewData\train\cityscapes\mask\hamburg_000000_103075.png,streetViewData\train\cityscapes\img\hamburg_000000_103075.png
541,train,cityscapes,streetViewData\train\cityscapes\mask\hanover_000000_046200.png,streetViewData\train\cityscapes\img\hanover_000000_046200.png
542,train,cityscapes,streetViewData\train\cityscapes\mask\stuttgart_000010_000019.png,streetViewData\train\cityscapes\img\stuttgart_000010_000019.png
543,train,cityscapes,streetViewData\train\cityscapes\mask\hamburg_000000_038511.png,streetViewData\train\cityscapes\img\hamburg_000000_038511.png
544,train,cityscapes,streetViewData\train\cityscapes\mask\tubingen_000045_000019.png,streetViewData\train\cityscapes\img\tubingen_000045_000019.png
545,train,cityscapes,streetViewData\train\cityscapes\mask\ulm_000053_000019.png,streetViewData\train\cityscapes\img\ulm_000053_000019.png
546,train,cityscapes,streetViewData\train\cityscapes\mask\ulm_000065_000019.png,streetViewData\train\cityscapes\img\ulm_000065_000019.png
547,train,cityscapes,streetViewData\train\cityscapes\mask\cologne_000125_000019.png,streetViewData\train\cityscapes\img\cologne_000125_000019.png
548,train,cityscapes,streetViewData\train\cityscapes\mask\hanover_000000_029769.png,streetViewData\train\cityscapes\img\hanover_000000_029769.png
549,train,cityscapes,streetViewData\train\cityscapes\mask\bochum_000000_031152.png,streetViewData\train\cityscapes\img\bochum_000000_031152.png
550,train,cityscapes,streetViewData\train\cityscapes\mask\jena_000075_000019.png,streetViewData\train\cityscapes\img\jena_000075_000019.png
551,train,cityscapes,streetViewData\train\cityscapes\mask\hamburg_000000_006322.png,streetViewData\train\cityscapes\img\hamburg_000000_006322.png
552,train,cityscapes,streetViewData\train\cityscapes\mask\erfurt_000073_000019.png,streetViewData\train\cityscapes\img\erfurt_000073_000019.png
553,train,cityscapes,streetViewData\train\cityscapes\mask\jena_000054_000019.png,streetViewData\train\cityscapes\img\jena_000054_000019.png
554,train,cityscapes,streetViewData\train\cityscapes\mask\hanover_000000_008017.png,streetViewData\train\cityscapes\img\hanover_000000_008017.png
555,train,cityscapes,streetViewData\train\cityscapes\mask\hamburg_000000_080438.png,streetViewData\train\cityscapes\img\hamburg_000000_080438.png
556,train,cityscapes,streetViewData\train\cityscapes\mask\ulm_000012_000019.png,streetViewData\train\cityscapes\img\ulm_000012_000019.png
557,train,cityscapes,streetViewData\train\cityscapes\mask\hamburg_000000_007737.png,streetViewData\train\cityscapes\img\hamburg_000000_007737.png
558,train,cityscapes,streetViewData\train\cityscapes\mask\bochum_000000_020673.png,streetViewData\train\cityscapes\img\bochum_000000_020673.png
559,train,cityscapes,streetViewData\train\cityscapes\mask\stuttgart_000182_000019.png,streetViewData\train\cityscapes\img\stuttgart_000182_000019.png
560,train,cityscapes,streetViewData\train\cityscapes\mask\erfurt_000060_000019.png,streetViewData\train\cityscapes\img\erfurt_000060_000019.png
561,train,cityscapes,streetViewData\train\cityscapes\mask\hanover_000000_040133.png,streetViewData\train\cityscapes\img\hanover_000000_040133.png
562,train,cityscapes,streetViewData\train\cityscapes\mask\hamburg_000000_098862.png,streetViewData\train\cityscapes\img\hamburg_000000_098862.png
563,train,cityscapes,streetViewData\train\cityscapes\mask\ulm_000058_000019.png,streetViewData\train\cityscapes\img\ulm_000058_000019.png
564,train,cityscapes,streetViewData\train\cityscapes\mask\ulm_000015_000019.png,streetViewData\train\cityscapes\img\ulm_000015_000019.png
565,train,cityscapes,streetViewData\train\cityscapes\mask\hamburg_000000_062039.png,streetViewData\train\cityscapes\img\hamburg_000000_062039.png
566,train,cityscapes,streetViewData\train\cityscapes\mask\hanover_000000_009128.png,streetViewData\train\cityscapes\img\hanover_000000_009128.png
567,train,cityscapes,streetViewData\train\cityscapes\mask\strasbourg_000000_029729.png,streetViewData\train\cityscapes\img\strasbourg_000000_029729.png
568,train,cityscapes,streetViewData\train\cityscapes\mask\tubingen_000075_000019.png,streetViewData\train\cityscapes\img\tubingen_000075_000019.png
569,train,cityscapes,streetViewData\train\cityscapes\mask\hanover_000000_040294.png,streetViewData\train\cityscapes\img\hanover_000000_040294.png
570,train,cityscapes,streetViewData\train\cityscapes\mask\strasbourg_000001_011617.png,streetViewData\train\cityscapes\img\strasbourg_000001_011617.png
571,train,cityscapes,streetViewData\train\cityscapes\mask\stuttgart_000097_000019.png,streetViewData\train\cityscapes\img\stuttgart_000097_000019.png
572,train,cityscapes,streetViewData\train\cityscapes\mask\hamburg_000000_102379.png,streetViewData\train\cityscapes\img\hamburg_000000_102379.png
573,train,cityscapes,streetViewData\train\cityscapes\mask\bochum_000000_022210.png,streetViewData\train\cityscapes\img\bochum_000000_022210.png
574,train,cityscapes,streetViewData\train\cityscapes\mask\tubingen_000084_000019.png,streetViewData\train\cityscapes\img\tubingen_000084_000019.png
575,train,cityscapes,streetViewData\train\cityscapes\mask\stuttgart_000012_000019.png,streetViewData\train\cityscapes\img\stuttgart_000012_000019.png
576,train,cityscapes,streetViewData\train\cityscapes\mask\tubingen_000029_000019.png,streetViewData\train\cityscapes\img\tubingen_000029_000019.png
577,train,cityscapes,streetViewData\train\cityscapes\mask\monchengladbach_000000_035650.png,streetViewData\train\cityscapes\img\monchengladbach_000000_035650.png
578,train,cityscapes,streetViewData\train\cityscapes\mask\strasbourg_000001_061285.png,streetViewData\train\cityscapes\img\strasbourg_000001_061285.png
579,train,cityscapes,streetViewData\train\cityscapes\mask\bochum_000000_030913.png,streetViewData\train\cityscapes\img\bochum_000000_030913.png
580,train,cityscapes,streetViewData\train\cityscapes\mask\cologne_000126_000019.png,streetViewData\train\cityscapes\img\cologne_000126_000019.png
581,train,cityscapes,streetViewData\train\cityscapes\mask\tubingen_000062_000019.png,streetViewData\train\cityscapes\img\tubingen_000062_000019.png
582,train,cityscapes,streetViewData\train\cityscapes\mask\jena_000001_000019.png,streetViewData\train\cityscapes\img\jena_000001_000019.png
583,train,cityscapes,streetViewData\train\cityscapes\mask\hanover_000000_005288.png,streetViewData\train\cityscapes\img\hanover_000000_005288.png
584,train,cityscapes,streetViewData\train\cityscapes\mask\stuttgart_000044_000019.png,streetViewData\train\cityscapes\img\stuttgart_000044_000019.png
585,train,cityscapes,streetViewData\train\cityscapes\mask\jena_000005_000019.png,streetViewData\train\cityscapes\img\jena_000005_000019.png
586,train,cityscapes,streetViewData\train\cityscapes\mask\strasbourg_000000_013944.png,streetViewData\train\cityscapes\img\strasbourg_000000_013944.png
587,train,cityscapes,streetViewData\train\cityscapes\mask\krefeld_000000_016342.png,streetViewData\train\cityscapes\img\krefeld_000000_016342.png
588,train,cityscapes,streetViewData\train\cityscapes\mask\stuttgart_000061_000019.png,streetViewData\train\cityscapes\img\stuttgart_000061_000019.png
589,train,cityscapes,streetViewData\train\cityscapes\mask\tubingen_000060_000019.png,streetViewData\train\cityscapes\img\tubingen_000060_000019.png
590,train,cityscapes,streetViewData\train\cityscapes\mask\stuttgart_000128_000019.png,streetViewData\train\cityscapes\img\stuttgart_000128_000019.png
591,train,cityscapes,streetViewData\train\cityscapes\mask\stuttgart_000098_000019.png,streetViewData\train\cityscapes\img\stuttgart_000098_000019.png
592,train,cityscapes,streetViewData\train\cityscapes\mask\hamburg_000000_044747.png,streetViewData\train\cityscapes\img\hamburg_000000_044747.png
593,train,cityscapes,streetViewData\train\cityscapes\mask\stuttgart_000048_000019.png,streetViewData\train\cityscapes\img\stuttgart_000048_000019.png
594,train,cityscapes,streetViewData\train\cityscapes\mask\stuttgart_000104_000019.png,streetViewData\train\cityscapes\img\stuttgart_000104_000019.png
595,train,cityscapes,streetViewData\train\cityscapes\mask\bochum_000000_001097.png,streetViewData\train\cityscapes\img\bochum_000000_001097.png
596,train,cityscapes,streetViewData\train\cityscapes\mask\krefeld_000000_021000.png,streetViewData\train\cityscapes\img\krefeld_000000_021000.png
597,train,cityscapes,streetViewData\train\cityscapes\mask\krefeld_000000_034686.png,streetViewData\train\cityscapes\img\krefeld_000000_034686.png
598,train,cityscapes,streetViewData\train\cityscapes\mask\strasbourg_000001_006916.png,streetViewData\train\cityscapes\img\strasbourg_000001_006916.png
599,train,cityscapes,streetViewData\train\cityscapes\mask\erfurt_000068_000019.png,streetViewData\train\cityscapes\img\erfurt_000068_000019.png
600,train,cityscapes,streetViewData\train\cityscapes\mask\hanover_000000_019456.png,streetViewData\train\cityscapes\img\hanover_000000_019456.png
601,train,cityscapes,streetViewData\train\cityscapes\mask\hanover_000000_056601.png,streetViewData\train\cityscapes\img\hanover_000000_056601.png
602,train,cityscapes,streetViewData\train\cityscapes\mask\cologne_000047_000019.png,streetViewData\train\cityscapes\img\cologne_000047_000019.png
603,train,cityscapes,streetViewData\train\cityscapes\mask\strasbourg_000001_003676.png,streetViewData\train\cityscapes\img\strasbourg_000001_003676.png
604,train,cityscapes,streetViewData\train\cityscapes\mask\stuttgart_000140_000019.png,streetViewData\train\cityscapes\img\stuttgart_000140_000019.png
605,train,cityscapes,streetViewData\train\cityscapes\mask\strasbourg_000000_021231.png,streetViewData\train\cityscapes\img\strasbourg_000000_021231.png
606,train,cityscapes,streetViewData\train\cityscapes\mask\strasbourg_000001_019247.png,streetViewData\train\cityscapes\img\strasbourg_000001_019247.png
607,train,cityscapes,streetViewData\train\cityscapes\mask\strasbourg_000001_055860.png,streetViewData\train\cityscapes\img\strasbourg_000001_055860.png
608,train,cityscapes,streetViewData\train\cityscapes\mask\ulm_000030_000019.png,streetViewData\train\cityscapes\img\ulm_000030_000019.png
609,train,cityscapes,streetViewData\train\cityscapes\mask\hamburg_000000_077144.png,streetViewData\train\cityscapes\img\hamburg_000000_077144.png
610,train,cityscapes,streetViewData\train\cityscapes\mask\krefeld_000000_013257.png,streetViewData\train\cityscapes\img\krefeld_000000_013257.png
611,train,cityscapes,streetViewData\train\cityscapes\mask\hamburg_000000_084746.png,streetViewData\train\cityscapes\img\hamburg_000000_084746.png
612,train,cityscapes,streetViewData\train\cityscapes\mask\tubingen_000102_000019.png,streetViewData\train\cityscapes\img\tubingen_000102_000019.png
613,train,cityscapes,streetViewData\train\cityscapes\mask\hanover_000000_044344.png,streetViewData\train\cityscapes\img\hanover_000000_044344.png
614,train,cityscapes,streetViewData\train\cityscapes\mask\hamburg_000000_097447.png,streetViewData\train\cityscapes\img\hamburg_000000_097447.png
615,train,cityscapes,streetViewData\train\cityscapes\mask\stuttgart_000105_000019.png,streetViewData\train\cityscapes\img\stuttgart_000105_000019.png
616,train,cityscapes,streetViewData\train\cityscapes\mask\hamburg_000000_073672.png,streetViewData\train\cityscapes\img\hamburg_000000_073672.png
617,train,cityscapes,streetViewData\train\cityscapes\mask\strasbourg_000001_056142.png,streetViewData\train\cityscapes\img\strasbourg_000001_056142.png
618,train,cityscapes,streetViewData\train\cityscapes\mask\darmstadt_000010_000019.png,streetViewData\train\cityscapes\img\darmstadt_000010_000019.png
619,train,cityscapes,streetViewData\train\cityscapes\mask\stuttgart_000099_000019.png,streetViewData\train\cityscapes\img\stuttgart_000099_000019.png
620,train,cityscapes,streetViewData\train\cityscapes\mask\hanover_000000_051059.png,streetViewData\train\cityscapes\img\hanover_000000_051059.png
621,train,cityscapes,streetViewData\train\cityscapes\mask\strasbourg_000001_003991.png,streetViewData\train\cityscapes\img\strasbourg_000001_003991.png
622,train,cityscapes,streetViewData\train\cityscapes\mask\stuttgart_000070_000019.png,streetViewData\train\cityscapes\img\stuttgart_000070_000019.png
623,train,cityscapes,streetViewData\train\cityscapes\mask\erfurt_000021_000019.png,streetViewData\train\cityscapes\img\erfurt_000021_000019.png
624,train,cityscapes,streetViewData\train\cityscapes\mask\strasbourg_000000_017159.png,streetViewData\train\cityscapes\img\strasbourg_000000_017159.png
625,train,cityscapes,streetViewData\train\cityscapes\mask\monchengladbach_000000_025215.png,streetViewData\train\cityscapes\img\monchengladbach_000000_025215.png
626,train,cityscapes,streetViewData\train\cityscapes\mask\hamburg_000000_077642.png,streetViewData\train\cityscapes\img\hamburg_000000_077642.png
627,train,cityscapes,streetViewData\train\cityscapes\mask\hanover_000000_043550.png,streetViewData\train\cityscapes\img\hanover_000000_043550.png
628,train,cityscapes,streetViewData\train\cityscapes\mask\monchengladbach_000000_007851.png,streetViewData\train\cityscapes\img\monchengladbach_000000_007851.png
629,train,cityscapes,streetViewData\train\cityscapes\mask\bochum_000000_000313.png,streetViewData\train\cityscapes\img\bochum_000000_000313.png
630,train,cityscapes,streetViewData\train\cityscapes\mask\hamburg_000000_079376.png,streetViewData\train\cityscapes\img\hamburg_000000_079376.png
631,train,cityscapes,streetViewData\train\cityscapes\mask\hamburg_000000_067338.png,streetViewData\train\cityscapes\img\hamburg_000000_067338.png
632,train,cityscapes,streetViewData\train\cityscapes\mask\tubingen_000095_000019.png,streetViewData\train\cityscapes\img\tubingen_000095_000019.png
633,train,cityscapes,streetViewData\train\cityscapes\mask\strasbourg_000001_040761.png,streetViewData\train\cityscapes\img\strasbourg_000001_040761.png
634,train,cityscapes,streetViewData\train\cityscapes\mask\monchengladbach_000000_035083.png,streetViewData\train\cityscapes\img\monchengladbach_000000_035083.png
635,train,cityscapes,streetViewData\train\cityscapes\mask\stuttgart_000176_000019.png,streetViewData\train\cityscapes\img\stuttgart_000176_000019.png
636,train,cityscapes,streetViewData\train\cityscapes\mask\strasbourg_000000_035571.png,streetViewData\train\cityscapes\img\strasbourg_000000_035571.png
637,train,cityscapes,streetViewData\train\cityscapes\mask\hamburg_000000_093325.png,streetViewData\train\cityscapes\img\hamburg_000000_093325.png
638,train,cityscapes,streetViewData\train\cityscapes\mask\jena_000064_000019.png,streetViewData\train\cityscapes\img\jena_000064_000019.png
639,train,cityscapes,streetViewData\train\cityscapes\mask\strasbourg_000001_047336.png,streetViewData\train\cityscapes\img\strasbourg_000001_047336.png
640,train,cityscapes,streetViewData\train\cityscapes\mask\jena_000017_000019.png,streetViewData\train\cityscapes\img\jena_000017_000019.png
641,train,cityscapes,streetViewData\train\cityscapes\mask\stuttgart_000102_000019.png,streetViewData\train\cityscapes\img\stuttgart_000102_000019.png
642,train,cityscapes,streetViewData\train\cityscapes\mask\krefeld_000000_015868.png,streetViewData\train\cityscapes\img\krefeld_000000_015868.png
643,train,cityscapes,streetViewData\train\cityscapes\mask\jena_000081_000019.png,streetViewData\train\cityscapes\img\jena_000081_000019.png
644,train,cityscapes,streetViewData\train\cityscapes\mask\erfurt_000012_000019.png,streetViewData\train\cityscapes\img\erfurt_000012_000019.png
645,train,cityscapes,streetViewData\train\cityscapes\mask\tubingen_000111_000019.png,streetViewData\train\cityscapes\img\tubingen_000111_000019.png
646,train,cityscapes,streetViewData\train\cityscapes\mask\cologne_000077_000019.png,streetViewData\train\cityscapes\img\cologne_000077_000019.png
647,train,cityscapes,streetViewData\train\cityscapes\mask\hamburg_000000_065843.png,streetViewData\train\cityscapes\img\hamburg_000000_065843.png
648,train,cityscapes,streetViewData\train\cityscapes\mask\krefeld_000000_018866.png,streetViewData\train\cityscapes\img\krefeld_000000_018866.png
649,train,cityscapes,streetViewData\train\cityscapes\mask\strasbourg_000000_026998.png,streetViewData\train\cityscapes\img\strasbourg_000000_026998.png
650,train,cityscapes,streetViewData\train\cityscapes\mask\stuttgart_000020_000019.png,streetViewData\train\cityscapes\img\stuttgart_000020_000019.png
651,train,cityscapes,streetViewData\train\cityscapes\mask\hamburg_000000_104857.png,streetViewData\train\cityscapes\img\hamburg_000000_104857.png
652,train,cityscapes,streetViewData\train\cityscapes\mask\stuttgart_000081_000019.png,streetViewData\train\cityscapes\img\stuttgart_000081_000019.png
653,train,cityscapes,streetViewData\train\cityscapes\mask\stuttgart_000028_000019.png,streetViewData\train\cityscapes\img\stuttgart_000028_000019.png
654,train,cityscapes,streetViewData\train\cityscapes\mask\hamburg_000000_085073.png,streetViewData\train\cityscapes\img\hamburg_000000_085073.png
655,train,cityscapes,streetViewData\train\cityscapes\mask\stuttgart_000157_000019.png,streetViewData\train\cityscapes\img\stuttgart_000157_000019.png
656,train,cityscapes,streetViewData\train\cityscapes\mask\ulm_000057_000019.png,streetViewData\train\cityscapes\img\ulm_000057_000019.png
657,train,cityscapes,streetViewData\train\cityscapes\mask\darmstadt_000051_000019.png,streetViewData\train\cityscapes\img\darmstadt_000051_000019.png
658,train,cityscapes,streetViewData\train\cityscapes\mask\strasbourg_000001_034923.png,streetViewData\train\cityscapes\img\strasbourg_000001_034923.png
659,train,cityscapes,streetViewData\train\cityscapes\mask\bochum_000000_038022.png,streetViewData\train\cityscapes\img\bochum_000000_038022.png
660,train,cityscapes,streetViewData\train\cityscapes\mask\ulm_000029_000019.png,streetViewData\train\cityscapes\img\ulm_000029_000019.png
661,train,cityscapes,streetViewData\train\cityscapes\mask\stuttgart_000181_000019.png,streetViewData\train\cityscapes\img\stuttgart_000181_000019.png
662,train,cityscapes,streetViewData\train\cityscapes\mask\strasbourg_000000_015506.png,streetViewData\train\cityscapes\img\strasbourg_000000_015506.png
663,train,cityscapes,streetViewData\train\cityscapes\mask\cologne_000053_000019.png,streetViewData\train\cityscapes\img\cologne_000053_000019.png
664,train,cityscapes,streetViewData\train\cityscapes\mask\jena_000044_000019.png,streetViewData\train\cityscapes\img\jena_000044_000019.png
665,train,cityscapes,streetViewData\train\cityscapes\mask\hanover_000000_046954.png,streetViewData\train\cityscapes\img\hanover_000000_046954.png
666,train,cityscapes,streetViewData\train\cityscapes\mask\strasbourg_000000_025772.png,streetViewData\train\cityscapes\img\strasbourg_000000_025772.png
667,train,cityscapes,streetViewData\train\cityscapes\mask\monchengladbach_000000_031005.png,streetViewData\train\cityscapes\img\monchengladbach_000000_031005.png
668,train,cityscapes,streetViewData\train\cityscapes\mask\erfurt_000063_000019.png,streetViewData\train\cityscapes\img\erfurt_000063_000019.png
669,train,cityscapes,streetViewData\train\cityscapes\mask\hanover_000000_030546.png,streetViewData\train\cityscapes\img\hanover_000000_030546.png
670,train,cityscapes,streetViewData\train\cityscapes\mask\krefeld_000000_001908.png,streetViewData\train\cityscapes\img\krefeld_000000_001908.png
671,train,cityscapes,streetViewData\train\cityscapes\mask\strasbourg_000001_025833.png,streetViewData\train\cityscapes\img\strasbourg_000001_025833.png
672,train,cityscapes,streetViewData\train\cityscapes\mask\hamburg_000000_035568.png,streetViewData\train\cityscapes\img\hamburg_000000_035568.png
673,train,cityscapes,streetViewData\train\cityscapes\mask\darmstadt_000052_000019.png,streetViewData\train\cityscapes\img\darmstadt_000052_000019.png
674,train,cityscapes,streetViewData\train\cityscapes\mask\bochum_000000_004032.png,streetViewData\train\cityscapes\img\bochum_000000_004032.png
675,train,cityscapes,streetViewData\train\cityscapes\mask\cologne_000122_000019.png,streetViewData\train\cityscapes\img\cologne_000122_000019.png
676,train,cityscapes,streetViewData\train\cityscapes\mask\hanover_000000_052887.png,streetViewData\train\cityscapes\img\hanover_000000_052887.png
677,train,cityscapes,streetViewData\train\cityscapes\mask\hamburg_000000_002095.png,streetViewData\train\cityscapes\img\hamburg_000000_002095.png
678,train,cityscapes,streetViewData\train\cityscapes\mask\erfurt_000025_000019.png,streetViewData\train\cityscapes\img\erfurt_000025_000019.png
679,train,cityscapes,streetViewData\train\cityscapes\mask\krefeld_000000_020334.png,streetViewData\train\cityscapes\img\krefeld_000000_020334.png
680,train,cityscapes,streetViewData\train\cityscapes\mask\jena_000063_000019.png,streetViewData\train\cityscapes\img\jena_000063_000019.png
681,train,cityscapes,streetViewData\train\cityscapes\mask\stuttgart_000065_000019.png,streetViewData\train\cityscapes\img\stuttgart_000065_000019.png
682,train,cityscapes,streetViewData\train\cityscapes\mask\monchengladbach_000000_017950.png,streetViewData\train\cityscapes\img\monchengladbach_000000_017950.png
683,train,cityscapes,streetViewData\train\cityscapes\mask\hamburg_000000_038915.png,streetViewData\train\cityscapes\img\hamburg_000000_038915.png
684,train,cityscapes,streetViewData\train\cityscapes\mask\cologne_000152_000019.png,streetViewData\train\cityscapes\img\cologne_000152_000019.png
685,train,cityscapes,streetViewData\train\cityscapes\mask\jena_000046_000019.png,streetViewData\train\cityscapes\img\jena_000046_000019.png
686,train,cityscapes,streetViewData\train\cityscapes\mask\darmstadt_000023_000019.png,streetViewData\train\cityscapes\img\darmstadt_000023_000019.png
687,train,cityscapes,streetViewData\train\cityscapes\mask\strasbourg_000000_030706.png,streetViewData\train\cityscapes\img\strasbourg_000000_030706.png
688,train,cityscapes,streetViewData\train\cityscapes\mask\stuttgart_000038_000019.png,streetViewData\train\cityscapes\img\stuttgart_000038_000019.png
689,train,cityscapes,streetViewData\train\cityscapes\mask\monchengladbach_000000_018445.png,streetViewData\train\cityscapes\img\monchengladbach_000000_018445.png
690,train,cityscapes,streetViewData\train\cityscapes\mask\strasbourg_000000_006621.png,streetViewData\train\cityscapes\img\strasbourg_000000_006621.png
691,train,cityscapes,streetViewData\train\cityscapes\mask\hamburg_000000_088983.png,streetViewData\train\cityscapes\img\hamburg_000000_088983.png
692,train,cityscapes,streetViewData\train\cityscapes\mask\jena_000018_000019.png,streetViewData\train\cityscapes\img\jena_000018_000019.png
693,train,cityscapes,streetViewData\train\cityscapes\mask\strasbourg_000000_016024.png,streetViewData\train\cityscapes\img\strasbourg_000000_016024.png
694,train,cityscapes,streetViewData\train\cityscapes\mask\krefeld_000000_011483.png,streetViewData\train\cityscapes\img\krefeld_000000_011483.png
695,train,cityscapes,streetViewData\train\cityscapes\mask\hanover_000000_053604.png,streetViewData\train\cityscapes\img\hanover_000000_053604.png
696,train,cityscapes,streetViewData\train\cityscapes\mask\tubingen_000138_000019.png,streetViewData\train\cityscapes\img\tubingen_000138_000019.png
697,train,cityscapes,streetViewData\train\cityscapes\mask\jena_000025_000019.png,streetViewData\train\cityscapes\img\jena_000025_000019.png
698,train,cityscapes,streetViewData\train\cityscapes\mask\darmstadt_000075_000019.png,streetViewData\train\cityscapes\img\darmstadt_000075_000019.png
699,train,cityscapes,streetViewData\train\cityscapes\mask\jena_000084_000019.png,streetViewData\train\cityscapes\img\jena_000084_000019.png
700,train,cityscapes,streetViewData\train\cityscapes\mask\jena_000033_000019.png,streetViewData\train\cityscapes\img\jena_000033_000019.png
701,train,cityscapes,streetViewData\train\cityscapes\mask\hamburg_000000_046872.png,streetViewData\train\cityscapes\img\hamburg_000000_046872.png
702,train,cityscapes,streetViewData\train\cityscapes\mask\hamburg_000000_037741.png,streetViewData\train\cityscapes\img\hamburg_000000_037741.png
703,train,cityscapes,streetViewData\train\cityscapes\mask\hamburg_000000_060907.png,streetViewData\train\cityscapes\img\hamburg_000000_060907.png
704,train,cityscapes,streetViewData\train\cityscapes\mask\krefeld_000000_021814.png,streetViewData\train\cityscapes\img\krefeld_000000_021814.png
705,train,cityscapes,streetViewData\train\cityscapes\mask\jena_000104_000019.png,streetViewData\train\cityscapes\img\jena_000104_000019.png
706,train,cityscapes,streetViewData\train\cityscapes\mask\strasbourg_000000_024179.png,streetViewData\train\cityscapes\img\strasbourg_000000_024179.png
707,train,cityscapes,streetViewData\train\cityscapes\mask\hamburg_000000_029676.png,streetViewData\train\cityscapes\img\hamburg_000000_029676.png
708,train,cityscapes,streetViewData\train\cityscapes\mask\hamburg_000000_058591.png,streetViewData\train\cityscapes\img\hamburg_000000_058591.png
709,train,cityscapes,streetViewData\train\cityscapes\mask\jena_000012_000019.png,streetViewData\train\cityscapes\img\jena_000012_000019.png
710,train,cityscapes,streetViewData\train\cityscapes\mask\cologne_000062_000019.png,streetViewData\train\cityscapes\img\cologne_000062_000019.png
711,train,cityscapes,streetViewData\train\cityscapes\mask\hamburg_000000_066988.png,streetViewData\train\cityscapes\img\hamburg_000000_066988.png
712,train,cityscapes,streetViewData\train\cityscapes\mask\hamburg_000000_025986.png,streetViewData\train\cityscapes\img\hamburg_000000_025986.png
713,train,cityscapes,streetViewData\train\cityscapes\mask\hamburg_000000_055894.png,streetViewData\train\cityscapes\img\hamburg_000000_055894.png
714,train,cityscapes,streetViewData\train\cityscapes\mask\hamburg_000000_105123.png,streetViewData\train\cityscapes\img\hamburg_000000_105123.png
715,train,cityscapes,streetViewData\train\cityscapes\mask\hamburg_000000_091038.png,streetViewData\train\cityscapes\img\hamburg_000000_091038.png
716,train,cityscapes,streetViewData\train\cityscapes\mask\monchengladbach_000000_000076.png,streetViewData\train\cityscapes\img\monchengladbach_000000_000076.png
717,train,cityscapes,streetViewData\train\cityscapes\mask\cologne_000069_000019.png,streetViewData\train\cityscapes\img\cologne_000069_000019.png
718,train,cityscapes,streetViewData\train\cityscapes\mask\tubingen_000076_000019.png,streetViewData\train\cityscapes\img\tubingen_000076_000019.png
719,train,cityscapes,streetViewData\train\cityscapes\mask\darmstadt_000058_000019.png,streetViewData\train\cityscapes\img\darmstadt_000058_000019.png
720,train,cityscapes,streetViewData\train\cityscapes\mask\hamburg_000000_020563.png,streetViewData\train\cityscapes\img\hamburg_000000_020563.png
721,train,cityscapes,streetViewData\train\cityscapes\mask\hanover_000000_030276.png,streetViewData\train\cityscapes\img\hanover_000000_030276.png
722,train,cityscapes,streetViewData\train\cityscapes\mask\darmstadt_000062_000019.png,streetViewData\train\cityscapes\img\darmstadt_000062_000019.png
723,train,cityscapes,streetViewData\train\cityscapes\mask\ulm_000024_000019.png,streetViewData\train\cityscapes\img\ulm_000024_000019.png
724,train,cityscapes,streetViewData\train\cityscapes\mask\stuttgart_000156_000019.png,streetViewData\train\cityscapes\img\stuttgart_000156_000019.png
725,train,cityscapes,streetViewData\train\cityscapes\mask\hanover_000000_047499.png,streetViewData\train\cityscapes\img\hanover_000000_047499.png
726,train,cityscapes,streetViewData\train\cityscapes\mask\hanover_000000_044085.png,streetViewData\train\cityscapes\img\hanover_000000_044085.png
727,train,cityscapes,streetViewData\train\cityscapes\mask\hamburg_000000_101724.png,streetViewData\train\cityscapes\img\hamburg_000000_101724.png
728,train,cityscapes,streetViewData\train\cityscapes\mask\monchengladbach_000000_002478.png,streetViewData\train\cityscapes\img\monchengladbach_000000_002478.png
729,train,cityscapes,streetViewData\train\cityscapes\mask\jena_000066_000019.png,streetViewData\train\cityscapes\img\jena_000066_000019.png
730,train,cityscapes,streetViewData\train\cityscapes\mask\hanover_000000_047870.png,streetViewData\train\cityscapes\img\hanover_000000_047870.png
731,train,cityscapes,streetViewData\train\cityscapes\mask\cologne_000031_000019.png,streetViewData\train\cityscapes\img\cologne_000031_000019.png
732,train,cityscapes,streetViewData\train\cityscapes\mask\erfurt_000088_000019.png,streetViewData\train\cityscapes\img\erfurt_000088_000019.png
733,train,cityscapes,streetViewData\train\cityscapes\mask\hanover_000000_050398.png,streetViewData\train\cityscapes\img\hanover_000000_050398.png
734,train,cityscapes,streetViewData\train\cityscapes\mask\hanover_000000_034141.png,streetViewData\train\cityscapes\img\hanover_000000_034141.png
735,train,cityscapes,streetViewData\train\cityscapes\mask\stuttgart_000125_000019.png,streetViewData\train\cityscapes\img\stuttgart_000125_000019.png
736,train,cityscapes,streetViewData\train\cityscapes\mask\bochum_000000_016125.png,streetViewData\train\cityscapes\img\bochum_000000_016125.png
737,train,cityscapes,streetViewData\train\cityscapes\mask\monchengladbach_000000_031360.png,streetViewData\train\cityscapes\img\monchengladbach_000000_031360.png
738,train,cityscapes,streetViewData\train\cityscapes\mask\hanover_000000_029043.png,streetViewData\train\cityscapes\img\hanover_000000_029043.png
739,train,cityscapes,streetViewData\train\cityscapes\mask\stuttgart_000066_000019.png,streetViewData\train\cityscapes\img\stuttgart_000066_000019.png
740,train,cityscapes,streetViewData\train\cityscapes\mask\bochum_000000_004229.png,streetViewData\train\cityscapes\img\bochum_000000_004229.png
741,train,cityscapes,streetViewData\train\cityscapes\mask\hanover_000000_009420.png,streetViewData\train\cityscapes\img\hanover_000000_009420.png
742,train,cityscapes,streetViewData\train\cityscapes\mask\tubingen_000024_000019.png,streetViewData\train\cityscapes\img\tubingen_000024_000019.png
743,train,cityscapes,streetViewData\train\cityscapes\mask\hanover_000000_034347.png,streetViewData\train\cityscapes\img\hanover_000000_034347.png
744,train,cityscapes,streetViewData\train\cityscapes\mask\ulm_000011_000019.png,streetViewData\train\cityscapes\img\ulm_000011_000019.png
745,train,cityscapes,streetViewData\train\cityscapes\mask\strasbourg_000001_015974.png,streetViewData\train\cityscapes\img\strasbourg_000001_015974.png
746,train,cityscapes,streetViewData\train\cityscapes\mask\monchengladbach_000000_006169.png,streetViewData\train\cityscapes\img\monchengladbach_000000_006169.png
747,train,cityscapes,streetViewData\train\cityscapes\mask\strasbourg_000000_012934.png,streetViewData\train\cityscapes\img\strasbourg_000000_012934.png
748,train,cityscapes,streetViewData\train\cityscapes\mask\stuttgart_000149_000019.png,streetViewData\train\cityscapes\img\stuttgart_000149_000019.png
749,train,cityscapes,streetViewData\train\cityscapes\mask\jena_000111_000019.png,streetViewData\train\cityscapes\img\jena_000111_000019.png
750,train,cityscapes,streetViewData\train\cityscapes\mask\tubingen_000081_000019.png,streetViewData\train\cityscapes\img\tubingen_000081_000019.png
751,train,cityscapes,streetViewData\train\cityscapes\mask\hamburg_000000_056508.png,streetViewData\train\cityscapes\img\hamburg_000000_056508.png
752,train,cityscapes,streetViewData\train\cityscapes\mask\jena_000004_000019.png,streetViewData\train\cityscapes\img\jena_000004_000019.png
753,train,cityscapes,streetViewData\train\cityscapes\mask\stuttgart_000076_000019.png,streetViewData\train\cityscapes\img\stuttgart_000076_000019.png
754,train,cityscapes,streetViewData\train\cityscapes\mask\bochum_000000_023174.png,streetViewData\train\cityscapes\img\bochum_000000_023174.png
755,train,cityscapes,streetViewData\train\cityscapes\mask\hanover_000000_034015.png,streetViewData\train\cityscapes\img\hanover_000000_034015.png
756,train,cityscapes,streetViewData\train\cityscapes\mask\hamburg_000000_105296.png,streetViewData\train\cityscapes\img\hamburg_000000_105296.png
757,train,cityscapes,streetViewData\train\cityscapes\mask\hanover_000000_042992.png,streetViewData\train\cityscapes\img\hanover_000000_042992.png
758,train,cityscapes,streetViewData\train\cityscapes\mask\stuttgart_000179_000019.png,streetViewData\train\cityscapes\img\stuttgart_000179_000019.png
759,train,cityscapes,streetViewData\train\cityscapes\mask\jena_000069_000019.png,streetViewData\train\cityscapes\img\jena_000069_000019.png
760,train,cityscapes,streetViewData\train\cityscapes\mask\strasbourg_000001_040620.png,streetViewData\train\cityscapes\img\strasbourg_000001_040620.png
761,train,cityscapes,streetViewData\train\cityscapes\mask\tubingen_000129_000019.png,streetViewData\train\cityscapes\img\tubingen_000129_000019.png
762,train,cityscapes,streetViewData\train\cityscapes\mask\bochum_000000_021606.png,streetViewData\train\cityscapes\img\bochum_000000_021606.png
763,train,cityscapes,streetViewData\train\cityscapes\mask\hanover_000000_036562.png,streetViewData\train\cityscapes\img\hanover_000000_036562.png
764,train,cityscapes,streetViewData\train\cityscapes\mask\strasbourg_000000_004951.png,streetViewData\train\cityscapes\img\strasbourg_000000_004951.png
765,train,cityscapes,streetViewData\train\cityscapes\mask\monchengladbach_000000_021663.png,streetViewData\train\cityscapes\img\monchengladbach_000000_021663.png
766,train,cityscapes,streetViewData\train\cityscapes\mask\strasbourg_000001_052497.png,streetViewData\train\cityscapes\img\strasbourg_000001_052497.png
767,train,cityscapes,streetViewData\train\cityscapes\mask\cologne_000075_000019.png,streetViewData\train\cityscapes\img\cologne_000075_000019.png
768,train,cityscapes,streetViewData\train\cityscapes\mask\tubingen_000082_000019.png,streetViewData\train\cityscapes\img\tubingen_000082_000019.png
769,train,cityscapes,streetViewData\train\cityscapes\mask\darmstadt_000027_000019.png,streetViewData\train\cityscapes\img\darmstadt_000027_000019.png
770,train,cityscapes,streetViewData\train\cityscapes\mask\jena_000057_000019.png,streetViewData\train\cityscapes\img\jena_000057_000019.png
771,train,cityscapes,streetViewData\train\cityscapes\mask\erfurt_000037_000019.png,streetViewData\train\cityscapes\img\erfurt_000037_000019.png
772,train,cityscapes,streetViewData\train\cityscapes\mask\strasbourg_000000_030435.png,streetViewData\train\cityscapes\img\strasbourg_000000_030435.png
773,train,cityscapes,streetViewData\train\cityscapes\mask\hamburg_000000_047108.png,streetViewData\train\cityscapes\img\hamburg_000000_047108.png
774,train,cityscapes,streetViewData\train\cityscapes\mask\strasbourg_000001_008310.png,streetViewData\train\cityscapes\img\strasbourg_000001_008310.png
775,train,cityscapes,streetViewData\train\cityscapes\mask\hamburg_000000_098400.png,streetViewData\train\cityscapes\img\hamburg_000000_098400.png
776,train,cityscapes,streetViewData\train\cityscapes\mask\stuttgart_000174_000019.png,streetViewData\train\cityscapes\img\stuttgart_000174_000019.png
777,train,cityscapes,streetViewData\train\cityscapes\mask\stuttgart_000064_000019.png,streetViewData\train\cityscapes\img\stuttgart_000064_000019.png
778,train,cityscapes,streetViewData\train\cityscapes\mask\hamburg_000000_098061.png,streetViewData\train\cityscapes\img\hamburg_000000_098061.png
779,train,cityscapes,streetViewData\train\cityscapes\mask\hamburg_000000_106102.png,streetViewData\train\cityscapes\img\hamburg_000000_106102.png
780,train,cityscapes,streetViewData\train\cityscapes\mask\tubingen_000010_000019.png,streetViewData\train\cityscapes\img\tubingen_000010_000019.png
781,train,cityscapes,streetViewData\train\cityscapes\mask\ulm_000003_000019.png,streetViewData\train\cityscapes\img\ulm_000003_000019.png
782,train,cityscapes,streetViewData\train\cityscapes\mask\hanover_000000_051271.png,streetViewData\train\cityscapes\img\hanover_000000_051271.png
783,train,cityscapes,streetViewData\train\cityscapes\mask\hamburg_000000_042505.png,streetViewData\train\cityscapes\img\hamburg_000000_042505.png
784,train,cityscapes,streetViewData\train\cityscapes\mask\stuttgart_000019_000019.png,streetViewData\train\cityscapes\img\stuttgart_000019_000019.png
785,train,cityscapes,streetViewData\train\cityscapes\mask\strasbourg_000001_031427.png,streetViewData\train\cityscapes\img\strasbourg_000001_031427.png
786,train,cityscapes,streetViewData\train\cityscapes\mask\tubingen_000007_000019.png,streetViewData\train\cityscapes\img\tubingen_000007_000019.png
787,train,cityscapes,streetViewData\train\cityscapes\mask\stuttgart_000132_000019.png,streetViewData\train\cityscapes\img\stuttgart_000132_000019.png
788,train,cityscapes,streetViewData\train\cityscapes\mask\cologne_000010_000019.png,streetViewData\train\cityscapes\img\cologne_000010_000019.png
789,train,cityscapes,streetViewData\train\cityscapes\mask\strasbourg_000001_030839.png,streetViewData\train\cityscapes\img\strasbourg_000001_030839.png
790,train,cityscapes,streetViewData\train\cityscapes\mask\hamburg_000000_011641.png,streetViewData\train\cityscapes\img\hamburg_000000_011641.png
791,train,cityscapes,streetViewData\train\cityscapes\mask\strasbourg_000001_060061.png,streetViewData\train\cityscapes\img\strasbourg_000001_060061.png
792,train,cityscapes,streetViewData\train\cityscapes\mask\bochum_000000_031922.png,streetViewData\train\cityscapes\img\bochum_000000_031922.png
793,train,cityscapes,streetViewData\train\cityscapes\mask\bochum_000000_024343.png,streetViewData\train\cityscapes\img\bochum_000000_024343.png
794,train,cityscapes,streetViewData\train\cityscapes\mask\ulm_000083_000019.png,streetViewData\train\cityscapes\img\ulm_000083_000019.png
795,train,cityscapes,streetViewData\train\cityscapes\mask\strasbourg_000001_031116.png,streetViewData\train\cityscapes\img\strasbourg_000001_031116.png
796,train,cityscapes,streetViewData\train\cityscapes\mask\bochum_000000_016260.png,streetViewData\train\cityscapes\img\bochum_000000_016260.png
797,train,cityscapes,streetViewData\train\cityscapes\mask\strasbourg_000000_022067.png,streetViewData\train\cityscapes\img\strasbourg_000000_022067.png
798,train,cityscapes,streetViewData\train\cityscapes\mask\stuttgart_000007_000019.png,streetViewData\train\cityscapes\img\stuttgart_000007_000019.png
799,train,cityscapes,streetViewData\train\cityscapes\mask\darmstadt_000008_000019.png,streetViewData\train\cityscapes\img\darmstadt_000008_000019.png
800,train,cityscapes,streetViewData\train\cityscapes\mask\strasbourg_000001_002949.png,streetViewData\train\cityscapes\img\strasbourg_000001_002949.png
801,train,cityscapes,streetViewData\train\cityscapes\mask\tubingen_000049_000019.png,streetViewData\train\cityscapes\img\tubingen_000049_000019.png
802,train,cityscapes,streetViewData\train\cityscapes\mask\strasbourg_000000_015764.png,streetViewData\train\cityscapes\img\strasbourg_000000_015764.png
803,train,cityscapes,streetViewData\train\cityscapes\mask\hamburg_000000_001106.png,streetViewData\train\cityscapes\img\hamburg_000000_001106.png
804,train,cityscapes,streetViewData\train\cityscapes\mask\strasbourg_000001_004106.png,streetViewData\train\cityscapes\img\strasbourg_000001_004106.png
805,train,cityscapes,streetViewData\train\cityscapes\mask\hamburg_000000_045704.png,streetViewData\train\cityscapes\img\hamburg_000000_045704.png
806,train,cityscapes,streetViewData\train\cityscapes\mask\hanover_000000_023881.png,streetViewData\train\cityscapes\img\hanover_000000_023881.png
807,train,cityscapes,streetViewData\train\cityscapes\mask\erfurt_000008_000019.png,streetViewData\train\cityscapes\img\erfurt_000008_000019.png
808,train,cityscapes,streetViewData\train\cityscapes\mask\monchengladbach_000001_002353.png,streetViewData\train\cityscapes\img\monchengladbach_000001_002353.png
809,train,cityscapes,streetViewData\train\cityscapes\mask\erfurt_000000_000019.png,streetViewData\train\cityscapes\img\erfurt_000000_000019.png
810,train,cityscapes,streetViewData\train\cityscapes\mask\hamburg_000000_085413.png,streetViewData\train\cityscapes\img\hamburg_000000_085413.png
811,train,cityscapes,streetViewData\train\cityscapes\mask\strasbourg_000001_031976.png,streetViewData\train\cityscapes\img\strasbourg_000001_031976.png
812,train,cityscapes,streetViewData\train\cityscapes\mask\stuttgart_000023_000019.png,streetViewData\train\cityscapes\img\stuttgart_000023_000019.png
813,train,cityscapes,streetViewData\train\cityscapes\mask\bochum_000000_021325.png,streetViewData\train\cityscapes\img\bochum_000000_021325.png
814,train,cityscapes,streetViewData\train\cityscapes\mask\stuttgart_000167_000019.png,streetViewData\train\cityscapes\img\stuttgart_000167_000019.png
815,train,cityscapes,streetViewData\train\cityscapes\mask\strasbourg_000000_017593.png,streetViewData\train\cityscapes\img\strasbourg_000000_017593.png
816,train,cityscapes,streetViewData\train\cityscapes\mask\hanover_000000_026804.png,streetViewData\train\cityscapes\img\hanover_000000_026804.png
817,train,cityscapes,streetViewData\train\cityscapes\mask\hanover_000000_038927.png,streetViewData\train\cityscapes\img\hanover_000000_038927.png
818,train,cityscapes,streetViewData\train\cityscapes\mask\erfurt_000071_000019.png,streetViewData\train\cityscapes\img\erfurt_000071_000019.png
819,train,cityscapes,streetViewData\train\cityscapes\mask\cologne_000059_000019.png,streetViewData\train\cityscapes\img\cologne_000059_000019.png
820,train,cityscapes,streetViewData\train\cityscapes\mask\stuttgart_000126_000019.png,streetViewData\train\cityscapes\img\stuttgart_000126_000019.png
821,train,cityscapes,streetViewData\train\cityscapes\mask\cologne_000112_000019.png,streetViewData\train\cityscapes\img\cologne_000112_000019.png
822,train,cityscapes,streetViewData\train\cityscapes\mask\hamburg_000000_077756.png,streetViewData\train\cityscapes\img\hamburg_000000_077756.png
823,train,cityscapes,streetViewData\train\cityscapes\mask\stuttgart_000159_000019.png,streetViewData\train\cityscapes\img\stuttgart_000159_000019.png
824,train,cityscapes,streetViewData\train\cityscapes\mask\monchengladbach_000000_023375.png,streetViewData\train\cityscapes\img\monchengladbach_000000_023375.png
825,train,cityscapes,streetViewData\train\cityscapes\mask\bochum_000000_033056.png,streetViewData\train\cityscapes\img\bochum_000000_033056.png
826,train,cityscapes,streetViewData\train\cityscapes\mask\hanover_000000_006355.png,streetViewData\train\cityscapes\img\hanover_000000_006355.png
827,train,cityscapes,streetViewData\train\cityscapes\mask\krefeld_000000_030400.png,streetViewData\train\cityscapes\img\krefeld_000000_030400.png
828,train,cityscapes,streetViewData\train\cityscapes\mask\ulm_000071_000019.png,streetViewData\train\cityscapes\img\ulm_000071_000019.png
829,train,cityscapes,streetViewData\train\cityscapes\mask\tubingen_000141_000019.png,streetViewData\train\cityscapes\img\tubingen_000141_000019.png
830,train,cityscapes,streetViewData\train\cityscapes\mask\stuttgart_000188_000019.png,streetViewData\train\cityscapes\img\stuttgart_000188_000019.png
831,train,cityscapes,streetViewData\train\cityscapes\mask\strasbourg_000001_061384.png,streetViewData\train\cityscapes\img\strasbourg_000001_061384.png
832,train,cityscapes,streetViewData\train\cityscapes\mask\hanover_000000_002357.png,streetViewData\train\cityscapes\img\hanover_000000_002357.png
833,train,cityscapes,streetViewData\train\cityscapes\mask\bochum_000000_009554.png,streetViewData\train\cityscapes\img\bochum_000000_009554.png
834,train,cityscapes,streetViewData\train\cityscapes\mask\strasbourg_000000_018616.png,streetViewData\train\cityscapes\img\strasbourg_000000_018616.png
835,train,cityscapes,streetViewData\train\cityscapes\mask\jena_000115_000019.png,streetViewData\train\cityscapes\img\jena_000115_000019.png
836,train,cityscapes,streetViewData\train\cityscapes\mask\cologne_000120_000019.png,streetViewData\train\cityscapes\img\cologne_000120_000019.png
837,train,cityscapes,streetViewData\train\cityscapes\mask\hanover_000000_058189.png,streetViewData\train\cityscapes\img\hanover_000000_058189.png
838,train,cityscapes,streetViewData\train\cityscapes\mask\tubingen_000078_000019.png,streetViewData\train\cityscapes\img\tubingen_000078_000019.png
839,train,cityscapes,streetViewData\train\cityscapes\mask\jena_000053_000019.png,streetViewData\train\cityscapes\img\jena_000053_000019.png
840,train,cityscapes,streetViewData\train\cityscapes\mask\tubingen_000018_000019.png,streetViewData\train\cityscapes\img\tubingen_000018_000019.png
841,train,cityscapes,streetViewData\train\cityscapes\mask\jena_000003_000019.png,streetViewData\train\cityscapes\img\jena_000003_000019.png
842,train,cityscapes,streetViewData\train\cityscapes\mask\strasbourg_000000_031067.png,streetViewData\train\cityscapes\img\strasbourg_000000_031067.png
843,train,cityscapes,streetViewData\train\cityscapes\mask\krefeld_000000_022162.png,streetViewData\train\cityscapes\img\krefeld_000000_022162.png
844,train,cityscapes,streetViewData\train\cityscapes\mask\hamburg_000000_054850.png,streetViewData\train\cityscapes\img\hamburg_000000_054850.png
845,train,cityscapes,streetViewData\train\cityscapes\mask\strasbourg_000000_016247.png,streetViewData\train\cityscapes\img\strasbourg_000000_016247.png
846,train,cityscapes,streetViewData\train\cityscapes\mask\jena_000102_000019.png,streetViewData\train\cityscapes\img\jena_000102_000019.png
847,train,cityscapes,streetViewData\train\cityscapes\mask\strasbourg_000000_018153.png,streetViewData\train\cityscapes\img\strasbourg_000000_018153.png
848,train,cityscapes,streetViewData\train\cityscapes\mask\strasbourg_000000_014743.png,streetViewData\train\cityscapes\img\strasbourg_000000_014743.png
849,train,cityscapes,streetViewData\train\cityscapes\mask\hamburg_000000_053886.png,streetViewData\train\cityscapes\img\hamburg_000000_053886.png
850,train,cityscapes,streetViewData\train\cityscapes\mask\hamburg_000000_093572.png,streetViewData\train\cityscapes\img\hamburg_000000_093572.png
851,train,cityscapes,streetViewData\train\cityscapes\mask\hamburg_000000_036527.png,streetViewData\train\cityscapes\img\hamburg_000000_036527.png
852,train,cityscapes,streetViewData\train\cityscapes\mask\cologne_000081_000019.png,streetViewData\train\cityscapes\img\cologne_000081_000019.png
853,train,cityscapes,streetViewData\train\cityscapes\mask\strasbourg_000001_026856.png,streetViewData\train\cityscapes\img\strasbourg_000001_026856.png
854,train,cityscapes,streetViewData\train\cityscapes\mask\jena_000035_000019.png,streetViewData\train\cityscapes\img\jena_000035_000019.png
855,train,cityscapes,streetViewData\train\cityscapes\mask\strasbourg_000000_032962.png,streetViewData\train\cityscapes\img\strasbourg_000000_032962.png
856,train,cityscapes,streetViewData\train\cityscapes\mask\strasbourg_000001_026355.png,streetViewData\train\cityscapes\img\strasbourg_000001_026355.png
857,train,cityscapes,streetViewData\train\cityscapes\mask\tubingen_000058_000019.png,streetViewData\train\cityscapes\img\tubingen_000058_000019.png
858,train,cityscapes,streetViewData\train\cityscapes\mask\strasbourg_000000_014235.png,streetViewData\train\cityscapes\img\strasbourg_000000_014235.png
859,train,cityscapes,streetViewData\train\cityscapes\mask\bochum_000000_023040.png,streetViewData\train\cityscapes\img\bochum_000000_023040.png
860,train,cityscapes,streetViewData\train\cityscapes\mask\stuttgart_000164_000019.png,streetViewData\train\cityscapes\img\stuttgart_000164_000019.png
861,train,cityscapes,streetViewData\train\cityscapes\mask\hamburg_000000_096063.png,streetViewData\train\cityscapes\img\hamburg_000000_096063.png
862,train,cityscapes,streetViewData\train\cityscapes\mask\strasbourg_000000_010049.png,streetViewData\train\cityscapes\img\strasbourg_000000_010049.png
863,train,cityscapes,streetViewData\train\cityscapes\mask\jena_000110_000019.png,streetViewData\train\cityscapes\img\jena_000110_000019.png
864,train,cityscapes,streetViewData\train\cityscapes\mask\erfurt_000099_000019.png,streetViewData\train\cityscapes\img\erfurt_000099_000019.png
865,train,cityscapes,streetViewData\train\cityscapes\mask\hanover_000000_012347.png,streetViewData\train\cityscapes\img\hanover_000000_012347.png
866,train,cityscapes,streetViewData\train\cityscapes\mask\hamburg_000000_046619.png,streetViewData\train\cityscapes\img\hamburg_000000_046619.png
867,train,cityscapes,streetViewData\train\cityscapes\mask\hanover_000000_002140.png,streetViewData\train\cityscapes\img\hanover_000000_002140.png
868,train,cityscapes,streetViewData\train\cityscapes\mask\hamburg_000000_062371.png,streetViewData\train\cityscapes\img\hamburg_000000_062371.png
869,train,cityscapes,streetViewData\train\cityscapes\mask\hamburg_000000_060215.png,streetViewData\train\cityscapes\img\hamburg_000000_060215.png
870,train,cityscapes,streetViewData\train\cityscapes\mask\bochum_000000_007651.png,streetViewData\train\cityscapes\img\bochum_000000_007651.png
871,train,cityscapes,streetViewData\train\cityscapes\mask\krefeld_000000_019791.png,streetViewData\train\cityscapes\img\krefeld_000000_019791.png
872,train,cityscapes,streetViewData\train\cityscapes\mask\erfurt_000056_000019.png,streetViewData\train\cityscapes\img\erfurt_000056_000019.png
873,train,cityscapes,streetViewData\train\cityscapes\mask\stuttgart_000192_000019.png,streetViewData\train\cityscapes\img\stuttgart_000192_000019.png
874,train,cityscapes,streetViewData\train\cityscapes\mask\hamburg_000000_032460.png,streetViewData\train\cityscapes\img\hamburg_000000_032460.png
875,train,cityscapes,streetViewData\train\cityscapes\mask\strasbourg_000001_053579.png,streetViewData\train\cityscapes\img\strasbourg_000001_053579.png
876,train,cityscapes,streetViewData\train\cityscapes\mask\strasbourg_000001_051448.png,streetViewData\train\cityscapes\img\strasbourg_000001_051448.png
877,train,cityscapes,streetViewData\train\cityscapes\mask\hamburg_000000_031971.png,streetViewData\train\cityscapes\img\hamburg_000000_031971.png
878,train,cityscapes,streetViewData\train\cityscapes\mask\jena_000087_000019.png,streetViewData\train\cityscapes\img\jena_000087_000019.png
879,train,cityscapes,streetViewData\train\cityscapes\mask\jena_000117_000019.png,streetViewData\train\cityscapes\img\jena_000117_000019.png
880,train,cityscapes,streetViewData\train\cityscapes\mask\jena_000029_000019.png,streetViewData\train\cityscapes\img\jena_000029_000019.png
881,train,cityscapes,streetViewData\train\cityscapes\mask\bochum_000000_014803.png,streetViewData\train\cityscapes\img\bochum_000000_014803.png
882,train,cityscapes,streetViewData\train\cityscapes\mask\cologne_000094_000019.png,streetViewData\train\cityscapes\img\cologne_000094_000019.png
883,train,cityscapes,streetViewData\train\cityscapes\mask\hamburg_000000_073314.png,streetViewData\train\cityscapes\img\hamburg_000000_073314.png
884,train,cityscapes,streetViewData\train\cityscapes\mask\hamburg_000000_005639.png,streetViewData\train\cityscapes\img\hamburg_000000_005639.png
885,train,cityscapes,streetViewData\train\cityscapes\mask\strasbourg_000000_014101.png,streetViewData\train\cityscapes\img\strasbourg_000000_014101.png
886,train,cityscapes,streetViewData\train\cityscapes\mask\hamburg_000000_034049.png,streetViewData\train\cityscapes\img\hamburg_000000_034049.png
887,train,cityscapes,streetViewData\train\cityscapes\mask\hamburg_000000_080878.png,streetViewData\train\cityscapes\img\hamburg_000000_080878.png
888,train,cityscapes,streetViewData\train\cityscapes\mask\monchengladbach_000001_000537.png,streetViewData\train\cityscapes\img\monchengladbach_000001_000537.png
889,train,cityscapes,streetViewData\train\cityscapes\mask\strasbourg_000000_000065.png,streetViewData\train\cityscapes\img\strasbourg_000000_000065.png
890,train,cityscapes,streetViewData\train\cityscapes\mask\tubingen_000043_000019.png,streetViewData\train\cityscapes\img\tubingen_000043_000019.png
891,train,cityscapes,streetViewData\train\cityscapes\mask\ulm_000038_000019.png,streetViewData\train\cityscapes\img\ulm_000038_000019.png
892,train,cityscapes,streetViewData\train\cityscapes\mask\hanover_000000_053027.png,streetViewData\train\cityscapes\img\hanover_000000_053027.png
893,train,cityscapes,streetViewData\train\cityscapes\mask\strasbourg_000000_019891.png,streetViewData\train\cityscapes\img\strasbourg_000000_019891.png
894,train,cityscapes,streetViewData\train\cityscapes\mask\strasbourg_000000_017081.png,streetViewData\train\cityscapes\img\strasbourg_000000_017081.png
895,train,cityscapes,streetViewData\train\cityscapes\mask\tubingen_000037_000019.png,streetViewData\train\cityscapes\img\tubingen_000037_000019.png
896,train,cityscapes,streetViewData\train\cityscapes\mask\hamburg_000000_055039.png,streetViewData\train\cityscapes\img\hamburg_000000_055039.png
897,train,cityscapes,streetViewData\train\cityscapes\mask\monchengladbach_000000_003442.png,streetViewData\train\cityscapes\img\monchengladbach_000000_003442.png
898,train,cityscapes,streetViewData\train\cityscapes\mask\strasbourg_000001_051317.png,streetViewData\train\cityscapes\img\strasbourg_000001_051317.png
899,train,cityscapes,streetViewData\train\cityscapes\mask\hamburg_000000_020211.png,streetViewData\train\cityscapes\img\hamburg_000000_020211.png
900,train,cityscapes,streetViewData\train\cityscapes\mask\monchengladbach_000000_030662.png,streetViewData\train\cityscapes\img\monchengladbach_000000_030662.png
901,train,cityscapes,streetViewData\train\cityscapes\mask\erfurt_000059_000019.png,streetViewData\train\cityscapes\img\erfurt_000059_000019.png
902,train,cityscapes,streetViewData\train\cityscapes\mask\tubingen_000108_000019.png,streetViewData\train\cityscapes\img\tubingen_000108_000019.png
903,train,cityscapes,streetViewData\train\cityscapes\mask\cologne_000148_000019.png,streetViewData\train\cityscapes\img\cologne_000148_000019.png
904,train,cityscapes,streetViewData\train\cityscapes\mask\erfurt_000044_000019.png,streetViewData\train\cityscapes\img\erfurt_000044_000019.png
905,train,cityscapes,streetViewData\train\cityscapes\mask\strasbourg_000001_009097.png,streetViewData\train\cityscapes\img\strasbourg_000001_009097.png
906,train,cityscapes,streetViewData\train\cityscapes\mask\erfurt_000108_000019.png,streetViewData\train\cityscapes\img\erfurt_000108_000019.png
907,train,cityscapes,streetViewData\train\cityscapes\mask\jena_000103_000019.png,streetViewData\train\cityscapes\img\jena_000103_000019.png
908,train,cityscapes,streetViewData\train\cityscapes\mask\strasbourg_000001_049399.png,streetViewData\train\cityscapes\img\strasbourg_000001_049399.png
909,train,cityscapes,streetViewData\train\cityscapes\mask\krefeld_000000_024362.png,streetViewData\train\cityscapes\img\krefeld_000000_024362.png
910,train,cityscapes,streetViewData\train\cityscapes\mask\hamburg_000000_065055.png,streetViewData\train\cityscapes\img\hamburg_000000_065055.png
911,train,cityscapes,streetViewData\train\cityscapes\mask\cologne_000109_000019.png,streetViewData\train\cityscapes\img\cologne_000109_000019.png
912,train,cityscapes,streetViewData\train\cityscapes\mask\erfurt_000062_000019.png,streetViewData\train\cityscapes\img\erfurt_000062_000019.png
913,train,cityscapes,streetViewData\train\cityscapes\mask\hamburg_000000_073758.png,streetViewData\train\cityscapes\img\hamburg_000000_073758.png
914,train,cityscapes,streetViewData\train\cityscapes\mask\hamburg_000000_016691.png,streetViewData\train\cityscapes\img\hamburg_000000_016691.png
915,train,cityscapes,streetViewData\train\cityscapes\mask\hanover_000000_017041.png,streetViewData\train\cityscapes\img\hanover_000000_017041.png
916,train,cityscapes,streetViewData\train\cityscapes\mask\strasbourg_000001_034633.png,streetViewData\train\cityscapes\img\strasbourg_000001_034633.png
917,train,cityscapes,streetViewData\train\cityscapes\mask\strasbourg_000001_057811.png,streetViewData\train\cityscapes\img\strasbourg_000001_057811.png
918,train,cityscapes,streetViewData\train\cityscapes\mask\bochum_000000_010700.png,streetViewData\train\cityscapes\img\bochum_000000_010700.png
919,train,cityscapes,streetViewData\train\cityscapes\mask\darmstadt_000009_000019.png,streetViewData\train\cityscapes\img\darmstadt_000009_000019.png
920,train,cityscapes,streetViewData\train\cityscapes\mask\hamburg_000000_057816.png,streetViewData\train\cityscapes\img\hamburg_000000_057816.png
921,train,cityscapes,streetViewData\train\cityscapes\mask\ulm_000014_000019.png,streetViewData\train\cityscapes\img\ulm_000014_000019.png
922,train,cityscapes,streetViewData\train\cityscapes\mask\cologne_000015_000019.png,streetViewData\train\cityscapes\img\cologne_000015_000019.png
923,train,cityscapes,streetViewData\train\cityscapes\mask\hamburg_000000_071016.png,streetViewData\train\cityscapes\img\hamburg_000000_071016.png
924,train,cityscapes,streetViewData\train\cityscapes\mask\strasbourg_000000_000295.png,streetViewData\train\cityscapes\img\strasbourg_000000_000295.png
925,train,cityscapes,streetViewData\train\cityscapes\mask\monchengladbach_000000_007695.png,streetViewData\train\cityscapes\img\monchengladbach_000000_007695.png
926,train,cityscapes,streetViewData\train\cityscapes\mask\strasbourg_000001_037776.png,streetViewData\train\cityscapes\img\strasbourg_000001_037776.png
927,train,cityscapes,streetViewData\train\cityscapes\mask\monchengladbach_000000_026305.png,streetViewData\train\cityscapes\img\monchengladbach_000000_026305.png
928,train,cityscapes,streetViewData\train\cityscapes\mask\hamburg_000000_065983.png,streetViewData\train\cityscapes\img\hamburg_000000_065983.png
929,train,cityscapes,streetViewData\train\cityscapes\mask\jena_000073_000019.png,streetViewData\train\cityscapes\img\jena_000073_000019.png
930,train,cityscapes,streetViewData\train\cityscapes\mask\jena_000092_000019.png,streetViewData\train\cityscapes\img\jena_000092_000019.png
931,train,cityscapes,streetViewData\train\cityscapes\mask\jena_000014_000019.png,streetViewData\train\cityscapes\img\jena_000014_000019.png
932,train,cityscapes,streetViewData\train\cityscapes\mask\strasbourg_000001_053222.png,streetViewData\train\cityscapes\img\strasbourg_000001_053222.png
933,train,cityscapes,streetViewData\train\cityscapes\mask\erfurt_000042_000019.png,streetViewData\train\cityscapes\img\erfurt_000042_000019.png
934,train,cityscapes,streetViewData\train\cityscapes\mask\cologne_000009_000019.png,streetViewData\train\cityscapes\img\cologne_000009_000019.png
935,train,cityscapes,streetViewData\train\cityscapes\mask\hamburg_000000_042885.png,streetViewData\train\cityscapes\img\hamburg_000000_042885.png
936,train,cityscapes,streetViewData\train\cityscapes\mask\jena_000090_000019.png,streetViewData\train\cityscapes\img\jena_000090_000019.png
937,train,cityscapes,streetViewData\train\cityscapes\mask\cologne_000137_000019.png,streetViewData\train\cityscapes\img\cologne_000137_000019.png
938,train,cityscapes,streetViewData\train\cityscapes\mask\cologne_000037_000019.png,streetViewData\train\cityscapes\img\cologne_000037_000019.png
939,train,cityscapes,streetViewData\train\cityscapes\mask\hanover_000000_040793.png,streetViewData\train\cityscapes\img\hanover_000000_040793.png
940,train,cityscapes,streetViewData\train\cityscapes\mask\krefeld_000000_000108.png,streetViewData\train\cityscapes\img\krefeld_000000_000108.png
941,train,cityscapes,streetViewData\train\cityscapes\mask\cologne_000055_000019.png,streetViewData\train\cityscapes\img\cologne_000055_000019.png
942,train,cityscapes,streetViewData\train\cityscapes\mask\cologne_000013_000019.png,streetViewData\train\cityscapes\img\cologne_000013_000019.png
943,train,cityscapes,streetViewData\train\cityscapes\mask\darmstadt_000060_000019.png,streetViewData\train\cityscapes\img\darmstadt_000060_000019.png
944,train,cityscapes,streetViewData\train\cityscapes\mask\strasbourg_000001_042869.png,streetViewData\train\cityscapes\img\strasbourg_000001_042869.png
945,train,cityscapes,streetViewData\train\cityscapes\mask\stuttgart_000135_000019.png,streetViewData\train\cityscapes\img\stuttgart_000135_000019.png
946,train,cityscapes,streetViewData\train\cityscapes\mask\cologne_000078_000019.png,streetViewData\train\cityscapes\img\cologne_000078_000019.png
947,train,cityscapes,streetViewData\train\cityscapes\mask\strasbourg_000001_033448.png,streetViewData\train\cityscapes\img\strasbourg_000001_033448.png
948,train,cityscapes,streetViewData\train\cityscapes\mask\cologne_000146_000019.png,streetViewData\train\cityscapes\img\cologne_000146_000019.png
949,train,cityscapes,streetViewData\train\cityscapes\mask\hanover_000000_048274.png,streetViewData\train\cityscapes\img\hanover_000000_048274.png
950,train,cityscapes,streetViewData\train\cityscapes\mask\hamburg_000000_014940.png,streetViewData\train\cityscapes\img\hamburg_000000_014940.png
951,train,cityscapes,streetViewData\train\cityscapes\mask\strasbourg_000000_017450.png,streetViewData\train\cityscapes\img\strasbourg_000000_017450.png
952,train,cityscapes,streetViewData\train\cityscapes\mask\jena_000034_000019.png,streetViewData\train\cityscapes\img\jena_000034_000019.png
953,train,cityscapes,streetViewData\train\cityscapes\mask\tubingen_000022_000019.png,streetViewData\train\cityscapes\img\tubingen_000022_000019.png
954,train,cityscapes,streetViewData\train\cityscapes\mask\hamburg_000000_074139.png,streetViewData\train\cityscapes\img\hamburg_000000_074139.png
955,train,cityscapes,streetViewData\train\cityscapes\mask\hanover_000000_055800.png,streetViewData\train\cityscapes\img\hanover_000000_055800.png
956,train,cityscapes,streetViewData\train\cityscapes\mask\strasbourg_000001_045880.png,streetViewData\train\cityscapes\img\strasbourg_000001_045880.png
957,train,cityscapes,streetViewData\train\cityscapes\mask\cologne_000027_000019.png,streetViewData\train\cityscapes\img\cologne_000027_000019.png
958,train,cityscapes,streetViewData\train\cityscapes\mask\cologne_000107_000019.png,streetViewData\train\cityscapes\img\cologne_000107_000019.png
959,train,cityscapes,streetViewData\train\cityscapes\mask\erfurt_000090_000019.png,streetViewData\train\cityscapes\img\erfurt_000090_000019.png
960,train,cityscapes,streetViewData\train\cityscapes\mask\tubingen_000104_000019.png,streetViewData\train\cityscapes\img\tubingen_000104_000019.png
961,train,cityscapes,streetViewData\train\cityscapes\mask\strasbourg_000001_054639.png,streetViewData\train\cityscapes\img\strasbourg_000001_054639.png
962,train,cityscapes,streetViewData\train\cityscapes\mask\cologne_000070_000019.png,streetViewData\train\cityscapes\img\cologne_000070_000019.png
963,train,cityscapes,streetViewData\train\cityscapes\mask\darmstadt_000071_000019.png,streetViewData\train\cityscapes\img\darmstadt_000071_000019.png
964,train,cityscapes,streetViewData\train\cityscapes\mask\hamburg_000000_030953.png,streetViewData\train\cityscapes\img\hamburg_000000_030953.png
965,train,cityscapes,streetViewData\train\cityscapes\mask\erfurt_000020_000019.png,streetViewData\train\cityscapes\img\erfurt_000020_000019.png
966,train,cityscapes,streetViewData\train\cityscapes\mask\cologne_000057_000019.png,streetViewData\train\cityscapes\img\cologne_000057_000019.png
967,train,cityscapes,streetViewData\train\cityscapes\mask\darmstadt_000070_000019.png,streetViewData\train\cityscapes\img\darmstadt_000070_000019.png
968,train,cityscapes,streetViewData\train\cityscapes\mask\bochum_000000_001828.png,streetViewData\train\cityscapes\img\bochum_000000_001828.png
969,train,cityscapes,streetViewData\train\cityscapes\mask\strasbourg_000001_010162.png,streetViewData\train\cityscapes\img\strasbourg_000001_010162.png
970,train,cityscapes,streetViewData\train\cityscapes\mask\krefeld_000000_016863.png,streetViewData\train\cityscapes\img\krefeld_000000_016863.png
971,train,cityscapes,streetViewData\train\cityscapes\mask\jena_000074_000019.png,streetViewData\train\cityscapes\img\jena_000074_000019.png
972,train,cityscapes,streetViewData\train\cityscapes\mask\hamburg_000000_070334.png,streetViewData\train\cityscapes\img\hamburg_000000_070334.png
973,train,cityscapes,streetViewData\train\cityscapes\mask\bochum_000000_024855.png,streetViewData\train\cityscapes\img\bochum_000000_024855.png
974,train,cityscapes,streetViewData\train\cityscapes\mask\hamburg_000000_021353.png,streetViewData\train\cityscapes\img\hamburg_000000_021353.png
975,train,cityscapes,streetViewData\train\cityscapes\mask\hamburg_000000_068693.png,streetViewData\train\cityscapes\img\hamburg_000000_068693.png
976,train,cityscapes,streetViewData\train\cityscapes\mask\ulm_000008_000019.png,streetViewData\train\cityscapes\img\ulm_000008_000019.png
977,train,cityscapes,streetViewData\train\cityscapes\mask\krefeld_000000_036299.png,streetViewData\train\cityscapes\img\krefeld_000000_036299.png
978,train,cityscapes,streetViewData\train\cityscapes\mask\bochum_000000_027699.png,streetViewData\train\cityscapes\img\bochum_000000_027699.png
979,train,cityscapes,streetViewData\train\cityscapes\mask\hanover_000000_004230.png,streetViewData\train\cityscapes\img\hanover_000000_004230.png
980,train,cityscapes,streetViewData\train\cityscapes\mask\cologne_000143_000019.png,streetViewData\train\cityscapes\img\cologne_000143_000019.png
981,train,cityscapes,streetViewData\train\cityscapes\mask\tubingen_000125_000019.png,streetViewData\train\cityscapes\img\tubingen_000125_000019.png
982,train,cityscapes,streetViewData\train\cityscapes\mask\stuttgart_000131_000019.png,streetViewData\train\cityscapes\img\stuttgart_000131_000019.png
983,train,cityscapes,streetViewData\train\cityscapes\mask\strasbourg_000000_013322.png,streetViewData\train\cityscapes\img\strasbourg_000000_013322.png
984,train,cityscapes,streetViewData\train\cityscapes\mask\stuttgart_000005_000019.png,streetViewData\train\cityscapes\img\stuttgart_000005_000019.png
985,train,cityscapes,streetViewData\train\cityscapes\mask\hamburg_000000_086499.png,streetViewData\train\cityscapes\img\hamburg_000000_086499.png
986,train,cityscapes,streetViewData\train\cityscapes\mask\hamburg_000000_073389.png,streetViewData\train\cityscapes\img\hamburg_000000_073389.png
987,train,cityscapes,streetViewData\train\cityscapes\mask\tubingen_000109_000019.png,streetViewData\train\cityscapes\img\tubingen_000109_000019.png
988,train,cityscapes,streetViewData\train\cityscapes\mask\hanover_000000_041610.png,streetViewData\train\cityscapes\img\hanover_000000_041610.png
989,train,cityscapes,streetViewData\train\cityscapes\mask\stuttgart_000113_000019.png,streetViewData\train\cityscapes\img\stuttgart_000113_000019.png
990,train,cityscapes,streetViewData\train\cityscapes\mask\cologne_000106_000019.png,streetViewData\train\cityscapes\img\cologne_000106_000019.png
991,train,cityscapes,streetViewData\train\cityscapes\mask\tubingen_000099_000019.png,streetViewData\train\cityscapes\img\tubingen_000099_000019.png
992,train,cityscapes,streetViewData\train\cityscapes\mask\stuttgart_000043_000019.png,streetViewData\train\cityscapes\img\stuttgart_000043_000019.png
993,train,cityscapes,streetViewData\train\cityscapes\mask\strasbourg_000001_052840.png,streetViewData\train\cityscapes\img\strasbourg_000001_052840.png
994,train,cityscapes,streetViewData\train\cityscapes\mask\cologne_000134_000019.png,streetViewData\train\cityscapes\img\cologne_000134_000019.png
995,train,cityscapes,streetViewData\train\cityscapes\mask\tubingen_000009_000019.png,streetViewData\train\cityscapes\img\tubingen_000009_000019.png
996,train,cityscapes,streetViewData\train\cityscapes\mask\cologne_000056_000019.png,streetViewData\train\cityscapes\img\cologne_000056_000019.png
997,train,cityscapes,streetViewData\train\cityscapes\mask\jena_000042_000019.png,streetViewData\train\cityscapes\img\jena_000042_000019.png
998,train,cityscapes,streetViewData\train\cityscapes\mask\darmstadt_000022_000019.png,streetViewData\train\cityscapes\img\darmstadt_000022_000019.png
999,train,cityscapes,streetViewData\train\cityscapes\mask\hanover_000000_046646.png,streetViewData\train\cityscapes\img\hanover_000000_046646.png
1000,train,cityscapes,streetViewData\train\cityscapes\mask\stuttgart_000139_000019.png,streetViewData\train\cityscapes\img\stuttgart_000139_000019.png
1001,train,synscapes,streetViewData\train\synscapes\mask\113.png,streetViewData\train\synscapes\img\113.png
1002,train,synscapes,streetViewData\train\synscapes\mask\1108.png,streetViewData\train\synscapes\img\1108.png
1003,train,synscapes,streetViewData\train\synscapes\mask\1303.png,streetViewData\train\synscapes\img\1303.png
1004,train,synscapes,streetViewData\train\synscapes\mask\66.png,streetViewData\train\synscapes\img\66.png
1005,train,synscapes,streetViewData\train\synscapes\mask\1565.png,streetViewData\train\synscapes\img\1565.png
1006,train,synscapes,streetViewData\train\synscapes\mask\295.png,streetViewData\train\synscapes\img\295.png
1007,train,synscapes,streetViewData\train\synscapes\mask\579.png,streetViewData\train\synscapes\img\579.png
1008,train,synscapes,streetViewData\train\synscapes\mask\718.png,streetViewData\train\synscapes\img\718.png
1009,train,synscapes,streetViewData\train\synscapes\mask\247.png,streetViewData\train\synscapes\img\247.png
1010,train,synscapes,streetViewData\train\synscapes\mask\897.png,streetViewData\train\synscapes\img\897.png
1011,train,synscapes,streetViewData\train\synscapes\mask\1530.png,streetViewData\train\synscapes\img\1530.png
1012,train,synscapes,streetViewData\train\synscapes\mask\1808.png,streetViewData\train\synscapes\img\1808.png
1013,train,synscapes,streetViewData\train\synscapes\mask\1227.png,streetViewData\train\synscapes\img\1227.png
1014,train,synscapes,streetViewData\train\synscapes\mask\1862.png,streetViewData\train\synscapes\img\1862.png
1015,train,synscapes,streetViewData\train\synscapes\mask\468.png,streetViewData\train\synscapes\img\468.png
1016,train,synscapes,streetViewData\train\synscapes\mask\1559.png,streetViewData\train\synscapes\img\1559.png
1017,train,synscapes,streetViewData\train\synscapes\mask\489.png,streetViewData\train\synscapes\img\489.png
1018,train,synscapes,streetViewData\train\synscapes\mask\1740.png,streetViewData\train\synscapes\img\1740.png
1019,train,synscapes,streetViewData\train\synscapes\mask\936.png,streetViewData\train\synscapes\img\936.png
1020,train,synscapes,streetViewData\train\synscapes\mask\150.png,streetViewData\train\synscapes\img\150.png
1021,train,synscapes,streetViewData\train\synscapes\mask\1920.png,streetViewData\train\synscapes\img\1920.png
1022,train,synscapes,streetViewData\train\synscapes\mask\1994.png,streetViewData\train\synscapes\img\1994.png
1023,train,synscapes,streetViewData\train\synscapes\mask\1909.png,streetViewData\train\synscapes\img\1909.png
1024,train,synscapes,streetViewData\train\synscapes\mask\1805.png,streetViewData\train\synscapes\img\1805.png
1025,train,synscapes,streetViewData\train\synscapes\mask\1146.png,streetViewData\train\synscapes\img\1146.png
1026,train,synscapes,streetViewData\train\synscapes\mask\30.png,streetViewData\train\synscapes\img\30.png
1027,train,synscapes,streetViewData\train\synscapes\mask\1071.png,streetViewData\train\synscapes\img\1071.png
1028,train,synscapes,streetViewData\train\synscapes\mask\838.png,streetViewData\train\synscapes\img\838.png
1029,train,synscapes,streetViewData\train\synscapes\mask\1795.png,streetViewData\train\synscapes\img\1795.png
1030,train,synscapes,streetViewData\train\synscapes\mask\552.png,streetViewData\train\synscapes\img\552.png
1031,train,synscapes,streetViewData\train\synscapes\mask\1593.png,streetViewData\train\synscapes\img\1593.png
1032,train,synscapes,streetViewData\train\synscapes\mask\310.png,streetViewData\train\synscapes\img\310.png
1033,train,synscapes,streetViewData\train\synscapes\mask\146.png,streetViewData\train\synscapes\img\146.png
1034,train,synscapes,streetViewData\train\synscapes\mask\1045.png,streetViewData\train\synscapes\img\1045.png
1035,train,synscapes,streetViewData\train\synscapes\mask\1167.png,streetViewData\train\synscapes\img\1167.png
1036,train,synscapes,streetViewData\train\synscapes\mask\142.png,streetViewData\train\synscapes\img\142.png
1037,train,synscapes,streetViewData\train\synscapes\mask\440.png,streetViewData\train\synscapes\img\440.png
1038,train,synscapes,streetViewData\train\synscapes\mask\74.png,streetViewData\train\synscapes\img\74.png
1039,train,synscapes,streetViewData\train\synscapes\mask\785.png,streetViewData\train\synscapes\img\785.png
1040,train,synscapes,streetViewData\train\synscapes\mask\259.png,streetViewData\train\synscapes\img\259.png
1041,train,synscapes,streetViewData\train\synscapes\mask\280.png,streetViewData\train\synscapes\img\280.png
1042,train,synscapes,streetViewData\train\synscapes\mask\951.png,streetViewData\train\synscapes\img\951.png
1043,train,synscapes,streetViewData\train\synscapes\mask\1036.png,streetViewData\train\synscapes\img\1036.png
1044,train,synscapes,streetViewData\train\synscapes\mask\608.png,streetViewData\train\synscapes\img\608.png
1045,train,synscapes,streetViewData\train\synscapes\mask\437.png,streetViewData\train\synscapes\img\437.png
1046,train,synscapes,streetViewData\train\synscapes\mask\712.png,streetViewData\train\synscapes\img\712.png
1047,train,synscapes,streetViewData\train\synscapes\mask\1495.png,streetViewData\train\synscapes\img\1495.png
1048,train,synscapes,streetViewData\train\synscapes\mask\260.png,streetViewData\train\synscapes\img\260.png
1049,train,synscapes,streetViewData\train\synscapes\mask\1072.png,streetViewData\train\synscapes\img\1072.png
1050,train,synscapes,streetViewData\train\synscapes\mask\604.png,streetViewData\train\synscapes\img\604.png
1051,train,synscapes,streetViewData\train\synscapes\mask\592.png,streetViewData\train\synscapes\img\592.png
1052,train,synscapes,streetViewData\train\synscapes\mask\1320.png,streetViewData\train\synscapes\img\1320.png
1053,train,synscapes,streetViewData\train\synscapes\mask\1866.png,streetViewData\train\synscapes\img\1866.png
1054,train,synscapes,streetViewData\train\synscapes\mask\1955.png,streetViewData\train\synscapes\img\1955.png
1055,train,synscapes,streetViewData\train\synscapes\mask\4.png,streetViewData\train\synscapes\img\4.png
1056,train,synscapes,streetViewData\train\synscapes\mask\1813.png,streetViewData\train\synscapes\img\1813.png
1057,train,synscapes,streetViewData\train\synscapes\mask\888.png,streetViewData\train\synscapes\img\888.png
1058,train,synscapes,streetViewData\train\synscapes\mask\1510.png,streetViewData\train\synscapes\img\1510.png
1059,train,synscapes,streetViewData\train\synscapes\mask\1332.png,streetViewData\train\synscapes\img\1332.png
1060,train,synscapes,streetViewData\train\synscapes\mask\277.png,streetViewData\train\synscapes\img\277.png
1061,train,synscapes,streetViewData\train\synscapes\mask\1801.png,streetViewData\train\synscapes\img\1801.png
1062,train,synscapes,streetViewData\train\synscapes\mask\369.png,streetViewData\train\synscapes\img\369.png
1063,train,synscapes,streetViewData\train\synscapes\mask\7.png,streetViewData\train\synscapes\img\7.png
1064,train,synscapes,streetViewData\train\synscapes\mask\1905.png,streetViewData\train\synscapes\img\1905.png
1065,train,synscapes,streetViewData\train\synscapes\mask\1166.png,streetViewData\train\synscapes\img\1166.png
1066,train,synscapes,streetViewData\train\synscapes\mask\1865.png,streetViewData\train\synscapes\img\1865.png
1067,train,synscapes,streetViewData\train\synscapes\mask\164.png,streetViewData\train\synscapes\img\164.png
1068,train,synscapes,streetViewData\train\synscapes\mask\1751.png,streetViewData\train\synscapes\img\1751.png
1069,train,synscapes,streetViewData\train\synscapes\mask\1612.png,streetViewData\train\synscapes\img\1612.png
1070,train,synscapes,streetViewData\train\synscapes\mask\1590.png,streetViewData\train\synscapes\img\1590.png
1071,train,synscapes,streetViewData\train\synscapes\mask\433.png,streetViewData\train\synscapes\img\433.png
1072,train,synscapes,streetViewData\train\synscapes\mask\1191.png,streetViewData\train\synscapes\img\1191.png
1073,train,synscapes,streetViewData\train\synscapes\mask\78.png,streetViewData\train\synscapes\img\78.png
1074,train,synscapes,streetViewData\train\synscapes\mask\1295.png,streetViewData\train\synscapes\img\1295.png
1075,train,synscapes,streetViewData\train\synscapes\mask\1606.png,streetViewData\train\synscapes\img\1606.png
1076,train,synscapes,streetViewData\train\synscapes\mask\1758.png,streetViewData\train\synscapes\img\1758.png
1077,train,synscapes,streetViewData\train\synscapes\mask\477.png,streetViewData\train\synscapes\img\477.png
1078,train,synscapes,streetViewData\train\synscapes\mask\1911.png,streetViewData\train\synscapes\img\1911.png
1079,train,synscapes,streetViewData\train\synscapes\mask\153.png,streetViewData\train\synscapes\img\153.png
1080,train,synscapes,streetViewData\train\synscapes\mask\419.png,streetViewData\train\synscapes\img\419.png
1081,train,synscapes,streetViewData\train\synscapes\mask\1737.png,streetViewData\train\synscapes\img\1737.png
1082,train,synscapes,streetViewData\train\synscapes\mask\699.png,streetViewData\train\synscapes\img\699.png
1083,train,synscapes,streetViewData\train\synscapes\mask\60.png,streetViewData\train\synscapes\img\60.png
1084,train,synscapes,streetViewData\train\synscapes\mask\211.png,streetViewData\train\synscapes\img\211.png
1085,train,synscapes,streetViewData\train\synscapes\mask\1066.png,streetViewData\train\synscapes\img\1066.png
1086,train,synscapes,streetViewData\train\synscapes\mask\1837.png,streetViewData\train\synscapes\img\1837.png
1087,train,synscapes,streetViewData\train\synscapes\mask\1160.png,streetViewData\train\synscapes\img\1160.png
1088,train,synscapes,streetViewData\train\synscapes\mask\1579.png,streetViewData\train\synscapes\img\1579.png
1089,train,synscapes,streetViewData\train\synscapes\mask\1463.png,streetViewData\train\synscapes\img\1463.png
1090,train,synscapes,streetViewData\train\synscapes\mask\1595.png,streetViewData\train\synscapes\img\1595.png
1091,train,synscapes,streetViewData\train\synscapes\mask\1211.png,streetViewData\train\synscapes\img\1211.png
1092,train,synscapes,streetViewData\train\synscapes\mask\622.png,streetViewData\train\synscapes\img\622.png
1093,train,synscapes,streetViewData\train\synscapes\mask\1743.png,streetViewData\train\synscapes\img\1743.png
1094,train,synscapes,streetViewData\train\synscapes\mask\793.png,streetViewData\train\synscapes\img\793.png
1095,train,synscapes,streetViewData\train\synscapes\mask\1947.png,streetViewData\train\synscapes\img\1947.png
1096,train,synscapes,streetViewData\train\synscapes\mask\719.png,streetViewData\train\synscapes\img\719.png
1097,train,synscapes,streetViewData\train\synscapes\mask\100.png,streetViewData\train\synscapes\img\100.png
1098,train,synscapes,streetViewData\train\synscapes\mask\41.png,streetViewData\train\synscapes\img\41.png
1099,train,synscapes,streetViewData\train\synscapes\mask\800.png,streetViewData\train\synscapes\img\800.png
1100,train,synscapes,streetViewData\train\synscapes\mask\2.png,streetViewData\train\synscapes\img\2.png
1101,train,synscapes,streetViewData\train\synscapes\mask\1850.png,streetViewData\train\synscapes\img\1850.png
1102,train,synscapes,streetViewData\train\synscapes\mask\1760.png,streetViewData\train\synscapes\img\1760.png
1103,train,synscapes,streetViewData\train\synscapes\mask\1099.png,streetViewData\train\synscapes\img\1099.png
1104,train,synscapes,streetViewData\train\synscapes\mask\1344.png,streetViewData\train\synscapes\img\1344.png
1105,train,synscapes,streetViewData\train\synscapes\mask\1954.png,streetViewData\train\synscapes\img\1954.png
1106,train,synscapes,streetViewData\train\synscapes\mask\1665.png,streetViewData\train\synscapes\img\1665.png
1107,train,synscapes,streetViewData\train\synscapes\mask\346.png,streetViewData\train\synscapes\img\346.png
1108,train,synscapes,streetViewData\train\synscapes\mask\593.png,streetViewData\train\synscapes\img\593.png
1109,train,synscapes,streetViewData\train\synscapes\mask\1917.png,streetViewData\train\synscapes\img\1917.png
1110,train,synscapes,streetViewData\train\synscapes\mask\350.png,streetViewData\train\synscapes\img\350.png
1111,train,synscapes,streetViewData\train\synscapes\mask\949.png,streetViewData\train\synscapes\img\949.png
1112,train,synscapes,streetViewData\train\synscapes\mask\6.png,streetViewData\train\synscapes\img\6.png
1113,train,synscapes,streetViewData\train\synscapes\mask\1093.png,streetViewData\train\synscapes\img\1093.png
1114,train,synscapes,streetViewData\train\synscapes\mask\1373.png,streetViewData\train\synscapes\img\1373.png
1115,train,synscapes,streetViewData\train\synscapes\mask\1490.png,streetViewData\train\synscapes\img\1490.png
1116,train,synscapes,streetViewData\train\synscapes\mask\21.png,streetViewData\train\synscapes\img\21.png
1117,train,synscapes,streetViewData\train\synscapes\mask\124.png,streetViewData\train\synscapes\img\124.png
1118,train,synscapes,streetViewData\train\synscapes\mask\1529.png,streetViewData\train\synscapes\img\1529.png
1119,train,synscapes,streetViewData\train\synscapes\mask\1806.png,streetViewData\train\synscapes\img\1806.png
1120,train,synscapes,streetViewData\train\synscapes\mask\821.png,streetViewData\train\synscapes\img\821.png
1121,train,synscapes,streetViewData\train\synscapes\mask\486.png,streetViewData\train\synscapes\img\486.png
1122,train,synscapes,streetViewData\train\synscapes\mask\1892.png,streetViewData\train\synscapes\img\1892.png
1123,train,synscapes,streetViewData\train\synscapes\mask\1221.png,streetViewData\train\synscapes\img\1221.png
1124,train,synscapes,streetViewData\train\synscapes\mask\1051.png,streetViewData\train\synscapes\img\1051.png
1125,train,synscapes,streetViewData\train\synscapes\mask\36.png,streetViewData\train\synscapes\img\36.png
1126,train,synscapes,streetViewData\train\synscapes\mask\32.png,streetViewData\train\synscapes\img\32.png
1127,train,synscapes,streetViewData\train\synscapes\mask\671.png,streetViewData\train\synscapes\img\671.png
1128,train,synscapes,streetViewData\train\synscapes\mask\144.png,streetViewData\train\synscapes\img\144.png
1129,train,synscapes,streetViewData\train\synscapes\mask\506.png,streetViewData\train\synscapes\img\506.png
1130,train,synscapes,streetViewData\train\synscapes\mask\1290.png,streetViewData\train\synscapes\img\1290.png
1131,train,synscapes,streetViewData\train\synscapes\mask\1571.png,streetViewData\train\synscapes\img\1571.png
1132,train,synscapes,streetViewData\train\synscapes\mask\213.png,streetViewData\train\synscapes\img\213.png
1133,train,synscapes,streetViewData\train\synscapes\mask\1023.png,streetViewData\train\synscapes\img\1023.png
1134,train,synscapes,streetViewData\train\synscapes\mask\216.png,streetViewData\train\synscapes\img\216.png
1135,train,synscapes,streetViewData\train\synscapes\mask\1750.png,streetViewData\train\synscapes\img\1750.png
1136,train,synscapes,streetViewData\train\synscapes\mask\117.png,streetViewData\train\synscapes\img\117.png
1137,train,synscapes,streetViewData\train\synscapes\mask\1412.png,streetViewData\train\synscapes\img\1412.png
1138,train,synscapes,streetViewData\train\synscapes\mask\75.png,streetViewData\train\synscapes\img\75.png
1139,train,synscapes,streetViewData\train\synscapes\mask\1207.png,streetViewData\train\synscapes\img\1207.png
1140,train,synscapes,streetViewData\train\synscapes\mask\185.png,streetViewData\train\synscapes\img\185.png
1141,train,synscapes,streetViewData\train\synscapes\mask\1214.png,streetViewData\train\synscapes\img\1214.png
1142,train,synscapes,streetViewData\train\synscapes\mask\392.png,streetViewData\train\synscapes\img\392.png
1143,train,synscapes,streetViewData\train\synscapes\mask\732.png,streetViewData\train\synscapes\img\732.png
1144,train,synscapes,streetViewData\train\synscapes\mask\1282.png,streetViewData\train\synscapes\img\1282.png
1145,train,synscapes,streetViewData\train\synscapes\mask\900.png,streetViewData\train\synscapes\img\900.png
1146,train,synscapes,streetViewData\train\synscapes\mask\519.png,streetViewData\train\synscapes\img\519.png
1147,train,synscapes,streetViewData\train\synscapes\mask\1536.png,streetViewData\train\synscapes\img\1536.png
1148,train,synscapes,streetViewData\train\synscapes\mask\1937.png,streetViewData\train\synscapes\img\1937.png
1149,train,synscapes,streetViewData\train\synscapes\mask\499.png,streetViewData\train\synscapes\img\499.png
1150,train,synscapes,streetViewData\train\synscapes\mask\1501.png,streetViewData\train\synscapes\img\1501.png
1151,train,synscapes,streetViewData\train\synscapes\mask\1764.png,streetViewData\train\synscapes\img\1764.png
1152,train,synscapes,streetViewData\train\synscapes\mask\737.png,streetViewData\train\synscapes\img\737.png
1153,train,synscapes,streetViewData\train\synscapes\mask\1889.png,streetViewData\train\synscapes\img\1889.png
1154,train,synscapes,streetViewData\train\synscapes\mask\187.png,streetViewData\train\synscapes\img\187.png
1155,train,synscapes,streetViewData\train\synscapes\mask\1448.png,streetViewData\train\synscapes\img\1448.png
1156,train,synscapes,streetViewData\train\synscapes\mask\1840.png,streetViewData\train\synscapes\img\1840.png
1157,train,synscapes,streetViewData\train\synscapes\mask\880.png,streetViewData\train\synscapes\img\880.png
1158,train,synscapes,streetViewData\train\synscapes\mask\1265.png,streetViewData\train\synscapes\img\1265.png
1159,train,synscapes,streetViewData\train\synscapes\mask\1705.png,streetViewData\train\synscapes\img\1705.png
1160,train,synscapes,streetViewData\train\synscapes\mask\135.png,streetViewData\train\synscapes\img\135.png
1161,train,synscapes,streetViewData\train\synscapes\mask\302.png,streetViewData\train\synscapes\img\302.png
1162,train,synscapes,streetViewData\train\synscapes\mask\1935.png,streetViewData\train\synscapes\img\1935.png
1163,train,synscapes,streetViewData\train\synscapes\mask\574.png,streetViewData\train\synscapes\img\574.png
1164,train,synscapes,streetViewData\train\synscapes\mask\819.png,streetViewData\train\synscapes\img\819.png
1165,train,synscapes,streetViewData\train\synscapes\mask\125.png,streetViewData\train\synscapes\img\125.png
1166,train,synscapes,streetViewData\train\synscapes\mask\791.png,streetViewData\train\synscapes\img\791.png
1167,train,synscapes,streetViewData\train\synscapes\mask\1126.png,streetViewData\train\synscapes\img\1126.png
1168,train,synscapes,streetViewData\train\synscapes\mask\1507.png,streetViewData\train\synscapes\img\1507.png
1169,train,synscapes,streetViewData\train\synscapes\mask\916.png,streetViewData\train\synscapes\img\916.png
1170,train,synscapes,streetViewData\train\synscapes\mask\654.png,streetViewData\train\synscapes\img\654.png
1171,train,synscapes,streetViewData\train\synscapes\mask\773.png,streetViewData\train\synscapes\img\773.png
1172,train,synscapes,streetViewData\train\synscapes\mask\1763.png,streetViewData\train\synscapes\img\1763.png
1173,train,synscapes,streetViewData\train\synscapes\mask\1625.png,streetViewData\train\synscapes\img\1625.png
1174,train,synscapes,streetViewData\train\synscapes\mask\650.png,streetViewData\train\synscapes\img\650.png
1175,train,synscapes,streetViewData\train\synscapes\mask\1934.png,streetViewData\train\synscapes\img\1934.png
1176,train,synscapes,streetViewData\train\synscapes\mask\1491.png,streetViewData\train\synscapes\img\1491.png
1177,train,synscapes,streetViewData\train\synscapes\mask\710.png,streetViewData\train\synscapes\img\710.png
1178,train,synscapes,streetViewData\train\synscapes\mask\1002.png,streetViewData\train\synscapes\img\1002.png
1179,train,synscapes,streetViewData\train\synscapes\mask\152.png,streetViewData\train\synscapes\img\152.png
1180,train,synscapes,streetViewData\train\synscapes\mask\536.png,streetViewData\train\synscapes\img\536.png
1181,train,synscapes,streetViewData\train\synscapes\mask\1549.png,streetViewData\train\synscapes\img\1549.png
1182,train,synscapes,streetViewData\train\synscapes\mask\742.png,streetViewData\train\synscapes\img\742.png
1183,train,synscapes,streetViewData\train\synscapes\mask\962.png,streetViewData\train\synscapes\img\962.png
1184,train,synscapes,streetViewData\train\synscapes\mask\267.png,streetViewData\train\synscapes\img\267.png
1185,train,synscapes,streetViewData\train\synscapes\mask\414.png,streetViewData\train\synscapes\img\414.png
1186,train,synscapes,streetViewData\train\synscapes\mask\1900.png,streetViewData\train\synscapes\img\1900.png
1187,train,synscapes,streetViewData\train\synscapes\mask\794.png,streetViewData\train\synscapes\img\794.png
1188,train,synscapes,streetViewData\train\synscapes\mask\1272.png,streetViewData\train\synscapes\img\1272.png
1189,train,synscapes,streetViewData\train\synscapes\mask\1821.png,streetViewData\train\synscapes\img\1821.png
1190,train,synscapes,streetViewData\train\synscapes\mask\1992.png,streetViewData\train\synscapes\img\1992.png
1191,train,synscapes,streetViewData\train\synscapes\mask\1891.png,streetViewData\train\synscapes\img\1891.png
1192,train,synscapes,streetViewData\train\synscapes\mask\1634.png,streetViewData\train\synscapes\img\1634.png
1193,train,synscapes,streetViewData\train\synscapes\mask\1610.png,streetViewData\train\synscapes\img\1610.png
1194,train,synscapes,streetViewData\train\synscapes\mask\215.png,streetViewData\train\synscapes\img\215.png
1195,train,synscapes,streetViewData\train\synscapes\mask\954.png,streetViewData\train\synscapes\img\954.png
1196,train,synscapes,streetViewData\train\synscapes\mask\20.png,streetViewData\train\synscapes\img\20.png
1197,train,synscapes,streetViewData\train\synscapes\mask\1694.png,streetViewData\train\synscapes\img\1694.png
1198,train,synscapes,streetViewData\train\synscapes\mask\1838.png,streetViewData\train\synscapes\img\1838.png
1199,train,synscapes,streetViewData\train\synscapes\mask\1592.png,streetViewData\train\synscapes\img\1592.png
1200,train,synscapes,streetViewData\train\synscapes\mask\91.png,streetViewData\train\synscapes\img\91.png
1201,train,synscapes,streetViewData\train\synscapes\mask\1346.png,streetViewData\train\synscapes\img\1346.png
1202,train,synscapes,streetViewData\train\synscapes\mask\484.png,streetViewData\train\synscapes\img\484.png
1203,train,synscapes,streetViewData\train\synscapes\mask\1439.png,streetViewData\train\synscapes\img\1439.png
1204,train,synscapes,streetViewData\train\synscapes\mask\252.png,streetViewData\train\synscapes\img\252.png
1205,train,synscapes,streetViewData\train\synscapes\mask\1704.png,streetViewData\train\synscapes\img\1704.png
1206,train,synscapes,streetViewData\train\synscapes\mask\1429.png,streetViewData\train\synscapes\img\1429.png
1207,train,synscapes,streetViewData\train\synscapes\mask\777.png,streetViewData\train\synscapes\img\777.png
1208,train,synscapes,streetViewData\train\synscapes\mask\628.png,streetViewData\train\synscapes\img\628.png
1209,train,synscapes,streetViewData\train\synscapes\mask\1756.png,streetViewData\train\synscapes\img\1756.png
1210,train,synscapes,streetViewData\train\synscapes\mask\1079.png,streetViewData\train\synscapes\img\1079.png
1211,train,synscapes,streetViewData\train\synscapes\mask\1585.png,streetViewData\train\synscapes\img\1585.png
1212,train,synscapes,streetViewData\train\synscapes\mask\571.png,streetViewData\train\synscapes\img\571.png
1213,train,synscapes,streetViewData\train\synscapes\mask\1870.png,streetViewData\train\synscapes\img\1870.png
1214,train,synscapes,streetViewData\train\synscapes\mask\865.png,streetViewData\train\synscapes\img\865.png
1215,train,synscapes,streetViewData\train\synscapes\mask\694.png,streetViewData\train\synscapes\img\694.png
1216,train,synscapes,streetViewData\train\synscapes\mask\1700.png,streetViewData\train\synscapes\img\1700.png
1217,train,synscapes,streetViewData\train\synscapes\mask\171.png,streetViewData\train\synscapes\img\171.png
1218,train,synscapes,streetViewData\train\synscapes\mask\421.png,streetViewData\train\synscapes\img\421.png
1219,train,synscapes,streetViewData\train\synscapes\mask\659.png,streetViewData\train\synscapes\img\659.png
1220,train,synscapes,streetViewData\train\synscapes\mask\84.png,streetViewData\train\synscapes\img\84.png
1221,train,synscapes,streetViewData\train\synscapes\mask\40.png,streetViewData\train\synscapes\img\40.png
1222,train,synscapes,streetViewData\train\synscapes\mask\1279.png,streetViewData\train\synscapes\img\1279.png
1223,train,synscapes,streetViewData\train\synscapes\mask\929.png,streetViewData\train\synscapes\img\929.png
1224,train,synscapes,streetViewData\train\synscapes\mask\922.png,streetViewData\train\synscapes\img\922.png
1225,train,synscapes,streetViewData\train\synscapes\mask\1230.png,streetViewData\train\synscapes\img\1230.png
1226,train,synscapes,streetViewData\train\synscapes\mask\1924.png,streetViewData\train\synscapes\img\1924.png
1227,train,synscapes,streetViewData\train\synscapes\mask\286.png,streetViewData\train\synscapes\img\286.png
1228,train,synscapes,streetViewData\train\synscapes\mask\161.png,streetViewData\train\synscapes\img\161.png
1229,train,synscapes,streetViewData\train\synscapes\mask\1183.png,streetViewData\train\synscapes\img\1183.png
1230,train,synscapes,streetViewData\train\synscapes\mask\756.png,streetViewData\train\synscapes\img\756.png
1231,train,synscapes,streetViewData\train\synscapes\mask\181.png,streetViewData\train\synscapes\img\181.png
1232,train,synscapes,streetViewData\train\synscapes\mask\1182.png,streetViewData\train\synscapes\img\1182.png
1233,train,synscapes,streetViewData\train\synscapes\mask\1969.png,streetViewData\train\synscapes\img\1969.png
1234,train,synscapes,streetViewData\train\synscapes\mask\859.png,streetViewData\train\synscapes\img\859.png
1235,train,synscapes,streetViewData\train\synscapes\mask\1026.png,streetViewData\train\synscapes\img\1026.png
1236,train,synscapes,streetViewData\train\synscapes\mask\53.png,streetViewData\train\synscapes\img\53.png
1237,train,synscapes,streetViewData\train\synscapes\mask\1264.png,streetViewData\train\synscapes\img\1264.png
1238,train,synscapes,streetViewData\train\synscapes\mask\1754.png,streetViewData\train\synscapes\img\1754.png
1239,train,synscapes,streetViewData\train\synscapes\mask\404.png,streetViewData\train\synscapes\img\404.png
1240,train,synscapes,streetViewData\train\synscapes\mask\1283.png,streetViewData\train\synscapes\img\1283.png
1241,train,synscapes,streetViewData\train\synscapes\mask\1136.png,streetViewData\train\synscapes\img\1136.png
1242,train,synscapes,streetViewData\train\synscapes\mask\1864.png,streetViewData\train\synscapes\img\1864.png
1243,train,synscapes,streetViewData\train\synscapes\mask\639.png,streetViewData\train\synscapes\img\639.png
1244,train,synscapes,streetViewData\train\synscapes\mask\1487.png,streetViewData\train\synscapes\img\1487.png
1245,train,synscapes,streetViewData\train\synscapes\mask\1622.png,streetViewData\train\synscapes\img\1622.png
1246,train,synscapes,streetViewData\train\synscapes\mask\347.png,streetViewData\train\synscapes\img\347.png
1247,train,synscapes,streetViewData\train\synscapes\mask\475.png,streetViewData\train\synscapes\img\475.png
1248,train,synscapes,streetViewData\train\synscapes\mask\1731.png,streetViewData\train\synscapes\img\1731.png
1249,train,synscapes,streetViewData\train\synscapes\mask\396.png,streetViewData\train\synscapes\img\396.png
1250,train,synscapes,streetViewData\train\synscapes\mask\977.png,streetViewData\train\synscapes\img\977.png
1251,train,synscapes,streetViewData\train\synscapes\mask\769.png,streetViewData\train\synscapes\img\769.png
1252,train,synscapes,streetViewData\train\synscapes\mask\1603.png,streetViewData\train\synscapes\img\1603.png
1253,train,synscapes,streetViewData\train\synscapes\mask\77.png,streetViewData\train\synscapes\img\77.png
1254,train,synscapes,streetViewData\train\synscapes\mask\441.png,streetViewData\train\synscapes\img\441.png
1255,train,synscapes,streetViewData\train\synscapes\mask\1982.png,streetViewData\train\synscapes\img\1982.png
1256,train,synscapes,streetViewData\train\synscapes\mask\17.png,streetViewData\train\synscapes\img\17.png
1257,train,synscapes,streetViewData\train\synscapes\mask\1582.png,streetViewData\train\synscapes\img\1582.png
1258,train,synscapes,streetViewData\train\synscapes\mask\353.png,streetViewData\train\synscapes\img\353.png
1259,train,synscapes,streetViewData\train\synscapes\mask\522.png,streetViewData\train\synscapes\img\522.png
1260,train,synscapes,streetViewData\train\synscapes\mask\599.png,streetViewData\train\synscapes\img\599.png
1261,train,synscapes,streetViewData\train\synscapes\mask\1899.png,streetViewData\train\synscapes\img\1899.png
1262,train,synscapes,streetViewData\train\synscapes\mask\1997.png,streetViewData\train\synscapes\img\1997.png
1263,train,synscapes,streetViewData\train\synscapes\mask\1064.png,streetViewData\train\synscapes\img\1064.png
1264,train,synscapes,streetViewData\train\synscapes\mask\336.png,streetViewData\train\synscapes\img\336.png
1265,train,synscapes,streetViewData\train\synscapes\mask\1124.png,streetViewData\train\synscapes\img\1124.png
1266,train,synscapes,streetViewData\train\synscapes\mask\1430.png,streetViewData\train\synscapes\img\1430.png
1267,train,synscapes,streetViewData\train\synscapes\mask\361.png,streetViewData\train\synscapes\img\361.png
1268,train,synscapes,streetViewData\train\synscapes\mask\46.png,streetViewData\train\synscapes\img\46.png
1269,train,synscapes,streetViewData\train\synscapes\mask\1528.png,streetViewData\train\synscapes\img\1528.png
1270,train,synscapes,streetViewData\train\synscapes\mask\1417.png,streetViewData\train\synscapes\img\1417.png
1271,train,synscapes,streetViewData\train\synscapes\mask\575.png,streetViewData\train\synscapes\img\575.png
1272,train,synscapes,streetViewData\train\synscapes\mask\1165.png,streetViewData\train\synscapes\img\1165.png
1273,train,synscapes,streetViewData\train\synscapes\mask\1799.png,streetViewData\train\synscapes\img\1799.png
1274,train,synscapes,streetViewData\train\synscapes\mask\118.png,streetViewData\train\synscapes\img\118.png
1275,train,synscapes,streetViewData\train\synscapes\mask\924.png,streetViewData\train\synscapes\img\924.png
1276,train,synscapes,streetViewData\train\synscapes\mask\366.png,streetViewData\train\synscapes\img\366.png
1277,train,synscapes,streetViewData\train\synscapes\mask\496.png,streetViewData\train\synscapes\img\496.png
1278,train,synscapes,streetViewData\train\synscapes\mask\914.png,streetViewData\train\synscapes\img\914.png
1279,train,synscapes,streetViewData\train\synscapes\mask\1816.png,streetViewData\train\synscapes\img\1816.png
1280,train,synscapes,streetViewData\train\synscapes\mask\1304.png,streetViewData\train\synscapes\img\1304.png
1281,train,synscapes,streetViewData\train\synscapes\mask\478.png,streetViewData\train\synscapes\img\478.png
1282,train,synscapes,streetViewData\train\synscapes\mask\1550.png,streetViewData\train\synscapes\img\1550.png
1283,train,synscapes,streetViewData\train\synscapes\mask\948.png,streetViewData\train\synscapes\img\948.png
1284,train,synscapes,streetViewData\train\synscapes\mask\1083.png,streetViewData\train\synscapes\img\1083.png
1285,train,synscapes,streetViewData\train\synscapes\mask\1597.png,streetViewData\train\synscapes\img\1597.png
1286,train,synscapes,streetViewData\train\synscapes\mask\666.png,streetViewData\train\synscapes\img\666.png
1287,train,synscapes,streetViewData\train\synscapes\mask\1100.png,streetViewData\train\synscapes\img\1100.png
1288,train,synscapes,streetViewData\train\synscapes\mask\1539.png,streetViewData\train\synscapes\img\1539.png
1289,train,synscapes,streetViewData\train\synscapes\mask\166.png,streetViewData\train\synscapes\img\166.png
1290,train,synscapes,streetViewData\train\synscapes\mask\169.png,streetViewData\train\synscapes\img\169.png
1291,train,synscapes,streetViewData\train\synscapes\mask\1793.png,streetViewData\train\synscapes\img\1793.png
1292,train,synscapes,streetViewData\train\synscapes\mask\1267.png,streetViewData\train\synscapes\img\1267.png
1293,train,synscapes,streetViewData\train\synscapes\mask\1449.png,streetViewData\train\synscapes\img\1449.png
1294,train,synscapes,streetViewData\train\synscapes\mask\1978.png,streetViewData\train\synscapes\img\1978.png
1295,train,synscapes,streetViewData\train\synscapes\mask\930.png,streetViewData\train\synscapes\img\930.png
1296,train,synscapes,streetViewData\train\synscapes\mask\241.png,streetViewData\train\synscapes\img\241.png
1297,train,synscapes,streetViewData\train\synscapes\mask\455.png,streetViewData\train\synscapes\img\455.png
1298,train,synscapes,streetViewData\train\synscapes\mask\996.png,streetViewData\train\synscapes\img\996.png
1299,train,synscapes,streetViewData\train\synscapes\mask\133.png,streetViewData\train\synscapes\img\133.png
1300,train,synscapes,streetViewData\train\synscapes\mask\1311.png,streetViewData\train\synscapes\img\1311.png
1301,train,synscapes,streetViewData\train\synscapes\mask\952.png,streetViewData\train\synscapes\img\952.png
1302,train,synscapes,streetViewData\train\synscapes\mask\1143.png,streetViewData\train\synscapes\img\1143.png
1303,train,synscapes,streetViewData\train\synscapes\mask\321.png,streetViewData\train\synscapes\img\321.png
1304,train,synscapes,streetViewData\train\synscapes\mask\1703.png,streetViewData\train\synscapes\img\1703.png
1305,train,synscapes,streetViewData\train\synscapes\mask\340.png,streetViewData\train\synscapes\img\340.png
1306,train,synscapes,streetViewData\train\synscapes\mask\458.png,streetViewData\train\synscapes\img\458.png
1307,train,synscapes,streetViewData\train\synscapes\mask\1442.png,streetViewData\train\synscapes\img\1442.png
1308,train,synscapes,streetViewData\train\synscapes\mask\1916.png,streetViewData\train\synscapes\img\1916.png
1309,train,synscapes,streetViewData\train\synscapes\mask\273.png,streetViewData\train\synscapes\img\273.png
1310,train,synscapes,streetViewData\train\synscapes\mask\1262.png,streetViewData\train\synscapes\img\1262.png
1311,train,synscapes,streetViewData\train\synscapes\mask\1426.png,streetViewData\train\synscapes\img\1426.png
1312,train,synscapes,streetViewData\train\synscapes\mask\1849.png,streetViewData\train\synscapes\img\1849.png
1313,train,synscapes,streetViewData\train\synscapes\mask\374.png,streetViewData\train\synscapes\img\374.png
1314,train,synscapes,streetViewData\train\synscapes\mask\1467.png,streetViewData\train\synscapes\img\1467.png
1315,train,synscapes,streetViewData\train\synscapes\mask\1846.png,streetViewData\train\synscapes\img\1846.png
1316,train,synscapes,streetViewData\train\synscapes\mask\1469.png,streetViewData\train\synscapes\img\1469.png
1317,train,synscapes,streetViewData\train\synscapes\mask\427.png,streetViewData\train\synscapes\img\427.png
1318,train,synscapes,streetViewData\train\synscapes\mask\1015.png,streetViewData\train\synscapes\img\1015.png
1319,train,synscapes,streetViewData\train\synscapes\mask\681.png,streetViewData\train\synscapes\img\681.png
1320,train,synscapes,streetViewData\train\synscapes\mask\1856.png,streetViewData\train\synscapes\img\1856.png
1321,train,synscapes,streetViewData\train\synscapes\mask\893.png,streetViewData\train\synscapes\img\893.png
1322,train,synscapes,streetViewData\train\synscapes\mask\447.png,streetViewData\train\synscapes\img\447.png
1323,train,synscapes,streetViewData\train\synscapes\mask\205.png,streetViewData\train\synscapes\img\205.png
1324,train,synscapes,streetViewData\train\synscapes\mask\129.png,streetViewData\train\synscapes\img\129.png
1325,train,synscapes,streetViewData\train\synscapes\mask\1134.png,streetViewData\train\synscapes\img\1134.png
1326,train,synscapes,streetViewData\train\synscapes\mask\1812.png,streetViewData\train\synscapes\img\1812.png
1327,train,synscapes,streetViewData\train\synscapes\mask\1635.png,streetViewData\train\synscapes\img\1635.png
1328,train,synscapes,streetViewData\train\synscapes\mask\281.png,streetViewData\train\synscapes\img\281.png
1329,train,synscapes,streetViewData\train\synscapes\mask\155.png,streetViewData\train\synscapes\img\155.png
1330,train,synscapes,streetViewData\train\synscapes\mask\376.png,streetViewData\train\synscapes\img\376.png
1331,train,synscapes,streetViewData\train\synscapes\mask\1780.png,streetViewData\train\synscapes\img\1780.png
1332,train,synscapes,streetViewData\train\synscapes\mask\470.png,streetViewData\train\synscapes\img\470.png
1333,train,synscapes,streetViewData\train\synscapes\mask\97.png,streetViewData\train\synscapes\img\97.png
1334,train,synscapes,streetViewData\train\synscapes\mask\789.png,streetViewData\train\synscapes\img\789.png
1335,train,synscapes,streetViewData\train\synscapes\mask\1555.png,streetViewData\train\synscapes\img\1555.png
1336,train,synscapes,streetViewData\train\synscapes\mask\1365.png,streetViewData\train\synscapes\img\1365.png
1337,train,synscapes,streetViewData\train\synscapes\mask\1707.png,streetViewData\train\synscapes\img\1707.png
1338,train,synscapes,streetViewData\train\synscapes\mask\189.png,streetViewData\train\synscapes\img\189.png
1339,train,synscapes,streetViewData\train\synscapes\mask\1195.png,streetViewData\train\synscapes\img\1195.png
1340,train,synscapes,streetViewData\train\synscapes\mask\1435.png,streetViewData\train\synscapes\img\1435.png
1341,train,synscapes,streetViewData\train\synscapes\mask\1701.png,streetViewData\train\synscapes\img\1701.png
1342,train,synscapes,streetViewData\train\synscapes\mask\815.png,streetViewData\train\synscapes\img\815.png
1343,train,synscapes,streetViewData\train\synscapes\mask\1660.png,streetViewData\train\synscapes\img\1660.png
1344,train,synscapes,streetViewData\train\synscapes\mask\258.png,streetViewData\train\synscapes\img\258.png
1345,train,synscapes,streetViewData\train\synscapes\mask\1543.png,streetViewData\train\synscapes\img\1543.png
1346,train,synscapes,streetViewData\train\synscapes\mask\488.png,streetViewData\train\synscapes\img\488.png
1347,train,synscapes,streetViewData\train\synscapes\mask\1542.png,streetViewData\train\synscapes\img\1542.png
1348,train,synscapes,streetViewData\train\synscapes\mask\1038.png,streetViewData\train\synscapes\img\1038.png
1349,train,synscapes,streetViewData\train\synscapes\mask\411.png,streetViewData\train\synscapes\img\411.png
1350,train,synscapes,streetViewData\train\synscapes\mask\1728.png,streetViewData\train\synscapes\img\1728.png
1351,train,synscapes,streetViewData\train\synscapes\mask\1504.png,streetViewData\train\synscapes\img\1504.png
1352,train,synscapes,streetViewData\train\synscapes\mask\1012.png,streetViewData\train\synscapes\img\1012.png
1353,train,synscapes,streetViewData\train\synscapes\mask\870.png,streetViewData\train\synscapes\img\870.png
1354,train,synscapes,streetViewData\train\synscapes\mask\462.png,streetViewData\train\synscapes\img\462.png
1355,train,synscapes,streetViewData\train\synscapes\mask\632.png,streetViewData\train\synscapes\img\632.png
1356,train,synscapes,streetViewData\train\synscapes\mask\808.png,streetViewData\train\synscapes\img\808.png
1357,train,synscapes,streetViewData\train\synscapes\mask\1089.png,streetViewData\train\synscapes\img\1089.png
1358,train,synscapes,streetViewData\train\synscapes\mask\315.png,streetViewData\train\synscapes\img\315.png
1359,train,synscapes,streetViewData\train\synscapes\mask\572.png,streetViewData\train\synscapes\img\572.png
1360,train,synscapes,streetViewData\train\synscapes\mask\1914.png,streetViewData\train\synscapes\img\1914.png
1361,train,synscapes,streetViewData\train\synscapes\mask\1526.png,streetViewData\train\synscapes\img\1526.png
1362,train,synscapes,streetViewData\train\synscapes\mask\811.png,streetViewData\train\synscapes\img\811.png
1363,train,synscapes,streetViewData\train\synscapes\mask\885.png,streetViewData\train\synscapes\img\885.png
1364,train,synscapes,streetViewData\train\synscapes\mask\1422.png,streetViewData\train\synscapes\img\1422.png
1365,train,synscapes,streetViewData\train\synscapes\mask\317.png,streetViewData\train\synscapes\img\317.png
1366,train,synscapes,streetViewData\train\synscapes\mask\1648.png,streetViewData\train\synscapes\img\1648.png
1367,train,synscapes,streetViewData\train\synscapes\mask\1401.png,streetViewData\train\synscapes\img\1401.png
1368,train,synscapes,streetViewData\train\synscapes\mask\371.png,streetViewData\train\synscapes\img\371.png
1369,train,synscapes,streetViewData\train\synscapes\mask\1349.png,streetViewData\train\synscapes\img\1349.png
1370,train,synscapes,streetViewData\train\synscapes\mask\342.png,streetViewData\train\synscapes\img\342.png
1371,train,synscapes,streetViewData\train\synscapes\mask\1460.png,streetViewData\train\synscapes\img\1460.png
1372,train,synscapes,streetViewData\train\synscapes\mask\448.png,streetViewData\train\synscapes\img\448.png
1373,train,synscapes,streetViewData\train\synscapes\mask\591.png,streetViewData\train\synscapes\img\591.png
1374,train,synscapes,streetViewData\train\synscapes\mask\527.png,streetViewData\train\synscapes\img\527.png
1375,train,synscapes,streetViewData\train\synscapes\mask\612.png,streetViewData\train\synscapes\img\612.png
1376,train,synscapes,streetViewData\train\synscapes\mask\413.png,streetViewData\train\synscapes\img\413.png
1377,train,synscapes,streetViewData\train\synscapes\mask\453.png,streetViewData\train\synscapes\img\453.png
1378,train,synscapes,streetViewData\train\synscapes\mask\1250.png,streetViewData\train\synscapes\img\1250.png
1379,train,synscapes,streetViewData\train\synscapes\mask\356.png,streetViewData\train\synscapes\img\356.png
1380,train,synscapes,streetViewData\train\synscapes\mask\1177.png,streetViewData\train\synscapes\img\1177.png
1381,train,synscapes,streetViewData\train\synscapes\mask\355.png,streetViewData\train\synscapes\img\355.png
1382,train,synscapes,streetViewData\train\synscapes\mask\39.png,streetViewData\train\synscapes\img\39.png
1383,train,synscapes,streetViewData\train\synscapes\mask\1070.png,streetViewData\train\synscapes\img\1070.png
1384,train,synscapes,streetViewData\train\synscapes\mask\1568.png,streetViewData\train\synscapes\img\1568.png
1385,train,synscapes,streetViewData\train\synscapes\mask\652.png,streetViewData\train\synscapes\img\652.png
1386,train,synscapes,streetViewData\train\synscapes\mask\1810.png,streetViewData\train\synscapes\img\1810.png
1387,train,synscapes,streetViewData\train\synscapes\mask\106.png,streetViewData\train\synscapes\img\106.png
1388,train,synscapes,streetViewData\train\synscapes\mask\266.png,streetViewData\train\synscapes\img\266.png
1389,train,synscapes,streetViewData\train\synscapes\mask\1671.png,streetViewData\train\synscapes\img\1671.png
1390,train,synscapes,streetViewData\train\synscapes\mask\548.png,streetViewData\train\synscapes\img\548.png
1391,train,synscapes,streetViewData\train\synscapes\mask\1240.png,streetViewData\train\synscapes\img\1240.png
1392,train,synscapes,streetViewData\train\synscapes\mask\1164.png,streetViewData\train\synscapes\img\1164.png
1393,train,synscapes,streetViewData\train\synscapes\mask\687.png,streetViewData\train\synscapes\img\687.png
1394,train,synscapes,streetViewData\train\synscapes\mask\1600.png,streetViewData\train\synscapes\img\1600.png
1395,train,synscapes,streetViewData\train\synscapes\mask\576.png,streetViewData\train\synscapes\img\576.png
1396,train,synscapes,streetViewData\train\synscapes\mask\863.png,streetViewData\train\synscapes\img\863.png
1397,train,synscapes,streetViewData\train\synscapes\mask\1321.png,streetViewData\train\synscapes\img\1321.png
1398,train,synscapes,streetViewData\train\synscapes\mask\1369.png,streetViewData\train\synscapes\img\1369.png
1399,train,synscapes,streetViewData\train\synscapes\mask\1241.png,streetViewData\train\synscapes\img\1241.png
1400,train,synscapes,streetViewData\train\synscapes\mask\1993.png,streetViewData\train\synscapes\img\1993.png
1401,train,synscapes,streetViewData\train\synscapes\mask\1673.png,streetViewData\train\synscapes\img\1673.png
1402,train,synscapes,streetViewData\train\synscapes\mask\734.png,streetViewData\train\synscapes\img\734.png
1403,train,synscapes,streetViewData\train\synscapes\mask\1923.png,streetViewData\train\synscapes\img\1923.png
1404,train,synscapes,streetViewData\train\synscapes\mask\1500.png,streetViewData\train\synscapes\img\1500.png
1405,train,synscapes,streetViewData\train\synscapes\mask\1300.png,streetViewData\train\synscapes\img\1300.png
1406,train,synscapes,streetViewData\train\synscapes\mask\1472.png,streetViewData\train\synscapes\img\1472.png
1407,train,synscapes,streetViewData\train\synscapes\mask\1887.png,streetViewData\train\synscapes\img\1887.png
1408,train,synscapes,streetViewData\train\synscapes\mask\645.png,streetViewData\train\synscapes\img\645.png
1409,train,synscapes,streetViewData\train\synscapes\mask\852.png,streetViewData\train\synscapes\img\852.png
1410,train,synscapes,streetViewData\train\synscapes\mask\779.png,streetViewData\train\synscapes\img\779.png
1411,train,synscapes,streetViewData\train\synscapes\mask\121.png,streetViewData\train\synscapes\img\121.png
1412,train,synscapes,streetViewData\train\synscapes\mask\987.png,streetViewData\train\synscapes\img\987.png
1413,train,synscapes,streetViewData\train\synscapes\mask\1137.png,streetViewData\train\synscapes\img\1137.png
1414,train,synscapes,streetViewData\train\synscapes\mask\1258.png,streetViewData\train\synscapes\img\1258.png
1415,train,synscapes,streetViewData\train\synscapes\mask\589.png,streetViewData\train\synscapes\img\589.png
1416,train,synscapes,streetViewData\train\synscapes\mask\1414.png,streetViewData\train\synscapes\img\1414.png
1417,train,synscapes,streetViewData\train\synscapes\mask\445.png,streetViewData\train\synscapes\img\445.png
1418,train,synscapes,streetViewData\train\synscapes\mask\533.png,streetViewData\train\synscapes\img\533.png
1419,train,synscapes,streetViewData\train\synscapes\mask\770.png,streetViewData\train\synscapes\img\770.png
1420,train,synscapes,streetViewData\train\synscapes\mask\1730.png,streetViewData\train\synscapes\img\1730.png
1421,train,synscapes,streetViewData\train\synscapes\mask\225.png,streetViewData\train\synscapes\img\225.png
1422,train,synscapes,streetViewData\train\synscapes\mask\638.png,streetViewData\train\synscapes\img\638.png
1423,train,synscapes,streetViewData\train\synscapes\mask\646.png,streetViewData\train\synscapes\img\646.png
1424,train,synscapes,streetViewData\train\synscapes\mask\1726.png,streetViewData\train\synscapes\img\1726.png
1425,train,synscapes,streetViewData\train\synscapes\mask\88.png,streetViewData\train\synscapes\img\88.png
1426,train,synscapes,streetViewData\train\synscapes\mask\1486.png,streetViewData\train\synscapes\img\1486.png
1427,train,synscapes,streetViewData\train\synscapes\mask\1988.png,streetViewData\train\synscapes\img\1988.png
1428,train,synscapes,streetViewData\train\synscapes\mask\1226.png,streetViewData\train\synscapes\img\1226.png
1429,train,synscapes,streetViewData\train\synscapes\mask\921.png,streetViewData\train\synscapes\img\921.png
1430,train,synscapes,streetViewData\train\synscapes\mask\1678.png,streetViewData\train\synscapes\img\1678.png
1431,train,synscapes,streetViewData\train\synscapes\mask\438.png,streetViewData\train\synscapes\img\438.png
1432,train,synscapes,streetViewData\train\synscapes\mask\993.png,streetViewData\train\synscapes\img\993.png
1433,train,synscapes,streetViewData\train\synscapes\mask\959.png,streetViewData\train\synscapes\img\959.png
1434,train,synscapes,streetViewData\train\synscapes\mask\1481.png,streetViewData\train\synscapes\img\1481.png
1435,train,synscapes,streetViewData\train\synscapes\mask\276.png,streetViewData\train\synscapes\img\276.png
1436,train,synscapes,streetViewData\train\synscapes\mask\804.png,streetViewData\train\synscapes\img\804.png
1437,train,synscapes,streetViewData\train\synscapes\mask\375.png,streetViewData\train\synscapes\img\375.png
1438,train,synscapes,streetViewData\train\synscapes\mask\1683.png,streetViewData\train\synscapes\img\1683.png
1439,train,synscapes,streetViewData\train\synscapes\mask\1198.png,streetViewData\train\synscapes\img\1198.png
1440,train,synscapes,streetViewData\train\synscapes\mask\442.png,streetViewData\train\synscapes\img\442.png
1441,train,synscapes,streetViewData\train\synscapes\mask\813.png,streetViewData\train\synscapes\img\813.png
1442,train,synscapes,streetViewData\train\synscapes\mask\1868.png,streetViewData\train\synscapes\img\1868.png
1443,train,synscapes,streetViewData\train\synscapes\mask\1044.png,streetViewData\train\synscapes\img\1044.png
1444,train,synscapes,streetViewData\train\synscapes\mask\34.png,streetViewData\train\synscapes\img\34.png
1445,train,synscapes,streetViewData\train\synscapes\mask\232.png,streetViewData\train\synscapes\img\232.png
1446,train,synscapes,streetViewData\train\synscapes\mask\1602.png,streetViewData\train\synscapes\img\1602.png
1447,train,synscapes,streetViewData\train\synscapes\mask\322.png,streetViewData\train\synscapes\img\322.png
1448,train,synscapes,streetViewData\train\synscapes\mask\1406.png,streetViewData\train\synscapes\img\1406.png
1449,train,synscapes,streetViewData\train\synscapes\mask\871.png,streetViewData\train\synscapes\img\871.png
1450,train,synscapes,streetViewData\train\synscapes\mask\1114.png,streetViewData\train\synscapes\img\1114.png
1451,train,synscapes,streetViewData\train\synscapes\mask\37.png,streetViewData\train\synscapes\img\37.png
1452,train,synscapes,streetViewData\train\synscapes\mask\1854.png,streetViewData\train\synscapes\img\1854.png
1453,train,synscapes,streetViewData\train\synscapes\mask\490.png,streetViewData\train\synscapes\img\490.png
1454,train,synscapes,streetViewData\train\synscapes\mask\698.png,streetViewData\train\synscapes\img\698.png
1455,train,synscapes,streetViewData\train\synscapes\mask\395.png,streetViewData\train\synscapes\img\395.png
1456,train,synscapes,streetViewData\train\synscapes\mask\938.png,streetViewData\train\synscapes\img\938.png
1457,train,synscapes,streetViewData\train\synscapes\mask\1212.png,streetViewData\train\synscapes\img\1212.png
1458,train,synscapes,streetViewData\train\synscapes\mask\1256.png,streetViewData\train\synscapes\img\1256.png
1459,train,synscapes,streetViewData\train\synscapes\mask\1081.png,streetViewData\train\synscapes\img\1081.png
1460,train,synscapes,streetViewData\train\synscapes\mask\1067.png,streetViewData\train\synscapes\img\1067.png
1461,train,synscapes,streetViewData\train\synscapes\mask\156.png,streetViewData\train\synscapes\img\156.png
1462,train,synscapes,streetViewData\train\synscapes\mask\1906.png,streetViewData\train\synscapes\img\1906.png
1463,train,synscapes,streetViewData\train\synscapes\mask\917.png,streetViewData\train\synscapes\img\917.png
1464,train,synscapes,streetViewData\train\synscapes\mask\1178.png,streetViewData\train\synscapes\img\1178.png
1465,train,synscapes,streetViewData\train\synscapes\mask\76.png,streetViewData\train\synscapes\img\76.png
1466,train,synscapes,streetViewData\train\synscapes\mask\199.png,streetViewData\train\synscapes\img\199.png
1467,train,synscapes,streetViewData\train\synscapes\mask\1248.png,streetViewData\train\synscapes\img\1248.png
1468,train,synscapes,streetViewData\train\synscapes\mask\1714.png,streetViewData\train\synscapes\img\1714.png
1469,train,synscapes,streetViewData\train\synscapes\mask\1835.png,streetViewData\train\synscapes\img\1835.png
1470,train,synscapes,streetViewData\train\synscapes\mask\1682.png,streetViewData\train\synscapes\img\1682.png
1471,train,synscapes,streetViewData\train\synscapes\mask\434.png,streetViewData\train\synscapes\img\434.png
1472,train,synscapes,streetViewData\train\synscapes\mask\568.png,streetViewData\train\synscapes\img\568.png
1473,train,synscapes,streetViewData\train\synscapes\mask\482.png,streetViewData\train\synscapes\img\482.png
1474,train,synscapes,streetViewData\train\synscapes\mask\1995.png,streetViewData\train\synscapes\img\1995.png
1475,train,synscapes,streetViewData\train\synscapes\mask\1771.png,streetViewData\train\synscapes\img\1771.png
1476,train,synscapes,streetViewData\train\synscapes\mask\834.png,streetViewData\train\synscapes\img\834.png
1477,train,synscapes,streetViewData\train\synscapes\mask\567.png,streetViewData\train\synscapes\img\567.png
1478,train,synscapes,streetViewData\train\synscapes\mask\538.png,streetViewData\train\synscapes\img\538.png
1479,train,synscapes,streetViewData\train\synscapes\mask\783.png,streetViewData\train\synscapes\img\783.png
1480,train,synscapes,streetViewData\train\synscapes\mask\844.png,streetViewData\train\synscapes\img\844.png
1481,train,synscapes,streetViewData\train\synscapes\mask\405.png,streetViewData\train\synscapes\img\405.png
1482,train,synscapes,streetViewData\train\synscapes\mask\1180.png,streetViewData\train\synscapes\img\1180.png
1483,train,synscapes,streetViewData\train\synscapes\mask\831.png,streetViewData\train\synscapes\img\831.png
1484,train,synscapes,streetViewData\train\synscapes\mask\332.png,streetViewData\train\synscapes\img\332.png
1485,train,synscapes,streetViewData\train\synscapes\mask\878.png,streetViewData\train\synscapes\img\878.png
1486,train,synscapes,streetViewData\train\synscapes\mask\1513.png,streetViewData\train\synscapes\img\1513.png
1487,train,synscapes,streetViewData\train\synscapes\mask\1059.png,streetViewData\train\synscapes\img\1059.png
1488,train,synscapes,streetViewData\train\synscapes\mask\70.png,streetViewData\train\synscapes\img\70.png
1489,train,synscapes,streetViewData\train\synscapes\mask\1681.png,streetViewData\train\synscapes\img\1681.png
1490,train,synscapes,streetViewData\train\synscapes\mask\1399.png,streetViewData\train\synscapes\img\1399.png
1491,train,synscapes,streetViewData\train\synscapes\mask\748.png,streetViewData\train\synscapes\img\748.png
1492,train,synscapes,streetViewData\train\synscapes\mask\1818.png,streetViewData\train\synscapes\img\1818.png
1493,train,synscapes,streetViewData\train\synscapes\mask\1433.png,streetViewData\train\synscapes\img\1433.png
1494,train,synscapes,streetViewData\train\synscapes\mask\1667.png,streetViewData\train\synscapes\img\1667.png
1495,train,synscapes,streetViewData\train\synscapes\mask\1181.png,streetViewData\train\synscapes\img\1181.png
1496,train,synscapes,streetViewData\train\synscapes\mask\680.png,streetViewData\train\synscapes\img\680.png
1497,train,synscapes,streetViewData\train\synscapes\mask\1676.png,streetViewData\train\synscapes\img\1676.png
1498,train,synscapes,streetViewData\train\synscapes\mask\201.png,streetViewData\train\synscapes\img\201.png
1499,train,synscapes,streetViewData\train\synscapes\mask\387.png,streetViewData\train\synscapes\img\387.png
1500,train,synscapes,streetViewData\train\synscapes\mask\739.png,streetViewData\train\synscapes\img\739.png
1501,train,synscapes,streetViewData\train\synscapes\mask\111.png,streetViewData\train\synscapes\img\111.png
1502,train,synscapes,streetViewData\train\synscapes\mask\1732.png,streetViewData\train\synscapes\img\1732.png
1503,train,synscapes,streetViewData\train\synscapes\mask\848.png,streetViewData\train\synscapes\img\848.png
1504,train,synscapes,streetViewData\train\synscapes\mask\1348.png,streetViewData\train\synscapes\img\1348.png
1505,train,synscapes,streetViewData\train\synscapes\mask\1223.png,streetViewData\train\synscapes\img\1223.png
1506,train,synscapes,streetViewData\train\synscapes\mask\661.png,streetViewData\train\synscapes\img\661.png
1507,train,synscapes,streetViewData\train\synscapes\mask\968.png,streetViewData\train\synscapes\img\968.png
1508,train,synscapes,streetViewData\train\synscapes\mask\42.png,streetViewData\train\synscapes\img\42.png
1509,train,synscapes,streetViewData\train\synscapes\mask\139.png,streetViewData\train\synscapes\img\139.png
1510,train,synscapes,streetViewData\train\synscapes\mask\381.png,streetViewData\train\synscapes\img\381.png
1511,train,synscapes,streetViewData\train\synscapes\mask\377.png,streetViewData\train\synscapes\img\377.png
1512,train,synscapes,streetViewData\train\synscapes\mask\299.png,streetViewData\train\synscapes\img\299.png
1513,train,synscapes,streetViewData\train\synscapes\mask\1037.png,streetViewData\train\synscapes\img\1037.png
1514,train,synscapes,streetViewData\train\synscapes\mask\1091.png,streetViewData\train\synscapes\img\1091.png
1515,train,synscapes,streetViewData\train\synscapes\mask\1613.png,streetViewData\train\synscapes\img\1613.png
1516,train,synscapes,streetViewData\train\synscapes\mask\1447.png,streetViewData\train\synscapes\img\1447.png
1517,train,synscapes,streetViewData\train\synscapes\mask\123.png,streetViewData\train\synscapes\img\123.png
1518,train,synscapes,streetViewData\train\synscapes\mask\239.png,streetViewData\train\synscapes\img\239.png
1519,train,synscapes,streetViewData\train\synscapes\mask\1377.png,streetViewData\train\synscapes\img\1377.png
1520,train,synscapes,streetViewData\train\synscapes\mask\760.png,streetViewData\train\synscapes\img\760.png
1521,train,synscapes,streetViewData\train\synscapes\mask\22.png,streetViewData\train\synscapes\img\22.png
1522,train,synscapes,streetViewData\train\synscapes\mask\1380.png,streetViewData\train\synscapes\img\1380.png
1523,train,synscapes,streetViewData\train\synscapes\mask\279.png,streetViewData\train\synscapes\img\279.png
1524,train,synscapes,streetViewData\train\synscapes\mask\1397.png,streetViewData\train\synscapes\img\1397.png
1525,train,synscapes,streetViewData\train\synscapes\mask\1428.png,streetViewData\train\synscapes\img\1428.png
1526,train,synscapes,streetViewData\train\synscapes\mask\772.png,streetViewData\train\synscapes\img\772.png
1527,train,synscapes,streetViewData\train\synscapes\mask\1270.png,streetViewData\train\synscapes\img\1270.png
1528,train,synscapes,streetViewData\train\synscapes\mask\297.png,streetViewData\train\synscapes\img\297.png
1529,train,synscapes,streetViewData\train\synscapes\mask\839.png,streetViewData\train\synscapes\img\839.png
1530,train,synscapes,streetViewData\train\synscapes\mask\1509.png,streetViewData\train\synscapes\img\1509.png
1531,train,synscapes,streetViewData\train\synscapes\mask\857.png,streetViewData\train\synscapes\img\857.png
1532,train,synscapes,streetViewData\train\synscapes\mask\1238.png,streetViewData\train\synscapes\img\1238.png
1533,train,synscapes,streetViewData\train\synscapes\mask\676.png,streetViewData\train\synscapes\img\676.png
1534,train,synscapes,streetViewData\train\synscapes\mask\665.png,streetViewData\train\synscapes\img\665.png
1535,train,synscapes,streetViewData\train\synscapes\mask\132.png,streetViewData\train\synscapes\img\132.png
1536,train,synscapes,streetViewData\train\synscapes\mask\1200.png,streetViewData\train\synscapes\img\1200.png
1537,train,synscapes,streetViewData\train\synscapes\mask\416.png,streetViewData\train\synscapes\img\416.png
1538,train,synscapes,streetViewData\train\synscapes\mask\969.png,streetViewData\train\synscapes\img\969.png
1539,train,synscapes,streetViewData\train\synscapes\mask\647.png,streetViewData\train\synscapes\img\647.png
1540,train,synscapes,streetViewData\train\synscapes\mask\1025.png,streetViewData\train\synscapes\img\1025.png
1541,train,synscapes,streetViewData\train\synscapes\mask\1659.png,streetViewData\train\synscapes\img\1659.png
1542,train,synscapes,streetViewData\train\synscapes\mask\1437.png,streetViewData\train\synscapes\img\1437.png
1543,train,synscapes,streetViewData\train\synscapes\mask\283.png,streetViewData\train\synscapes\img\283.png
1544,train,synscapes,streetViewData\train\synscapes\mask\1596.png,streetViewData\train\synscapes\img\1596.png
1545,train,synscapes,streetViewData\train\synscapes\mask\1027.png,streetViewData\train\synscapes\img\1027.png
1546,train,synscapes,streetViewData\train\synscapes\mask\1319.png,streetViewData\train\synscapes\img\1319.png
1547,train,synscapes,streetViewData\train\synscapes\mask\1488.png,streetViewData\train\synscapes\img\1488.png
1548,train,synscapes,streetViewData\train\synscapes\mask\1095.png,streetViewData\train\synscapes\img\1095.png
1549,train,synscapes,streetViewData\train\synscapes\mask\1231.png,streetViewData\train\synscapes\img\1231.png
1550,train,synscapes,streetViewData\train\synscapes\mask\1775.png,streetViewData\train\synscapes\img\1775.png
1551,train,synscapes,streetViewData\train\synscapes\mask\79.png,streetViewData\train\synscapes\img\79.png
1552,train,synscapes,streetViewData\train\synscapes\mask\874.png,streetViewData\train\synscapes\img\874.png
1553,train,synscapes,streetViewData\train\synscapes\mask\1115.png,streetViewData\train\synscapes\img\1115.png
1554,train,synscapes,streetViewData\train\synscapes\mask\1877.png,streetViewData\train\synscapes\img\1877.png
1555,train,synscapes,streetViewData\train\synscapes\mask\1825.png,streetViewData\train\synscapes\img\1825.png
1556,train,synscapes,streetViewData\train\synscapes\mask\1666.png,streetViewData\train\synscapes\img\1666.png
1557,train,synscapes,streetViewData\train\synscapes\mask\1945.png,streetViewData\train\synscapes\img\1945.png
1558,train,synscapes,streetViewData\train\synscapes\mask\292.png,streetViewData\train\synscapes\img\292.png
1559,train,synscapes,streetViewData\train\synscapes\mask\12.png,streetViewData\train\synscapes\img\12.png
1560,train,synscapes,streetViewData\train\synscapes\mask\1831.png,streetViewData\train\synscapes\img\1831.png
1561,train,synscapes,streetViewData\train\synscapes\mask\1927.png,streetViewData\train\synscapes\img\1927.png
1562,train,synscapes,streetViewData\train\synscapes\mask\596.png,streetViewData\train\synscapes\img\596.png
1563,train,synscapes,streetViewData\train\synscapes\mask\331.png,streetViewData\train\synscapes\img\331.png
1564,train,synscapes,streetViewData\train\synscapes\mask\1078.png,streetViewData\train\synscapes\img\1078.png
1565,train,synscapes,streetViewData\train\synscapes\mask\412.png,streetViewData\train\synscapes\img\412.png
1566,train,synscapes,streetViewData\train\synscapes\mask\196.png,streetViewData\train\synscapes\img\196.png
1567,train,synscapes,streetViewData\train\synscapes\mask\1554.png,streetViewData\train\synscapes\img\1554.png
1568,train,synscapes,streetViewData\train\synscapes\mask\1843.png,streetViewData\train\synscapes\img\1843.png
1569,train,synscapes,streetViewData\train\synscapes\mask\384.png,streetViewData\train\synscapes\img\384.png
1570,train,synscapes,streetViewData\train\synscapes\mask\1055.png,streetViewData\train\synscapes\img\1055.png
1571,train,synscapes,streetViewData\train\synscapes\mask\648.png,streetViewData\train\synscapes\img\648.png
1572,train,synscapes,streetViewData\train\synscapes\mask\1881.png,streetViewData\train\synscapes\img\1881.png
1573,train,synscapes,streetViewData\train\synscapes\mask\1739.png,streetViewData\train\synscapes\img\1739.png
1574,train,synscapes,streetViewData\train\synscapes\mask\1785.png,streetViewData\train\synscapes\img\1785.png
1575,train,synscapes,streetViewData\train\synscapes\mask\463.png,streetViewData\train\synscapes\img\463.png
1576,train,synscapes,streetViewData\train\synscapes\mask\603.png,streetViewData\train\synscapes\img\603.png
1577,train,synscapes,streetViewData\train\synscapes\mask\1902.png,streetViewData\train\synscapes\img\1902.png
1578,train,synscapes,streetViewData\train\synscapes\mask\557.png,streetViewData\train\synscapes\img\557.png
1579,train,synscapes,streetViewData\train\synscapes\mask\1133.png,streetViewData\train\synscapes\img\1133.png
1580,train,synscapes,streetViewData\train\synscapes\mask\1147.png,streetViewData\train\synscapes\img\1147.png
1581,train,synscapes,streetViewData\train\synscapes\mask\82.png,streetViewData\train\synscapes\img\82.png
1582,train,synscapes,streetViewData\train\synscapes\mask\319.png,streetViewData\train\synscapes\img\319.png
1583,train,synscapes,streetViewData\train\synscapes\mask\1271.png,streetViewData\train\synscapes\img\1271.png
1584,train,synscapes,streetViewData\train\synscapes\mask\1119.png,streetViewData\train\synscapes\img\1119.png
1585,train,synscapes,streetViewData\train\synscapes\mask\797.png,streetViewData\train\synscapes\img\797.png
1586,train,synscapes,streetViewData\train\synscapes\mask\1505.png,streetViewData\train\synscapes\img\1505.png
1587,train,synscapes,streetViewData\train\synscapes\mask\349.png,streetViewData\train\synscapes\img\349.png
1588,train,synscapes,streetViewData\train\synscapes\mask\365.png,streetViewData\train\synscapes\img\365.png
1589,train,synscapes,streetViewData\train\synscapes\mask\945.png,streetViewData\train\synscapes\img\945.png
1590,train,synscapes,streetViewData\train\synscapes\mask\209.png,streetViewData\train\synscapes\img\209.png
1591,train,synscapes,streetViewData\train\synscapes\mask\1598.png,streetViewData\train\synscapes\img\1598.png
1592,train,synscapes,streetViewData\train\synscapes\mask\606.png,streetViewData\train\synscapes\img\606.png
1593,train,synscapes,streetViewData\train\synscapes\mask\3.png,streetViewData\train\synscapes\img\3.png
1594,train,synscapes,streetViewData\train\synscapes\mask\1977.png,streetViewData\train\synscapes\img\1977.png
1595,train,synscapes,streetViewData\train\synscapes\mask\1541.png,streetViewData\train\synscapes\img\1541.png
1596,train,synscapes,streetViewData\train\synscapes\mask\577.png,streetViewData\train\synscapes\img\577.png
1597,train,synscapes,streetViewData\train\synscapes\mask\1930.png,streetViewData\train\synscapes\img\1930.png
1598,train,synscapes,streetViewData\train\synscapes\mask\313.png,streetViewData\train\synscapes\img\313.png
1599,train,synscapes,streetViewData\train\synscapes\mask\1792.png,streetViewData\train\synscapes\img\1792.png
1600,train,synscapes,streetViewData\train\synscapes\mask\553.png,streetViewData\train\synscapes\img\553.png
1601,train,synscapes,streetViewData\train\synscapes\mask\1209.png,streetViewData\train\synscapes\img\1209.png
1602,train,synscapes,streetViewData\train\synscapes\mask\784.png,streetViewData\train\synscapes\img\784.png
1603,train,synscapes,streetViewData\train\synscapes\mask\399.png,streetViewData\train\synscapes\img\399.png
1604,train,synscapes,streetViewData\train\synscapes\mask\214.png,streetViewData\train\synscapes\img\214.png
1605,train,synscapes,streetViewData\train\synscapes\mask\1395.png,streetViewData\train\synscapes\img\1395.png
1606,train,synscapes,streetViewData\train\synscapes\mask\1791.png,streetViewData\train\synscapes\img\1791.png
1607,train,synscapes,streetViewData\train\synscapes\mask\1830.png,streetViewData\train\synscapes\img\1830.png
1608,train,synscapes,streetViewData\train\synscapes\mask\1419.png,streetViewData\train\synscapes\img\1419.png
1609,train,synscapes,streetViewData\train\synscapes\mask\1761.png,streetViewData\train\synscapes\img\1761.png
1610,train,synscapes,streetViewData\train\synscapes\mask\1623.png,streetViewData\train\synscapes\img\1623.png
1611,train,synscapes,streetViewData\train\synscapes\mask\1834.png,streetViewData\train\synscapes\img\1834.png
1612,train,synscapes,streetViewData\train\synscapes\mask\1733.png,streetViewData\train\synscapes\img\1733.png
1613,train,synscapes,streetViewData\train\synscapes\mask\1765.png,streetViewData\train\synscapes\img\1765.png
1614,train,synscapes,streetViewData\train\synscapes\mask\1173.png,streetViewData\train\synscapes\img\1173.png
1615,train,synscapes,streetViewData\train\synscapes\mask\1575.png,streetViewData\train\synscapes\img\1575.png
1616,train,synscapes,streetViewData\train\synscapes\mask\1786.png,streetViewData\train\synscapes\img\1786.png
1617,train,synscapes,streetViewData\train\synscapes\mask\623.png,streetViewData\train\synscapes\img\623.png
1618,train,synscapes,streetViewData\train\synscapes\mask\424.png,streetViewData\train\synscapes\img\424.png
1619,train,synscapes,streetViewData\train\synscapes\mask\714.png,streetViewData\train\synscapes\img\714.png
1620,train,synscapes,streetViewData\train\synscapes\mask\1689.png,streetViewData\train\synscapes\img\1689.png
1621,train,synscapes,streetViewData\train\synscapes\mask\128.png,streetViewData\train\synscapes\img\128.png
1622,train,synscapes,streetViewData\train\synscapes\mask\1873.png,streetViewData\train\synscapes\img\1873.png
1623,train,synscapes,streetViewData\train\synscapes\mask\1121.png,streetViewData\train\synscapes\img\1121.png
1624,train,synscapes,streetViewData\train\synscapes\mask\940.png,streetViewData\train\synscapes\img\940.png
1625,train,synscapes,streetViewData\train\synscapes\mask\1155.png,streetViewData\train\synscapes\img\1155.png
1626,train,synscapes,streetViewData\train\synscapes\mask\877.png,streetViewData\train\synscapes\img\877.png
1627,train,synscapes,streetViewData\train\synscapes\mask\973.png,streetViewData\train\synscapes\img\973.png
1628,train,synscapes,streetViewData\train\synscapes\mask\1176.png,streetViewData\train\synscapes\img\1176.png
1629,train,synscapes,streetViewData\train\synscapes\mask\1686.png,streetViewData\train\synscapes\img\1686.png
1630,train,synscapes,streetViewData\train\synscapes\mask\52.png,streetViewData\train\synscapes\img\52.png
1631,train,synscapes,streetViewData\train\synscapes\mask\223.png,streetViewData\train\synscapes\img\223.png
1632,train,synscapes,streetViewData\train\synscapes\mask\998.png,streetViewData\train\synscapes\img\998.png
1633,train,synscapes,streetViewData\train\synscapes\mask\28.png,streetViewData\train\synscapes\img\28.png
1634,train,synscapes,streetViewData\train\synscapes\mask\233.png,streetViewData\train\synscapes\img\233.png
1635,train,synscapes,streetViewData\train\synscapes\mask\428.png,streetViewData\train\synscapes\img\428.png
1636,train,synscapes,streetViewData\train\synscapes\mask\931.png,streetViewData\train\synscapes\img\931.png
1637,train,synscapes,streetViewData\train\synscapes\mask\544.png,streetViewData\train\synscapes\img\544.png
1638,train,synscapes,streetViewData\train\synscapes\mask\810.png,streetViewData\train\synscapes\img\810.png
1639,train,synscapes,streetViewData\train\synscapes\mask\1650.png,streetViewData\train\synscapes\img\1650.png
1640,train,synscapes,streetViewData\train\synscapes\mask\1779.png,streetViewData\train\synscapes\img\1779.png
1641,train,synscapes,streetViewData\train\synscapes\mask\898.png,streetViewData\train\synscapes\img\898.png
1642,train,synscapes,streetViewData\train\synscapes\mask\71.png,streetViewData\train\synscapes\img\71.png
1643,train,synscapes,streetViewData\train\synscapes\mask\304.png,streetViewData\train\synscapes\img\304.png
1644,train,synscapes,streetViewData\train\synscapes\mask\1574.png,streetViewData\train\synscapes\img\1574.png
1645,train,synscapes,streetViewData\train\synscapes\mask\1647.png,streetViewData\train\synscapes\img\1647.png
1646,train,synscapes,streetViewData\train\synscapes\mask\119.png,streetViewData\train\synscapes\img\119.png
1647,train,synscapes,streetViewData\train\synscapes\mask\263.png,streetViewData\train\synscapes\img\263.png
1648,train,synscapes,streetViewData\train\synscapes\mask\841.png,streetViewData\train\synscapes\img\841.png
1649,train,synscapes,streetViewData\train\synscapes\mask\1390.png,streetViewData\train\synscapes\img\1390.png
1650,train,synscapes,streetViewData\train\synscapes\mask\630.png,streetViewData\train\synscapes\img\630.png
1651,train,synscapes,streetViewData\train\synscapes\mask\408.png,streetViewData\train\synscapes\img\408.png
1652,train,synscapes,streetViewData\train\synscapes\mask\1888.png,streetViewData\train\synscapes\img\1888.png
1653,train,synscapes,streetViewData\train\synscapes\mask\1411.png,streetViewData\train\synscapes\img\1411.png
1654,train,synscapes,streetViewData\train\synscapes\mask\480.png,streetViewData\train\synscapes\img\480.png
1655,train,synscapes,streetViewData\train\synscapes\mask\1644.png,streetViewData\train\synscapes\img\1644.png
1656,train,synscapes,streetViewData\train\synscapes\mask\430.png,streetViewData\train\synscapes\img\430.png
1657,train,synscapes,streetViewData\train\synscapes\mask\551.png,streetViewData\train\synscapes\img\551.png
1658,train,synscapes,streetViewData\train\synscapes\mask\629.png,streetViewData\train\synscapes\img\629.png
1659,train,synscapes,streetViewData\train\synscapes\mask\1511.png,streetViewData\train\synscapes\img\1511.png
1660,train,synscapes,streetViewData\train\synscapes\mask\256.png,streetViewData\train\synscapes\img\256.png
1661,train,synscapes,streetViewData\train\synscapes\mask\1415.png,streetViewData\train\synscapes\img\1415.png
1662,train,synscapes,streetViewData\train\synscapes\mask\179.png,streetViewData\train\synscapes\img\179.png
1663,train,synscapes,streetViewData\train\synscapes\mask\231.png,streetViewData\train\synscapes\img\231.png
1664,train,synscapes,streetViewData\train\synscapes\mask\344.png,streetViewData\train\synscapes\img\344.png
1665,train,synscapes,streetViewData\train\synscapes\mask\329.png,streetViewData\train\synscapes\img\329.png
1666,train,synscapes,streetViewData\train\synscapes\mask\383.png,streetViewData\train\synscapes\img\383.png
1667,train,synscapes,streetViewData\train\synscapes\mask\224.png,streetViewData\train\synscapes\img\224.png
1668,train,synscapes,streetViewData\train\synscapes\mask\1046.png,streetViewData\train\synscapes\img\1046.png
1669,train,synscapes,streetViewData\train\synscapes\mask\320.png,streetViewData\train\synscapes\img\320.png
1670,train,synscapes,streetViewData\train\synscapes\mask\840.png,streetViewData\train\synscapes\img\840.png
1671,train,synscapes,streetViewData\train\synscapes\mask\744.png,streetViewData\train\synscapes\img\744.png
1672,train,synscapes,streetViewData\train\synscapes\mask\1330.png,streetViewData\train\synscapes\img\1330.png
1673,train,synscapes,streetViewData\train\synscapes\mask\864.png,streetViewData\train\synscapes\img\864.png
1674,train,synscapes,streetViewData\train\synscapes\mask\653.png,streetViewData\train\synscapes\img\653.png
1675,train,synscapes,streetViewData\train\synscapes\mask\1624.png,streetViewData\train\synscapes\img\1624.png
1676,train,synscapes,streetViewData\train\synscapes\mask\1645.png,streetViewData\train\synscapes\img\1645.png
1677,train,synscapes,streetViewData\train\synscapes\mask\1009.png,streetViewData\train\synscapes\img\1009.png
1678,train,synscapes,streetViewData\train\synscapes\mask\946.png,streetViewData\train\synscapes\img\946.png
1679,train,synscapes,streetViewData\train\synscapes\mask\72.png,streetViewData\train\synscapes\img\72.png
1680,train,synscapes,streetViewData\train\synscapes\mask\711.png,streetViewData\train\synscapes\img\711.png
1681,train,synscapes,streetViewData\train\synscapes\mask\926.png,streetViewData\train\synscapes\img\926.png
1682,train,synscapes,streetViewData\train\synscapes\mask\849.png,streetViewData\train\synscapes\img\849.png
1683,train,synscapes,streetViewData\train\synscapes\mask\126.png,streetViewData\train\synscapes\img\126.png
1684,train,synscapes,streetViewData\train\synscapes\mask\47.png,streetViewData\train\synscapes\img\47.png
1685,train,synscapes,streetViewData\train\synscapes\mask\1054.png,streetViewData\train\synscapes\img\1054.png
1686,train,synscapes,streetViewData\train\synscapes\mask\542.png,streetViewData\train\synscapes\img\542.png
1687,train,synscapes,streetViewData\train\synscapes\mask\464.png,streetViewData\train\synscapes\img\464.png
1688,train,synscapes,streetViewData\train\synscapes\mask\454.png,streetViewData\train\synscapes\img\454.png
1689,train,synscapes,streetViewData\train\synscapes\mask\1692.png,streetViewData\train\synscapes\img\1692.png
1690,train,synscapes,streetViewData\train\synscapes\mask\1772.png,streetViewData\train\synscapes\img\1772.png
1691,train,synscapes,streetViewData\train\synscapes\mask\972.png,streetViewData\train\synscapes\img\972.png
1692,train,synscapes,streetViewData\train\synscapes\mask\1627.png,streetViewData\train\synscapes\img\1627.png
1693,train,synscapes,streetViewData\train\synscapes\mask\1289.png,streetViewData\train\synscapes\img\1289.png
1694,train,synscapes,streetViewData\train\synscapes\mask\1680.png,streetViewData\train\synscapes\img\1680.png
1695,train,synscapes,streetViewData\train\synscapes\mask\1573.png,streetViewData\train\synscapes\img\1573.png
1696,train,synscapes,streetViewData\train\synscapes\mask\835.png,streetViewData\train\synscapes\img\835.png
1697,train,synscapes,streetViewData\train\synscapes\mask\244.png,streetViewData\train\synscapes\img\244.png
1698,train,synscapes,streetViewData\train\synscapes\mask\298.png,streetViewData\train\synscapes\img\298.png
1699,train,synscapes,streetViewData\train\synscapes\mask\1154.png,streetViewData\train\synscapes\img\1154.png
1700,train,synscapes,streetViewData\train\synscapes\mask\505.png,streetViewData\train\synscapes\img\505.png
1701,train,synscapes,streetViewData\train\synscapes\mask\1285.png,streetViewData\train\synscapes\img\1285.png
1702,train,synscapes,streetViewData\train\synscapes\mask\605.png,streetViewData\train\synscapes\img\605.png
1703,train,synscapes,streetViewData\train\synscapes\mask\337.png,streetViewData\train\synscapes\img\337.png
1704,train,synscapes,streetViewData\train\synscapes\mask\109.png,streetViewData\train\synscapes\img\109.png
1705,train,synscapes,streetViewData\train\synscapes\mask\1149.png,streetViewData\train\synscapes\img\1149.png
1706,train,synscapes,streetViewData\train\synscapes\mask\981.png,streetViewData\train\synscapes\img\981.png
1707,train,synscapes,streetViewData\train\synscapes\mask\1815.png,streetViewData\train\synscapes\img\1815.png
1708,train,synscapes,streetViewData\train\synscapes\mask\700.png,streetViewData\train\synscapes\img\700.png
1709,train,synscapes,streetViewData\train\synscapes\mask\1894.png,streetViewData\train\synscapes\img\1894.png
1710,train,synscapes,streetViewData\train\synscapes\mask\670.png,streetViewData\train\synscapes\img\670.png
1711,train,synscapes,streetViewData\train\synscapes\mask\9.png,streetViewData\train\synscapes\img\9.png
1712,train,synscapes,streetViewData\train\synscapes\mask\1762.png,streetViewData\train\synscapes\img\1762.png
1713,train,synscapes,streetViewData\train\synscapes\mask\393.png,streetViewData\train\synscapes\img\393.png
1714,train,synscapes,streetViewData\train\synscapes\mask\1396.png,streetViewData\train\synscapes\img\1396.png
1715,train,synscapes,streetViewData\train\synscapes\mask\1943.png,streetViewData\train\synscapes\img\1943.png
1716,train,synscapes,streetViewData\train\synscapes\mask\1208.png,streetViewData\train\synscapes\img\1208.png
1717,train,synscapes,streetViewData\train\synscapes\mask\826.png,streetViewData\train\synscapes\img\826.png
1718,train,synscapes,streetViewData\train\synscapes\mask\730.png,streetViewData\train\synscapes\img\730.png
1719,train,synscapes,streetViewData\train\synscapes\mask\1202.png,streetViewData\train\synscapes\img\1202.png
1720,train,synscapes,streetViewData\train\synscapes\mask\1520.png,streetViewData\train\synscapes\img\1520.png
1721,train,synscapes,streetViewData\train\synscapes\mask\291.png,streetViewData\train\synscapes\img\291.png
1722,train,synscapes,streetViewData\train\synscapes\mask\1896.png,streetViewData\train\synscapes\img\1896.png
1723,train,synscapes,streetViewData\train\synscapes\mask\1970.png,streetViewData\train\synscapes\img\1970.png
1724,train,synscapes,streetViewData\train\synscapes\mask\1567.png,streetViewData\train\synscapes\img\1567.png
1725,train,synscapes,streetViewData\train\synscapes\mask\1082.png,streetViewData\train\synscapes\img\1082.png
1726,train,synscapes,streetViewData\train\synscapes\mask\1404.png,streetViewData\train\synscapes\img\1404.png
1727,train,synscapes,streetViewData\train\synscapes\mask\1727.png,streetViewData\train\synscapes\img\1727.png
1728,train,synscapes,streetViewData\train\synscapes\mask\854.png,streetViewData\train\synscapes\img\854.png
1729,train,synscapes,streetViewData\train\synscapes\mask\11.png,streetViewData\train\synscapes\img\11.png
1730,train,synscapes,streetViewData\train\synscapes\mask\1011.png,streetViewData\train\synscapes\img\1011.png
1731,train,synscapes,streetViewData\train\synscapes\mask\1375.png,streetViewData\train\synscapes\img\1375.png
1732,train,synscapes,streetViewData\train\synscapes\mask\984.png,streetViewData\train\synscapes\img\984.png
1733,train,synscapes,streetViewData\train\synscapes\mask\1388.png,streetViewData\train\synscapes\img\1388.png
1734,train,synscapes,streetViewData\train\synscapes\mask\1251.png,streetViewData\train\synscapes\img\1251.png
1735,train,synscapes,streetViewData\train\synscapes\mask\147.png,streetViewData\train\synscapes\img\147.png
1736,train,synscapes,streetViewData\train\synscapes\mask\1531.png,streetViewData\train\synscapes\img\1531.png
1737,train,synscapes,streetViewData\train\synscapes\mask\598.png,streetViewData\train\synscapes\img\598.png
1738,train,synscapes,streetViewData\train\synscapes\mask\1219.png,streetViewData\train\synscapes\img\1219.png
1739,train,synscapes,streetViewData\train\synscapes\mask\341.png,streetViewData\train\synscapes\img\341.png
1740,train,synscapes,streetViewData\train\synscapes\mask\1915.png,streetViewData\train\synscapes\img\1915.png
1741,train,synscapes,streetViewData\train\synscapes\mask\758.png,streetViewData\train\synscapes\img\758.png
1742,train,synscapes,streetViewData\train\synscapes\mask\641.png,streetViewData\train\synscapes\img\641.png
1743,train,synscapes,streetViewData\train\synscapes\mask\1236.png,streetViewData\train\synscapes\img\1236.png
1744,train,synscapes,streetViewData\train\synscapes\mask\845.png,streetViewData\train\synscapes\img\845.png
1745,train,synscapes,streetViewData\train\synscapes\mask\1980.png,streetViewData\train\synscapes\img\1980.png
1746,train,synscapes,streetViewData\train\synscapes\mask\672.png,streetViewData\train\synscapes\img\672.png
1747,train,synscapes,streetViewData\train\synscapes\mask\980.png,streetViewData\train\synscapes\img\980.png
1748,train,synscapes,streetViewData\train\synscapes\mask\228.png,streetViewData\train\synscapes\img\228.png
1749,train,synscapes,streetViewData\train\synscapes\mask\1651.png,streetViewData\train\synscapes\img\1651.png
1750,train,synscapes,streetViewData\train\synscapes\mask\1130.png,streetViewData\train\synscapes\img\1130.png
1751,train,synscapes,streetViewData\train\synscapes\mask\620.png,streetViewData\train\synscapes\img\620.png
1752,train,synscapes,streetViewData\train\synscapes\mask\1076.png,streetViewData\train\synscapes\img\1076.png
1753,train,synscapes,streetViewData\train\synscapes\mask\1802.png,streetViewData\train\synscapes\img\1802.png
1754,train,synscapes,streetViewData\train\synscapes\mask\1032.png,streetViewData\train\synscapes\img\1032.png
1755,train,synscapes,streetViewData\train\synscapes\mask\715.png,streetViewData\train\synscapes\img\715.png
1756,train,synscapes,streetViewData\train\synscapes\mask\1141.png,streetViewData\train\synscapes\img\1141.png
1757,train,synscapes,streetViewData\train\synscapes\mask\1576.png,streetViewData\train\synscapes\img\1576.png
1758,train,synscapes,streetViewData\train\synscapes\mask\26.png,streetViewData\train\synscapes\img\26.png
1759,train,synscapes,streetViewData\train\synscapes\mask\1790.png,streetViewData\train\synscapes\img\1790.png
1760,train,synscapes,streetViewData\train\synscapes\mask\255.png,streetViewData\train\synscapes\img\255.png
1761,train,synscapes,streetViewData\train\synscapes\mask\1744.png,streetViewData\train\synscapes\img\1744.png
1762,train,synscapes,streetViewData\train\synscapes\mask\1769.png,streetViewData\train\synscapes\img\1769.png
1763,train,synscapes,streetViewData\train\synscapes\mask\761.png,streetViewData\train\synscapes\img\761.png
1764,train,synscapes,streetViewData\train\synscapes\mask\406.png,streetViewData\train\synscapes\img\406.png
1765,train,synscapes,streetViewData\train\synscapes\mask\1745.png,streetViewData\train\synscapes\img\1745.png
1766,train,synscapes,streetViewData\train\synscapes\mask\960.png,streetViewData\train\synscapes\img\960.png
1767,train,synscapes,streetViewData\train\synscapes\mask\467.png,streetViewData\train\synscapes\img\467.png
1768,train,synscapes,streetViewData\train\synscapes\mask\1314.png,streetViewData\train\synscapes\img\1314.png
1769,train,synscapes,streetViewData\train\synscapes\mask\1847.png,streetViewData\train\synscapes\img\1847.png
1770,train,synscapes,streetViewData\train\synscapes\mask\806.png,streetViewData\train\synscapes\img\806.png
1771,train,synscapes,streetViewData\train\synscapes\mask\920.png,streetViewData\train\synscapes\img\920.png
1772,train,synscapes,streetViewData\train\synscapes\mask\1803.png,streetViewData\train\synscapes\img\1803.png
1773,train,synscapes,streetViewData\train\synscapes\mask\1193.png,streetViewData\train\synscapes\img\1193.png
1774,train,synscapes,streetViewData\train\synscapes\mask\534.png,streetViewData\train\synscapes\img\534.png
1775,train,synscapes,streetViewData\train\synscapes\mask\944.png,streetViewData\train\synscapes\img\944.png
1776,train,synscapes,streetViewData\train\synscapes\mask\284.png,streetViewData\train\synscapes\img\284.png
1777,train,synscapes,streetViewData\train\synscapes\mask\386.png,streetViewData\train\synscapes\img\386.png
1778,train,synscapes,streetViewData\train\synscapes\mask\1965.png,streetViewData\train\synscapes\img\1965.png
1779,train,synscapes,streetViewData\train\synscapes\mask\727.png,streetViewData\train\synscapes\img\727.png
1780,train,synscapes,streetViewData\train\synscapes\mask\684.png,streetViewData\train\synscapes\img\684.png
1781,train,synscapes,streetViewData\train\synscapes\mask\1570.png,streetViewData\train\synscapes\img\1570.png
1782,train,synscapes,streetViewData\train\synscapes\mask\391.png,streetViewData\train\synscapes\img\391.png
1783,train,synscapes,streetViewData\train\synscapes\mask\493.png,streetViewData\train\synscapes\img\493.png
1784,train,synscapes,streetViewData\train\synscapes\mask\937.png,streetViewData\train\synscapes\img\937.png
1785,train,synscapes,streetViewData\train\synscapes\mask\1308.png,streetViewData\train\synscapes\img\1308.png
1786,train,synscapes,streetViewData\train\synscapes\mask\1139.png,streetViewData\train\synscapes\img\1139.png
1787,train,synscapes,streetViewData\train\synscapes\mask\194.png,streetViewData\train\synscapes\img\194.png
1788,train,synscapes,streetViewData\train\synscapes\mask\354.png,streetViewData\train\synscapes\img\354.png
1789,train,synscapes,streetViewData\train\synscapes\mask\380.png,streetViewData\train\synscapes\img\380.png
1790,train,synscapes,streetViewData\train\synscapes\mask\1939.png,streetViewData\train\synscapes\img\1939.png
1791,train,synscapes,streetViewData\train\synscapes\mask\1356.png,streetViewData\train\synscapes\img\1356.png
1792,train,synscapes,streetViewData\train\synscapes\mask\1642.png,streetViewData\train\synscapes\img\1642.png
1793,train,synscapes,streetViewData\train\synscapes\mask\1646.png,streetViewData\train\synscapes\img\1646.png
1794,train,synscapes,streetViewData\train\synscapes\mask\524.png,streetViewData\train\synscapes\img\524.png
1795,train,synscapes,streetViewData\train\synscapes\mask\555.png,streetViewData\train\synscapes\img\555.png
1796,train,synscapes,streetViewData\train\synscapes\mask\1188.png,streetViewData\train\synscapes\img\1188.png
1797,train,synscapes,streetViewData\train\synscapes\mask\1268.png,streetViewData\train\synscapes\img\1268.png
1798,train,synscapes,streetViewData\train\synscapes\mask\1470.png,streetViewData\train\synscapes\img\1470.png
1799,train,synscapes,streetViewData\train\synscapes\mask\1362.png,streetViewData\train\synscapes\img\1362.png
1800,train,synscapes,streetViewData\train\synscapes\mask\1318.png,streetViewData\train\synscapes\img\1318.png
1801,train,synscapes,streetViewData\train\synscapes\mask\1280.png,streetViewData\train\synscapes\img\1280.png
1802,train,synscapes,streetViewData\train\synscapes\mask\627.png,streetViewData\train\synscapes\img\627.png
1803,train,synscapes,streetViewData\train\synscapes\mask\1324.png,streetViewData\train\synscapes\img\1324.png
1804,train,synscapes,streetViewData\train\synscapes\mask\979.png,streetViewData\train\synscapes\img\979.png
1805,train,synscapes,streetViewData\train\synscapes\mask\953.png,streetViewData\train\synscapes\img\953.png
1806,train,synscapes,streetViewData\train\synscapes\mask\237.png,streetViewData\train\synscapes\img\237.png
1807,train,synscapes,streetViewData\train\synscapes\mask\65.png,streetViewData\train\synscapes\img\65.png
1808,train,synscapes,streetViewData\train\synscapes\mask\1826.png,streetViewData\train\synscapes\img\1826.png
1809,train,synscapes,streetViewData\train\synscapes\mask\532.png,streetViewData\train\synscapes\img\532.png
1810,train,synscapes,streetViewData\train\synscapes\mask\1594.png,streetViewData\train\synscapes\img\1594.png
1811,train,synscapes,streetViewData\train\synscapes\mask\1581.png,streetViewData\train\synscapes\img\1581.png
1812,train,synscapes,streetViewData\train\synscapes\mask\1277.png,streetViewData\train\synscapes\img\1277.png
1813,train,synscapes,streetViewData\train\synscapes\mask\1809.png,streetViewData\train\synscapes\img\1809.png
1814,train,synscapes,streetViewData\train\synscapes\mask\1123.png,streetViewData\train\synscapes\img\1123.png
1815,train,synscapes,streetViewData\train\synscapes\mask\1863.png,streetViewData\train\synscapes\img\1863.png
1816,train,synscapes,streetViewData\train\synscapes\mask\359.png,streetViewData\train\synscapes\img\359.png
1817,train,synscapes,streetViewData\train\synscapes\mask\1557.png,streetViewData\train\synscapes\img\1557.png
1818,train,synscapes,streetViewData\train\synscapes\mask\683.png,streetViewData\train\synscapes\img\683.png
1819,train,synscapes,streetViewData\train\synscapes\mask\1101.png,streetViewData\train\synscapes\img\1101.png
1820,train,synscapes,streetViewData\train\synscapes\mask\418.png,streetViewData\train\synscapes\img\418.png
1821,train,synscapes,streetViewData\train\synscapes\mask\415.png,streetViewData\train\synscapes\img\415.png
1822,train,synscapes,streetViewData\train\synscapes\mask\706.png,streetViewData\train\synscapes\img\706.png
1823,train,synscapes,streetViewData\train\synscapes\mask\296.png,streetViewData\train\synscapes\img\296.png
1824,train,synscapes,streetViewData\train\synscapes\mask\873.png,streetViewData\train\synscapes\img\873.png
1825,train,synscapes,streetViewData\train\synscapes\mask\495.png,streetViewData\train\synscapes\img\495.png
1826,train,synscapes,streetViewData\train\synscapes\mask\1068.png,streetViewData\train\synscapes\img\1068.png
1827,train,synscapes,streetViewData\train\synscapes\mask\1102.png,streetViewData\train\synscapes\img\1102.png
1828,train,synscapes,streetViewData\train\synscapes\mask\1679.png,streetViewData\train\synscapes\img\1679.png
1829,train,synscapes,streetViewData\train\synscapes\mask\1527.png,streetViewData\train\synscapes\img\1527.png
1830,train,synscapes,streetViewData\train\synscapes\mask\114.png,streetViewData\train\synscapes\img\114.png
1831,train,synscapes,streetViewData\train\synscapes\mask\618.png,streetViewData\train\synscapes\img\618.png
1832,train,synscapes,streetViewData\train\synscapes\mask\1933.png,streetViewData\train\synscapes\img\1933.png
1833,train,synscapes,streetViewData\train\synscapes\mask\696.png,streetViewData\train\synscapes\img\696.png
1834,train,synscapes,streetViewData\train\synscapes\mask\1851.png,streetViewData\train\synscapes\img\1851.png
1835,train,synscapes,streetViewData\train\synscapes\mask\787.png,streetViewData\train\synscapes\img\787.png
1836,train,synscapes,streetViewData\train\synscapes\mask\1074.png,streetViewData\train\synscapes\img\1074.png
1837,train,synscapes,streetViewData\train\synscapes\mask\1828.png,streetViewData\train\synscapes\img\1828.png
1838,train,synscapes,streetViewData\train\synscapes\mask\1345.png,streetViewData\train\synscapes\img\1345.png
1839,train,synscapes,streetViewData\train\synscapes\mask\1591.png,streetViewData\train\synscapes\img\1591.png
1840,train,synscapes,streetViewData\train\synscapes\mask\1876.png,streetViewData\train\synscapes\img\1876.png
1841,train,synscapes,streetViewData\train\synscapes\mask\1922.png,streetViewData\train\synscapes\img\1922.png
1842,train,synscapes,streetViewData\train\synscapes\mask\1276.png,streetViewData\train\synscapes\img\1276.png
1843,train,synscapes,streetViewData\train\synscapes\mask\1111.png,streetViewData\train\synscapes\img\1111.png
1844,train,synscapes,streetViewData\train\synscapes\mask\1829.png,streetViewData\train\synscapes\img\1829.png
1845,train,synscapes,streetViewData\train\synscapes\mask\1189.png,streetViewData\train\synscapes\img\1189.png
1846,train,synscapes,streetViewData\train\synscapes\mask\1631.png,streetViewData\train\synscapes\img\1631.png
1847,train,synscapes,streetViewData\train\synscapes\mask\1153.png,streetViewData\train\synscapes\img\1153.png
1848,train,synscapes,streetViewData\train\synscapes\mask\1929.png,streetViewData\train\synscapes\img\1929.png
1849,train,synscapes,streetViewData\train\synscapes\mask\1316.png,streetViewData\train\synscapes\img\1316.png
1850,train,synscapes,streetViewData\train\synscapes\mask\846.png,streetViewData\train\synscapes\img\846.png
1851,train,synscapes,streetViewData\train\synscapes\mask\1455.png,streetViewData\train\synscapes\img\1455.png
1852,train,synscapes,streetViewData\train\synscapes\mask\978.png,streetViewData\train\synscapes\img\978.png
1853,train,synscapes,streetViewData\train\synscapes\mask\989.png,streetViewData\train\synscapes\img\989.png
1854,train,synscapes,streetViewData\train\synscapes\mask\569.png,streetViewData\train\synscapes\img\569.png
1855,train,synscapes,streetViewData\train\synscapes\mask\1962.png,streetViewData\train\synscapes\img\1962.png
1856,train,synscapes,streetViewData\train\synscapes\mask\1291.png,streetViewData\train\synscapes\img\1291.png
1857,train,synscapes,streetViewData\train\synscapes\mask\167.png,streetViewData\train\synscapes\img\167.png
1858,train,synscapes,streetViewData\train\synscapes\mask\432.png,streetViewData\train\synscapes\img\432.png
1859,train,synscapes,streetViewData\train\synscapes\mask\974.png,streetViewData\train\synscapes\img\974.png
1860,train,synscapes,streetViewData\train\synscapes\mask\1712.png,streetViewData\train\synscapes\img\1712.png
1861,train,synscapes,streetViewData\train\synscapes\mask\1752.png,streetViewData\train\synscapes\img\1752.png
1862,train,synscapes,streetViewData\train\synscapes\mask\1621.png,streetViewData\train\synscapes\img\1621.png
1863,train,synscapes,streetViewData\train\synscapes\mask\943.png,streetViewData\train\synscapes\img\943.png
1864,train,synscapes,streetViewData\train\synscapes\mask\1615.png,streetViewData\train\synscapes\img\1615.png
1865,train,synscapes,streetViewData\train\synscapes\mask\473.png,streetViewData\train\synscapes\img\473.png
1866,train,synscapes,streetViewData\train\synscapes\mask\426.png,streetViewData\train\synscapes\img\426.png
1867,train,synscapes,streetViewData\train\synscapes\mask\1172.png,streetViewData\train\synscapes\img\1172.png
1868,train,synscapes,streetViewData\train\synscapes\mask\1710.png,streetViewData\train\synscapes\img\1710.png
1869,train,synscapes,streetViewData\train\synscapes\mask\1521.png,streetViewData\train\synscapes\img\1521.png
1870,train,synscapes,streetViewData\train\synscapes\mask\919.png,streetViewData\train\synscapes\img\919.png
1871,train,synscapes,streetViewData\train\synscapes\mask\1275.png,streetViewData\train\synscapes\img\1275.png
1872,train,synscapes,streetViewData\train\synscapes\mask\293.png,streetViewData\train\synscapes\img\293.png
1873,train,synscapes,streetViewData\train\synscapes\mask\1148.png,streetViewData\train\synscapes\img\1148.png
1874,train,synscapes,streetViewData\train\synscapes\mask\1259.png,streetViewData\train\synscapes\img\1259.png
1875,train,synscapes,streetViewData\train\synscapes\mask\1643.png,streetViewData\train\synscapes\img\1643.png
1876,train,synscapes,streetViewData\train\synscapes\mask\69.png,streetViewData\train\synscapes\img\69.png
1877,train,synscapes,streetViewData\train\synscapes\mask\1720.png,streetViewData\train\synscapes\img\1720.png
1878,train,synscapes,streetViewData\train\synscapes\mask\33.png,streetViewData\train\synscapes\img\33.png
1879,train,synscapes,streetViewData\train\synscapes\mask\901.png,streetViewData\train\synscapes\img\901.png
1880,train,synscapes,streetViewData\train\synscapes\mask\157.png,streetViewData\train\synscapes\img\157.png
1881,train,synscapes,streetViewData\train\synscapes\mask\1693.png,streetViewData\train\synscapes\img\1693.png
1882,train,synscapes,streetViewData\train\synscapes\mask\525.png,streetViewData\train\synscapes\img\525.png
1883,train,synscapes,streetViewData\train\synscapes\mask\1233.png,streetViewData\train\synscapes\img\1233.png
1884,train,synscapes,streetViewData\train\synscapes\mask\197.png,streetViewData\train\synscapes\img\197.png
1885,train,synscapes,streetViewData\train\synscapes\mask\1170.png,streetViewData\train\synscapes\img\1170.png
1886,train,synscapes,streetViewData\train\synscapes\mask\178.png,streetViewData\train\synscapes\img\178.png
1887,train,synscapes,streetViewData\train\synscapes\mask\1936.png,streetViewData\train\synscapes\img\1936.png
1888,train,synscapes,streetViewData\train\synscapes\mask\305.png,streetViewData\train\synscapes\img\305.png
1889,train,synscapes,streetViewData\train\synscapes\mask\1031.png,streetViewData\train\synscapes\img\1031.png
1890,train,synscapes,streetViewData\train\synscapes\mask\554.png,streetViewData\train\synscapes\img\554.png
1891,train,synscapes,streetViewData\train\synscapes\mask\595.png,streetViewData\train\synscapes\img\595.png
1892,train,synscapes,streetViewData\train\synscapes\mask\394.png,streetViewData\train\synscapes\img\394.png
1893,train,synscapes,streetViewData\train\synscapes\mask\1393.png,streetViewData\train\synscapes\img\1393.png
1894,train,synscapes,streetViewData\train\synscapes\mask\1628.png,streetViewData\train\synscapes\img\1628.png
1895,train,synscapes,streetViewData\train\synscapes\mask\1895.png,streetViewData\train\synscapes\img\1895.png
1896,train,synscapes,streetViewData\train\synscapes\mask\1352.png,streetViewData\train\synscapes\img\1352.png
1897,train,synscapes,streetViewData\train\synscapes\mask\403.png,streetViewData\train\synscapes\img\403.png
1898,train,synscapes,streetViewData\train\synscapes\mask\338.png,streetViewData\train\synscapes\img\338.png
1899,train,synscapes,streetViewData\train\synscapes\mask\1284.png,streetViewData\train\synscapes\img\1284.png
1900,train,synscapes,streetViewData\train\synscapes\mask\1140.png,streetViewData\train\synscapes\img\1140.png
1901,train,synscapes,streetViewData\train\synscapes\mask\689.png,streetViewData\train\synscapes\img\689.png
1902,train,synscapes,streetViewData\train\synscapes\mask\1185.png,streetViewData\train\synscapes\img\1185.png
1903,train,synscapes,streetViewData\train\synscapes\mask\316.png,streetViewData\train\synscapes\img\316.png
1904,train,synscapes,streetViewData\train\synscapes\mask\202.png,streetViewData\train\synscapes\img\202.png
1905,train,synscapes,streetViewData\train\synscapes\mask\314.png,streetViewData\train\synscapes\img\314.png
1906,train,synscapes,streetViewData\train\synscapes\mask\1619.png,streetViewData\train\synscapes\img\1619.png
1907,train,synscapes,streetViewData\train\synscapes\mask\894.png,streetViewData\train\synscapes\img\894.png
1908,train,synscapes,streetViewData\train\synscapes\mask\708.png,streetViewData\train\synscapes\img\708.png
1909,train,synscapes,streetViewData\train\synscapes\mask\87.png,streetViewData\train\synscapes\img\87.png
1910,train,synscapes,streetViewData\train\synscapes\mask\1298.png,streetViewData\train\synscapes\img\1298.png
1911,train,synscapes,streetViewData\train\synscapes\mask\1331.png,streetViewData\train\synscapes\img\1331.png
1912,train,synscapes,streetViewData\train\synscapes\mask\997.png,streetViewData\train\synscapes\img\997.png
1913,train,synscapes,streetViewData\train\synscapes\mask\401.png,streetViewData\train\synscapes\img\401.png
1914,train,synscapes,streetViewData\train\synscapes\mask\81.png,streetViewData\train\synscapes\img\81.png
1915,train,synscapes,streetViewData\train\synscapes\mask\602.png,streetViewData\train\synscapes\img\602.png
1916,train,synscapes,streetViewData\train\synscapes\mask\1670.png,streetViewData\train\synscapes\img\1670.png
1917,train,synscapes,streetViewData\train\synscapes\mask\1436.png,streetViewData\train\synscapes\img\1436.png
1918,train,synscapes,streetViewData\train\synscapes\mask\1817.png,streetViewData\train\synscapes\img\1817.png
1919,train,synscapes,streetViewData\train\synscapes\mask\1523.png,streetViewData\train\synscapes\img\1523.png
1920,train,synscapes,streetViewData\train\synscapes\mask\271.png,streetViewData\train\synscapes\img\271.png
1921,train,synscapes,streetViewData\train\synscapes\mask\143.png,streetViewData\train\synscapes\img\143.png
1922,train,synscapes,streetViewData\train\synscapes\mask\816.png,streetViewData\train\synscapes\img\816.png
1923,train,synscapes,streetViewData\train\synscapes\mask\1569.png,streetViewData\train\synscapes\img\1569.png
1924,train,synscapes,streetViewData\train\synscapes\mask\265.png,streetViewData\train\synscapes\img\265.png
1925,train,synscapes,streetViewData\train\synscapes\mask\287.png,streetViewData\train\synscapes\img\287.png
1926,train,synscapes,streetViewData\train\synscapes\mask\1677.png,streetViewData\train\synscapes\img\1677.png
1927,train,synscapes,streetViewData\train\synscapes\mask\651.png,streetViewData\train\synscapes\img\651.png
1928,train,synscapes,streetViewData\train\synscapes\mask\257.png,streetViewData\train\synscapes\img\257.png
1929,train,synscapes,streetViewData\train\synscapes\mask\1518.png,streetViewData\train\synscapes\img\1518.png
1930,train,synscapes,streetViewData\train\synscapes\mask\1702.png,streetViewData\train\synscapes\img\1702.png
1931,train,synscapes,streetViewData\train\synscapes\mask\1925.png,streetViewData\train\synscapes\img\1925.png
1932,train,synscapes,streetViewData\train\synscapes\mask\1770.png,streetViewData\train\synscapes\img\1770.png
1933,train,synscapes,streetViewData\train\synscapes\mask\1297.png,streetViewData\train\synscapes\img\1297.png
1934,train,synscapes,streetViewData\train\synscapes\mask\1366.png,streetViewData\train\synscapes\img\1366.png
1935,train,synscapes,streetViewData\train\synscapes\mask\1253.png,streetViewData\train\synscapes\img\1253.png
1936,train,synscapes,streetViewData\train\synscapes\mask\942.png,streetViewData\train\synscapes\img\942.png
1937,train,synscapes,streetViewData\train\synscapes\mask\1094.png,streetViewData\train\synscapes\img\1094.png
1938,train,synscapes,streetViewData\train\synscapes\mask\1885.png,streetViewData\train\synscapes\img\1885.png
1939,train,synscapes,streetViewData\train\synscapes\mask\823.png,streetViewData\train\synscapes\img\823.png
1940,train,synscapes,streetViewData\train\synscapes\mask\282.png,streetViewData\train\synscapes\img\282.png
1941,train,synscapes,streetViewData\train\synscapes\mask\195.png,streetViewData\train\synscapes\img\195.png
1942,train,synscapes,streetViewData\train\synscapes\mask\1228.png,streetViewData\train\synscapes\img\1228.png
1943,train,synscapes,streetViewData\train\synscapes\mask\1972.png,streetViewData\train\synscapes\img\1972.png
1944,train,synscapes,streetViewData\train\synscapes\mask\1152.png,streetViewData\train\synscapes\img\1152.png
1945,train,synscapes,streetViewData\train\synscapes\mask\1294.png,streetViewData\train\synscapes\img\1294.png
1946,train,synscapes,streetViewData\train\synscapes\mask\635.png,streetViewData\train\synscapes\img\635.png
1947,train,synscapes,streetViewData\train\synscapes\mask\1827.png,streetViewData\train\synscapes\img\1827.png
1948,train,synscapes,streetViewData\train\synscapes\mask\498.png,streetViewData\train\synscapes\img\498.png
1949,train,synscapes,streetViewData\train\synscapes\mask\127.png,streetViewData\train\synscapes\img\127.png
1950,train,synscapes,streetViewData\train\synscapes\mask\1804.png,streetViewData\train\synscapes\img\1804.png
1951,train,synscapes,streetViewData\train\synscapes\mask\54.png,streetViewData\train\synscapes\img\54.png
1952,train,synscapes,streetViewData\train\synscapes\mask\1407.png,streetViewData\train\synscapes\img\1407.png
1953,train,synscapes,streetViewData\train\synscapes\mask\183.png,streetViewData\train\synscapes\img\183.png
1954,train,synscapes,streetViewData\train\synscapes\mask\795.png,streetViewData\train\synscapes\img\795.png
1955,train,synscapes,streetViewData\train\synscapes\mask\1047.png,streetViewData\train\synscapes\img\1047.png
1956,train,synscapes,streetViewData\train\synscapes\mask\57.png,streetViewData\train\synscapes\img\57.png
1957,train,synscapes,streetViewData\train\synscapes\mask\1097.png,streetViewData\train\synscapes\img\1097.png
1958,train,synscapes,streetViewData\train\synscapes\mask\1729.png,streetViewData\train\synscapes\img\1729.png
1959,train,synscapes,streetViewData\train\synscapes\mask\796.png,streetViewData\train\synscapes\img\796.png
1960,train,synscapes,streetViewData\train\synscapes\mask\1688.png,streetViewData\train\synscapes\img\1688.png
1961,train,synscapes,streetViewData\train\synscapes\mask\1432.png,streetViewData\train\synscapes\img\1432.png
1962,train,synscapes,streetViewData\train\synscapes\mask\803.png,streetViewData\train\synscapes\img\803.png
1963,train,synscapes,streetViewData\train\synscapes\mask\364.png,streetViewData\train\synscapes\img\364.png
1964,train,synscapes,streetViewData\train\synscapes\mask\738.png,streetViewData\train\synscapes\img\738.png
1965,train,synscapes,streetViewData\train\synscapes\mask\410.png,streetViewData\train\synscapes\img\410.png
1966,train,synscapes,streetViewData\train\synscapes\mask\105.png,streetViewData\train\synscapes\img\105.png
1967,train,synscapes,streetViewData\train\synscapes\mask\1586.png,streetViewData\train\synscapes\img\1586.png
1968,train,synscapes,streetViewData\train\synscapes\mask\565.png,streetViewData\train\synscapes\img\565.png
1969,train,synscapes,streetViewData\train\synscapes\mask\1616.png,streetViewData\train\synscapes\img\1616.png
1970,train,synscapes,streetViewData\train\synscapes\mask\703.png,streetViewData\train\synscapes\img\703.png
1971,train,synscapes,streetViewData\train\synscapes\mask\1991.png,streetViewData\train\synscapes\img\1991.png
1972,train,synscapes,streetViewData\train\synscapes\mask\1069.png,streetViewData\train\synscapes\img\1069.png
1973,train,synscapes,streetViewData\train\synscapes\mask\691.png,streetViewData\train\synscapes\img\691.png
1974,train,synscapes,streetViewData\train\synscapes\mask\860.png,streetViewData\train\synscapes\img\860.png
1975,train,synscapes,streetViewData\train\synscapes\mask\1254.png,streetViewData\train\synscapes\img\1254.png
1976,train,synscapes,streetViewData\train\synscapes\mask\1968.png,streetViewData\train\synscapes\img\1968.png
1977,train,synscapes,streetViewData\train\synscapes\mask\5.png,streetViewData\train\synscapes\img\5.png
1978,train,synscapes,streetViewData\train\synscapes\mask\1566.png,streetViewData\train\synscapes\img\1566.png
1979,train,synscapes,streetViewData\train\synscapes\mask\766.png,streetViewData\train\synscapes\img\766.png
1980,train,synscapes,streetViewData\train\synscapes\mask\1833.png,streetViewData\train\synscapes\img\1833.png
1981,train,synscapes,streetViewData\train\synscapes\mask\975.png,streetViewData\train\synscapes\img\975.png
1982,train,synscapes,streetViewData\train\synscapes\mask\958.png,streetViewData\train\synscapes\img\958.png
1983,train,synscapes,streetViewData\train\synscapes\mask\1234.png,streetViewData\train\synscapes\img\1234.png
1984,train,synscapes,streetViewData\train\synscapes\mask\1197.png,streetViewData\train\synscapes\img\1197.png
1985,train,synscapes,streetViewData\train\synscapes\mask\312.png,streetViewData\train\synscapes\img\312.png
1986,train,synscapes,streetViewData\train\synscapes\mask\782.png,streetViewData\train\synscapes\img\782.png
1987,train,synscapes,streetViewData\train\synscapes\mask\1503.png,streetViewData\train\synscapes\img\1503.png
1988,train,synscapes,streetViewData\train\synscapes\mask\94.png,streetViewData\train\synscapes\img\94.png
1989,train,synscapes,streetViewData\train\synscapes\mask\1669.png,streetViewData\train\synscapes\img\1669.png
1990,train,synscapes,streetViewData\train\synscapes\mask\584.png,streetViewData\train\synscapes\img\584.png
1991,train,synscapes,streetViewData\train\synscapes\mask\1485.png,streetViewData\train\synscapes\img\1485.png
1992,train,synscapes,streetViewData\train\synscapes\mask\1389.png,streetViewData\train\synscapes\img\1389.png
1993,train,synscapes,streetViewData\train\synscapes\mask\110.png,streetViewData\train\synscapes\img\110.png
1994,train,synscapes,streetViewData\train\synscapes\mask\1713.png,streetViewData\train\synscapes\img\1713.png
1995,train,synscapes,streetViewData\train\synscapes\mask\786.png,streetViewData\train\synscapes\img\786.png
1996,train,synscapes,streetViewData\train\synscapes\mask\1217.png,streetViewData\train\synscapes\img\1217.png
1997,train,synscapes,streetViewData\train\synscapes\mask\240.png,streetViewData\train\synscapes\img\240.png
1998,train,synscapes,streetViewData\train\synscapes\mask\485.png,streetViewData\train\synscapes\img\485.png
1999,train,synscapes,streetViewData\train\synscapes\mask\1041.png,streetViewData\train\synscapes\img\1041.png
2000,train,synscapes,streetViewData\train\synscapes\mask\1218.png,streetViewData\train\synscapes\img\1218.png
2001,validation,cityscapes,streetViewData\validation\cityscapes\mask\frankfurt_000000_000294.png,streetViewData\validation\cityscapes\img\frankfurt_000000_000294.png
2002,validation,cityscapes,streetViewData\validation\cityscapes\mask\frankfurt_000000_000576.png,streetViewData\validation\cityscapes\img\frankfurt_000000_000576.png
2003,validation,cityscapes,streetViewData\validation\cityscapes\mask\frankfurt_000000_001016.png,streetViewData\validation\cityscapes\img\frankfurt_000000_001016.png
2004,validation,cityscapes,streetViewData\validation\cityscapes\mask\frankfurt_000000_001236.png,streetViewData\validation\cityscapes\img\frankfurt_000000_001236.png
2005,validation,cityscapes,streetViewData\validation\cityscapes\mask\frankfurt_000000_001751.png,streetViewData\validation\cityscapes\img\frankfurt_000000_001751.png
2006,validation,cityscapes,streetViewData\validation\cityscapes\mask\frankfurt_000000_002196.png,streetViewData\validation\cityscapes\img\frankfurt_000000_002196.png
2007,validation,cityscapes,streetViewData\validation\cityscapes\mask\frankfurt_000000_002963.png,streetViewData\validation\cityscapes\img\frankfurt_000000_002963.png
2008,validation,cityscapes,streetViewData\validation\cityscapes\mask\frankfurt_000000_003025.png,streetViewData\validation\cityscapes\img\frankfurt_000000_003025.png
2009,validation,cityscapes,streetViewData\validation\cityscapes\mask\frankfurt_000000_003357.png,streetViewData\validation\cityscapes\img\frankfurt_000000_003357.png
2010,validation,cityscapes,streetViewData\validation\cityscapes\mask\frankfurt_000000_003920.png,streetViewData\validation\cityscapes\img\frankfurt_000000_003920.png
2011,validation,cityscapes,streetViewData\validation\cityscapes\mask\frankfurt_000000_004617.png,streetViewData\validation\cityscapes\img\frankfurt_000000_004617.png
2012,validation,cityscapes,streetViewData\validation\cityscapes\mask\frankfurt_000000_005543.png,streetViewData\validation\cityscapes\img\frankfurt_000000_005543.png
2013,validation,cityscapes,streetViewData\validation\cityscapes\mask\frankfurt_000000_005898.png,streetViewData\validation\cityscapes\img\frankfurt_000000_005898.png
2014,validation,cityscapes,streetViewData\validation\cityscapes\mask\frankfurt_000000_006589.png,streetViewData\validation\cityscapes\img\frankfurt_000000_006589.png
2015,validation,cityscapes,streetViewData\validation\cityscapes\mask\frankfurt_000000_007365.png,streetViewData\validation\cityscapes\img\frankfurt_000000_007365.png
2016,validation,cityscapes,streetViewData\validation\cityscapes\mask\frankfurt_000000_008206.png,streetViewData\validation\cityscapes\img\frankfurt_000000_008206.png
2017,validation,cityscapes,streetViewData\validation\cityscapes\mask\frankfurt_000000_008451.png,streetViewData\validation\cityscapes\img\frankfurt_000000_008451.png
2018,validation,cityscapes,streetViewData\validation\cityscapes\mask\frankfurt_000000_009291.png,streetViewData\validation\cityscapes\img\frankfurt_000000_009291.png
2019,validation,cityscapes,streetViewData\validation\cityscapes\mask\frankfurt_000000_009561.png,streetViewData\validation\cityscapes\img\frankfurt_000000_009561.png
2020,validation,cityscapes,streetViewData\validation\cityscapes\mask\frankfurt_000000_009688.png,streetViewData\validation\cityscapes\img\frankfurt_000000_009688.png
2021,validation,cityscapes,streetViewData\validation\cityscapes\mask\frankfurt_000000_009969.png,streetViewData\validation\cityscapes\img\frankfurt_000000_009969.png
2022,validation,cityscapes,streetViewData\validation\cityscapes\mask\frankfurt_000000_010351.png,streetViewData\validation\cityscapes\img\frankfurt_000000_010351.png
2023,validation,cityscapes,streetViewData\validation\cityscapes\mask\frankfurt_000000_010763.png,streetViewData\validation\cityscapes\img\frankfurt_000000_010763.png
2024,validation,cityscapes,streetViewData\validation\cityscapes\mask\frankfurt_000000_011007.png,streetViewData\validation\cityscapes\img\frankfurt_000000_011007.png
2025,validation,cityscapes,streetViewData\validation\cityscapes\mask\frankfurt_000000_011074.png,streetViewData\validation\cityscapes\img\frankfurt_000000_011074.png
2026,validation,cityscapes,streetViewData\validation\cityscapes\mask\frankfurt_000000_011461.png,streetViewData\validation\cityscapes\img\frankfurt_000000_011461.png
2027,validation,cityscapes,streetViewData\validation\cityscapes\mask\frankfurt_000000_011810.png,streetViewData\validation\cityscapes\img\frankfurt_000000_011810.png
2028,validation,cityscapes,streetViewData\validation\cityscapes\mask\frankfurt_000000_012009.png,streetViewData\validation\cityscapes\img\frankfurt_000000_012009.png
2029,validation,cityscapes,streetViewData\validation\cityscapes\mask\frankfurt_000000_012121.png,streetViewData\validation\cityscapes\img\frankfurt_000000_012121.png
2030,validation,cityscapes,streetViewData\validation\cityscapes\mask\frankfurt_000000_012868.png,streetViewData\validation\cityscapes\img\frankfurt_000000_012868.png
2031,validation,cityscapes,streetViewData\validation\cityscapes\mask\frankfurt_000000_013067.png,streetViewData\validation\cityscapes\img\frankfurt_000000_013067.png
2032,validation,cityscapes,streetViewData\validation\cityscapes\mask\frankfurt_000000_013240.png,streetViewData\validation\cityscapes\img\frankfurt_000000_013240.png
2033,validation,cityscapes,streetViewData\validation\cityscapes\mask\frankfurt_000000_013382.png,streetViewData\validation\cityscapes\img\frankfurt_000000_013382.png
2034,validation,cityscapes,streetViewData\validation\cityscapes\mask\frankfurt_000000_013942.png,streetViewData\validation\cityscapes\img\frankfurt_000000_013942.png
2035,validation,cityscapes,streetViewData\validation\cityscapes\mask\frankfurt_000000_014480.png,streetViewData\validation\cityscapes\img\frankfurt_000000_014480.png
2036,validation,cityscapes,streetViewData\validation\cityscapes\mask\frankfurt_000000_015389.png,streetViewData\validation\cityscapes\img\frankfurt_000000_015389.png
2037,validation,cityscapes,streetViewData\validation\cityscapes\mask\frankfurt_000000_015676.png,streetViewData\validation\cityscapes\img\frankfurt_000000_015676.png
2038,validation,cityscapes,streetViewData\validation\cityscapes\mask\frankfurt_000000_016005.png,streetViewData\validation\cityscapes\img\frankfurt_000000_016005.png
2039,validation,cityscapes,streetViewData\validation\cityscapes\mask\frankfurt_000000_016286.png,streetViewData\validation\cityscapes\img\frankfurt_000000_016286.png
2040,validation,cityscapes,streetViewData\validation\cityscapes\mask\frankfurt_000000_017228.png,streetViewData\validation\cityscapes\img\frankfurt_000000_017228.png
2041,validation,cityscapes,streetViewData\validation\cityscapes\mask\frankfurt_000000_017476.png,streetViewData\validation\cityscapes\img\frankfurt_000000_017476.png
2042,validation,cityscapes,streetViewData\validation\cityscapes\mask\frankfurt_000000_018797.png,streetViewData\validation\cityscapes\img\frankfurt_000000_018797.png
2043,validation,cityscapes,streetViewData\validation\cityscapes\mask\frankfurt_000000_019607.png,streetViewData\validation\cityscapes\img\frankfurt_000000_019607.png
2044,validation,cityscapes,streetViewData\validation\cityscapes\mask\frankfurt_000000_020215.png,streetViewData\validation\cityscapes\img\frankfurt_000000_020215.png
2045,validation,cityscapes,streetViewData\validation\cityscapes\mask\frankfurt_000000_020321.png,streetViewData\validation\cityscapes\img\frankfurt_000000_020321.png
2046,validation,cityscapes,streetViewData\validation\cityscapes\mask\frankfurt_000000_020880.png,streetViewData\validation\cityscapes\img\frankfurt_000000_020880.png
2047,validation,cityscapes,streetViewData\validation\cityscapes\mask\frankfurt_000000_021667.png,streetViewData\validation\cityscapes\img\frankfurt_000000_021667.png
2048,validation,cityscapes,streetViewData\validation\cityscapes\mask\frankfurt_000000_021879.png,streetViewData\validation\cityscapes\img\frankfurt_000000_021879.png
2049,validation,cityscapes,streetViewData\validation\cityscapes\mask\frankfurt_000000_022254.png,streetViewData\validation\cityscapes\img\frankfurt_000000_022254.png
2050,validation,cityscapes,streetViewData\validation\cityscapes\mask\frankfurt_000000_022797.png,streetViewData\validation\cityscapes\img\frankfurt_000000_022797.png
2051,validation,cityscapes,streetViewData\validation\cityscapes\mask\frankfurt_000001_000538.png,streetViewData\validation\cityscapes\img\frankfurt_000001_000538.png
2052,validation,cityscapes,streetViewData\validation\cityscapes\mask\frankfurt_000001_001464.png,streetViewData\validation\cityscapes\img\frankfurt_000001_001464.png
2053,validation,cityscapes,streetViewData\validation\cityscapes\mask\frankfurt_000001_002512.png,streetViewData\validation\cityscapes\img\frankfurt_000001_002512.png
2054,validation,cityscapes,streetViewData\validation\cityscapes\mask\frankfurt_000001_002646.png,streetViewData\validation\cityscapes\img\frankfurt_000001_002646.png
2055,validation,cityscapes,streetViewData\validation\cityscapes\mask\frankfurt_000001_002759.png,streetViewData\validation\cityscapes\img\frankfurt_000001_002759.png
2056,validation,cityscapes,streetViewData\validation\cityscapes\mask\frankfurt_000001_003056.png,streetViewData\validation\cityscapes\img\frankfurt_000001_003056.png
2057,validation,cityscapes,streetViewData\validation\cityscapes\mask\frankfurt_000001_003588.png,streetViewData\validation\cityscapes\img\frankfurt_000001_003588.png
2058,validation,cityscapes,streetViewData\validation\cityscapes\mask\frankfurt_000001_004327.png,streetViewData\validation\cityscapes\img\frankfurt_000001_004327.png
2059,validation,cityscapes,streetViewData\validation\cityscapes\mask\frankfurt_000001_004736.png,streetViewData\validation\cityscapes\img\frankfurt_000001_004736.png
2060,validation,cityscapes,streetViewData\validation\cityscapes\mask\frankfurt_000001_004859.png,streetViewData\validation\cityscapes\img\frankfurt_000001_004859.png
2061,validation,cityscapes,streetViewData\validation\cityscapes\mask\frankfurt_000001_005184.png,streetViewData\validation\cityscapes\img\frankfurt_000001_005184.png
2062,validation,cityscapes,streetViewData\validation\cityscapes\mask\frankfurt_000001_005410.png,streetViewData\validation\cityscapes\img\frankfurt_000001_005410.png
2063,validation,cityscapes,streetViewData\validation\cityscapes\mask\frankfurt_000001_005703.png,streetViewData\validation\cityscapes\img\frankfurt_000001_005703.png
2064,validation,cityscapes,streetViewData\validation\cityscapes\mask\frankfurt_000001_005898.png,streetViewData\validation\cityscapes\img\frankfurt_000001_005898.png
2065,validation,cityscapes,streetViewData\validation\cityscapes\mask\frankfurt_000001_007285.png,streetViewData\validation\cityscapes\img\frankfurt_000001_007285.png
2066,validation,cityscapes,streetViewData\validation\cityscapes\mask\frankfurt_000001_007407.png,streetViewData\validation\cityscapes\img\frankfurt_000001_007407.png
2067,validation,cityscapes,streetViewData\validation\cityscapes\mask\frankfurt_000001_007622.png,streetViewData\validation\cityscapes\img\frankfurt_000001_007622.png
2068,validation,cityscapes,streetViewData\validation\cityscapes\mask\frankfurt_000001_007857.png,streetViewData\validation\cityscapes\img\frankfurt_000001_007857.png
2069,validation,cityscapes,streetViewData\validation\cityscapes\mask\frankfurt_000001_007973.png,streetViewData\validation\cityscapes\img\frankfurt_000001_007973.png
2070,validation,cityscapes,streetViewData\validation\cityscapes\mask\frankfurt_000001_008200.png,streetViewData\validation\cityscapes\img\frankfurt_000001_008200.png
2071,validation,cityscapes,streetViewData\validation\cityscapes\mask\frankfurt_000001_008688.png,streetViewData\validation\cityscapes\img\frankfurt_000001_008688.png
2072,validation,cityscapes,streetViewData\validation\cityscapes\mask\frankfurt_000001_009058.png,streetViewData\validation\cityscapes\img\frankfurt_000001_009058.png
2073,validation,cityscapes,streetViewData\validation\cityscapes\mask\frankfurt_000001_009504.png,streetViewData\validation\cityscapes\img\frankfurt_000001_009504.png
2074,validation,cityscapes,streetViewData\validation\cityscapes\mask\frankfurt_000001_009854.png,streetViewData\validation\cityscapes\img\frankfurt_000001_009854.png
2075,validation,cityscapes,streetViewData\validation\cityscapes\mask\frankfurt_000001_010156.png,streetViewData\validation\cityscapes\img\frankfurt_000001_010156.png
2076,validation,cityscapes,streetViewData\validation\cityscapes\mask\frankfurt_000001_010444.png,streetViewData\validation\cityscapes\img\frankfurt_000001_010444.png
2077,validation,cityscapes,streetViewData\validation\cityscapes\mask\frankfurt_000001_010600.png,streetViewData\validation\cityscapes\img\frankfurt_000001_010600.png
2078,validation,cityscapes,streetViewData\validation\cityscapes\mask\frankfurt_000001_010830.png,streetViewData\validation\cityscapes\img\frankfurt_000001_010830.png
2079,validation,cityscapes,streetViewData\validation\cityscapes\mask\frankfurt_000001_011162.png,streetViewData\validation\cityscapes\img\frankfurt_000001_011162.png
2080,validation,cityscapes,streetViewData\validation\cityscapes\mask\frankfurt_000001_011715.png,streetViewData\validation\cityscapes\img\frankfurt_000001_011715.png
2081,validation,cityscapes,streetViewData\validation\cityscapes\mask\frankfurt_000001_011835.png,streetViewData\validation\cityscapes\img\frankfurt_000001_011835.png
2082,validation,cityscapes,streetViewData\validation\cityscapes\mask\frankfurt_000001_012038.png,streetViewData\validation\cityscapes\img\frankfurt_000001_012038.png
2083,validation,cityscapes,streetViewData\validation\cityscapes\mask\frankfurt_000001_012519.png,streetViewData\validation\cityscapes\img\frankfurt_000001_012519.png
2084,validation,cityscapes,streetViewData\validation\cityscapes\mask\frankfurt_000001_012699.png,streetViewData\validation\cityscapes\img\frankfurt_000001_012699.png
2085,validation,cityscapes,streetViewData\validation\cityscapes\mask\frankfurt_000001_012738.png,streetViewData\validation\cityscapes\img\frankfurt_000001_012738.png
2086,validation,cityscapes,streetViewData\validation\cityscapes\mask\frankfurt_000001_012870.png,streetViewData\validation\cityscapes\img\frankfurt_000001_012870.png
2087,validation,cityscapes,streetViewData\validation\cityscapes\mask\frankfurt_000001_013016.png,streetViewData\validation\cityscapes\img\frankfurt_000001_013016.png
2088,validation,cityscapes,streetViewData\validation\cityscapes\mask\frankfurt_000001_013496.png,streetViewData\validation\cityscapes\img\frankfurt_000001_013496.png
2089,validation,cityscapes,streetViewData\validation\cityscapes\mask\frankfurt_000001_013710.png,streetViewData\validation\cityscapes\img\frankfurt_000001_013710.png
2090,validation,cityscapes,streetViewData\validation\cityscapes\mask\frankfurt_000001_014221.png,streetViewData\validation\cityscapes\img\frankfurt_000001_014221.png
2091,validation,cityscapes,streetViewData\validation\cityscapes\mask\frankfurt_000001_014406.png,streetViewData\validation\cityscapes\img\frankfurt_000001_014406.png
2092,validation,cityscapes,streetViewData\validation\cityscapes\mask\frankfurt_000001_014565.png,streetViewData\validation\cityscapes\img\frankfurt_000001_014565.png
2093,validation,cityscapes,streetViewData\validation\cityscapes\mask\frankfurt_000001_014741.png,streetViewData\validation\cityscapes\img\frankfurt_000001_014741.png
2094,validation,cityscapes,streetViewData\validation\cityscapes\mask\frankfurt_000001_015091.png,streetViewData\validation\cityscapes\img\frankfurt_000001_015091.png
2095,validation,cityscapes,streetViewData\validation\cityscapes\mask\frankfurt_000001_015328.png,streetViewData\validation\cityscapes\img\frankfurt_000001_015328.png
2096,validation,cityscapes,streetViewData\validation\cityscapes\mask\frankfurt_000001_015768.png,streetViewData\validation\cityscapes\img\frankfurt_000001_015768.png
2097,validation,cityscapes,streetViewData\validation\cityscapes\mask\frankfurt_000001_016029.png,streetViewData\validation\cityscapes\img\frankfurt_000001_016029.png
2098,validation,cityscapes,streetViewData\validation\cityscapes\mask\frankfurt_000001_016273.png,streetViewData\validation\cityscapes\img\frankfurt_000001_016273.png
2099,validation,cityscapes,streetViewData\validation\cityscapes\mask\frankfurt_000001_016462.png,streetViewData\validation\cityscapes\img\frankfurt_000001_016462.png
2100,validation,cityscapes,streetViewData\validation\cityscapes\mask\frankfurt_000001_017101.png,streetViewData\validation\cityscapes\img\frankfurt_000001_017101.png
2101,validation,cityscapes,streetViewData\validation\cityscapes\mask\frankfurt_000001_017459.png,streetViewData\validation\cityscapes\img\frankfurt_000001_017459.png
2102,validation,cityscapes,streetViewData\validation\cityscapes\mask\frankfurt_000001_017842.png,streetViewData\validation\cityscapes\img\frankfurt_000001_017842.png
2103,validation,cityscapes,streetViewData\validation\cityscapes\mask\frankfurt_000001_018113.png,streetViewData\validation\cityscapes\img\frankfurt_000001_018113.png
2104,validation,cityscapes,streetViewData\validation\cityscapes\mask\frankfurt_000001_019698.png,streetViewData\validation\cityscapes\img\frankfurt_000001_019698.png
2105,validation,cityscapes,streetViewData\validation\cityscapes\mask\frankfurt_000001_019854.png,streetViewData\validation\cityscapes\img\frankfurt_000001_019854.png
2106,validation,cityscapes,streetViewData\validation\cityscapes\mask\frankfurt_000001_019969.png,streetViewData\validation\cityscapes\img\frankfurt_000001_019969.png
2107,validation,cityscapes,streetViewData\validation\cityscapes\mask\frankfurt_000001_020046.png,streetViewData\validation\cityscapes\img\frankfurt_000001_020046.png
2108,validation,cityscapes,streetViewData\validation\cityscapes\mask\frankfurt_000001_020287.png,streetViewData\validation\cityscapes\img\frankfurt_000001_020287.png
2109,validation,cityscapes,streetViewData\validation\cityscapes\mask\frankfurt_000001_020693.png,streetViewData\validation\cityscapes\img\frankfurt_000001_020693.png
2110,validation,cityscapes,streetViewData\validation\cityscapes\mask\frankfurt_000001_021406.png,streetViewData\validation\cityscapes\img\frankfurt_000001_021406.png
2111,validation,cityscapes,streetViewData\validation\cityscapes\mask\frankfurt_000001_021825.png,streetViewData\validation\cityscapes\img\frankfurt_000001_021825.png
2112,validation,cityscapes,streetViewData\validation\cityscapes\mask\frankfurt_000001_023235.png,streetViewData\validation\cityscapes\img\frankfurt_000001_023235.png
2113,validation,cityscapes,streetViewData\validation\cityscapes\mask\frankfurt_000001_023369.png,streetViewData\validation\cityscapes\img\frankfurt_000001_023369.png
2114,validation,cityscapes,streetViewData\validation\cityscapes\mask\frankfurt_000001_023769.png,streetViewData\validation\cityscapes\img\frankfurt_000001_023769.png
2115,validation,cityscapes,streetViewData\validation\cityscapes\mask\frankfurt_000001_024927.png,streetViewData\validation\cityscapes\img\frankfurt_000001_024927.png
2116,validation,cityscapes,streetViewData\validation\cityscapes\mask\frankfurt_000001_025512.png,streetViewData\validation\cityscapes\img\frankfurt_000001_025512.png
2117,validation,cityscapes,streetViewData\validation\cityscapes\mask\frankfurt_000001_025713.png,streetViewData\validation\cityscapes\img\frankfurt_000001_025713.png
2118,validation,cityscapes,streetViewData\validation\cityscapes\mask\frankfurt_000001_025921.png,streetViewData\validation\cityscapes\img\frankfurt_000001_025921.png
2119,validation,cityscapes,streetViewData\validation\cityscapes\mask\frankfurt_000001_027325.png,streetViewData\validation\cityscapes\img\frankfurt_000001_027325.png
2120,validation,cityscapes,streetViewData\validation\cityscapes\mask\frankfurt_000001_028232.png,streetViewData\validation\cityscapes\img\frankfurt_000001_028232.png
2121,validation,cityscapes,streetViewData\validation\cityscapes\mask\frankfurt_000001_028335.png,streetViewData\validation\cityscapes\img\frankfurt_000001_028335.png
2122,validation,cityscapes,streetViewData\validation\cityscapes\mask\frankfurt_000001_028590.png,streetViewData\validation\cityscapes\img\frankfurt_000001_028590.png
2123,validation,cityscapes,streetViewData\validation\cityscapes\mask\frankfurt_000001_028854.png,streetViewData\validation\cityscapes\img\frankfurt_000001_028854.png
2124,validation,cityscapes,streetViewData\validation\cityscapes\mask\frankfurt_000001_029086.png,streetViewData\validation\cityscapes\img\frankfurt_000001_029086.png
2125,validation,cityscapes,streetViewData\validation\cityscapes\mask\frankfurt_000001_029236.png,streetViewData\validation\cityscapes\img\frankfurt_000001_029236.png
2126,validation,cityscapes,streetViewData\validation\cityscapes\mask\frankfurt_000001_029600.png,streetViewData\validation\cityscapes\img\frankfurt_000001_029600.png
2127,validation,cityscapes,streetViewData\validation\cityscapes\mask\frankfurt_000001_030067.png,streetViewData\validation\cityscapes\img\frankfurt_000001_030067.png
2128,validation,cityscapes,streetViewData\validation\cityscapes\mask\frankfurt_000001_030310.png,streetViewData\validation\cityscapes\img\frankfurt_000001_030310.png
2129,validation,cityscapes,streetViewData\validation\cityscapes\mask\frankfurt_000001_030669.png,streetViewData\validation\cityscapes\img\frankfurt_000001_030669.png
2130,validation,cityscapes,streetViewData\validation\cityscapes\mask\frankfurt_000001_031266.png,streetViewData\validation\cityscapes\img\frankfurt_000001_031266.png
2131,validation,cityscapes,streetViewData\validation\cityscapes\mask\frankfurt_000001_031416.png,streetViewData\validation\cityscapes\img\frankfurt_000001_031416.png
2132,validation,cityscapes,streetViewData\validation\cityscapes\mask\frankfurt_000001_032018.png,streetViewData\validation\cityscapes\img\frankfurt_000001_032018.png
2133,validation,cityscapes,streetViewData\validation\cityscapes\mask\frankfurt_000001_032556.png,streetViewData\validation\cityscapes\img\frankfurt_000001_032556.png
2134,validation,cityscapes,streetViewData\validation\cityscapes\mask\frankfurt_000001_032711.png,streetViewData\validation\cityscapes\img\frankfurt_000001_032711.png
2135,validation,cityscapes,streetViewData\validation\cityscapes\mask\frankfurt_000001_032942.png,streetViewData\validation\cityscapes\img\frankfurt_000001_032942.png
2136,validation,cityscapes,streetViewData\validation\cityscapes\mask\frankfurt_000001_033655.png,streetViewData\validation\cityscapes\img\frankfurt_000001_033655.png
2137,validation,cityscapes,streetViewData\validation\cityscapes\mask\frankfurt_000001_034047.png,streetViewData\validation\cityscapes\img\frankfurt_000001_034047.png
2138,validation,cityscapes,streetViewData\validation\cityscapes\mask\frankfurt_000001_034816.png,streetViewData\validation\cityscapes\img\frankfurt_000001_034816.png
2139,validation,cityscapes,streetViewData\validation\cityscapes\mask\frankfurt_000001_035144.png,streetViewData\validation\cityscapes\img\frankfurt_000001_035144.png
2140,validation,cityscapes,streetViewData\validation\cityscapes\mask\frankfurt_000001_035864.png,streetViewData\validation\cityscapes\img\frankfurt_000001_035864.png
2141,validation,cityscapes,streetViewData\validation\cityscapes\mask\frankfurt_000001_037705.png,streetViewData\validation\cityscapes\img\frankfurt_000001_037705.png
2142,validation,cityscapes,streetViewData\validation\cityscapes\mask\frankfurt_000001_038245.png,streetViewData\validation\cityscapes\img\frankfurt_000001_038245.png
2143,validation,cityscapes,streetViewData\validation\cityscapes\mask\frankfurt_000001_038418.png,streetViewData\validation\cityscapes\img\frankfurt_000001_038418.png
2144,validation,cityscapes,streetViewData\validation\cityscapes\mask\frankfurt_000001_038645.png,streetViewData\validation\cityscapes\img\frankfurt_000001_038645.png
2145,validation,cityscapes,streetViewData\validation\cityscapes\mask\frankfurt_000001_038844.png,streetViewData\validation\cityscapes\img\frankfurt_000001_038844.png
2146,validation,cityscapes,streetViewData\validation\cityscapes\mask\frankfurt_000001_039895.png,streetViewData\validation\cityscapes\img\frankfurt_000001_039895.png
2147,validation,cityscapes,streetViewData\validation\cityscapes\mask\frankfurt_000001_040575.png,streetViewData\validation\cityscapes\img\frankfurt_000001_040575.png
2148,validation,cityscapes,streetViewData\validation\cityscapes\mask\frankfurt_000001_040732.png,streetViewData\validation\cityscapes\img\frankfurt_000001_040732.png
2149,validation,cityscapes,streetViewData\validation\cityscapes\mask\frankfurt_000001_041074.png,streetViewData\validation\cityscapes\img\frankfurt_000001_041074.png
2150,validation,cityscapes,streetViewData\validation\cityscapes\mask\frankfurt_000001_041354.png,streetViewData\validation\cityscapes\img\frankfurt_000001_041354.png
2151,validation,cityscapes,streetViewData\validation\cityscapes\mask\frankfurt_000001_041517.png,streetViewData\validation\cityscapes\img\frankfurt_000001_041517.png
2152,validation,cityscapes,streetViewData\validation\cityscapes\mask\frankfurt_000001_041664.png,streetViewData\validation\cityscapes\img\frankfurt_000001_041664.png
2153,validation,cityscapes,streetViewData\validation\cityscapes\mask\frankfurt_000001_042098.png,streetViewData\validation\cityscapes\img\frankfurt_000001_042098.png
2154,validation,cityscapes,streetViewData\validation\cityscapes\mask\frankfurt_000001_042384.png,streetViewData\validation\cityscapes\img\frankfurt_000001_042384.png
2155,validation,cityscapes,streetViewData\validation\cityscapes\mask\frankfurt_000001_042733.png,streetViewData\validation\cityscapes\img\frankfurt_000001_042733.png
2156,validation,cityscapes,streetViewData\validation\cityscapes\mask\frankfurt_000001_043395.png,streetViewData\validation\cityscapes\img\frankfurt_000001_043395.png
2157,validation,cityscapes,streetViewData\validation\cityscapes\mask\frankfurt_000001_043564.png,streetViewData\validation\cityscapes\img\frankfurt_000001_043564.png
2158,validation,cityscapes,streetViewData\validation\cityscapes\mask\frankfurt_000001_044227.png,streetViewData\validation\cityscapes\img\frankfurt_000001_044227.png
2159,validation,cityscapes,streetViewData\validation\cityscapes\mask\frankfurt_000001_044413.png,streetViewData\validation\cityscapes\img\frankfurt_000001_044413.png
2160,validation,cityscapes,streetViewData\validation\cityscapes\mask\frankfurt_000001_044525.png,streetViewData\validation\cityscapes\img\frankfurt_000001_044525.png
2161,validation,cityscapes,streetViewData\validation\cityscapes\mask\frankfurt_000001_044658.png,streetViewData\validation\cityscapes\img\frankfurt_000001_044658.png
2162,validation,cityscapes,streetViewData\validation\cityscapes\mask\frankfurt_000001_044787.png,streetViewData\validation\cityscapes\img\frankfurt_000001_044787.png
2163,validation,cityscapes,streetViewData\validation\cityscapes\mask\frankfurt_000001_046126.png,streetViewData\validation\cityscapes\img\frankfurt_000001_046126.png
2164,validation,cityscapes,streetViewData\validation\cityscapes\mask\frankfurt_000001_046272.png,streetViewData\validation\cityscapes\img\frankfurt_000001_046272.png
2165,validation,cityscapes,streetViewData\validation\cityscapes\mask\frankfurt_000001_046504.png,streetViewData\validation\cityscapes\img\frankfurt_000001_046504.png
2166,validation,cityscapes,streetViewData\validation\cityscapes\mask\frankfurt_000001_046779.png,streetViewData\validation\cityscapes\img\frankfurt_000001_046779.png
2167,validation,cityscapes,streetViewData\validation\cityscapes\mask\frankfurt_000001_047178.png,streetViewData\validation\cityscapes\img\frankfurt_000001_047178.png
2168,validation,cityscapes,streetViewData\validation\cityscapes\mask\frankfurt_000001_047552.png,streetViewData\validation\cityscapes\img\frankfurt_000001_047552.png
2169,validation,cityscapes,streetViewData\validation\cityscapes\mask\frankfurt_000001_048196.png,streetViewData\validation\cityscapes\img\frankfurt_000001_048196.png
2170,validation,cityscapes,streetViewData\validation\cityscapes\mask\frankfurt_000001_048355.png,streetViewData\validation\cityscapes\img\frankfurt_000001_048355.png
2171,validation,cityscapes,streetViewData\validation\cityscapes\mask\frankfurt_000001_048654.png,streetViewData\validation\cityscapes\img\frankfurt_000001_048654.png
2172,validation,cityscapes,streetViewData\validation\cityscapes\mask\frankfurt_000001_049078.png,streetViewData\validation\cityscapes\img\frankfurt_000001_049078.png
2173,validation,cityscapes,streetViewData\validation\cityscapes\mask\frankfurt_000001_049209.png,streetViewData\validation\cityscapes\img\frankfurt_000001_049209.png
2174,validation,cityscapes,streetViewData\validation\cityscapes\mask\frankfurt_000001_049298.png,streetViewData\validation\cityscapes\img\frankfurt_000001_049298.png
2175,validation,cityscapes,streetViewData\validation\cityscapes\mask\frankfurt_000001_049698.png,streetViewData\validation\cityscapes\img\frankfurt_000001_049698.png
2176,validation,cityscapes,streetViewData\validation\cityscapes\mask\frankfurt_000001_049770.png,streetViewData\validation\cityscapes\img\frankfurt_000001_049770.png
2177,validation,cityscapes,streetViewData\validation\cityscapes\mask\frankfurt_000001_050149.png,streetViewData\validation\cityscapes\img\frankfurt_000001_050149.png
2178,validation,cityscapes,streetViewData\validation\cityscapes\mask\frankfurt_000001_050686.png,streetViewData\validation\cityscapes\img\frankfurt_000001_050686.png
2179,validation,cityscapes,streetViewData\validation\cityscapes\mask\frankfurt_000001_051516.png,streetViewData\validation\cityscapes\img\frankfurt_000001_051516.png
2180,validation,cityscapes,streetViewData\validation\cityscapes\mask\frankfurt_000001_051737.png,streetViewData\validation\cityscapes\img\frankfurt_000001_051737.png
2181,validation,cityscapes,streetViewData\validation\cityscapes\mask\frankfurt_000001_051807.png,streetViewData\validation\cityscapes\img\frankfurt_000001_051807.png
2182,validation,cityscapes,streetViewData\validation\cityscapes\mask\frankfurt_000001_052120.png,streetViewData\validation\cityscapes\img\frankfurt_000001_052120.png
2183,validation,cityscapes,streetViewData\validation\cityscapes\mask\frankfurt_000001_052594.png,streetViewData\validation\cityscapes\img\frankfurt_000001_052594.png
2184,validation,cityscapes,streetViewData\validation\cityscapes\mask\frankfurt_000001_053102.png,streetViewData\validation\cityscapes\img\frankfurt_000001_053102.png
2185,validation,cityscapes,streetViewData\validation\cityscapes\mask\frankfurt_000001_054077.png,streetViewData\validation\cityscapes\img\frankfurt_000001_054077.png
2186,validation,cityscapes,streetViewData\validation\cityscapes\mask\frankfurt_000001_054219.png,streetViewData\validation\cityscapes\img\frankfurt_000001_054219.png
2187,validation,cityscapes,streetViewData\validation\cityscapes\mask\frankfurt_000001_054415.png,streetViewData\validation\cityscapes\img\frankfurt_000001_054415.png
2188,validation,cityscapes,streetViewData\validation\cityscapes\mask\frankfurt_000001_054640.png,streetViewData\validation\cityscapes\img\frankfurt_000001_054640.png
2189,validation,cityscapes,streetViewData\validation\cityscapes\mask\frankfurt_000001_054884.png,streetViewData\validation\cityscapes\img\frankfurt_000001_054884.png
2190,validation,cityscapes,streetViewData\validation\cityscapes\mask\frankfurt_000001_055062.png,streetViewData\validation\cityscapes\img\frankfurt_000001_055062.png
2191,validation,cityscapes,streetViewData\validation\cityscapes\mask\frankfurt_000001_055172.png,streetViewData\validation\cityscapes\img\frankfurt_000001_055172.png
2192,validation,cityscapes,streetViewData\validation\cityscapes\mask\frankfurt_000001_055306.png,streetViewData\validation\cityscapes\img\frankfurt_000001_055306.png
2193,validation,cityscapes,streetViewData\validation\cityscapes\mask\frankfurt_000001_055387.png,streetViewData\validation\cityscapes\img\frankfurt_000001_055387.png
2194,validation,cityscapes,streetViewData\validation\cityscapes\mask\frankfurt_000001_055538.png,streetViewData\validation\cityscapes\img\frankfurt_000001_055538.png
2195,validation,cityscapes,streetViewData\validation\cityscapes\mask\frankfurt_000001_055603.png,streetViewData\validation\cityscapes\img\frankfurt_000001_055603.png
2196,validation,cityscapes,streetViewData\validation\cityscapes\mask\frankfurt_000001_055709.png,streetViewData\validation\cityscapes\img\frankfurt_000001_055709.png
2197,validation,cityscapes,streetViewData\validation\cityscapes\mask\frankfurt_000001_056580.png,streetViewData\validation\cityscapes\img\frankfurt_000001_056580.png
2198,validation,cityscapes,streetViewData\validation\cityscapes\mask\frankfurt_000001_057181.png,streetViewData\validation\cityscapes\img\frankfurt_000001_057181.png
2199,validation,cityscapes,streetViewData\validation\cityscapes\mask\frankfurt_000001_057478.png,streetViewData\validation\cityscapes\img\frankfurt_000001_057478.png
2200,validation,cityscapes,streetViewData\validation\cityscapes\mask\frankfurt_000001_057954.png,streetViewData\validation\cityscapes\img\frankfurt_000001_057954.png
2201,validation,cityscapes,streetViewData\validation\cityscapes\mask\frankfurt_000001_058057.png,streetViewData\validation\cityscapes\img\frankfurt_000001_058057.png
2202,validation,cityscapes,streetViewData\validation\cityscapes\mask\frankfurt_000001_058176.png,streetViewData\validation\cityscapes\img\frankfurt_000001_058176.png
2203,validation,cityscapes,streetViewData\validation\cityscapes\mask\frankfurt_000001_058504.png,streetViewData\validation\cityscapes\img\frankfurt_000001_058504.png
2204,validation,cityscapes,streetViewData\validation\cityscapes\mask\frankfurt_000001_058914.png,streetViewData\validation\cityscapes\img\frankfurt_000001_058914.png
2205,validation,cityscapes,streetViewData\validation\cityscapes\mask\frankfurt_000001_059119.png,streetViewData\validation\cityscapes\img\frankfurt_000001_059119.png
2206,validation,cityscapes,streetViewData\validation\cityscapes\mask\frankfurt_000001_059642.png,streetViewData\validation\cityscapes\img\frankfurt_000001_059642.png
2207,validation,cityscapes,streetViewData\validation\cityscapes\mask\frankfurt_000001_059789.png,streetViewData\validation\cityscapes\img\frankfurt_000001_059789.png
2208,validation,cityscapes,streetViewData\validation\cityscapes\mask\frankfurt_000001_060135.png,streetViewData\validation\cityscapes\img\frankfurt_000001_060135.png
2209,validation,cityscapes,streetViewData\validation\cityscapes\mask\frankfurt_000001_060422.png,streetViewData\validation\cityscapes\img\frankfurt_000001_060422.png
2210,validation,cityscapes,streetViewData\validation\cityscapes\mask\frankfurt_000001_060545.png,streetViewData\validation\cityscapes\img\frankfurt_000001_060545.png
2211,validation,cityscapes,streetViewData\validation\cityscapes\mask\frankfurt_000001_060906.png,streetViewData\validation\cityscapes\img\frankfurt_000001_060906.png
2212,validation,cityscapes,streetViewData\validation\cityscapes\mask\frankfurt_000001_061682.png,streetViewData\validation\cityscapes\img\frankfurt_000001_061682.png
2213,validation,cityscapes,streetViewData\validation\cityscapes\mask\frankfurt_000001_061763.png,streetViewData\validation\cityscapes\img\frankfurt_000001_061763.png
2214,validation,cityscapes,streetViewData\validation\cityscapes\mask\frankfurt_000001_062016.png,streetViewData\validation\cityscapes\img\frankfurt_000001_062016.png
2215,validation,cityscapes,streetViewData\validation\cityscapes\mask\frankfurt_000001_062250.png,streetViewData\validation\cityscapes\img\frankfurt_000001_062250.png
2216,validation,cityscapes,streetViewData\validation\cityscapes\mask\frankfurt_000001_062396.png,streetViewData\validation\cityscapes\img\frankfurt_000001_062396.png
2217,validation,cityscapes,streetViewData\validation\cityscapes\mask\frankfurt_000001_062509.png,streetViewData\validation\cityscapes\img\frankfurt_000001_062509.png
2218,validation,cityscapes,streetViewData\validation\cityscapes\mask\frankfurt_000001_062653.png,streetViewData\validation\cityscapes\img\frankfurt_000001_062653.png
2219,validation,cityscapes,streetViewData\validation\cityscapes\mask\frankfurt_000001_062793.png,streetViewData\validation\cityscapes\img\frankfurt_000001_062793.png
2220,validation,cityscapes,streetViewData\validation\cityscapes\mask\frankfurt_000001_063045.png,streetViewData\validation\cityscapes\img\frankfurt_000001_063045.png
2221,validation,cityscapes,streetViewData\validation\cityscapes\mask\frankfurt_000001_064130.png,streetViewData\validation\cityscapes\img\frankfurt_000001_064130.png
2222,validation,cityscapes,streetViewData\validation\cityscapes\mask\frankfurt_000001_064305.png,streetViewData\validation\cityscapes\img\frankfurt_000001_064305.png
2223,validation,cityscapes,streetViewData\validation\cityscapes\mask\frankfurt_000001_064651.png,streetViewData\validation\cityscapes\img\frankfurt_000001_064651.png
2224,validation,cityscapes,streetViewData\validation\cityscapes\mask\frankfurt_000001_064798.png,streetViewData\validation\cityscapes\img\frankfurt_000001_064798.png
2225,validation,cityscapes,streetViewData\validation\cityscapes\mask\frankfurt_000001_064925.png,streetViewData\validation\cityscapes\img\frankfurt_000001_064925.png
2226,validation,cityscapes,streetViewData\validation\cityscapes\mask\frankfurt_000001_065160.png,streetViewData\validation\cityscapes\img\frankfurt_000001_065160.png
2227,validation,cityscapes,streetViewData\validation\cityscapes\mask\frankfurt_000001_065617.png,streetViewData\validation\cityscapes\img\frankfurt_000001_065617.png
2228,validation,cityscapes,streetViewData\validation\cityscapes\mask\frankfurt_000001_065850.png,streetViewData\validation\cityscapes\img\frankfurt_000001_065850.png
2229,validation,cityscapes,streetViewData\validation\cityscapes\mask\frankfurt_000001_066092.png,streetViewData\validation\cityscapes\img\frankfurt_000001_066092.png
2230,validation,cityscapes,streetViewData\validation\cityscapes\mask\frankfurt_000001_066438.png,streetViewData\validation\cityscapes\img\frankfurt_000001_066438.png
2231,validation,cityscapes,streetViewData\validation\cityscapes\mask\frankfurt_000001_066574.png,streetViewData\validation\cityscapes\img\frankfurt_000001_066574.png
2232,validation,cityscapes,streetViewData\validation\cityscapes\mask\frankfurt_000001_066832.png,streetViewData\validation\cityscapes\img\frankfurt_000001_066832.png
2233,validation,cityscapes,streetViewData\validation\cityscapes\mask\frankfurt_000001_067092.png,streetViewData\validation\cityscapes\img\frankfurt_000001_067092.png
2234,validation,cityscapes,streetViewData\validation\cityscapes\mask\frankfurt_000001_067178.png,streetViewData\validation\cityscapes\img\frankfurt_000001_067178.png
2235,validation,cityscapes,streetViewData\validation\cityscapes\mask\frankfurt_000001_067295.png,streetViewData\validation\cityscapes\img\frankfurt_000001_067295.png
2236,validation,cityscapes,streetViewData\validation\cityscapes\mask\frankfurt_000001_067474.png,streetViewData\validation\cityscapes\img\frankfurt_000001_067474.png
2237,validation,cityscapes,streetViewData\validation\cityscapes\mask\frankfurt_000001_067735.png,streetViewData\validation\cityscapes\img\frankfurt_000001_067735.png
2238,validation,cityscapes,streetViewData\validation\cityscapes\mask\frankfurt_000001_068063.png,streetViewData\validation\cityscapes\img\frankfurt_000001_068063.png
2239,validation,cityscapes,streetViewData\validation\cityscapes\mask\frankfurt_000001_068208.png,streetViewData\validation\cityscapes\img\frankfurt_000001_068208.png
2240,validation,cityscapes,streetViewData\validation\cityscapes\mask\frankfurt_000001_068682.png,streetViewData\validation\cityscapes\img\frankfurt_000001_068682.png
2241,validation,cityscapes,streetViewData\validation\cityscapes\mask\frankfurt_000001_068772.png,streetViewData\validation\cityscapes\img\frankfurt_000001_068772.png
2242,validation,cityscapes,streetViewData\validation\cityscapes\mask\frankfurt_000001_069633.png,streetViewData\validation\cityscapes\img\frankfurt_000001_069633.png
2243,validation,cityscapes,streetViewData\validation\cityscapes\mask\frankfurt_000001_070099.png,streetViewData\validation\cityscapes\img\frankfurt_000001_070099.png
2244,validation,cityscapes,streetViewData\validation\cityscapes\mask\frankfurt_000001_071288.png,streetViewData\validation\cityscapes\img\frankfurt_000001_071288.png
2245,validation,cityscapes,streetViewData\validation\cityscapes\mask\frankfurt_000001_071781.png,streetViewData\validation\cityscapes\img\frankfurt_000001_071781.png
2246,validation,cityscapes,streetViewData\validation\cityscapes\mask\frankfurt_000001_072155.png,streetViewData\validation\cityscapes\img\frankfurt_000001_072155.png
2247,validation,cityscapes,streetViewData\validation\cityscapes\mask\frankfurt_000001_072295.png,streetViewData\validation\cityscapes\img\frankfurt_000001_072295.png
2248,validation,cityscapes,streetViewData\validation\cityscapes\mask\frankfurt_000001_073088.png,streetViewData\validation\cityscapes\img\frankfurt_000001_073088.png
2249,validation,cityscapes,streetViewData\validation\cityscapes\mask\frankfurt_000001_073243.png,streetViewData\validation\cityscapes\img\frankfurt_000001_073243.png
2250,validation,cityscapes,streetViewData\validation\cityscapes\mask\frankfurt_000001_073464.png,streetViewData\validation\cityscapes\img\frankfurt_000001_073464.png
2251,validation,cityscapes,streetViewData\validation\cityscapes\mask\frankfurt_000001_073911.png,streetViewData\validation\cityscapes\img\frankfurt_000001_073911.png
2252,validation,cityscapes,streetViewData\validation\cityscapes\mask\frankfurt_000001_075296.png,streetViewData\validation\cityscapes\img\frankfurt_000001_075296.png
2253,validation,cityscapes,streetViewData\validation\cityscapes\mask\frankfurt_000001_075984.png,streetViewData\validation\cityscapes\img\frankfurt_000001_075984.png
2254,validation,cityscapes,streetViewData\validation\cityscapes\mask\frankfurt_000001_076502.png,streetViewData\validation\cityscapes\img\frankfurt_000001_076502.png
2255,validation,cityscapes,streetViewData\validation\cityscapes\mask\frankfurt_000001_077092.png,streetViewData\validation\cityscapes\img\frankfurt_000001_077092.png
2256,validation,cityscapes,streetViewData\validation\cityscapes\mask\frankfurt_000001_077233.png,streetViewData\validation\cityscapes\img\frankfurt_000001_077233.png
2257,validation,cityscapes,streetViewData\validation\cityscapes\mask\frankfurt_000001_077434.png,streetViewData\validation\cityscapes\img\frankfurt_000001_077434.png
2258,validation,cityscapes,streetViewData\validation\cityscapes\mask\frankfurt_000001_078803.png,streetViewData\validation\cityscapes\img\frankfurt_000001_078803.png
2259,validation,cityscapes,streetViewData\validation\cityscapes\mask\frankfurt_000001_079206.png,streetViewData\validation\cityscapes\img\frankfurt_000001_079206.png
2260,validation,cityscapes,streetViewData\validation\cityscapes\mask\frankfurt_000001_080091.png,streetViewData\validation\cityscapes\img\frankfurt_000001_080091.png
2261,validation,cityscapes,streetViewData\validation\cityscapes\mask\frankfurt_000001_080391.png,streetViewData\validation\cityscapes\img\frankfurt_000001_080391.png
2262,validation,cityscapes,streetViewData\validation\cityscapes\mask\frankfurt_000001_080830.png,streetViewData\validation\cityscapes\img\frankfurt_000001_080830.png
2263,validation,cityscapes,streetViewData\validation\cityscapes\mask\frankfurt_000001_082087.png,streetViewData\validation\cityscapes\img\frankfurt_000001_082087.png
2264,validation,cityscapes,streetViewData\validation\cityscapes\mask\frankfurt_000001_082466.png,streetViewData\validation\cityscapes\img\frankfurt_000001_082466.png
2265,validation,cityscapes,streetViewData\validation\cityscapes\mask\frankfurt_000001_083029.png,streetViewData\validation\cityscapes\img\frankfurt_000001_083029.png
2266,validation,cityscapes,streetViewData\validation\cityscapes\mask\frankfurt_000001_083199.png,streetViewData\validation\cityscapes\img\frankfurt_000001_083199.png
2267,validation,cityscapes,streetViewData\validation\cityscapes\mask\frankfurt_000001_083852.png,streetViewData\validation\cityscapes\img\frankfurt_000001_083852.png
2268,validation,cityscapes,streetViewData\validation\cityscapes\mask\lindau_000000_000019.png,streetViewData\validation\cityscapes\img\lindau_000000_000019.png
2269,validation,cityscapes,streetViewData\validation\cityscapes\mask\lindau_000001_000019.png,streetViewData\validation\cityscapes\img\lindau_000001_000019.png
2270,validation,cityscapes,streetViewData\validation\cityscapes\mask\lindau_000002_000019.png,streetViewData\validation\cityscapes\img\lindau_000002_000019.png
2271,validation,cityscapes,streetViewData\validation\cityscapes\mask\lindau_000003_000019.png,streetViewData\validation\cityscapes\img\lindau_000003_000019.png
2272,validation,cityscapes,streetViewData\validation\cityscapes\mask\lindau_000004_000019.png,streetViewData\validation\cityscapes\img\lindau_000004_000019.png
2273,validation,cityscapes,streetViewData\validation\cityscapes\mask\lindau_000005_000019.png,streetViewData\validation\cityscapes\img\lindau_000005_000019.png
2274,validation,cityscapes,streetViewData\validation\cityscapes\mask\lindau_000006_000019.png,streetViewData\validation\cityscapes\img\lindau_000006_000019.png
2275,validation,cityscapes,streetViewData\validation\cityscapes\mask\lindau_000007_000019.png,streetViewData\validation\cityscapes\img\lindau_000007_000019.png
2276,validation,cityscapes,streetViewData\validation\cityscapes\mask\lindau_000008_000019.png,streetViewData\validation\cityscapes\img\lindau_000008_000019.png
2277,validation,cityscapes,streetViewData\validation\cityscapes\mask\lindau_000009_000019.png,streetViewData\validation\cityscapes\img\lindau_000009_000019.png
2278,validation,cityscapes,streetViewData\validation\cityscapes\mask\lindau_000010_000019.png,streetViewData\validation\cityscapes\img\lindau_000010_000019.png
2279,validation,cityscapes,streetViewData\validation\cityscapes\mask\lindau_000011_000019.png,streetViewData\validation\cityscapes\img\lindau_000011_000019.png
2280,validation,cityscapes,streetViewData\validation\cityscapes\mask\lindau_000012_000019.png,streetViewData\validation\cityscapes\img\lindau_000012_000019.png
2281,validation,cityscapes,streetViewData\validation\cityscapes\mask\lindau_000013_000019.png,streetViewData\validation\cityscapes\img\lindau_000013_000019.png
2282,validation,cityscapes,streetViewData\validation\cityscapes\mask\lindau_000014_000019.png,streetViewData\validation\cityscapes\img\lindau_000014_000019.png
2283,validation,cityscapes,streetViewData\validation\cityscapes\mask\lindau_000015_000019.png,streetViewData\validation\cityscapes\img\lindau_000015_000019.png
2284,validation,cityscapes,streetViewData\validation\cityscapes\mask\lindau_000016_000019.png,streetViewData\validation\cityscapes\img\lindau_000016_000019.png
2285,validation,cityscapes,streetViewData\validation\cityscapes\mask\lindau_000017_000019.png,streetViewData\validation\cityscapes\img\lindau_000017_000019.png
2286,validation,cityscapes,streetViewData\validation\cityscapes\mask\lindau_000018_000019.png,streetViewData\validation\cityscapes\img\lindau_000018_000019.png
2287,validation,cityscapes,streetViewData\validation\cityscapes\mask\lindau_000019_000019.png,streetViewData\validation\cityscapes\img\lindau_000019_000019.png
2288,validation,cityscapes,streetViewData\validation\cityscapes\mask\lindau_000020_000019.png,streetViewData\validation\cityscapes\img\lindau_000020_000019.png
2289,validation,cityscapes,streetViewData\validation\cityscapes\mask\lindau_000021_000019.png,streetViewData\validation\cityscapes\img\lindau_000021_000019.png
2290,validation,cityscapes,streetViewData\validation\cityscapes\mask\lindau_000022_000019.png,streetViewData\validation\cityscapes\img\lindau_000022_000019.png
2291,validation,cityscapes,streetViewData\validation\cityscapes\mask\lindau_000023_000019.png,streetViewData\validation\cityscapes\img\lindau_000023_000019.png
2292,validation,cityscapes,streetViewData\validation\cityscapes\mask\lindau_000024_000019.png,streetViewData\validation\cityscapes\img\lindau_000024_000019.png
2293,validation,cityscapes,streetViewData\validation\cityscapes\mask\lindau_000025_000019.png,streetViewData\validation\cityscapes\img\lindau_000025_000019.png
2294,validation,cityscapes,streetViewData\validation\cityscapes\mask\lindau_000026_000019.png,streetViewData\validation\cityscapes\img\lindau_000026_000019.png
2295,validation,cityscapes,streetViewData\validation\cityscapes\mask\lindau_000027_000019.png,streetViewData\validation\cityscapes\img\lindau_000027_000019.png
2296,validation,cityscapes,streetViewData\validation\cityscapes\mask\lindau_000028_000019.png,streetViewData\validation\cityscapes\img\lindau_000028_000019.png
2297,validation,cityscapes,streetViewData\validation\cityscapes\mask\lindau_000029_000019.png,streetViewData\validation\cityscapes\img\lindau_000029_000019.png
2298,validation,cityscapes,streetViewData\validation\cityscapes\mask\lindau_000030_000019.png,streetViewData\validation\cityscapes\img\lindau_000030_000019.png
2299,validation,cityscapes,streetViewData\validation\cityscapes\mask\lindau_000031_000019.png,streetViewData\validation\cityscapes\img\lindau_000031_000019.png
2300,validation,cityscapes,streetViewData\validation\cityscapes\mask\lindau_000032_000019.png,streetViewData\validation\cityscapes\img\lindau_000032_000019.png
2301,validation,cityscapes,streetViewData\validation\cityscapes\mask\lindau_000033_000019.png,streetViewData\validation\cityscapes\img\lindau_000033_000019.png
2302,validation,cityscapes,streetViewData\validation\cityscapes\mask\lindau_000034_000019.png,streetViewData\validation\cityscapes\img\lindau_000034_000019.png
2303,validation,cityscapes,streetViewData\validation\cityscapes\mask\lindau_000035_000019.png,streetViewData\validation\cityscapes\img\lindau_000035_000019.png
2304,validation,cityscapes,streetViewData\validation\cityscapes\mask\lindau_000036_000019.png,streetViewData\validation\cityscapes\img\lindau_000036_000019.png
2305,validation,cityscapes,streetViewData\validation\cityscapes\mask\lindau_000037_000019.png,streetViewData\validation\cityscapes\img\lindau_000037_000019.png
2306,validation,cityscapes,streetViewData\validation\cityscapes\mask\lindau_000038_000019.png,streetViewData\validation\cityscapes\img\lindau_000038_000019.png
2307,validation,cityscapes,streetViewData\validation\cityscapes\mask\lindau_000039_000019.png,streetViewData\validation\cityscapes\img\lindau_000039_000019.png
2308,validation,cityscapes,streetViewData\validation\cityscapes\mask\lindau_000040_000019.png,streetViewData\validation\cityscapes\img\lindau_000040_000019.png
2309,validation,cityscapes,streetViewData\validation\cityscapes\mask\lindau_000041_000019.png,streetViewData\validation\cityscapes\img\lindau_000041_000019.png
2310,validation,cityscapes,streetViewData\validation\cityscapes\mask\lindau_000042_000019.png,streetViewData\validation\cityscapes\img\lindau_000042_000019.png
2311,validation,cityscapes,streetViewData\validation\cityscapes\mask\lindau_000043_000019.png,streetViewData\validation\cityscapes\img\lindau_000043_000019.png
2312,validation,cityscapes,streetViewData\validation\cityscapes\mask\lindau_000044_000019.png,streetViewData\validation\cityscapes\img\lindau_000044_000019.png
2313,validation,cityscapes,streetViewData\validation\cityscapes\mask\lindau_000045_000019.png,streetViewData\validation\cityscapes\img\lindau_000045_000019.png
2314,validation,cityscapes,streetViewData\validation\cityscapes\mask\lindau_000046_000019.png,streetViewData\validation\cityscapes\img\lindau_000046_000019.png
2315,validation,cityscapes,streetViewData\validation\cityscapes\mask\lindau_000047_000019.png,streetViewData\validation\cityscapes\img\lindau_000047_000019.png
2316,validation,cityscapes,streetViewData\validation\cityscapes\mask\lindau_000048_000019.png,streetViewData\validation\cityscapes\img\lindau_000048_000019.png
2317,validation,cityscapes,streetViewData\validation\cityscapes\mask\lindau_000049_000019.png,streetViewData\validation\cityscapes\img\lindau_000049_000019.png
2318,validation,cityscapes,streetViewData\validation\cityscapes\mask\lindau_000050_000019.png,streetViewData\validation\cityscapes\img\lindau_000050_000019.png
2319,validation,cityscapes,streetViewData\validation\cityscapes\mask\lindau_000051_000019.png,streetViewData\validation\cityscapes\img\lindau_000051_000019.png
2320,validation,cityscapes,streetViewData\validation\cityscapes\mask\lindau_000052_000019.png,streetViewData\validation\cityscapes\img\lindau_000052_000019.png
2321,validation,cityscapes,streetViewData\validation\cityscapes\mask\lindau_000053_000019.png,streetViewData\validation\cityscapes\img\lindau_000053_000019.png
2322,validation,cityscapes,streetViewData\validation\cityscapes\mask\lindau_000054_000019.png,streetViewData\validation\cityscapes\img\lindau_000054_000019.png
2323,validation,cityscapes,streetViewData\validation\cityscapes\mask\lindau_000055_000019.png,streetViewData\validation\cityscapes\img\lindau_000055_000019.png
2324,validation,cityscapes,streetViewData\validation\cityscapes\mask\lindau_000056_000019.png,streetViewData\validation\cityscapes\img\lindau_000056_000019.png
2325,validation,cityscapes,streetViewData\validation\cityscapes\mask\lindau_000057_000019.png,streetViewData\validation\cityscapes\img\lindau_000057_000019.png
2326,validation,cityscapes,streetViewData\validation\cityscapes\mask\lindau_000058_000019.png,streetViewData\validation\cityscapes\img\lindau_000058_000019.png
2327,validation,cityscapes,streetViewData\validation\cityscapes\mask\munster_000000_000019.png,streetViewData\validation\cityscapes\img\munster_000000_000019.png
2328,validation,cityscapes,streetViewData\validation\cityscapes\mask\munster_000001_000019.png,streetViewData\validation\cityscapes\img\munster_000001_000019.png
2329,validation,cityscapes,streetViewData\validation\cityscapes\mask\munster_000002_000019.png,streetViewData\validation\cityscapes\img\munster_000002_000019.png
2330,validation,cityscapes,streetViewData\validation\cityscapes\mask\munster_000003_000019.png,streetViewData\validation\cityscapes\img\munster_000003_000019.png
2331,validation,cityscapes,streetViewData\validation\cityscapes\mask\munster_000004_000019.png,streetViewData\validation\cityscapes\img\munster_000004_000019.png
2332,validation,cityscapes,streetViewData\validation\cityscapes\mask\munster_000005_000019.png,streetViewData\validation\cityscapes\img\munster_000005_000019.png
2333,validation,cityscapes,streetViewData\validation\cityscapes\mask\munster_000006_000019.png,streetViewData\validation\cityscapes\img\munster_000006_000019.png
2334,validation,cityscapes,streetViewData\validation\cityscapes\mask\munster_000007_000019.png,streetViewData\validation\cityscapes\img\munster_000007_000019.png
2335,validation,cityscapes,streetViewData\validation\cityscapes\mask\munster_000008_000019.png,streetViewData\validation\cityscapes\img\munster_000008_000019.png
2336,validation,cityscapes,streetViewData\validation\cityscapes\mask\munster_000009_000019.png,streetViewData\validation\cityscapes\img\munster_000009_000019.png
2337,validation,cityscapes,streetViewData\validation\cityscapes\mask\munster_000010_000019.png,streetViewData\validation\cityscapes\img\munster_000010_000019.png
2338,validation,cityscapes,streetViewData\validation\cityscapes\mask\munster_000011_000019.png,streetViewData\validation\cityscapes\img\munster_000011_000019.png
2339,validation,cityscapes,streetViewData\validation\cityscapes\mask\munster_000012_000019.png,streetViewData\validation\cityscapes\img\munster_000012_000019.png
2340,validation,cityscapes,streetViewData\validation\cityscapes\mask\munster_000013_000019.png,streetViewData\validation\cityscapes\img\munster_000013_000019.png
2341,validation,cityscapes,streetViewData\validation\cityscapes\mask\munster_000014_000019.png,streetViewData\validation\cityscapes\img\munster_000014_000019.png
2342,validation,cityscapes,streetViewData\validation\cityscapes\mask\munster_000015_000019.png,streetViewData\validation\cityscapes\img\munster_000015_000019.png
2343,validation,cityscapes,streetViewData\validation\cityscapes\mask\munster_000016_000019.png,streetViewData\validation\cityscapes\img\munster_000016_000019.png
2344,validation,cityscapes,streetViewData\validation\cityscapes\mask\munster_000017_000019.png,streetViewData\validation\cityscapes\img\munster_000017_000019.png
2345,validation,cityscapes,streetViewData\validation\cityscapes\mask\munster_000018_000019.png,streetViewData\validation\cityscapes\img\munster_000018_000019.png
2346,validation,cityscapes,streetViewData\validation\cityscapes\mask\munster_000019_000019.png,streetViewData\validation\cityscapes\img\munster_000019_000019.png
2347,validation,cityscapes,streetViewData\validation\cityscapes\mask\munster_000020_000019.png,streetViewData\validation\cityscapes\img\munster_000020_000019.png
2348,validation,cityscapes,streetViewData\validation\cityscapes\mask\munster_000021_000019.png,streetViewData\validation\cityscapes\img\munster_000021_000019.png
2349,validation,cityscapes,streetViewData\validation\cityscapes\mask\munster_000022_000019.png,streetViewData\validation\cityscapes\img\munster_000022_000019.png
2350,validation,cityscapes,streetViewData\validation\cityscapes\mask\munster_000023_000019.png,streetViewData\validation\cityscapes\img\munster_000023_000019.png
2351,validation,cityscapes,streetViewData\validation\cityscapes\mask\munster_000024_000019.png,streetViewData\validation\cityscapes\img\munster_000024_000019.png
2352,validation,cityscapes,streetViewData\validation\cityscapes\mask\munster_000025_000019.png,streetViewData\validation\cityscapes\img\munster_000025_000019.png
2353,validation,cityscapes,streetViewData\validation\cityscapes\mask\munster_000026_000019.png,streetViewData\validation\cityscapes\img\munster_000026_000019.png
2354,validation,cityscapes,streetViewData\validation\cityscapes\mask\munster_000027_000019.png,streetViewData\validation\cityscapes\img\munster_000027_000019.png
2355,validation,cityscapes,streetViewData\validation\cityscapes\mask\munster_000028_000019.png,streetViewData\validation\cityscapes\img\munster_000028_000019.png
2356,validation,cityscapes,streetViewData\validation\cityscapes\mask\munster_000029_000019.png,streetViewData\validation\cityscapes\img\munster_000029_000019.png
2357,validation,cityscapes,streetViewData\validation\cityscapes\mask\munster_000030_000019.png,streetViewData\validation\cityscapes\img\munster_000030_000019.png
2358,validation,cityscapes,streetViewData\validation\cityscapes\mask\munster_000031_000019.png,streetViewData\validation\cityscapes\img\munster_000031_000019.png
2359,validation,cityscapes,streetViewData\validation\cityscapes\mask\munster_000032_000019.png,streetViewData\validation\cityscapes\img\munster_000032_000019.png
2360,validation,cityscapes,streetViewData\validation\cityscapes\mask\munster_000033_000019.png,streetViewData\validation\cityscapes\img\munster_000033_000019.png
2361,validation,cityscapes,streetViewData\validation\cityscapes\mask\munster_000034_000019.png,streetViewData\validation\cityscapes\img\munster_000034_000019.png
2362,validation,cityscapes,streetViewData\validation\cityscapes\mask\munster_000035_000019.png,streetViewData\validation\cityscapes\img\munster_000035_000019.png
2363,validation,cityscapes,streetViewData\validation\cityscapes\mask\munster_000036_000019.png,streetViewData\validation\cityscapes\img\munster_000036_000019.png
2364,validation,cityscapes,streetViewData\validation\cityscapes\mask\munster_000037_000019.png,streetViewData\validation\cityscapes\img\munster_000037_000019.png
2365,validation,cityscapes,streetViewData\validation\cityscapes\mask\munster_000038_000019.png,streetViewData\validation\cityscapes\img\munster_000038_000019.png
2366,validation,cityscapes,streetViewData\validation\cityscapes\mask\munster_000039_000019.png,streetViewData\validation\cityscapes\img\munster_000039_000019.png
2367,validation,cityscapes,streetViewData\validation\cityscapes\mask\munster_000040_000019.png,streetViewData\validation\cityscapes\img\munster_000040_000019.png
2368,validation,cityscapes,streetViewData\validation\cityscapes\mask\munster_000041_000019.png,streetViewData\validation\cityscapes\img\munster_000041_000019.png
2369,validation,cityscapes,streetViewData\validation\cityscapes\mask\munster_000042_000019.png,streetViewData\validation\cityscapes\img\munster_000042_000019.png
2370,validation,cityscapes,streetViewData\validation\cityscapes\mask\munster_000043_000019.png,streetViewData\validation\cityscapes\img\munster_000043_000019.png
2371,validation,cityscapes,streetViewData\validation\cityscapes\mask\munster_000044_000019.png,streetViewData\validation\cityscapes\img\munster_000044_000019.png
2372,validation,cityscapes,streetViewData\validation\cityscapes\mask\munster_000045_000019.png,streetViewData\validation\cityscapes\img\munster_000045_000019.png
2373,validation,cityscapes,streetViewData\validation\cityscapes\mask\munster_000046_000019.png,streetViewData\validation\cityscapes\img\munster_000046_000019.png
2374,validation,cityscapes,streetViewData\validation\cityscapes\mask\munster_000047_000019.png,streetViewData\validation\cityscapes\img\munster_000047_000019.png
2375,validation,cityscapes,streetViewData\validation\cityscapes\mask\munster_000048_000019.png,streetViewData\validation\cityscapes\img\munster_000048_000019.png
2376,validation,cityscapes,streetViewData\validation\cityscapes\mask\munster_000049_000019.png,streetViewData\validation\cityscapes\img\munster_000049_000019.png
2377,validation,cityscapes,streetViewData\validation\cityscapes\mask\munster_000050_000019.png,streetViewData\validation\cityscapes\img\munster_000050_000019.png
2378,validation,cityscapes,streetViewData\validation\cityscapes\mask\munster_000051_000019.png,streetViewData\validation\cityscapes\img\munster_000051_000019.png
2379,validation,cityscapes,streetViewData\validation\cityscapes\mask\munster_000052_000019.png,streetViewData\validation\cityscapes\img\munster_000052_000019.png
2380,validation,cityscapes,streetViewData\validation\cityscapes\mask\munster_000053_000019.png,streetViewData\validation\cityscapes\img\munster_000053_000019.png
2381,validation,cityscapes,streetViewData\validation\cityscapes\mask\munster_000054_000019.png,streetViewData\validation\cityscapes\img\munster_000054_000019.png
2382,validation,cityscapes,streetViewData\validation\cityscapes\mask\munster_000055_000019.png,streetViewData\validation\cityscapes\img\munster_000055_000019.png
2383,validation,cityscapes,streetViewData\validation\cityscapes\mask\munster_000056_000019.png,streetViewData\validation\cityscapes\img\munster_000056_000019.png
2384,validation,cityscapes,streetViewData\validation\cityscapes\mask\munster_000057_000019.png,streetViewData\validation\cityscapes\img\munster_000057_000019.png
2385,validation,cityscapes,streetViewData\validation\cityscapes\mask\munster_000058_000019.png,streetViewData\validation\cityscapes\img\munster_000058_000019.png
2386,validation,cityscapes,streetViewData\validation\cityscapes\mask\munster_000059_000019.png,streetViewData\validation\cityscapes\img\munster_000059_000019.png
2387,validation,cityscapes,streetViewData\validation\cityscapes\mask\munster_000060_000019.png,streetViewData\validation\cityscapes\img\munster_000060_000019.png
2388,validation,cityscapes,streetViewData\validation\cityscapes\mask\munster_000061_000019.png,streetViewData\validation\cityscapes\img\munster_000061_000019.png
2389,validation,cityscapes,streetViewData\validation\cityscapes\mask\munster_000062_000019.png,streetViewData\validation\cityscapes\img\munster_000062_000019.png
2390,validation,cityscapes,streetViewData\validation\cityscapes\mask\munster_000063_000019.png,streetViewData\validation\cityscapes\img\munster_000063_000019.png
2391,validation,cityscapes,streetViewData\validation\cityscapes\mask\munster_000064_000019.png,streetViewData\validation\cityscapes\img\munster_000064_000019.png
2392,validation,cityscapes,streetViewData\validation\cityscapes\mask\munster_000065_000019.png,streetViewData\validation\cityscapes\img\munster_000065_000019.png
2393,validation,cityscapes,streetViewData\validation\cityscapes\mask\munster_000066_000019.png,streetViewData\validation\cityscapes\img\munster_000066_000019.png
2394,validation,cityscapes,streetViewData\validation\cityscapes\mask\munster_000067_000019.png,streetViewData\validation\cityscapes\img\munster_000067_000019.png
2395,validation,cityscapes,streetViewData\validation\cityscapes\mask\munster_000068_000019.png,streetViewData\validation\cityscapes\img\munster_000068_000019.png
2396,validation,cityscapes,streetViewData\validation\cityscapes\mask\munster_000069_000019.png,streetViewData\validation\cityscapes\img\munster_000069_000019.png
2397,validation,cityscapes,streetViewData\validation\cityscapes\mask\munster_000070_000019.png,streetViewData\validation\cityscapes\img\munster_000070_000019.png
2398,validation,cityscapes,streetViewData\validation\cityscapes\mask\munster_000071_000019.png,streetViewData\validation\cityscapes\img\munster_000071_000019.png
2399,validation,cityscapes,streetViewData\validation\cityscapes\mask\munster_000072_000019.png,streetViewData\validation\cityscapes\img\munster_000072_000019.png
2400,validation,cityscapes,streetViewData\validation\cityscapes\mask\munster_000073_000019.png,streetViewData\validation\cityscapes\img\munster_000073_000019.png
2401,validation,cityscapes,streetViewData\validation\cityscapes\mask\munster_000074_000019.png,streetViewData\validation\cityscapes\img\munster_000074_000019.png
2402,validation,cityscapes,streetViewData\validation\cityscapes\mask\munster_000075_000019.png,streetViewData\validation\cityscapes\img\munster_000075_000019.png
2403,validation,cityscapes,streetViewData\validation\cityscapes\mask\munster_000076_000019.png,streetViewData\validation\cityscapes\img\munster_000076_000019.png
2404,validation,cityscapes,streetViewData\validation\cityscapes\mask\munster_000077_000019.png,streetViewData\validation\cityscapes\img\munster_000077_000019.png
2405,validation,cityscapes,streetViewData\validation\cityscapes\mask\munster_000078_000019.png,streetViewData\validation\cityscapes\img\munster_000078_000019.png
2406,validation,cityscapes,streetViewData\validation\cityscapes\mask\munster_000079_000019.png,streetViewData\validation\cityscapes\img\munster_000079_000019.png
2407,validation,cityscapes,streetViewData\validation\cityscapes\mask\munster_000080_000019.png,streetViewData\validation\cityscapes\img\munster_000080_000019.png
2408,validation,cityscapes,streetViewData\validation\cityscapes\mask\munster_000081_000019.png,streetViewData\validation\cityscapes\img\munster_000081_000019.png
2409,validation,cityscapes,streetViewData\validation\cityscapes\mask\munster_000082_000019.png,streetViewData\validation\cityscapes\img\munster_000082_000019.png
2410,validation,cityscapes,streetViewData\validation\cityscapes\mask\munster_000083_000019.png,streetViewData\validation\cityscapes\img\munster_000083_000019.png
2411,validation,cityscapes,streetViewData\validation\cityscapes\mask\munster_000084_000019.png,streetViewData\validation\cityscapes\img\munster_000084_000019.png
2412,validation,cityscapes,streetViewData\validation\cityscapes\mask\munster_000085_000019.png,streetViewData\validation\cityscapes\img\munster_000085_000019.png
2413,validation,cityscapes,streetViewData\validation\cityscapes\mask\munster_000086_000019.png,streetViewData\validation\cityscapes\img\munster_000086_000019.png
2414,validation,cityscapes,streetViewData\validation\cityscapes\mask\munster_000087_000019.png,streetViewData\validation\cityscapes\img\munster_000087_000019.png
2415,validation,cityscapes,streetViewData\validation\cityscapes\mask\munster_000088_000019.png,streetViewData\validation\cityscapes\img\munster_000088_000019.png
2416,validation,cityscapes,streetViewData\validation\cityscapes\mask\munster_000089_000019.png,streetViewData\validation\cityscapes\img\munster_000089_000019.png
2417,validation,cityscapes,streetViewData\validation\cityscapes\mask\munster_000090_000019.png,streetViewData\validation\cityscapes\img\munster_000090_000019.png
2418,validation,cityscapes,streetViewData\validation\cityscapes\mask\munster_000091_000019.png,streetViewData\validation\cityscapes\img\munster_000091_000019.png
2419,validation,cityscapes,streetViewData\validation\cityscapes\mask\munster_000092_000019.png,streetViewData\validation\cityscapes\img\munster_000092_000019.png
2420,validation,cityscapes,streetViewData\validation\cityscapes\mask\munster_000093_000019.png,streetViewData\validation\cityscapes\img\munster_000093_000019.png
2421,validation,cityscapes,streetViewData\validation\cityscapes\mask\munster_000094_000019.png,streetViewData\validation\cityscapes\img\munster_000094_000019.png
2422,validation,cityscapes,streetViewData\validation\cityscapes\mask\munster_000095_000019.png,streetViewData\validation\cityscapes\img\munster_000095_000019.png
2423,validation,cityscapes,streetViewData\validation\cityscapes\mask\munster_000096_000019.png,streetViewData\validation\cityscapes\img\munster_000096_000019.png
2424,validation,cityscapes,streetViewData\validation\cityscapes\mask\munster_000097_000019.png,streetViewData\validation\cityscapes\img\munster_000097_000019.png
2425,validation,cityscapes,streetViewData\validation\cityscapes\mask\munster_000098_000019.png,streetViewData\validation\cityscapes\img\munster_000098_000019.png
2426,validation,cityscapes,streetViewData\validation\cityscapes\mask\munster_000099_000019.png,streetViewData\validation\cityscapes\img\munster_000099_000019.png
2427,validation,cityscapes,streetViewData\validation\cityscapes\mask\munster_000100_000019.png,streetViewData\validation\cityscapes\img\munster_000100_000019.png
2428,validation,cityscapes,streetViewData\validation\cityscapes\mask\munster_000101_000019.png,streetViewData\validation\cityscapes\img\munster_000101_000019.png
2429,validation,cityscapes,streetViewData\validation\cityscapes\mask\munster_000102_000019.png,streetViewData\validation\cityscapes\img\munster_000102_000019.png
2430,validation,cityscapes,streetViewData\validation\cityscapes\mask\munster_000103_000019.png,streetViewData\validation\cityscapes\img\munster_000103_000019.png
2431,validation,cityscapes,streetViewData\validation\cityscapes\mask\munster_000104_000019.png,streetViewData\validation\cityscapes\img\munster_000104_000019.png
2432,validation,cityscapes,streetViewData\validation\cityscapes\mask\munster_000105_000019.png,streetViewData\validation\cityscapes\img\munster_000105_000019.png
2433,validation,cityscapes,streetViewData\validation\cityscapes\mask\munster_000106_000019.png,streetViewData\validation\cityscapes\img\munster_000106_000019.png
2434,validation,cityscapes,streetViewData\validation\cityscapes\mask\munster_000107_000019.png,streetViewData\validation\cityscapes\img\munster_000107_000019.png
2435,validation,cityscapes,streetViewData\validation\cityscapes\mask\munster_000108_000019.png,streetViewData\validation\cityscapes\img\munster_000108_000019.png
2436,validation,cityscapes,streetViewData\validation\cityscapes\mask\munster_000109_000019.png,streetViewData\validation\cityscapes\img\munster_000109_000019.png
2437,validation,cityscapes,streetViewData\validation\cityscapes\mask\munster_000110_000019.png,streetViewData\validation\cityscapes\img\munster_000110_000019.png
2438,validation,cityscapes,streetViewData\validation\cityscapes\mask\munster_000111_000019.png,streetViewData\validation\cityscapes\img\munster_000111_000019.png
2439,validation,cityscapes,streetViewData\validation\cityscapes\mask\munster_000112_000019.png,streetViewData\validation\cityscapes\img\munster_000112_000019.png
2440,validation,cityscapes,streetViewData\validation\cityscapes\mask\munster_000113_000019.png,streetViewData\validation\cityscapes\img\munster_000113_000019.png
2441,validation,cityscapes,streetViewData\validation\cityscapes\mask\munster_000114_000019.png,streetViewData\validation\cityscapes\img\munster_000114_000019.png
2442,validation,cityscapes,streetViewData\validation\cityscapes\mask\munster_000115_000019.png,streetViewData\validation\cityscapes\img\munster_000115_000019.png
2443,validation,cityscapes,streetViewData\validation\cityscapes\mask\munster_000116_000019.png,streetViewData\validation\cityscapes\img\munster_000116_000019.png
2444,validation,cityscapes,streetViewData\validation\cityscapes\mask\munster_000117_000019.png,streetViewData\validation\cityscapes\img\munster_000117_000019.png
2445,validation,cityscapes,streetViewData\validation\cityscapes\mask\munster_000118_000019.png,streetViewData\validation\cityscapes\img\munster_000118_000019.png
2446,validation,cityscapes,streetViewData\validation\cityscapes\mask\munster_000119_000019.png,streetViewData\validation\cityscapes\img\munster_000119_000019.png
2447,validation,cityscapes,streetViewData\validation\cityscapes\mask\munster_000120_000019.png,streetViewData\validation\cityscapes\img\munster_000120_000019.png
2448,validation,cityscapes,streetViewData\validation\cityscapes\mask\munster_000121_000019.png,streetViewData\validation\cityscapes\img\munster_000121_000019.png
2449,validation,cityscapes,streetViewData\validation\cityscapes\mask\munster_000122_000019.png,streetViewData\validation\cityscapes\img\munster_000122_000019.png
2450,validation,cityscapes,streetViewData\validation\cityscapes\mask\munster_000123_000019.png,streetViewData\validation\cityscapes\img\munster_000123_000019.png
2451,validation,cityscapes,streetViewData\validation\cityscapes\mask\munster_000124_000019.png,streetViewData\validation\cityscapes\img\munster_000124_000019.png
2452,validation,cityscapes,streetViewData\validation\cityscapes\mask\munster_000125_000019.png,streetViewData\validation\cityscapes\img\munster_000125_000019.png
2453,validation,cityscapes,streetViewData\validation\cityscapes\mask\munster_000126_000019.png,streetViewData\validation\cityscapes\img\munster_000126_000019.png
2454,validation,cityscapes,streetViewData\validation\cityscapes\mask\munster_000127_000019.png,streetViewData\validation\cityscapes\img\munster_000127_000019.png
2455,validation,cityscapes,streetViewData\validation\cityscapes\mask\munster_000128_000019.png,streetViewData\validation\cityscapes\img\munster_000128_000019.png
2456,validation,cityscapes,streetViewData\validation\cityscapes\mask\munster_000129_000019.png,streetViewData\validation\cityscapes\img\munster_000129_000019.png
2457,validation,cityscapes,streetViewData\validation\cityscapes\mask\munster_000130_000019.png,streetViewData\validation\cityscapes\img\munster_000130_000019.png
2458,validation,cityscapes,streetViewData\validation\cityscapes\mask\munster_000131_000019.png,streetViewData\validation\cityscapes\img\munster_000131_000019.png
2459,validation,cityscapes,streetViewData\validation\cityscapes\mask\munster_000132_000019.png,streetViewData\validation\cityscapes\img\munster_000132_000019.png
2460,validation,cityscapes,streetViewData\validation\cityscapes\mask\munster_000133_000019.png,streetViewData\validation\cityscapes\img\munster_000133_000019.png
2461,validation,cityscapes,streetViewData\validation\cityscapes\mask\munster_000134_000019.png,streetViewData\validation\cityscapes\img\munster_000134_000019.png
2462,validation,cityscapes,streetViewData\validation\cityscapes\mask\munster_000135_000019.png,streetViewData\validation\cityscapes\img\munster_000135_000019.png
2463,validation,cityscapes,streetViewData\validation\cityscapes\mask\munster_000136_000019.png,streetViewData\validation\cityscapes\img\munster_000136_000019.png
2464,validation,cityscapes,streetViewData\validation\cityscapes\mask\munster_000137_000019.png,streetViewData\validation\cityscapes\img\munster_000137_000019.png
2465,validation,cityscapes,streetViewData\validation\cityscapes\mask\munster_000138_000019.png,streetViewData\validation\cityscapes\img\munster_000138_000019.png
2466,validation,cityscapes,streetViewData\validation\cityscapes\mask\munster_000139_000019.png,streetViewData\validation\cityscapes\img\munster_000139_000019.png
2467,validation,cityscapes,streetViewData\validation\cityscapes\mask\munster_000140_000019.png,streetViewData\validation\cityscapes\img\munster_000140_000019.png
2468,validation,cityscapes,streetViewData\validation\cityscapes\mask\munster_000141_000019.png,streetViewData\validation\cityscapes\img\munster_000141_000019.png
2469,validation,cityscapes,streetViewData\validation\cityscapes\mask\munster_000142_000019.png,streetViewData\validation\cityscapes\img\munster_000142_000019.png
2470,validation,cityscapes,streetViewData\validation\cityscapes\mask\munster_000143_000019.png,streetViewData\validation\cityscapes\img\munster_000143_000019.png
2471,validation,cityscapes,streetViewData\validation\cityscapes\mask\munster_000144_000019.png,streetViewData\validation\cityscapes\img\munster_000144_000019.png
2472,validation,cityscapes,streetViewData\validation\cityscapes\mask\munster_000145_000019.png,streetViewData\validation\cityscapes\img\munster_000145_000019.png
2473,validation,cityscapes,streetViewData\validation\cityscapes\mask\munster_000146_000019.png,streetViewData\validation\cityscapes\img\munster_000146_000019.png
2474,validation,cityscapes,streetViewData\validation\cityscapes\mask\munster_000147_000019.png,streetViewData\validation\cityscapes\img\munster_000147_000019.png
2475,validation,cityscapes,streetViewData\validation\cityscapes\mask\munster_000148_000019.png,streetViewData\validation\cityscapes\img\munster_000148_000019.png
2476,validation,cityscapes,streetViewData\validation\cityscapes\mask\munster_000149_000019.png,streetViewData\validation\cityscapes\img\munster_000149_000019.png
2477,validation,cityscapes,streetViewData\validation\cityscapes\mask\munster_000150_000019.png,streetViewData\validation\cityscapes\img\munster_000150_000019.png
2478,validation,cityscapes,streetViewData\validation\cityscapes\mask\munster_000151_000019.png,streetViewData\validation\cityscapes\img\munster_000151_000019.png
2479,validation,cityscapes,streetViewData\validation\cityscapes\mask\munster_000152_000019.png,streetViewData\validation\cityscapes\img\munster_000152_000019.png
2480,validation,cityscapes,streetViewData\validation\cityscapes\mask\munster_000153_000019.png,streetViewData\validation\cityscapes\img\munster_000153_000019.png
2481,validation,cityscapes,streetViewData\validation\cityscapes\mask\munster_000154_000019.png,streetViewData\validation\cityscapes\img\munster_000154_000019.png
2482,validation,cityscapes,streetViewData\validation\cityscapes\mask\munster_000155_000019.png,streetViewData\validation\cityscapes\img\munster_000155_000019.png
2483,validation,cityscapes,streetViewData\validation\cityscapes\mask\munster_000156_000019.png,streetViewData\validation\cityscapes\img\munster_000156_000019.png
2484,validation,cityscapes,streetViewData\validation\cityscapes\mask\munster_000157_000019.png,streetViewData\validation\cityscapes\img\munster_000157_000019.png
2485,validation,cityscapes,streetViewData\validation\cityscapes\mask\munster_000158_000019.png,streetViewData\validation\cityscapes\img\munster_000158_000019.png
2486,validation,cityscapes,streetViewData\validation\cityscapes\mask\munster_000159_000019.png,streetViewData\validation\cityscapes\img\munster_000159_000019.png
2487,validation,cityscapes,streetViewData\validation\cityscapes\mask\munster_000160_000019.png,streetViewData\validation\cityscapes\img\munster_000160_000019.png
2488,validation,cityscapes,streetViewData\validation\cityscapes\mask\munster_000161_000019.png,streetViewData\validation\cityscapes\img\munster_000161_000019.png
2489,validation,cityscapes,streetViewData\validation\cityscapes\mask\munster_000162_000019.png,streetViewData\validation\cityscapes\img\munster_000162_000019.png
2490,validation,cityscapes,streetViewData\validation\cityscapes\mask\munster_000163_000019.png,streetViewData\validation\cityscapes\img\munster_000163_000019.png
2491,validation,cityscapes,streetViewData\validation\cityscapes\mask\munster_000164_000019.png,streetViewData\validation\cityscapes\img\munster_000164_000019.png
2492,validation,cityscapes,streetViewData\validation\cityscapes\mask\munster_000165_000019.png,streetViewData\validation\cityscapes\img\munster_000165_000019.png
2493,validation,cityscapes,streetViewData\validation\cityscapes\mask\munster_000166_000019.png,streetViewData\validation\cityscapes\img\munster_000166_000019.png
2494,validation,cityscapes,streetViewData\validation\cityscapes\mask\munster_000167_000019.png,streetViewData\validation\cityscapes\img\munster_000167_000019.png
2495,validation,cityscapes,streetViewData\validation\cityscapes\mask\munster_000168_000019.png,streetViewData\validation\cityscapes\img\munster_000168_000019.png
2496,validation,cityscapes,streetViewData\validation\cityscapes\mask\munster_000169_000019.png,streetViewData\validation\cityscapes\img\munster_000169_000019.png
2497,validation,cityscapes,streetViewData\validation\cityscapes\mask\munster_000170_000019.png,streetViewData\validation\cityscapes\img\munster_000170_000019.png
2498,validation,cityscapes,streetViewData\validation\cityscapes\mask\munster_000171_000019.png,streetViewData\validation\cityscapes\img\munster_000171_000019.png
2499,validation,cityscapes,streetViewData\validation\cityscapes\mask\munster_000172_000019.png,streetViewData\validation\cityscapes\img\munster_000172_000019.png
2500,validation,cityscapes,streetViewData\validation\cityscapes\mask\munster_000173_000019.png,streetViewData\validation\cityscapes\img\munster_000173_000019.png
2501,test,cityscapes,streetViewData\test\cityscapes\mask\aachen_000000_000019.png,streetViewData\test\cityscapes\img\aachen_000000_000019.png
2502,test,cityscapes,streetViewData\test\cityscapes\mask\aachen_000001_000019.png,streetViewData\test\cityscapes\img\aachen_000001_000019.png
2503,test,cityscapes,streetViewData\test\cityscapes\mask\aachen_000002_000019.png,streetViewData\test\cityscapes\img\aachen_000002_000019.png
2504,test,cityscapes,streetViewData\test\cityscapes\mask\aachen_000003_000019.png,streetViewData\test\cityscapes\img\aachen_000003_000019.png
2505,test,cityscapes,streetViewData\test\cityscapes\mask\aachen_000004_000019.png,streetViewData\test\cityscapes\img\aachen_000004_000019.png
2506,test,cityscapes,streetViewData\test\cityscapes\mask\aachen_000005_000019.png,streetViewData\test\cityscapes\img\aachen_000005_000019.png
2507,test,cityscapes,streetViewData\test\cityscapes\mask\aachen_000006_000019.png,streetViewData\test\cityscapes\img\aachen_000006_000019.png
2508,test,cityscapes,streetViewData\test\cityscapes\mask\aachen_000007_000019.png,streetViewData\test\cityscapes\img\aachen_000007_000019.png
2509,test,cityscapes,streetViewData\test\cityscapes\mask\aachen_000008_000019.png,streetViewData\test\cityscapes\img\aachen_000008_000019.png
2510,test,cityscapes,streetViewData\test\cityscapes\mask\aachen_000009_000019.png,streetViewData\test\cityscapes\img\aachen_000009_000019.png
2511,test,cityscapes,streetViewData\test\cityscapes\mask\aachen_000010_000019.png,streetViewData\test\cityscapes\img\aachen_000010_000019.png
2512,test,cityscapes,streetViewData\test\cityscapes\mask\aachen_000011_000019.png,streetViewData\test\cityscapes\img\aachen_000011_000019.png
2513,test,cityscapes,streetViewData\test\cityscapes\mask\aachen_000012_000019.png,streetViewData\test\cityscapes\img\aachen_000012_000019.png
2514,test,cityscapes,streetViewData\test\cityscapes\mask\aachen_000013_000019.png,streetViewData\test\cityscapes\img\aachen_000013_000019.png
2515,test,cityscapes,streetViewData\test\cityscapes\mask\aachen_000014_000019.png,streetViewData\test\cityscapes\img\aachen_000014_000019.png
2516,test,cityscapes,streetViewData\test\cityscapes\mask\aachen_000015_000019.png,streetViewData\test\cityscapes\img\aachen_000015_000019.png
2517,test,cityscapes,streetViewData\test\cityscapes\mask\aachen_000016_000019.png,streetViewData\test\cityscapes\img\aachen_000016_000019.png
2518,test,cityscapes,streetViewData\test\cityscapes\mask\aachen_000017_000019.png,streetViewData\test\cityscapes\img\aachen_000017_000019.png
2519,test,cityscapes,streetViewData\test\cityscapes\mask\aachen_000018_000019.png,streetViewData\test\cityscapes\img\aachen_000018_000019.png
2520,test,cityscapes,streetViewData\test\cityscapes\mask\aachen_000019_000019.png,streetViewData\test\cityscapes\img\aachen_000019_000019.png
2521,test,cityscapes,streetViewData\test\cityscapes\mask\aachen_000020_000019.png,streetViewData\test\cityscapes\img\aachen_000020_000019.png
2522,test,cityscapes,streetViewData\test\cityscapes\mask\aachen_000021_000019.png,streetViewData\test\cityscapes\img\aachen_000021_000019.png
2523,test,cityscapes,streetViewData\test\cityscapes\mask\aachen_000022_000019.png,streetViewData\test\cityscapes\img\aachen_000022_000019.png
2524,test,cityscapes,streetViewData\test\cityscapes\mask\aachen_000023_000019.png,streetViewData\test\cityscapes\img\aachen_000023_000019.png
2525,test,cityscapes,streetViewData\test\cityscapes\mask\aachen_000024_000019.png,streetViewData\test\cityscapes\img\aachen_000024_000019.png
2526,test,cityscapes,streetViewData\test\cityscapes\mask\aachen_000025_000019.png,streetViewData\test\cityscapes\img\aachen_000025_000019.png
2527,test,cityscapes,streetViewData\test\cityscapes\mask\aachen_000026_000019.png,streetViewData\test\cityscapes\img\aachen_000026_000019.png
2528,test,cityscapes,streetViewData\test\cityscapes\mask\aachen_000027_000019.png,streetViewData\test\cityscapes\img\aachen_000027_000019.png
2529,test,cityscapes,streetViewData\test\cityscapes\mask\aachen_000028_000019.png,streetViewData\test\cityscapes\img\aachen_000028_000019.png
2530,test,cityscapes,streetViewData\test\cityscapes\mask\aachen_000029_000019.png,streetViewData\test\cityscapes\img\aachen_000029_000019.png
2531,test,cityscapes,streetViewData\test\cityscapes\mask\aachen_000030_000019.png,streetViewData\test\cityscapes\img\aachen_000030_000019.png
2532,test,cityscapes,streetViewData\test\cityscapes\mask\aachen_000031_000019.png,streetViewData\test\cityscapes\img\aachen_000031_000019.png
2533,test,cityscapes,streetViewData\test\cityscapes\mask\aachen_000032_000019.png,streetViewData\test\cityscapes\img\aachen_000032_000019.png
2534,test,cityscapes,streetViewData\test\cityscapes\mask\aachen_000033_000019.png,streetViewData\test\cityscapes\img\aachen_000033_000019.png
2535,test,cityscapes,streetViewData\test\cityscapes\mask\aachen_000034_000019.png,streetViewData\test\cityscapes\img\aachen_000034_000019.png
2536,test,cityscapes,streetViewData\test\cityscapes\mask\aachen_000035_000019.png,streetViewData\test\cityscapes\img\aachen_000035_000019.png
2537,test,cityscapes,streetViewData\test\cityscapes\mask\aachen_000036_000019.png,streetViewData\test\cityscapes\img\aachen_000036_000019.png
2538,test,cityscapes,streetViewData\test\cityscapes\mask\aachen_000037_000019.png,streetViewData\test\cityscapes\img\aachen_000037_000019.png
2539,test,cityscapes,streetViewData\test\cityscapes\mask\aachen_000038_000019.png,streetViewData\test\cityscapes\img\aachen_000038_000019.png
2540,test,cityscapes,streetViewData\test\cityscapes\mask\aachen_000039_000019.png,streetViewData\test\cityscapes\img\aachen_000039_000019.png
2541,test,cityscapes,streetViewData\test\cityscapes\mask\aachen_000040_000019.png,streetViewData\test\cityscapes\img\aachen_000040_000019.png
2542,test,cityscapes,streetViewData\test\cityscapes\mask\aachen_000041_000019.png,streetViewData\test\cityscapes\img\aachen_000041_000019.png
2543,test,cityscapes,streetViewData\test\cityscapes\mask\aachen_000042_000019.png,streetViewData\test\cityscapes\img\aachen_000042_000019.png
2544,test,cityscapes,streetViewData\test\cityscapes\mask\aachen_000043_000019.png,streetViewData\test\cityscapes\img\aachen_000043_000019.png
2545,test,cityscapes,streetViewData\test\cityscapes\mask\aachen_000044_000019.png,streetViewData\test\cityscapes\img\aachen_000044_000019.png
2546,test,cityscapes,streetViewData\test\cityscapes\mask\aachen_000045_000019.png,streetViewData\test\cityscapes\img\aachen_000045_000019.png
2547,test,cityscapes,streetViewData\test\cityscapes\mask\aachen_000046_000019.png,streetViewData\test\cityscapes\img\aachen_000046_000019.png
2548,test,cityscapes,streetViewData\test\cityscapes\mask\aachen_000047_000019.png,streetViewData\test\cityscapes\img\aachen_000047_000019.png
2549,test,cityscapes,streetViewData\test\cityscapes\mask\aachen_000048_000019.png,streetViewData\test\cityscapes\img\aachen_000048_000019.png
2550,test,cityscapes,streetViewData\test\cityscapes\mask\aachen_000049_000019.png,streetViewData\test\cityscapes\img\aachen_000049_000019.png
2551,test,cityscapes,streetViewData\test\cityscapes\mask\aachen_000050_000019.png,streetViewData\test\cityscapes\img\aachen_000050_000019.png
2552,test,cityscapes,streetViewData\test\cityscapes\mask\aachen_000051_000019.png,streetViewData\test\cityscapes\img\aachen_000051_000019.png
2553,test,cityscapes,streetViewData\test\cityscapes\mask\aachen_000052_000019.png,streetViewData\test\cityscapes\img\aachen_000052_000019.png
2554,test,cityscapes,streetViewData\test\cityscapes\mask\aachen_000053_000019.png,streetViewData\test\cityscapes\img\aachen_000053_000019.png
2555,test,cityscapes,streetViewData\test\cityscapes\mask\aachen_000054_000019.png,streetViewData\test\cityscapes\img\aachen_000054_000019.png
2556,test,cityscapes,streetViewData\test\cityscapes\mask\aachen_000055_000019.png,streetViewData\test\cityscapes\img\aachen_000055_000019.png
2557,test,cityscapes,streetViewData\test\cityscapes\mask\aachen_000056_000019.png,streetViewData\test\cityscapes\img\aachen_000056_000019.png
2558,test,cityscapes,streetViewData\test\cityscapes\mask\aachen_000057_000019.png,streetViewData\test\cityscapes\img\aachen_000057_000019.png
2559,test,cityscapes,streetViewData\test\cityscapes\mask\aachen_000058_000019.png,streetViewData\test\cityscapes\img\aachen_000058_000019.png
2560,test,cityscapes,streetViewData\test\cityscapes\mask\aachen_000059_000019.png,streetViewData\test\cityscapes\img\aachen_000059_000019.png
2561,test,cityscapes,streetViewData\test\cityscapes\mask\aachen_000060_000019.png,streetViewData\test\cityscapes\img\aachen_000060_000019.png
2562,test,cityscapes,streetViewData\test\cityscapes\mask\aachen_000061_000019.png,streetViewData\test\cityscapes\img\aachen_000061_000019.png
2563,test,cityscapes,streetViewData\test\cityscapes\mask\aachen_000062_000019.png,streetViewData\test\cityscapes\img\aachen_000062_000019.png
2564,test,cityscapes,streetViewData\test\cityscapes\mask\aachen_000063_000019.png,streetViewData\test\cityscapes\img\aachen_000063_000019.png
2565,test,cityscapes,streetViewData\test\cityscapes\mask\aachen_000064_000019.png,streetViewData\test\cityscapes\img\aachen_000064_000019.png
2566,test,cityscapes,streetViewData\test\cityscapes\mask\aachen_000065_000019.png,streetViewData\test\cityscapes\img\aachen_000065_000019.png
2567,test,cityscapes,streetViewData\test\cityscapes\mask\aachen_000066_000019.png,streetViewData\test\cityscapes\img\aachen_000066_000019.png
2568,test,cityscapes,streetViewData\test\cityscapes\mask\aachen_000067_000019.png,streetViewData\test\cityscapes\img\aachen_000067_000019.png
2569,test,cityscapes,streetViewData\test\cityscapes\mask\aachen_000068_000019.png,streetViewData\test\cityscapes\img\aachen_000068_000019.png
2570,test,cityscapes,streetViewData\test\cityscapes\mask\aachen_000069_000019.png,streetViewData\test\cityscapes\img\aachen_000069_000019.png
2571,test,cityscapes,streetViewData\test\cityscapes\mask\aachen_000070_000019.png,streetViewData\test\cityscapes\img\aachen_000070_000019.png
2572,test,cityscapes,streetViewData\test\cityscapes\mask\aachen_000071_000019.png,streetViewData\test\cityscapes\img\aachen_000071_000019.png
2573,test,cityscapes,streetViewData\test\cityscapes\mask\aachen_000072_000019.png,streetViewData\test\cityscapes\img\aachen_000072_000019.png
2574,test,cityscapes,streetViewData\test\cityscapes\mask\aachen_000073_000019.png,streetViewData\test\cityscapes\img\aachen_000073_000019.png
2575,test,cityscapes,streetViewData\test\cityscapes\mask\aachen_000074_000019.png,streetViewData\test\cityscapes\img\aachen_000074_000019.png
2576,test,cityscapes,streetViewData\test\cityscapes\mask\aachen_000075_000019.png,streetViewData\test\cityscapes\img\aachen_000075_000019.png
2577,test,cityscapes,streetViewData\test\cityscapes\mask\aachen_000076_000019.png,streetViewData\test\cityscapes\img\aachen_000076_000019.png
2578,test,cityscapes,streetViewData\test\cityscapes\mask\aachen_000077_000019.png,streetViewData\test\cityscapes\img\aachen_000077_000019.png
2579,test,cityscapes,streetViewData\test\cityscapes\mask\aachen_000078_000019.png,streetViewData\test\cityscapes\img\aachen_000078_000019.png
2580,test,cityscapes,streetViewData\test\cityscapes\mask\aachen_000079_000019.png,streetViewData\test\cityscapes\img\aachen_000079_000019.png
2581,test,cityscapes,streetViewData\test\cityscapes\mask\aachen_000080_000019.png,streetViewData\test\cityscapes\img\aachen_000080_000019.png
2582,test,cityscapes,streetViewData\test\cityscapes\mask\aachen_000081_000019.png,streetViewData\test\cityscapes\img\aachen_000081_000019.png
2583,test,cityscapes,streetViewData\test\cityscapes\mask\aachen_000082_000019.png,streetViewData\test\cityscapes\img\aachen_000082_000019.png
2584,test,cityscapes,streetViewData\test\cityscapes\mask\aachen_000083_000019.png,streetViewData\test\cityscapes\img\aachen_000083_000019.png
2585,test,cityscapes,streetViewData\test\cityscapes\mask\aachen_000084_000019.png,streetViewData\test\cityscapes\img\aachen_000084_000019.png
2586,test,cityscapes,streetViewData\test\cityscapes\mask\aachen_000085_000019.png,streetViewData\test\cityscapes\img\aachen_000085_000019.png
2587,test,cityscapes,streetViewData\test\cityscapes\mask\aachen_000086_000019.png,streetViewData\test\cityscapes\img\aachen_000086_000019.png
2588,test,cityscapes,streetViewData\test\cityscapes\mask\aachen_000087_000019.png,streetViewData\test\cityscapes\img\aachen_000087_000019.png
2589,test,cityscapes,streetViewData\test\cityscapes\mask\aachen_000088_000019.png,streetViewData\test\cityscapes\img\aachen_000088_000019.png
2590,test,cityscapes,streetViewData\test\cityscapes\mask\aachen_000089_000019.png,streetViewData\test\cityscapes\img\aachen_000089_000019.png
2591,test,cityscapes,streetViewData\test\cityscapes\mask\aachen_000090_000019.png,streetViewData\test\cityscapes\img\aachen_000090_000019.png
2592,test,cityscapes,streetViewData\test\cityscapes\mask\aachen_000091_000019.png,streetViewData\test\cityscapes\img\aachen_000091_000019.png
2593,test,cityscapes,streetViewData\test\cityscapes\mask\aachen_000092_000019.png,streetViewData\test\cityscapes\img\aachen_000092_000019.png
2594,test,cityscapes,streetViewData\test\cityscapes\mask\aachen_000093_000019.png,streetViewData\test\cityscapes\img\aachen_000093_000019.png
2595,test,cityscapes,streetViewData\test\cityscapes\mask\aachen_000094_000019.png,streetViewData\test\cityscapes\img\aachen_000094_000019.png
2596,test,cityscapes,streetViewData\test\cityscapes\mask\aachen_000095_000019.png,streetViewData\test\cityscapes\img\aachen_000095_000019.png
2597,test,cityscapes,streetViewData\test\cityscapes\mask\aachen_000096_000019.png,streetViewData\test\cityscapes\img\aachen_000096_000019.png
2598,test,cityscapes,streetViewData\test\cityscapes\mask\aachen_000097_000019.png,streetViewData\test\cityscapes\img\aachen_000097_000019.png
2599,test,cityscapes,streetViewData\test\cityscapes\mask\aachen_000098_000019.png,streetViewData\test\cityscapes\img\aachen_000098_000019.png
2600,test,cityscapes,streetViewData\test\cityscapes\mask\aachen_000099_000019.png,streetViewData\test\cityscapes\img\aachen_000099_000019.png
2601,test,cityscapes,streetViewData\test\cityscapes\mask\aachen_000100_000019.png,streetViewData\test\cityscapes\img\aachen_000100_000019.png
2602,test,cityscapes,streetViewData\test\cityscapes\mask\aachen_000101_000019.png,streetViewData\test\cityscapes\img\aachen_000101_000019.png
2603,test,cityscapes,streetViewData\test\cityscapes\mask\aachen_000102_000019.png,streetViewData\test\cityscapes\img\aachen_000102_000019.png
2604,test,cityscapes,streetViewData\test\cityscapes\mask\aachen_000103_000019.png,streetViewData\test\cityscapes\img\aachen_000103_000019.png
2605,test,cityscapes,streetViewData\test\cityscapes\mask\aachen_000104_000019.png,streetViewData\test\cityscapes\img\aachen_000104_000019.png
2606,test,cityscapes,streetViewData\test\cityscapes\mask\aachen_000105_000019.png,streetViewData\test\cityscapes\img\aachen_000105_000019.png
2607,test,cityscapes,streetViewData\test\cityscapes\mask\aachen_000106_000019.png,streetViewData\test\cityscapes\img\aachen_000106_000019.png
2608,test,cityscapes,streetViewData\test\cityscapes\mask\aachen_000107_000019.png,streetViewData\test\cityscapes\img\aachen_000107_000019.png
2609,test,cityscapes,streetViewData\test\cityscapes\mask\aachen_000108_000019.png,streetViewData\test\cityscapes\img\aachen_000108_000019.png
2610,test,cityscapes,streetViewData\test\cityscapes\mask\aachen_000109_000019.png,streetViewData\test\cityscapes\img\aachen_000109_000019.png
2611,test,cityscapes,streetViewData\test\cityscapes\mask\aachen_000110_000019.png,streetViewData\test\cityscapes\img\aachen_000110_000019.png
2612,test,cityscapes,streetViewData\test\cityscapes\mask\aachen_000111_000019.png,streetViewData\test\cityscapes\img\aachen_000111_000019.png
2613,test,cityscapes,streetViewData\test\cityscapes\mask\aachen_000112_000019.png,streetViewData\test\cityscapes\img\aachen_000112_000019.png
2614,test,cityscapes,streetViewData\test\cityscapes\mask\aachen_000113_000019.png,streetViewData\test\cityscapes\img\aachen_000113_000019.png
2615,test,cityscapes,streetViewData\test\cityscapes\mask\aachen_000114_000019.png,streetViewData\test\cityscapes\img\aachen_000114_000019.png
2616,test,cityscapes,streetViewData\test\cityscapes\mask\aachen_000115_000019.png,streetViewData\test\cityscapes\img\aachen_000115_000019.png
2617,test,cityscapes,streetViewData\test\cityscapes\mask\aachen_000116_000019.png,streetViewData\test\cityscapes\img\aachen_000116_000019.png
2618,test,cityscapes,streetViewData\test\cityscapes\mask\aachen_000117_000019.png,streetViewData\test\cityscapes\img\aachen_000117_000019.png
2619,test,cityscapes,streetViewData\test\cityscapes\mask\aachen_000118_000019.png,streetViewData\test\cityscapes\img\aachen_000118_000019.png
2620,test,cityscapes,streetViewData\test\cityscapes\mask\aachen_000119_000019.png,streetViewData\test\cityscapes\img\aachen_000119_000019.png
2621,test,cityscapes,streetViewData\test\cityscapes\mask\aachen_000120_000019.png,streetViewData\test\cityscapes\img\aachen_000120_000019.png
2622,test,cityscapes,streetViewData\test\cityscapes\mask\aachen_000121_000019.png,streetViewData\test\cityscapes\img\aachen_000121_000019.png
2623,test,cityscapes,streetViewData\test\cityscapes\mask\aachen_000122_000019.png,streetViewData\test\cityscapes\img\aachen_000122_000019.png
2624,test,cityscapes,streetViewData\test\cityscapes\mask\aachen_000123_000019.png,streetViewData\test\cityscapes\img\aachen_000123_000019.png
2625,test,cityscapes,streetViewData\test\cityscapes\mask\aachen_000124_000019.png,streetViewData\test\cityscapes\img\aachen_000124_000019.png
2626,test,cityscapes,streetViewData\test\cityscapes\mask\aachen_000125_000019.png,streetViewData\test\cityscapes\img\aachen_000125_000019.png
2627,test,cityscapes,streetViewData\test\cityscapes\mask\aachen_000126_000019.png,streetViewData\test\cityscapes\img\aachen_000126_000019.png
2628,test,cityscapes,streetViewData\test\cityscapes\mask\aachen_000127_000019.png,streetViewData\test\cityscapes\img\aachen_000127_000019.png
2629,test,cityscapes,streetViewData\test\cityscapes\mask\aachen_000128_000019.png,streetViewData\test\cityscapes\img\aachen_000128_000019.png
2630,test,cityscapes,streetViewData\test\cityscapes\mask\aachen_000129_000019.png,streetViewData\test\cityscapes\img\aachen_000129_000019.png
2631,test,cityscapes,streetViewData\test\cityscapes\mask\aachen_000130_000019.png,streetViewData\test\cityscapes\img\aachen_000130_000019.png
2632,test,cityscapes,streetViewData\test\cityscapes\mask\aachen_000131_000019.png,streetViewData\test\cityscapes\img\aachen_000131_000019.png
2633,test,cityscapes,streetViewData\test\cityscapes\mask\aachen_000132_000019.png,streetViewData\test\cityscapes\img\aachen_000132_000019.png
2634,test,cityscapes,streetViewData\test\cityscapes\mask\aachen_000133_000019.png,streetViewData\test\cityscapes\img\aachen_000133_000019.png
2635,test,cityscapes,streetViewData\test\cityscapes\mask\aachen_000134_000019.png,streetViewData\test\cityscapes\img\aachen_000134_000019.png
2636,test,cityscapes,streetViewData\test\cityscapes\mask\aachen_000135_000019.png,streetViewData\test\cityscapes\img\aachen_000135_000019.png
2637,test,cityscapes,streetViewData\test\cityscapes\mask\aachen_000136_000019.png,streetViewData\test\cityscapes\img\aachen_000136_000019.png
2638,test,cityscapes,streetViewData\test\cityscapes\mask\aachen_000137_000019.png,streetViewData\test\cityscapes\img\aachen_000137_000019.png
2639,test,cityscapes,streetViewData\test\cityscapes\mask\aachen_000138_000019.png,streetViewData\test\cityscapes\img\aachen_000138_000019.png
2640,test,cityscapes,streetViewData\test\cityscapes\mask\aachen_000139_000019.png,streetViewData\test\cityscapes\img\aachen_000139_000019.png
2641,test,cityscapes,streetViewData\test\cityscapes\mask\aachen_000140_000019.png,streetViewData\test\cityscapes\img\aachen_000140_000019.png
2642,test,cityscapes,streetViewData\test\cityscapes\mask\aachen_000141_000019.png,streetViewData\test\cityscapes\img\aachen_000141_000019.png
2643,test,cityscapes,streetViewData\test\cityscapes\mask\aachen_000142_000019.png,streetViewData\test\cityscapes\img\aachen_000142_000019.png
2644,test,cityscapes,streetViewData\test\cityscapes\mask\aachen_000143_000019.png,streetViewData\test\cityscapes\img\aachen_000143_000019.png
2645,test,cityscapes,streetViewData\test\cityscapes\mask\aachen_000144_000019.png,streetViewData\test\cityscapes\img\aachen_000144_000019.png
2646,test,cityscapes,streetViewData\test\cityscapes\mask\aachen_000145_000019.png,streetViewData\test\cityscapes\img\aachen_000145_000019.png
2647,test,cityscapes,streetViewData\test\cityscapes\mask\aachen_000146_000019.png,streetViewData\test\cityscapes\img\aachen_000146_000019.png
2648,test,cityscapes,streetViewData\test\cityscapes\mask\aachen_000147_000019.png,streetViewData\test\cityscapes\img\aachen_000147_000019.png
2649,test,cityscapes,streetViewData\test\cityscapes\mask\aachen_000148_000019.png,streetViewData\test\cityscapes\img\aachen_000148_000019.png
2650,test,cityscapes,streetViewData\test\cityscapes\mask\aachen_000149_000019.png,streetViewData\test\cityscapes\img\aachen_000149_000019.png
2651,test,cityscapes,streetViewData\test\cityscapes\mask\aachen_000150_000019.png,streetViewData\test\cityscapes\img\aachen_000150_000019.png
2652,test,cityscapes,streetViewData\test\cityscapes\mask\aachen_000151_000019.png,streetViewData\test\cityscapes\img\aachen_000151_000019.png
2653,test,cityscapes,streetViewData\test\cityscapes\mask\aachen_000152_000019.png,streetViewData\test\cityscapes\img\aachen_000152_000019.png
2654,test,cityscapes,streetViewData\test\cityscapes\mask\aachen_000153_000019.png,streetViewData\test\cityscapes\img\aachen_000153_000019.png
2655,test,cityscapes,streetViewData\test\cityscapes\mask\aachen_000154_000019.png,streetViewData\test\cityscapes\img\aachen_000154_000019.png
2656,test,cityscapes,streetViewData\test\cityscapes\mask\aachen_000155_000019.png,streetViewData\test\cityscapes\img\aachen_000155_000019.png
2657,test,cityscapes,streetViewData\test\cityscapes\mask\aachen_000156_000019.png,streetViewData\test\cityscapes\img\aachen_000156_000019.png
2658,test,cityscapes,streetViewData\test\cityscapes\mask\aachen_000157_000019.png,streetViewData\test\cityscapes\img\aachen_000157_000019.png
2659,test,cityscapes,streetViewData\test\cityscapes\mask\aachen_000158_000019.png,streetViewData\test\cityscapes\img\aachen_000158_000019.png
2660,test,cityscapes,streetViewData\test\cityscapes\mask\aachen_000159_000019.png,streetViewData\test\cityscapes\img\aachen_000159_000019.png
2661,test,cityscapes,streetViewData\test\cityscapes\mask\aachen_000160_000019.png,streetViewData\test\cityscapes\img\aachen_000160_000019.png
2662,test,cityscapes,streetViewData\test\cityscapes\mask\aachen_000161_000019.png,streetViewData\test\cityscapes\img\aachen_000161_000019.png
2663,test,cityscapes,streetViewData\test\cityscapes\mask\aachen_000162_000019.png,streetViewData\test\cityscapes\img\aachen_000162_000019.png
2664,test,cityscapes,streetViewData\test\cityscapes\mask\aachen_000163_000019.png,streetViewData\test\cityscapes\img\aachen_000163_000019.png
2665,test,cityscapes,streetViewData\test\cityscapes\mask\aachen_000164_000019.png,streetViewData\test\cityscapes\img\aachen_000164_000019.png
2666,test,cityscapes,streetViewData\test\cityscapes\mask\aachen_000165_000019.png,streetViewData\test\cityscapes\img\aachen_000165_000019.png
2667,test,cityscapes,streetViewData\test\cityscapes\mask\aachen_000166_000019.png,streetViewData\test\cityscapes\img\aachen_000166_000019.png
2668,test,cityscapes,streetViewData\test\cityscapes\mask\aachen_000167_000019.png,streetViewData\test\cityscapes\img\aachen_000167_000019.png
2669,test,cityscapes,streetViewData\test\cityscapes\mask\aachen_000168_000019.png,streetViewData\test\cityscapes\img\aachen_000168_000019.png
2670,test,cityscapes,streetViewData\test\cityscapes\mask\aachen_000169_000019.png,streetViewData\test\cityscapes\img\aachen_000169_000019.png
2671,test,cityscapes,streetViewData\test\cityscapes\mask\aachen_000170_000019.png,streetViewData\test\cityscapes\img\aachen_000170_000019.png
2672,test,cityscapes,streetViewData\test\cityscapes\mask\aachen_000171_000019.png,streetViewData\test\cityscapes\img\aachen_000171_000019.png
2673,test,cityscapes,streetViewData\test\cityscapes\mask\aachen_000172_000019.png,streetViewData\test\cityscapes\img\aachen_000172_000019.png
2674,test,cityscapes,streetViewData\test\cityscapes\mask\aachen_000173_000019.png,streetViewData\test\cityscapes\img\aachen_000173_000019.png
2675,test,cityscapes,streetViewData\test\cityscapes\mask\bremen_000000_000019.png,streetViewData\test\cityscapes\img\bremen_000000_000019.png
2676,test,cityscapes,streetViewData\test\cityscapes\mask\bremen_000001_000019.png,streetViewData\test\cityscapes\img\bremen_000001_000019.png
2677,test,cityscapes,streetViewData\test\cityscapes\mask\bremen_000002_000019.png,streetViewData\test\cityscapes\img\bremen_000002_000019.png
2678,test,cityscapes,streetViewData\test\cityscapes\mask\bremen_000003_000019.png,streetViewData\test\cityscapes\img\bremen_000003_000019.png
2679,test,cityscapes,streetViewData\test\cityscapes\mask\bremen_000004_000019.png,streetViewData\test\cityscapes\img\bremen_000004_000019.png
2680,test,cityscapes,streetViewData\test\cityscapes\mask\bremen_000005_000019.png,streetViewData\test\cityscapes\img\bremen_000005_000019.png
2681,test,cityscapes,streetViewData\test\cityscapes\mask\bremen_000006_000019.png,streetViewData\test\cityscapes\img\bremen_000006_000019.png
2682,test,cityscapes,streetViewData\test\cityscapes\mask\bremen_000007_000019.png,streetViewData\test\cityscapes\img\bremen_000007_000019.png
2683,test,cityscapes,streetViewData\test\cityscapes\mask\bremen_000008_000019.png,streetViewData\test\cityscapes\img\bremen_000008_000019.png
2684,test,cityscapes,streetViewData\test\cityscapes\mask\bremen_000009_000019.png,streetViewData\test\cityscapes\img\bremen_000009_000019.png
2685,test,cityscapes,streetViewData\test\cityscapes\mask\bremen_000010_000019.png,streetViewData\test\cityscapes\img\bremen_000010_000019.png
2686,test,cityscapes,streetViewData\test\cityscapes\mask\bremen_000011_000019.png,streetViewData\test\cityscapes\img\bremen_000011_000019.png
2687,test,cityscapes,streetViewData\test\cityscapes\mask\bremen_000012_000019.png,streetViewData\test\cityscapes\img\bremen_000012_000019.png
2688,test,cityscapes,streetViewData\test\cityscapes\mask\bremen_000013_000019.png,streetViewData\test\cityscapes\img\bremen_000013_000019.png
2689,test,cityscapes,streetViewData\test\cityscapes\mask\bremen_000014_000019.png,streetViewData\test\cityscapes\img\bremen_000014_000019.png
2690,test,cityscapes,streetViewData\test\cityscapes\mask\bremen_000015_000019.png,streetViewData\test\cityscapes\img\bremen_000015_000019.png
2691,test,cityscapes,streetViewData\test\cityscapes\mask\bremen_000016_000019.png,streetViewData\test\cityscapes\img\bremen_000016_000019.png
2692,test,cityscapes,streetViewData\test\cityscapes\mask\bremen_000017_000019.png,streetViewData\test\cityscapes\img\bremen_000017_000019.png
2693,test,cityscapes,streetViewData\test\cityscapes\mask\bremen_000018_000019.png,streetViewData\test\cityscapes\img\bremen_000018_000019.png
2694,test,cityscapes,streetViewData\test\cityscapes\mask\bremen_000019_000019.png,streetViewData\test\cityscapes\img\bremen_000019_000019.png
2695,test,cityscapes,streetViewData\test\cityscapes\mask\bremen_000020_000019.png,streetViewData\test\cityscapes\img\bremen_000020_000019.png
2696,test,cityscapes,streetViewData\test\cityscapes\mask\bremen_000021_000019.png,streetViewData\test\cityscapes\img\bremen_000021_000019.png
2697,test,cityscapes,streetViewData\test\cityscapes\mask\bremen_000022_000019.png,streetViewData\test\cityscapes\img\bremen_000022_000019.png
2698,test,cityscapes,streetViewData\test\cityscapes\mask\bremen_000023_000019.png,streetViewData\test\cityscapes\img\bremen_000023_000019.png
2699,test,cityscapes,streetViewData\test\cityscapes\mask\bremen_000024_000019.png,streetViewData\test\cityscapes\img\bremen_000024_000019.png
2700,test,cityscapes,streetViewData\test\cityscapes\mask\bremen_000025_000019.png,streetViewData\test\cityscapes\img\bremen_000025_000019.png
2701,test,cityscapes,streetViewData\test\cityscapes\mask\bremen_000026_000019.png,streetViewData\test\cityscapes\img\bremen_000026_000019.png
2702,test,cityscapes,streetViewData\test\cityscapes\mask\bremen_000027_000019.png,streetViewData\test\cityscapes\img\bremen_000027_000019.png
2703,test,cityscapes,streetViewData\test\cityscapes\mask\bremen_000028_000019.png,streetViewData\test\cityscapes\img\bremen_000028_000019.png
2704,test,cityscapes,streetViewData\test\cityscapes\mask\bremen_000029_000019.png,streetViewData\test\cityscapes\img\bremen_000029_000019.png
2705,test,cityscapes,streetViewData\test\cityscapes\mask\bremen_000030_000019.png,streetViewData\test\cityscapes\img\bremen_000030_000019.png
2706,test,cityscapes,streetViewData\test\cityscapes\mask\bremen_000031_000019.png,streetViewData\test\cityscapes\img\bremen_000031_000019.png
2707,test,cityscapes,streetViewData\test\cityscapes\mask\bremen_000032_000019.png,streetViewData\test\cityscapes\img\bremen_000032_000019.png
2708,test,cityscapes,streetViewData\test\cityscapes\mask\bremen_000033_000019.png,streetViewData\test\cityscapes\img\bremen_000033_000019.png
2709,test,cityscapes,streetViewData\test\cityscapes\mask\bremen_000034_000019.png,streetViewData\test\cityscapes\img\bremen_000034_000019.png
2710,test,cityscapes,streetViewData\test\cityscapes\mask\bremen_000035_000019.png,streetViewData\test\cityscapes\img\bremen_000035_000019.png
2711,test,cityscapes,streetViewData\test\cityscapes\mask\bremen_000036_000019.png,streetViewData\test\cityscapes\img\bremen_000036_000019.png
2712,test,cityscapes,streetViewData\test\cityscapes\mask\bremen_000037_000019.png,streetViewData\test\cityscapes\img\bremen_000037_000019.png
2713,test,cityscapes,streetViewData\test\cityscapes\mask\bremen_000038_000019.png,streetViewData\test\cityscapes\img\bremen_000038_000019.png
2714,test,cityscapes,streetViewData\test\cityscapes\mask\bremen_000039_000019.png,streetViewData\test\cityscapes\img\bremen_000039_000019.png
2715,test,cityscapes,streetViewData\test\cityscapes\mask\bremen_000040_000019.png,streetViewData\test\cityscapes\img\bremen_000040_000019.png
2716,test,cityscapes,streetViewData\test\cityscapes\mask\bremen_000041_000019.png,streetViewData\test\cityscapes\img\bremen_000041_000019.png
2717,test,cityscapes,streetViewData\test\cityscapes\mask\bremen_000042_000019.png,streetViewData\test\cityscapes\img\bremen_000042_000019.png
2718,test,cityscapes,streetViewData\test\cityscapes\mask\bremen_000043_000019.png,streetViewData\test\cityscapes\img\bremen_000043_000019.png
2719,test,cityscapes,streetViewData\test\cityscapes\mask\bremen_000044_000019.png,streetViewData\test\cityscapes\img\bremen_000044_000019.png
2720,test,cityscapes,streetViewData\test\cityscapes\mask\bremen_000045_000019.png,streetViewData\test\cityscapes\img\bremen_000045_000019.png
2721,test,cityscapes,streetViewData\test\cityscapes\mask\bremen_000046_000019.png,streetViewData\test\cityscapes\img\bremen_000046_000019.png
2722,test,cityscapes,streetViewData\test\cityscapes\mask\bremen_000047_000019.png,streetViewData\test\cityscapes\img\bremen_000047_000019.png
2723,test,cityscapes,streetViewData\test\cityscapes\mask\bremen_000048_000019.png,streetViewData\test\cityscapes\img\bremen_000048_000019.png
2724,test,cityscapes,streetViewData\test\cityscapes\mask\bremen_000049_000019.png,streetViewData\test\cityscapes\img\bremen_000049_000019.png
2725,test,cityscapes,streetViewData\test\cityscapes\mask\bremen_000050_000019.png,streetViewData\test\cityscapes\img\bremen_000050_000019.png
2726,test,cityscapes,streetViewData\test\cityscapes\mask\bremen_000051_000019.png,streetViewData\test\cityscapes\img\bremen_000051_000019.png
2727,test,cityscapes,streetViewData\test\cityscapes\mask\bremen_000052_000019.png,streetViewData\test\cityscapes\img\bremen_000052_000019.png
2728,test,cityscapes,streetViewData\test\cityscapes\mask\bremen_000053_000019.png,streetViewData\test\cityscapes\img\bremen_000053_000019.png
2729,test,cityscapes,streetViewData\test\cityscapes\mask\bremen_000054_000019.png,streetViewData\test\cityscapes\img\bremen_000054_000019.png
2730,test,cityscapes,streetViewData\test\cityscapes\mask\bremen_000055_000019.png,streetViewData\test\cityscapes\img\bremen_000055_000019.png
2731,test,cityscapes,streetViewData\test\cityscapes\mask\bremen_000056_000019.png,streetViewData\test\cityscapes\img\bremen_000056_000019.png
2732,test,cityscapes,streetViewData\test\cityscapes\mask\bremen_000057_000019.png,streetViewData\test\cityscapes\img\bremen_000057_000019.png
2733,test,cityscapes,streetViewData\test\cityscapes\mask\bremen_000058_000019.png,streetViewData\test\cityscapes\img\bremen_000058_000019.png
2734,test,cityscapes,streetViewData\test\cityscapes\mask\bremen_000059_000019.png,streetViewData\test\cityscapes\img\bremen_000059_000019.png
2735,test,cityscapes,streetViewData\test\cityscapes\mask\bremen_000060_000019.png,streetViewData\test\cityscapes\img\bremen_000060_000019.png
2736,test,cityscapes,streetViewData\test\cityscapes\mask\bremen_000061_000019.png,streetViewData\test\cityscapes\img\bremen_000061_000019.png
2737,test,cityscapes,streetViewData\test\cityscapes\mask\bremen_000062_000019.png,streetViewData\test\cityscapes\img\bremen_000062_000019.png
2738,test,cityscapes,streetViewData\test\cityscapes\mask\bremen_000063_000019.png,streetViewData\test\cityscapes\img\bremen_000063_000019.png
2739,test,cityscapes,streetViewData\test\cityscapes\mask\bremen_000064_000019.png,streetViewData\test\cityscapes\img\bremen_000064_000019.png
2740,test,cityscapes,streetViewData\test\cityscapes\mask\bremen_000065_000019.png,streetViewData\test\cityscapes\img\bremen_000065_000019.png
2741,test,cityscapes,streetViewData\test\cityscapes\mask\bremen_000066_000019.png,streetViewData\test\cityscapes\img\bremen_000066_000019.png
2742,test,cityscapes,streetViewData\test\cityscapes\mask\bremen_000067_000019.png,streetViewData\test\cityscapes\img\bremen_000067_000019.png
2743,test,cityscapes,streetViewData\test\cityscapes\mask\bremen_000068_000019.png,streetViewData\test\cityscapes\img\bremen_000068_000019.png
2744,test,cityscapes,streetViewData\test\cityscapes\mask\bremen_000069_000019.png,streetViewData\test\cityscapes\img\bremen_000069_000019.png
2745,test,cityscapes,streetViewData\test\cityscapes\mask\bremen_000070_000019.png,streetViewData\test\cityscapes\img\bremen_000070_000019.png
2746,test,cityscapes,streetViewData\test\cityscapes\mask\bremen_000071_000019.png,streetViewData\test\cityscapes\img\bremen_000071_000019.png
2747,test,cityscapes,streetViewData\test\cityscapes\mask\bremen_000072_000019.png,streetViewData\test\cityscapes\img\bremen_000072_000019.png
2748,test,cityscapes,streetViewData\test\cityscapes\mask\bremen_000073_000019.png,streetViewData\test\cityscapes\img\bremen_000073_000019.png
2749,test,cityscapes,streetViewData\test\cityscapes\mask\bremen_000074_000019.png,streetViewData\test\cityscapes\img\bremen_000074_000019.png
2750,test,cityscapes,streetViewData\test\cityscapes\mask\bremen_000075_000019.png,streetViewData\test\cityscapes\img\bremen_000075_000019.png
2751,test,cityscapes,streetViewData\test\cityscapes\mask\bremen_000076_000019.png,streetViewData\test\cityscapes\img\bremen_000076_000019.png
2752,test,cityscapes,streetViewData\test\cityscapes\mask\bremen_000077_000019.png,streetViewData\test\cityscapes\img\bremen_000077_000019.png
2753,test,cityscapes,streetViewData\test\cityscapes\mask\bremen_000078_000019.png,streetViewData\test\cityscapes\img\bremen_000078_000019.png
2754,test,cityscapes,streetViewData\test\cityscapes\mask\bremen_000079_000019.png,streetViewData\test\cityscapes\img\bremen_000079_000019.png
2755,test,cityscapes,streetViewData\test\cityscapes\mask\bremen_000080_000019.png,streetViewData\test\cityscapes\img\bremen_000080_000019.png
2756,test,cityscapes,streetViewData\test\cityscapes\mask\bremen_000081_000019.png,streetViewData\test\cityscapes\img\bremen_000081_000019.png
2757,test,cityscapes,streetViewData\test\cityscapes\mask\bremen_000082_000019.png,streetViewData\test\cityscapes\img\bremen_000082_000019.png
2758,test,cityscapes,streetViewData\test\cityscapes\mask\bremen_000083_000019.png,streetViewData\test\cityscapes\img\bremen_000083_000019.png
2759,test,cityscapes,streetViewData\test\cityscapes\mask\bremen_000084_000019.png,streetViewData\test\cityscapes\img\bremen_000084_000019.png
2760,test,cityscapes,streetViewData\test\cityscapes\mask\bremen_000085_000019.png,streetViewData\test\cityscapes\img\bremen_000085_000019.png
2761,test,cityscapes,streetViewData\test\cityscapes\mask\bremen_000086_000019.png,streetViewData\test\cityscapes\img\bremen_000086_000019.png
2762,test,cityscapes,streetViewData\test\cityscapes\mask\bremen_000087_000019.png,streetViewData\test\cityscapes\img\bremen_000087_000019.png
2763,test,cityscapes,streetViewData\test\cityscapes\mask\bremen_000088_000019.png,streetViewData\test\cityscapes\img\bremen_000088_000019.png
2764,test,cityscapes,streetViewData\test\cityscapes\mask\bremen_000089_000019.png,streetViewData\test\cityscapes\img\bremen_000089_000019.png
2765,test,cityscapes,streetViewData\test\cityscapes\mask\bremen_000090_000019.png,streetViewData\test\cityscapes\img\bremen_000090_000019.png
2766,test,cityscapes,streetViewData\test\cityscapes\mask\bremen_000091_000019.png,streetViewData\test\cityscapes\img\bremen_000091_000019.png
2767,test,cityscapes,streetViewData\test\cityscapes\mask\bremen_000092_000019.png,streetViewData\test\cityscapes\img\bremen_000092_000019.png
2768,test,cityscapes,streetViewData\test\cityscapes\mask\bremen_000093_000019.png,streetViewData\test\cityscapes\img\bremen_000093_000019.png
2769,test,cityscapes,streetViewData\test\cityscapes\mask\bremen_000094_000019.png,streetViewData\test\cityscapes\img\bremen_000094_000019.png
2770,test,cityscapes,streetViewData\test\cityscapes\mask\bremen_000095_000019.png,streetViewData\test\cityscapes\img\bremen_000095_000019.png
2771,test,cityscapes,streetViewData\test\cityscapes\mask\bremen_000096_000019.png,streetViewData\test\cityscapes\img\bremen_000096_000019.png
2772,test,cityscapes,streetViewData\test\cityscapes\mask\bremen_000097_000019.png,streetViewData\test\cityscapes\img\bremen_000097_000019.png
2773,test,cityscapes,streetViewData\test\cityscapes\mask\bremen_000098_000019.png,streetViewData\test\cityscapes\img\bremen_000098_000019.png
2774,test,cityscapes,streetViewData\test\cityscapes\mask\bremen_000099_000019.png,streetViewData\test\cityscapes\img\bremen_000099_000019.png
2775,test,cityscapes,streetViewData\test\cityscapes\mask\bremen_000100_000019.png,streetViewData\test\cityscapes\img\bremen_000100_000019.png
2776,test,cityscapes,streetViewData\test\cityscapes\mask\bremen_000101_000019.png,streetViewData\test\cityscapes\img\bremen_000101_000019.png
2777,test,cityscapes,streetViewData\test\cityscapes\mask\bremen_000102_000019.png,streetViewData\test\cityscapes\img\bremen_000102_000019.png
2778,test,cityscapes,streetViewData\test\cityscapes\mask\bremen_000103_000019.png,streetViewData\test\cityscapes\img\bremen_000103_000019.png
2779,test,cityscapes,streetViewData\test\cityscapes\mask\bremen_000104_000019.png,streetViewData\test\cityscapes\img\bremen_000104_000019.png
2780,test,cityscapes,streetViewData\test\cityscapes\mask\bremen_000105_000019.png,streetViewData\test\cityscapes\img\bremen_000105_000019.png
2781,test,cityscapes,streetViewData\test\cityscapes\mask\bremen_000106_000019.png,streetViewData\test\cityscapes\img\bremen_000106_000019.png
2782,test,cityscapes,streetViewData\test\cityscapes\mask\bremen_000107_000019.png,streetViewData\test\cityscapes\img\bremen_000107_000019.png
2783,test,cityscapes,streetViewData\test\cityscapes\mask\bremen_000108_000019.png,streetViewData\test\cityscapes\img\bremen_000108_000019.png
2784,test,cityscapes,streetViewData\test\cityscapes\mask\bremen_000109_000019.png,streetViewData\test\cityscapes\img\bremen_000109_000019.png
2785,test,cityscapes,streetViewData\test\cityscapes\mask\bremen_000110_000019.png,streetViewData\test\cityscapes\img\bremen_000110_000019.png
2786,test,cityscapes,streetViewData\test\cityscapes\mask\bremen_000111_000019.png,streetViewData\test\cityscapes\img\bremen_000111_000019.png
2787,test,cityscapes,streetViewData\test\cityscapes\mask\bremen_000112_000019.png,streetViewData\test\cityscapes\img\bremen_000112_000019.png
2788,test,cityscapes,streetViewData\test\cityscapes\mask\bremen_000113_000019.png,streetViewData\test\cityscapes\img\bremen_000113_000019.png
2789,test,cityscapes,streetViewData\test\cityscapes\mask\bremen_000114_000019.png,streetViewData\test\cityscapes\img\bremen_000114_000019.png
2790,test,cityscapes,streetViewData\test\cityscapes\mask\bremen_000115_000019.png,streetViewData\test\cityscapes\img\bremen_000115_000019.png
2791,test,cityscapes,streetViewData\test\cityscapes\mask\bremen_000116_000019.png,streetViewData\test\cityscapes\img\bremen_000116_000019.png
2792,test,cityscapes,streetViewData\test\cityscapes\mask\bremen_000117_000019.png,streetViewData\test\cityscapes\img\bremen_000117_000019.png
2793,test,cityscapes,streetViewData\test\cityscapes\mask\bremen_000118_000019.png,streetViewData\test\cityscapes\img\bremen_000118_000019.png
2794,test,cityscapes,streetViewData\test\cityscapes\mask\bremen_000119_000019.png,streetViewData\test\cityscapes\img\bremen_000119_000019.png
2795,test,cityscapes,streetViewData\test\cityscapes\mask\bremen_000120_000019.png,streetViewData\test\cityscapes\img\bremen_000120_000019.png
2796,test,cityscapes,streetViewData\test\cityscapes\mask\bremen_000121_000019.png,streetViewData\test\cityscapes\img\bremen_000121_000019.png
2797,test,cityscapes,streetViewData\test\cityscapes\mask\bremen_000122_000019.png,streetViewData\test\cityscapes\img\bremen_000122_000019.png
2798,test,cityscapes,streetViewData\test\cityscapes\mask\bremen_000123_000019.png,streetViewData\test\cityscapes\img\bremen_000123_000019.png
2799,test,cityscapes,streetViewData\test\cityscapes\mask\bremen_000124_000019.png,streetViewData\test\cityscapes\img\bremen_000124_000019.png
2800,test,cityscapes,streetViewData\test\cityscapes\mask\bremen_000125_000019.png,streetViewData\test\cityscapes\img\bremen_000125_000019.png
2801,test,cityscapes,streetViewData\test\cityscapes\mask\bremen_000126_000019.png,streetViewData\test\cityscapes\img\bremen_000126_000019.png
2802,test,cityscapes,streetViewData\test\cityscapes\mask\bremen_000127_000019.png,streetViewData\test\cityscapes\img\bremen_000127_000019.png
2803,test,cityscapes,streetViewData\test\cityscapes\mask\bremen_000128_000019.png,streetViewData\test\cityscapes\img\bremen_000128_000019.png
2804,test,cityscapes,streetViewData\test\cityscapes\mask\bremen_000129_000019.png,streetViewData\test\cityscapes\img\bremen_000129_000019.png
2805,test,cityscapes,streetViewData\test\cityscapes\mask\bremen_000130_000019.png,streetViewData\test\cityscapes\img\bremen_000130_000019.png
2806,test,cityscapes,streetViewData\test\cityscapes\mask\bremen_000131_000019.png,streetViewData\test\cityscapes\img\bremen_000131_000019.png
2807,test,cityscapes,streetViewData\test\cityscapes\mask\bremen_000132_000019.png,streetViewData\test\cityscapes\img\bremen_000132_000019.png
2808,test,cityscapes,streetViewData\test\cityscapes\mask\bremen_000133_000019.png,streetViewData\test\cityscapes\img\bremen_000133_000019.png
2809,test,cityscapes,streetViewData\test\cityscapes\mask\bremen_000134_000019.png,streetViewData\test\cityscapes\img\bremen_000134_000019.png
2810,test,cityscapes,streetViewData\test\cityscapes\mask\bremen_000135_000019.png,streetViewData\test\cityscapes\img\bremen_000135_000019.png
2811,test,cityscapes,streetViewData\test\cityscapes\mask\bremen_000136_000019.png,streetViewData\test\cityscapes\img\bremen_000136_000019.png
2812,test,cityscapes,streetViewData\test\cityscapes\mask\bremen_000137_000019.png,streetViewData\test\cityscapes\img\bremen_000137_000019.png
2813,test,cityscapes,streetViewData\test\cityscapes\mask\bremen_000138_000019.png,streetViewData\test\cityscapes\img\bremen_000138_000019.png
2814,test,cityscapes,streetViewData\test\cityscapes\mask\bremen_000139_000019.png,streetViewData\test\cityscapes\img\bremen_000139_000019.png
2815,test,cityscapes,streetViewData\test\cityscapes\mask\bremen_000140_000019.png,streetViewData\test\cityscapes\img\bremen_000140_000019.png
2816,test,cityscapes,streetViewData\test\cityscapes\mask\bremen_000141_000019.png,streetViewData\test\cityscapes\img\bremen_000141_000019.png
2817,test,cityscapes,streetViewData\test\cityscapes\mask\bremen_000142_000019.png,streetViewData\test\cityscapes\img\bremen_000142_000019.png
2818,test,cityscapes,streetViewData\test\cityscapes\mask\bremen_000143_000019.png,streetViewData\test\cityscapes\img\bremen_000143_000019.png
2819,test,cityscapes,streetViewData\test\cityscapes\mask\bremen_000144_000019.png,streetViewData\test\cityscapes\img\bremen_000144_000019.png
2820,test,cityscapes,streetViewData\test\cityscapes\mask\bremen_000145_000019.png,streetViewData\test\cityscapes\img\bremen_000145_000019.png
2821,test,cityscapes,streetViewData\test\cityscapes\mask\bremen_000146_000019.png,streetViewData\test\cityscapes\img\bremen_000146_000019.png
2822,test,cityscapes,streetViewData\test\cityscapes\mask\bremen_000147_000019.png,streetViewData\test\cityscapes\img\bremen_000147_000019.png
2823,test,cityscapes,streetViewData\test\cityscapes\mask\bremen_000148_000019.png,streetViewData\test\cityscapes\img\bremen_000148_000019.png
2824,test,cityscapes,streetViewData\test\cityscapes\mask\bremen_000149_000019.png,streetViewData\test\cityscapes\img\bremen_000149_000019.png
2825,test,cityscapes,streetViewData\test\cityscapes\mask\bremen_000150_000019.png,streetViewData\test\cityscapes\img\bremen_000150_000019.png
2826,test,cityscapes,streetViewData\test\cityscapes\mask\bremen_000151_000019.png,streetViewData\test\cityscapes\img\bremen_000151_000019.png
2827,test,cityscapes,streetViewData\test\cityscapes\mask\bremen_000152_000019.png,streetViewData\test\cityscapes\img\bremen_000152_000019.png
2828,test,cityscapes,streetViewData\test\cityscapes\mask\bremen_000153_000019.png,streetViewData\test\cityscapes\img\bremen_000153_000019.png
2829,test,cityscapes,streetViewData\test\cityscapes\mask\bremen_000154_000019.png,streetViewData\test\cityscapes\img\bremen_000154_000019.png
2830,test,cityscapes,streetViewData\test\cityscapes\mask\bremen_000155_000019.png,streetViewData\test\cityscapes\img\bremen_000155_000019.png
2831,test,cityscapes,streetViewData\test\cityscapes\mask\bremen_000156_000019.png,streetViewData\test\cityscapes\img\bremen_000156_000019.png
2832,test,cityscapes,streetViewData\test\cityscapes\mask\bremen_000157_000019.png,streetViewData\test\cityscapes\img\bremen_000157_000019.png
2833,test,cityscapes,streetViewData\test\cityscapes\mask\bremen_000158_000019.png,streetViewData\test\cityscapes\img\bremen_000158_000019.png
2834,test,cityscapes,streetViewData\test\cityscapes\mask\bremen_000159_000019.png,streetViewData\test\cityscapes\img\bremen_000159_000019.png
2835,test,cityscapes,streetViewData\test\cityscapes\mask\bremen_000160_000019.png,streetViewData\test\cityscapes\img\bremen_000160_000019.png
2836,test,cityscapes,streetViewData\test\cityscapes\mask\bremen_000161_000019.png,streetViewData\test\cityscapes\img\bremen_000161_000019.png
2837,test,cityscapes,streetViewData\test\cityscapes\mask\bremen_000162_000019.png,streetViewData\test\cityscapes\img\bremen_000162_000019.png
2838,test,cityscapes,streetViewData\test\cityscapes\mask\bremen_000163_000019.png,streetViewData\test\cityscapes\img\bremen_000163_000019.png
2839,test,cityscapes,streetViewData\test\cityscapes\mask\bremen_000164_000019.png,streetViewData\test\cityscapes\img\bremen_000164_000019.png
2840,test,cityscapes,streetViewData\test\cityscapes\mask\bremen_000165_000019.png,streetViewData\test\cityscapes\img\bremen_000165_000019.png
2841,test,cityscapes,streetViewData\test\cityscapes\mask\bremen_000166_000019.png,streetViewData\test\cityscapes\img\bremen_000166_000019.png
2842,test,cityscapes,streetViewData\test\cityscapes\mask\bremen_000167_000019.png,streetViewData\test\cityscapes\img\bremen_000167_000019.png
2843,test,cityscapes,streetViewData\test\cityscapes\mask\bremen_000168_000019.png,streetViewData\test\cityscapes\img\bremen_000168_000019.png
2844,test,cityscapes,streetViewData\test\cityscapes\mask\bremen_000169_000019.png,streetViewData\test\cityscapes\img\bremen_000169_000019.png
2845,test,cityscapes,streetViewData\test\cityscapes\mask\bremen_000170_000019.png,streetViewData\test\cityscapes\img\bremen_000170_000019.png
2846,test,cityscapes,streetViewData\test\cityscapes\mask\bremen_000171_000019.png,streetViewData\test\cityscapes\img\bremen_000171_000019.png
2847,test,cityscapes,streetViewData\test\cityscapes\mask\bremen_000172_000019.png,streetViewData\test\cityscapes\img\bremen_000172_000019.png
2848,test,cityscapes,streetViewData\test\cityscapes\mask\bremen_000173_000019.png,streetViewData\test\cityscapes\img\bremen_000173_000019.png
2849,test,cityscapes,streetViewData\test\cityscapes\mask\bremen_000174_000019.png,streetViewData\test\cityscapes\img\bremen_000174_000019.png
2850,test,cityscapes,streetViewData\test\cityscapes\mask\bremen_000175_000019.png,streetViewData\test\cityscapes\img\bremen_000175_000019.png
2851,test,cityscapes,streetViewData\test\cityscapes\mask\bremen_000176_000019.png,streetViewData\test\cityscapes\img\bremen_000176_000019.png
2852,test,cityscapes,streetViewData\test\cityscapes\mask\bremen_000177_000019.png,streetViewData\test\cityscapes\img\bremen_000177_000019.png
2853,test,cityscapes,streetViewData\test\cityscapes\mask\bremen_000178_000019.png,streetViewData\test\cityscapes\img\bremen_000178_000019.png
2854,test,cityscapes,streetViewData\test\cityscapes\mask\bremen_000179_000019.png,streetViewData\test\cityscapes\img\bremen_000179_000019.png
2855,test,cityscapes,streetViewData\test\cityscapes\mask\bremen_000180_000019.png,streetViewData\test\cityscapes\img\bremen_000180_000019.png
2856,test,cityscapes,streetViewData\test\cityscapes\mask\bremen_000181_000019.png,streetViewData\test\cityscapes\img\bremen_000181_000019.png
2857,test,cityscapes,streetViewData\test\cityscapes\mask\bremen_000182_000019.png,streetViewData\test\cityscapes\img\bremen_000182_000019.png
2858,test,cityscapes,streetViewData\test\cityscapes\mask\bremen_000183_000019.png,streetViewData\test\cityscapes\img\bremen_000183_000019.png
2859,test,cityscapes,streetViewData\test\cityscapes\mask\bremen_000184_000019.png,streetViewData\test\cityscapes\img\bremen_000184_000019.png
2860,test,cityscapes,streetViewData\test\cityscapes\mask\bremen_000185_000019.png,streetViewData\test\cityscapes\img\bremen_000185_000019.png
2861,test,cityscapes,streetViewData\test\cityscapes\mask\bremen_000186_000019.png,streetViewData\test\cityscapes\img\bremen_000186_000019.png
2862,test,cityscapes,streetViewData\test\cityscapes\mask\bremen_000187_000019.png,streetViewData\test\cityscapes\img\bremen_000187_000019.png
2863,test,cityscapes,streetViewData\test\cityscapes\mask\bremen_000188_000019.png,streetViewData\test\cityscapes\img\bremen_000188_000019.png
2864,test,cityscapes,streetViewData\test\cityscapes\mask\bremen_000189_000019.png,streetViewData\test\cityscapes\img\bremen_000189_000019.png
2865,test,cityscapes,streetViewData\test\cityscapes\mask\bremen_000190_000019.png,streetViewData\test\cityscapes\img\bremen_000190_000019.png
2866,test,cityscapes,streetViewData\test\cityscapes\mask\bremen_000191_000019.png,streetViewData\test\cityscapes\img\bremen_000191_000019.png
2867,test,cityscapes,streetViewData\test\cityscapes\mask\bremen_000192_000019.png,streetViewData\test\cityscapes\img\bremen_000192_000019.png
2868,test,cityscapes,streetViewData\test\cityscapes\mask\bremen_000193_000019.png,streetViewData\test\cityscapes\img\bremen_000193_000019.png
2869,test,cityscapes,streetViewData\test\cityscapes\mask\bremen_000194_000019.png,streetViewData\test\cityscapes\img\bremen_000194_000019.png
2870,test,cityscapes,streetViewData\test\cityscapes\mask\bremen_000195_000019.png,streetViewData\test\cityscapes\img\bremen_000195_000019.png
2871,test,cityscapes,streetViewData\test\cityscapes\mask\bremen_000196_000019.png,streetViewData\test\cityscapes\img\bremen_000196_000019.png
2872,test,cityscapes,streetViewData\test\cityscapes\mask\bremen_000197_000019.png,streetViewData\test\cityscapes\img\bremen_000197_000019.png
2873,test,cityscapes,streetViewData\test\cityscapes\mask\bremen_000198_000019.png,streetViewData\test\cityscapes\img\bremen_000198_000019.png
2874,test,cityscapes,streetViewData\test\cityscapes\mask\bremen_000199_000019.png,streetViewData\test\cityscapes\img\bremen_000199_000019.png
2875,test,cityscapes,streetViewData\test\cityscapes\mask\bremen_000200_000019.png,streetViewData\test\cityscapes\img\bremen_000200_000019.png
2876,test,cityscapes,streetViewData\test\cityscapes\mask\bremen_000201_000019.png,streetViewData\test\cityscapes\img\bremen_000201_000019.png
2877,test,cityscapes,streetViewData\test\cityscapes\mask\bremen_000202_000019.png,streetViewData\test\cityscapes\img\bremen_000202_000019.png
2878,test,cityscapes,streetViewData\test\cityscapes\mask\bremen_000203_000019.png,streetViewData\test\cityscapes\img\bremen_000203_000019.png
2879,test,cityscapes,streetViewData\test\cityscapes\mask\bremen_000204_000019.png,streetViewData\test\cityscapes\img\bremen_000204_000019.png
2880,test,cityscapes,streetViewData\test\cityscapes\mask\bremen_000205_000019.png,streetViewData\test\cityscapes\img\bremen_000205_000019.png
2881,test,cityscapes,streetViewData\test\cityscapes\mask\bremen_000206_000019.png,streetViewData\test\cityscapes\img\bremen_000206_000019.png
2882,test,cityscapes,streetViewData\test\cityscapes\mask\bremen_000207_000019.png,streetViewData\test\cityscapes\img\bremen_000207_000019.png
2883,test,cityscapes,streetViewData\test\cityscapes\mask\bremen_000208_000019.png,streetViewData\test\cityscapes\img\bremen_000208_000019.png
2884,test,cityscapes,streetViewData\test\cityscapes\mask\bremen_000209_000019.png,streetViewData\test\cityscapes\img\bremen_000209_000019.png
2885,test,cityscapes,streetViewData\test\cityscapes\mask\bremen_000210_000019.png,streetViewData\test\cityscapes\img\bremen_000210_000019.png
2886,test,cityscapes,streetViewData\test\cityscapes\mask\bremen_000211_000019.png,streetViewData\test\cityscapes\img\bremen_000211_000019.png
2887,test,cityscapes,streetViewData\test\cityscapes\mask\bremen_000212_000019.png,streetViewData\test\cityscapes\img\bremen_000212_000019.png
2888,test,cityscapes,streetViewData\test\cityscapes\mask\bremen_000213_000019.png,streetViewData\test\cityscapes\img\bremen_000213_000019.png
2889,test,cityscapes,streetViewData\test\cityscapes\mask\bremen_000214_000019.png,streetViewData\test\cityscapes\img\bremen_000214_000019.png
2890,test,cityscapes,streetViewData\test\cityscapes\mask\bremen_000215_000019.png,streetViewData\test\cityscapes\img\bremen_000215_000019.png
2891,test,cityscapes,streetViewData\test\cityscapes\mask\bremen_000216_000019.png,streetViewData\test\cityscapes\img\bremen_000216_000019.png
2892,test,cityscapes,streetViewData\test\cityscapes\mask\bremen_000217_000019.png,streetViewData\test\cityscapes\img\bremen_000217_000019.png
2893,test,cityscapes,streetViewData\test\cityscapes\mask\bremen_000218_000019.png,streetViewData\test\cityscapes\img\bremen_000218_000019.png
2894,test,cityscapes,streetViewData\test\cityscapes\mask\bremen_000219_000019.png,streetViewData\test\cityscapes\img\bremen_000219_000019.png
2895,test,cityscapes,streetViewData\test\cityscapes\mask\bremen_000220_000019.png,streetViewData\test\cityscapes\img\bremen_000220_000019.png
2896,test,cityscapes,streetViewData\test\cityscapes\mask\bremen_000221_000019.png,streetViewData\test\cityscapes\img\bremen_000221_000019.png
2897,test,cityscapes,streetViewData\test\cityscapes\mask\bremen_000222_000019.png,streetViewData\test\cityscapes\img\bremen_000222_000019.png
2898,test,cityscapes,streetViewData\test\cityscapes\mask\bremen_000223_000019.png,streetViewData\test\cityscapes\img\bremen_000223_000019.png
2899,test,cityscapes,streetViewData\test\cityscapes\mask\bremen_000224_000019.png,streetViewData\test\cityscapes\img\bremen_000224_000019.png
2900,test,cityscapes,streetViewData\test\cityscapes\mask\bremen_000225_000019.png,streetViewData\test\cityscapes\img\bremen_000225_000019.png
2901,test,cityscapes,streetViewData\test\cityscapes\mask\bremen_000226_000019.png,streetViewData\test\cityscapes\img\bremen_000226_000019.png
2902,test,cityscapes,streetViewData\test\cityscapes\mask\bremen_000227_000019.png,streetViewData\test\cityscapes\img\bremen_000227_000019.png
2903,test,cityscapes,streetViewData\test\cityscapes\mask\bremen_000228_000019.png,streetViewData\test\cityscapes\img\bremen_000228_000019.png
2904,test,cityscapes,streetViewData\test\cityscapes\mask\bremen_000229_000019.png,streetViewData\test\cityscapes\img\bremen_000229_000019.png
2905,test,cityscapes,streetViewData\test\cityscapes\mask\bremen_000230_000019.png,streetViewData\test\cityscapes\img\bremen_000230_000019.png
2906,test,cityscapes,streetViewData\test\cityscapes\mask\bremen_000231_000019.png,streetViewData\test\cityscapes\img\bremen_000231_000019.png
2907,test,cityscapes,streetViewData\test\cityscapes\mask\bremen_000232_000019.png,streetViewData\test\cityscapes\img\bremen_000232_000019.png
2908,test,cityscapes,streetViewData\test\cityscapes\mask\bremen_000233_000019.png,streetViewData\test\cityscapes\img\bremen_000233_000019.png
2909,test,cityscapes,streetViewData\test\cityscapes\mask\bremen_000234_000019.png,streetViewData\test\cityscapes\img\bremen_000234_000019.png
2910,test,cityscapes,streetViewData\test\cityscapes\mask\bremen_000235_000019.png,streetViewData\test\cityscapes\img\bremen_000235_000019.png
2911,test,cityscapes,streetViewData\test\cityscapes\mask\bremen_000236_000019.png,streetViewData\test\cityscapes\img\bremen_000236_000019.png
2912,test,cityscapes,streetViewData\test\cityscapes\mask\bremen_000237_000019.png,streetViewData\test\cityscapes\img\bremen_000237_000019.png
2913,test,cityscapes,streetViewData\test\cityscapes\mask\bremen_000238_000019.png,streetViewData\test\cityscapes\img\bremen_000238_000019.png
2914,test,cityscapes,streetViewData\test\cityscapes\mask\bremen_000239_000019.png,streetViewData\test\cityscapes\img\bremen_000239_000019.png
2915,test,cityscapes,streetViewData\test\cityscapes\mask\bremen_000240_000019.png,streetViewData\test\cityscapes\img\bremen_000240_000019.png
2916,test,cityscapes,streetViewData\test\cityscapes\mask\bremen_000241_000019.png,streetViewData\test\cityscapes\img\bremen_000241_000019.png
2917,test,cityscapes,streetViewData\test\cityscapes\mask\bremen_000242_000019.png,streetViewData\test\cityscapes\img\bremen_000242_000019.png
2918,test,cityscapes,streetViewData\test\cityscapes\mask\bremen_000243_000019.png,streetViewData\test\cityscapes\img\bremen_000243_000019.png
2919,test,cityscapes,streetViewData\test\cityscapes\mask\bremen_000244_000019.png,streetViewData\test\cityscapes\img\bremen_000244_000019.png
2920,test,cityscapes,streetViewData\test\cityscapes\mask\bremen_000245_000019.png,streetViewData\test\cityscapes\img\bremen_000245_000019.png
2921,test,cityscapes,streetViewData\test\cityscapes\mask\bremen_000246_000019.png,streetViewData\test\cityscapes\img\bremen_000246_000019.png
2922,test,cityscapes,streetViewData\test\cityscapes\mask\bremen_000247_000019.png,streetViewData\test\cityscapes\img\bremen_000247_000019.png
2923,test,cityscapes,streetViewData\test\cityscapes\mask\bremen_000248_000019.png,streetViewData\test\cityscapes\img\bremen_000248_000019.png
2924,test,cityscapes,streetViewData\test\cityscapes\mask\bremen_000249_000019.png,streetViewData\test\cityscapes\img\bremen_000249_000019.png
2925,test,cityscapes,streetViewData\test\cityscapes\mask\bremen_000250_000019.png,streetViewData\test\cityscapes\img\bremen_000250_000019.png
2926,test,cityscapes,streetViewData\test\cityscapes\mask\bremen_000251_000019.png,streetViewData\test\cityscapes\img\bremen_000251_000019.png
2927,test,cityscapes,streetViewData\test\cityscapes\mask\bremen_000252_000019.png,streetViewData\test\cityscapes\img\bremen_000252_000019.png
2928,test,cityscapes,streetViewData\test\cityscapes\mask\bremen_000253_000019.png,streetViewData\test\cityscapes\img\bremen_000253_000019.png
2929,test,cityscapes,streetViewData\test\cityscapes\mask\bremen_000254_000019.png,streetViewData\test\cityscapes\img\bremen_000254_000019.png
2930,test,cityscapes,streetViewData\test\cityscapes\mask\bremen_000255_000019.png,streetViewData\test\cityscapes\img\bremen_000255_000019.png
2931,test,cityscapes,streetViewData\test\cityscapes\mask\bremen_000256_000019.png,streetViewData\test\cityscapes\img\bremen_000256_000019.png
2932,test,cityscapes,streetViewData\test\cityscapes\mask\bremen_000257_000019.png,streetViewData\test\cityscapes\img\bremen_000257_000019.png
2933,test,cityscapes,streetViewData\test\cityscapes\mask\bremen_000258_000019.png,streetViewData\test\cityscapes\img\bremen_000258_000019.png
2934,test,cityscapes,streetViewData\test\cityscapes\mask\bremen_000259_000019.png,streetViewData\test\cityscapes\img\bremen_000259_000019.png
2935,test,cityscapes,streetViewData\test\cityscapes\mask\bremen_000260_000019.png,streetViewData\test\cityscapes\img\bremen_000260_000019.png
2936,test,cityscapes,streetViewData\test\cityscapes\mask\bremen_000261_000019.png,streetViewData\test\cityscapes\img\bremen_000261_000019.png
2937,test,cityscapes,streetViewData\test\cityscapes\mask\bremen_000262_000019.png,streetViewData\test\cityscapes\img\bremen_000262_000019.png
2938,test,cityscapes,streetViewData\test\cityscapes\mask\bremen_000263_000019.png,streetViewData\test\cityscapes\img\bremen_000263_000019.png
2939,test,cityscapes,streetViewData\test\cityscapes\mask\bremen_000264_000019.png,streetViewData\test\cityscapes\img\bremen_000264_000019.png
2940,test,cityscapes,streetViewData\test\cityscapes\mask\bremen_000265_000019.png,streetViewData\test\cityscapes\img\bremen_000265_000019.png
2941,test,cityscapes,streetViewData\test\cityscapes\mask\bremen_000266_000019.png,streetViewData\test\cityscapes\img\bremen_000266_000019.png
2942,test,cityscapes,streetViewData\test\cityscapes\mask\bremen_000267_000019.png,streetViewData\test\cityscapes\img\bremen_000267_000019.png
2943,test,cityscapes,streetViewData\test\cityscapes\mask\bremen_000268_000019.png,streetViewData\test\cityscapes\img\bremen_000268_000019.png
2944,test,cityscapes,streetViewData\test\cityscapes\mask\bremen_000269_000019.png,streetViewData\test\cityscapes\img\bremen_000269_000019.png
2945,test,cityscapes,streetViewData\test\cityscapes\mask\bremen_000270_000019.png,streetViewData\test\cityscapes\img\bremen_000270_000019.png
2946,test,cityscapes,streetViewData\test\cityscapes\mask\bremen_000271_000019.png,streetViewData\test\cityscapes\img\bremen_000271_000019.png
2947,test,cityscapes,streetViewData\test\cityscapes\mask\bremen_000272_000019.png,streetViewData\test\cityscapes\img\bremen_000272_000019.png
2948,test,cityscapes,streetViewData\test\cityscapes\mask\bremen_000273_000019.png,streetViewData\test\cityscapes\img\bremen_000273_000019.png
2949,test,cityscapes,streetViewData\test\cityscapes\mask\bremen_000274_000019.png,streetViewData\test\cityscapes\img\bremen_000274_000019.png
2950,test,cityscapes,streetViewData\test\cityscapes\mask\bremen_000275_000019.png,streetViewData\test\cityscapes\img\bremen_000275_000019.png
2951,test,cityscapes,streetViewData\test\cityscapes\mask\bremen_000276_000019.png,streetViewData\test\cityscapes\img\bremen_000276_000019.png
2952,test,cityscapes,streetViewData\test\cityscapes\mask\bremen_000277_000019.png,streetViewData\test\cityscapes\img\bremen_000277_000019.png
2953,test,cityscapes,streetViewData\test\cityscapes\mask\bremen_000278_000019.png,streetViewData\test\cityscapes\img\bremen_000278_000019.png
2954,test,cityscapes,streetViewData\test\cityscapes\mask\bremen_000279_000019.png,streetViewData\test\cityscapes\img\bremen_000279_000019.png
2955,test,cityscapes,streetViewData\test\cityscapes\mask\bremen_000280_000019.png,streetViewData\test\cityscapes\img\bremen_000280_000019.png
2956,test,cityscapes,streetViewData\test\cityscapes\mask\bremen_000281_000019.png,streetViewData\test\cityscapes\img\bremen_000281_000019.png
2957,test,cityscapes,streetViewData\test\cityscapes\mask\bremen_000282_000019.png,streetViewData\test\cityscapes\img\bremen_000282_000019.png
2958,test,cityscapes,streetViewData\test\cityscapes\mask\bremen_000283_000019.png,streetViewData\test\cityscapes\img\bremen_000283_000019.png
2959,test,cityscapes,streetViewData\test\cityscapes\mask\bremen_000284_000019.png,streetViewData\test\cityscapes\img\bremen_000284_000019.png
2960,test,cityscapes,streetViewData\test\cityscapes\mask\bremen_000285_000019.png,streetViewData\test\cityscapes\img\bremen_000285_000019.png
2961,test,cityscapes,streetViewData\test\cityscapes\mask\bremen_000286_000019.png,streetViewData\test\cityscapes\img\bremen_000286_000019.png
2962,test,cityscapes,streetViewData\test\cityscapes\mask\bremen_000287_000019.png,streetViewData\test\cityscapes\img\bremen_000287_000019.png
2963,test,cityscapes,streetViewData\test\cityscapes\mask\bremen_000288_000019.png,streetViewData\test\cityscapes\img\bremen_000288_000019.png
2964,test,cityscapes,streetViewData\test\cityscapes\mask\bremen_000289_000019.png,streetViewData\test\cityscapes\img\bremen_000289_000019.png
2965,test,cityscapes,streetViewData\test\cityscapes\mask\bremen_000290_000019.png,streetViewData\test\cityscapes\img\bremen_000290_000019.png
2966,test,cityscapes,streetViewData\test\cityscapes\mask\bremen_000291_000019.png,streetViewData\test\cityscapes\img\bremen_000291_000019.png
2967,test,cityscapes,streetViewData\test\cityscapes\mask\bremen_000292_000019.png,streetViewData\test\cityscapes\img\bremen_000292_000019.png
2968,test,cityscapes,streetViewData\test\cityscapes\mask\bremen_000293_000019.png,streetViewData\test\cityscapes\img\bremen_000293_000019.png
2969,test,cityscapes,streetViewData\test\cityscapes\mask\bremen_000294_000019.png,streetViewData\test\cityscapes\img\bremen_000294_000019.png
2970,test,cityscapes,streetViewData\test\cityscapes\mask\bremen_000295_000019.png,streetViewData\test\cityscapes\img\bremen_000295_000019.png
2971,test,cityscapes,streetViewData\test\cityscapes\mask\bremen_000296_000019.png,streetViewData\test\cityscapes\img\bremen_000296_000019.png
2972,test,cityscapes,streetViewData\test\cityscapes\mask\bremen_000297_000019.png,streetViewData\test\cityscapes\img\bremen_000297_000019.png
2973,test,cityscapes,streetViewData\test\cityscapes\mask\bremen_000298_000019.png,streetViewData\test\cityscapes\img\bremen_000298_000019.png
2974,test,cityscapes,streetViewData\test\cityscapes\mask\bremen_000299_000019.png,streetViewData\test\cityscapes\img\bremen_000299_000019.png
2975,test,cityscapes,streetViewData\test\cityscapes\mask\bremen_000300_000019.png,streetViewData\test\cityscapes\img\bremen_000300_000019.png
2976,test,cityscapes,streetViewData\test\cityscapes\mask\bremen_000301_000019.png,streetViewData\test\cityscapes\img\bremen_000301_000019.png
2977,test,cityscapes,streetViewData\test\cityscapes\mask\bremen_000302_000019.png,streetViewData\test\cityscapes\img\bremen_000302_000019.png
2978,test,cityscapes,streetViewData\test\cityscapes\mask\bremen_000303_000019.png,streetViewData\test\cityscapes\img\bremen_000303_000019.png
2979,test,cityscapes,streetViewData\test\cityscapes\mask\bremen_000304_000019.png,streetViewData\test\cityscapes\img\bremen_000304_000019.png
2980,test,cityscapes,streetViewData\test\cityscapes\mask\bremen_000305_000019.png,streetViewData\test\cityscapes\img\bremen_000305_000019.png
2981,test,cityscapes,streetViewData\test\cityscapes\mask\bremen_000306_000019.png,streetViewData\test\cityscapes\img\bremen_000306_000019.png
2982,test,cityscapes,streetViewData\test\cityscapes\mask\bremen_000307_000019.png,streetViewData\test\cityscapes\img\bremen_000307_000019.png
2983,test,cityscapes,streetViewData\test\cityscapes\mask\bremen_000308_000019.png,streetViewData\test\cityscapes\img\bremen_000308_000019.png
2984,test,cityscapes,streetViewData\test\cityscapes\mask\bremen_000309_000019.png,streetViewData\test\cityscapes\img\bremen_000309_000019.png
2985,test,cityscapes,streetViewData\test\cityscapes\mask\bremen_000310_000019.png,streetViewData\test\cityscapes\img\bremen_000310_000019.png
2986,test,cityscapes,streetViewData\test\cityscapes\mask\bremen_000311_000019.png,streetViewData\test\cityscapes\img\bremen_000311_000019.png
2987,test,cityscapes,streetViewData\test\cityscapes\mask\bremen_000312_000019.png,streetViewData\test\cityscapes\img\bremen_000312_000019.png
2988,test,cityscapes,streetViewData\test\cityscapes\mask\bremen_000313_000019.png,streetViewData\test\cityscapes\img\bremen_000313_000019.png
2989,test,cityscapes,streetViewData\test\cityscapes\mask\bremen_000314_000019.png,streetViewData\test\cityscapes\img\bremen_000314_000019.png
2990,test,cityscapes,streetViewData\test\cityscapes\mask\bremen_000315_000019.png,streetViewData\test\cityscapes\img\bremen_000315_000019.png
2991,test,cityscapes,streetViewData\test\cityscapes\mask\dusseldorf_000000_000019.png,streetViewData\test\cityscapes\img\dusseldorf_000000_000019.png
2992,test,cityscapes,streetViewData\test\cityscapes\mask\dusseldorf_000001_000019.png,streetViewData\test\cityscapes\img\dusseldorf_000001_000019.png
2993,test,cityscapes,streetViewData\test\cityscapes\mask\dusseldorf_000002_000019.png,streetViewData\test\cityscapes\img\dusseldorf_000002_000019.png
2994,test,cityscapes,streetViewData\test\cityscapes\mask\dusseldorf_000003_000019.png,streetViewData\test\cityscapes\img\dusseldorf_000003_000019.png
2995,test,cityscapes,streetViewData\test\cityscapes\mask\dusseldorf_000004_000019.png,streetViewData\test\cityscapes\img\dusseldorf_000004_000019.png
2996,test,cityscapes,streetViewData\test\cityscapes\mask\dusseldorf_000005_000019.png,streetViewData\test\cityscapes\img\dusseldorf_000005_000019.png
2997,test,cityscapes,streetViewData\test\cityscapes\mask\dusseldorf_000006_000019.png,streetViewData\test\cityscapes\img\dusseldorf_000006_000019.png
2998,test,cityscapes,streetViewData\test\cityscapes\mask\dusseldorf_000007_000019.png,streetViewData\test\cityscapes\img\dusseldorf_000007_000019.png
2999,test,cityscapes,streetViewData\test\cityscapes\mask\dusseldorf_000008_000019.png,streetViewData\test\cityscapes\img\dusseldorf_000008_000019.png
3000,test,cityscapes,streetViewData\test\cityscapes\mask\dusseldorf_000009_000019.png,streetViewData\test\cityscapes\img\dusseldorf_000009_000019.png
3001,test,cityscapes,streetViewData\test\cityscapes\mask\dusseldorf_000010_000019.png,streetViewData\test\cityscapes\img\dusseldorf_000010_000019.png
3002,test,cityscapes,streetViewData\test\cityscapes\mask\dusseldorf_000011_000019.png,streetViewData\test\cityscapes\img\dusseldorf_000011_000019.png
3003,test,cityscapes,streetViewData\test\cityscapes\mask\dusseldorf_000012_000019.png,streetViewData\test\cityscapes\img\dusseldorf_000012_000019.png
3004,test,cityscapes,streetViewData\test\cityscapes\mask\dusseldorf_000013_000019.png,streetViewData\test\cityscapes\img\dusseldorf_000013_000019.png
3005,test,cityscapes,streetViewData\test\cityscapes\mask\dusseldorf_000014_000019.png,streetViewData\test\cityscapes\img\dusseldorf_000014_000019.png
3006,test,cityscapes,streetViewData\test\cityscapes\mask\dusseldorf_000015_000019.png,streetViewData\test\cityscapes\img\dusseldorf_000015_000019.png
3007,test,cityscapes,streetViewData\test\cityscapes\mask\dusseldorf_000016_000019.png,streetViewData\test\cityscapes\img\dusseldorf_000016_000019.png
3008,test,cityscapes,streetViewData\test\cityscapes\mask\dusseldorf_000017_000019.png,streetViewData\test\cityscapes\img\dusseldorf_000017_000019.png
3009,test,cityscapes,streetViewData\test\cityscapes\mask\dusseldorf_000018_000019.png,streetViewData\test\cityscapes\img\dusseldorf_000018_000019.png
3010,test,cityscapes,streetViewData\test\cityscapes\mask\dusseldorf_000019_000019.png,streetViewData\test\cityscapes\img\dusseldorf_000019_000019.png
3011,test,cityscapes,streetViewData\test\cityscapes\mask\dusseldorf_000020_000019.png,streetViewData\test\cityscapes\img\dusseldorf_000020_000019.png
3012,test,cityscapes,streetViewData\test\cityscapes\mask\dusseldorf_000021_000019.png,streetViewData\test\cityscapes\img\dusseldorf_000021_000019.png
3013,test,cityscapes,streetViewData\test\cityscapes\mask\dusseldorf_000022_000019.png,streetViewData\test\cityscapes\img\dusseldorf_000022_000019.png
3014,test,cityscapes,streetViewData\test\cityscapes\mask\dusseldorf_000023_000019.png,streetViewData\test\cityscapes\img\dusseldorf_000023_000019.png
3015,test,cityscapes,streetViewData\test\cityscapes\mask\dusseldorf_000024_000019.png,streetViewData\test\cityscapes\img\dusseldorf_000024_000019.png
3016,test,cityscapes,streetViewData\test\cityscapes\mask\dusseldorf_000025_000019.png,streetViewData\test\cityscapes\img\dusseldorf_000025_000019.png
3017,test,cityscapes,streetViewData\test\cityscapes\mask\dusseldorf_000026_000019.png,streetViewData\test\cityscapes\img\dusseldorf_000026_000019.png
3018,test,cityscapes,streetViewData\test\cityscapes\mask\dusseldorf_000027_000019.png,streetViewData\test\cityscapes\img\dusseldorf_000027_000019.png
3019,test,cityscapes,streetViewData\test\cityscapes\mask\dusseldorf_000028_000019.png,streetViewData\test\cityscapes\img\dusseldorf_000028_000019.png
3020,test,cityscapes,streetViewData\test\cityscapes\mask\dusseldorf_000029_000019.png,streetViewData\test\cityscapes\img\dusseldorf_000029_000019.png
3021,test,cityscapes,streetViewData\test\cityscapes\mask\dusseldorf_000030_000019.png,streetViewData\test\cityscapes\img\dusseldorf_000030_000019.png
3022,test,cityscapes,streetViewData\test\cityscapes\mask\dusseldorf_000031_000019.png,streetViewData\test\cityscapes\img\dusseldorf_000031_000019.png
3023,test,cityscapes,streetViewData\test\cityscapes\mask\dusseldorf_000032_000019.png,streetViewData\test\cityscapes\img\dusseldorf_000032_000019.png
3024,test,cityscapes,streetViewData\test\cityscapes\mask\dusseldorf_000033_000019.png,streetViewData\test\cityscapes\img\dusseldorf_000033_000019.png
3025,test,cityscapes,streetViewData\test\cityscapes\mask\dusseldorf_000034_000019.png,streetViewData\test\cityscapes\img\dusseldorf_000034_000019.png
3026,test,cityscapes,streetViewData\test\cityscapes\mask\dusseldorf_000035_000019.png,streetViewData\test\cityscapes\img\dusseldorf_000035_000019.png
3027,test,cityscapes,streetViewData\test\cityscapes\mask\dusseldorf_000036_000019.png,streetViewData\test\cityscapes\img\dusseldorf_000036_000019.png
3028,test,cityscapes,streetViewData\test\cityscapes\mask\dusseldorf_000037_000019.png,streetViewData\test\cityscapes\img\dusseldorf_000037_000019.png
3029,test,cityscapes,streetViewData\test\cityscapes\mask\dusseldorf_000038_000019.png,streetViewData\test\cityscapes\img\dusseldorf_000038_000019.png
3030,test,cityscapes,streetViewData\test\cityscapes\mask\dusseldorf_000039_000019.png,streetViewData\test\cityscapes\img\dusseldorf_000039_000019.png
3031,test,cityscapes,streetViewData\test\cityscapes\mask\dusseldorf_000040_000019.png,streetViewData\test\cityscapes\img\dusseldorf_000040_000019.png
3032,test,cityscapes,streetViewData\test\cityscapes\mask\dusseldorf_000041_000019.png,streetViewData\test\cityscapes\img\dusseldorf_000041_000019.png
3033,test,cityscapes,streetViewData\test\cityscapes\mask\dusseldorf_000042_000019.png,streetViewData\test\cityscapes\img\dusseldorf_000042_000019.png
3034,test,cityscapes,streetViewData\test\cityscapes\mask\dusseldorf_000043_000019.png,streetViewData\test\cityscapes\img\dusseldorf_000043_000019.png
3035,test,cityscapes,streetViewData\test\cityscapes\mask\dusseldorf_000044_000019.png,streetViewData\test\cityscapes\img\dusseldorf_000044_000019.png
3036,test,cityscapes,streetViewData\test\cityscapes\mask\dusseldorf_000045_000019.png,streetViewData\test\cityscapes\img\dusseldorf_000045_000019.png
3037,test,cityscapes,streetViewData\test\cityscapes\mask\dusseldorf_000046_000019.png,streetViewData\test\cityscapes\img\dusseldorf_000046_000019.png
3038,test,cityscapes,streetViewData\test\cityscapes\mask\dusseldorf_000047_000019.png,streetViewData\test\cityscapes\img\dusseldorf_000047_000019.png
3039,test,cityscapes,streetViewData\test\cityscapes\mask\dusseldorf_000048_000019.png,streetViewData\test\cityscapes\img\dusseldorf_000048_000019.png
3040,test,cityscapes,streetViewData\test\cityscapes\mask\dusseldorf_000049_000019.png,streetViewData\test\cityscapes\img\dusseldorf_000049_000019.png
3041,test,cityscapes,streetViewData\test\cityscapes\mask\dusseldorf_000050_000019.png,streetViewData\test\cityscapes\img\dusseldorf_000050_000019.png
3042,test,cityscapes,streetViewData\test\cityscapes\mask\dusseldorf_000051_000019.png,streetViewData\test\cityscapes\img\dusseldorf_000051_000019.png
3043,test,cityscapes,streetViewData\test\cityscapes\mask\dusseldorf_000052_000019.png,streetViewData\test\cityscapes\img\dusseldorf_000052_000019.png
3044,test,cityscapes,streetViewData\test\cityscapes\mask\dusseldorf_000053_000019.png,streetViewData\test\cityscapes\img\dusseldorf_000053_000019.png
3045,test,cityscapes,streetViewData\test\cityscapes\mask\dusseldorf_000054_000019.png,streetViewData\test\cityscapes\img\dusseldorf_000054_000019.png
3046,test,cityscapes,streetViewData\test\cityscapes\mask\dusseldorf_000055_000019.png,streetViewData\test\cityscapes\img\dusseldorf_000055_000019.png
3047,test,cityscapes,streetViewData\test\cityscapes\mask\dusseldorf_000056_000019.png,streetViewData\test\cityscapes\img\dusseldorf_000056_000019.png
3048,test,cityscapes,streetViewData\test\cityscapes\mask\dusseldorf_000057_000019.png,streetViewData\test\cityscapes\img\dusseldorf_000057_000019.png
3049,test,cityscapes,streetViewData\test\cityscapes\mask\dusseldorf_000058_000019.png,streetViewData\test\cityscapes\img\dusseldorf_000058_000019.png
3050,test,cityscapes,streetViewData\test\cityscapes\mask\dusseldorf_000059_000019.png,streetViewData\test\cityscapes\img\dusseldorf_000059_000019.png
3051,test,cityscapes,streetViewData\test\cityscapes\mask\dusseldorf_000060_000019.png,streetViewData\test\cityscapes\img\dusseldorf_000060_000019.png
3052,test,cityscapes,streetViewData\test\cityscapes\mask\dusseldorf_000061_000019.png,streetViewData\test\cityscapes\img\dusseldorf_000061_000019.png
3053,test,cityscapes,streetViewData\test\cityscapes\mask\dusseldorf_000062_000019.png,streetViewData\test\cityscapes\img\dusseldorf_000062_000019.png
3054,test,cityscapes,streetViewData\test\cityscapes\mask\dusseldorf_000063_000019.png,streetViewData\test\cityscapes\img\dusseldorf_000063_000019.png
3055,test,cityscapes,streetViewData\test\cityscapes\mask\dusseldorf_000064_000019.png,streetViewData\test\cityscapes\img\dusseldorf_000064_000019.png
3056,test,cityscapes,streetViewData\test\cityscapes\mask\dusseldorf_000065_000019.png,streetViewData\test\cityscapes\img\dusseldorf_000065_000019.png
3057,test,cityscapes,streetViewData\test\cityscapes\mask\dusseldorf_000066_000019.png,streetViewData\test\cityscapes\img\dusseldorf_000066_000019.png
3058,test,cityscapes,streetViewData\test\cityscapes\mask\dusseldorf_000067_000019.png,streetViewData\test\cityscapes\img\dusseldorf_000067_000019.png
3059,test,cityscapes,streetViewData\test\cityscapes\mask\dusseldorf_000068_000019.png,streetViewData\test\cityscapes\img\dusseldorf_000068_000019.png
3060,test,cityscapes,streetViewData\test\cityscapes\mask\dusseldorf_000069_000019.png,streetViewData\test\cityscapes\img\dusseldorf_000069_000019.png
3061,test,cityscapes,streetViewData\test\cityscapes\mask\dusseldorf_000070_000019.png,streetViewData\test\cityscapes\img\dusseldorf_000070_000019.png
3062,test,cityscapes,streetViewData\test\cityscapes\mask\dusseldorf_000071_000019.png,streetViewData\test\cityscapes\img\dusseldorf_000071_000019.png
3063,test,cityscapes,streetViewData\test\cityscapes\mask\dusseldorf_000072_000019.png,streetViewData\test\cityscapes\img\dusseldorf_000072_000019.png
3064,test,cityscapes,streetViewData\test\cityscapes\mask\dusseldorf_000073_000019.png,streetViewData\test\cityscapes\img\dusseldorf_000073_000019.png
3065,test,cityscapes,streetViewData\test\cityscapes\mask\dusseldorf_000074_000019.png,streetViewData\test\cityscapes\img\dusseldorf_000074_000019.png
3066,test,cityscapes,streetViewData\test\cityscapes\mask\dusseldorf_000075_000019.png,streetViewData\test\cityscapes\img\dusseldorf_000075_000019.png
3067,test,cityscapes,streetViewData\test\cityscapes\mask\dusseldorf_000076_000019.png,streetViewData\test\cityscapes\img\dusseldorf_000076_000019.png
3068,test,cityscapes,streetViewData\test\cityscapes\mask\dusseldorf_000077_000019.png,streetViewData\test\cityscapes\img\dusseldorf_000077_000019.png
3069,test,cityscapes,streetViewData\test\cityscapes\mask\dusseldorf_000078_000019.png,streetViewData\test\cityscapes\img\dusseldorf_000078_000019.png
3070,test,cityscapes,streetViewData\test\cityscapes\mask\dusseldorf_000079_000019.png,streetViewData\test\cityscapes\img\dusseldorf_000079_000019.png
3071,test,cityscapes,streetViewData\test\cityscapes\mask\dusseldorf_000080_000019.png,streetViewData\test\cityscapes\img\dusseldorf_000080_000019.png
3072,test,cityscapes,streetViewData\test\cityscapes\mask\dusseldorf_000081_000019.png,streetViewData\test\cityscapes\img\dusseldorf_000081_000019.png
3073,test,cityscapes,streetViewData\test\cityscapes\mask\dusseldorf_000082_000019.png,streetViewData\test\cityscapes\img\dusseldorf_000082_000019.png
3074,test,cityscapes,streetViewData\test\cityscapes\mask\dusseldorf_000083_000019.png,streetViewData\test\cityscapes\img\dusseldorf_000083_000019.png
3075,test,cityscapes,streetViewData\test\cityscapes\mask\dusseldorf_000084_000019.png,streetViewData\test\cityscapes\img\dusseldorf_000084_000019.png
3076,test,cityscapes,streetViewData\test\cityscapes\mask\dusseldorf_000085_000019.png,streetViewData\test\cityscapes\img\dusseldorf_000085_000019.png
3077,test,cityscapes,streetViewData\test\cityscapes\mask\dusseldorf_000086_000019.png,streetViewData\test\cityscapes\img\dusseldorf_000086_000019.png
3078,test,cityscapes,streetViewData\test\cityscapes\mask\dusseldorf_000087_000019.png,streetViewData\test\cityscapes\img\dusseldorf_000087_000019.png
3079,test,cityscapes,streetViewData\test\cityscapes\mask\dusseldorf_000088_000019.png,streetViewData\test\cityscapes\img\dusseldorf_000088_000019.png
3080,test,cityscapes,streetViewData\test\cityscapes\mask\dusseldorf_000089_000019.png,streetViewData\test\cityscapes\img\dusseldorf_000089_000019.png
3081,test,cityscapes,streetViewData\test\cityscapes\mask\dusseldorf_000090_000019.png,streetViewData\test\cityscapes\img\dusseldorf_000090_000019.png
3082,test,cityscapes,streetViewData\test\cityscapes\mask\dusseldorf_000091_000019.png,streetViewData\test\cityscapes\img\dusseldorf_000091_000019.png
3083,test,cityscapes,streetViewData\test\cityscapes\mask\dusseldorf_000092_000019.png,streetViewData\test\cityscapes\img\dusseldorf_000092_000019.png
3084,test,cityscapes,streetViewData\test\cityscapes\mask\dusseldorf_000093_000019.png,streetViewData\test\cityscapes\img\dusseldorf_000093_000019.png
3085,test,cityscapes,streetViewData\test\cityscapes\mask\dusseldorf_000094_000019.png,streetViewData\test\cityscapes\img\dusseldorf_000094_000019.png
3086,test,cityscapes,streetViewData\test\cityscapes\mask\dusseldorf_000095_000019.png,streetViewData\test\cityscapes\img\dusseldorf_000095_000019.png
3087,test,cityscapes,streetViewData\test\cityscapes\mask\dusseldorf_000096_000019.png,streetViewData\test\cityscapes\img\dusseldorf_000096_000019.png
3088,test,cityscapes,streetViewData\test\cityscapes\mask\dusseldorf_000097_000019.png,streetViewData\test\cityscapes\img\dusseldorf_000097_000019.png
3089,test,cityscapes,streetViewData\test\cityscapes\mask\dusseldorf_000098_000019.png,streetViewData\test\cityscapes\img\dusseldorf_000098_000019.png
3090,test,cityscapes,streetViewData\test\cityscapes\mask\dusseldorf_000099_000019.png,streetViewData\test\cityscapes\img\dusseldorf_000099_000019.png
3091,test,cityscapes,streetViewData\test\cityscapes\mask\dusseldorf_000100_000019.png,streetViewData\test\cityscapes\img\dusseldorf_000100_000019.png
3092,test,cityscapes,streetViewData\test\cityscapes\mask\dusseldorf_000101_000019.png,streetViewData\test\cityscapes\img\dusseldorf_000101_000019.png
3093,test,cityscapes,streetViewData\test\cityscapes\mask\dusseldorf_000102_000019.png,streetViewData\test\cityscapes\img\dusseldorf_000102_000019.png
3094,test,cityscapes,streetViewData\test\cityscapes\mask\dusseldorf_000103_000019.png,streetViewData\test\cityscapes\img\dusseldorf_000103_000019.png
3095,test,cityscapes,streetViewData\test\cityscapes\mask\dusseldorf_000104_000019.png,streetViewData\test\cityscapes\img\dusseldorf_000104_000019.png
3096,test,cityscapes,streetViewData\test\cityscapes\mask\dusseldorf_000105_000019.png,streetViewData\test\cityscapes\img\dusseldorf_000105_000019.png
3097,test,cityscapes,streetViewData\test\cityscapes\mask\dusseldorf_000106_000019.png,streetViewData\test\cityscapes\img\dusseldorf_000106_000019.png
3098,test,cityscapes,streetViewData\test\cityscapes\mask\dusseldorf_000107_000019.png,streetViewData\test\cityscapes\img\dusseldorf_000107_000019.png
3099,test,cityscapes,streetViewData\test\cityscapes\mask\dusseldorf_000108_000019.png,streetViewData\test\cityscapes\img\dusseldorf_000108_000019.png
3100,test,cityscapes,streetViewData\test\cityscapes\mask\dusseldorf_000109_000019.png,streetViewData\test\cityscapes\img\dusseldorf_000109_000019.png
3101,test,cityscapes,streetViewData\test\cityscapes\mask\dusseldorf_000110_000019.png,streetViewData\test\cityscapes\img\dusseldorf_000110_000019.png
3102,test,cityscapes,streetViewData\test\cityscapes\mask\dusseldorf_000111_000019.png,streetViewData\test\cityscapes\img\dusseldorf_000111_000019.png
3103,test,cityscapes,streetViewData\test\cityscapes\mask\dusseldorf_000112_000019.png,streetViewData\test\cityscapes\img\dusseldorf_000112_000019.png
3104,test,cityscapes,streetViewData\test\cityscapes\mask\dusseldorf_000113_000019.png,streetViewData\test\cityscapes\img\dusseldorf_000113_000019.png
3105,test,cityscapes,streetViewData\test\cityscapes\mask\dusseldorf_000114_000019.png,streetViewData\test\cityscapes\img\dusseldorf_000114_000019.png
3106,test,cityscapes,streetViewData\test\cityscapes\mask\dusseldorf_000115_000019.png,streetViewData\test\cityscapes\img\dusseldorf_000115_000019.png
3107,test,cityscapes,streetViewData\test\cityscapes\mask\dusseldorf_000116_000019.png,streetViewData\test\cityscapes\img\dusseldorf_000116_000019.png
3108,test,cityscapes,streetViewData\test\cityscapes\mask\dusseldorf_000117_000019.png,streetViewData\test\cityscapes\img\dusseldorf_000117_000019.png
3109,test,cityscapes,streetViewData\test\cityscapes\mask\dusseldorf_000118_000019.png,streetViewData\test\cityscapes\img\dusseldorf_000118_000019.png
3110,test,cityscapes,streetViewData\test\cityscapes\mask\dusseldorf_000119_000019.png,streetViewData\test\cityscapes\img\dusseldorf_000119_000019.png
3111,test,cityscapes,streetViewData\test\cityscapes\mask\dusseldorf_000120_000019.png,streetViewData\test\cityscapes\img\dusseldorf_000120_000019.png
3112,test,cityscapes,streetViewData\test\cityscapes\mask\dusseldorf_000121_000019.png,streetViewData\test\cityscapes\img\dusseldorf_000121_000019.png
3113,test,cityscapes,streetViewData\test\cityscapes\mask\dusseldorf_000122_000019.png,streetViewData\test\cityscapes\img\dusseldorf_000122_000019.png
3114,test,cityscapes,streetViewData\test\cityscapes\mask\dusseldorf_000123_000019.png,streetViewData\test\cityscapes\img\dusseldorf_000123_000019.png
3115,test,cityscapes,streetViewData\test\cityscapes\mask\dusseldorf_000124_000019.png,streetViewData\test\cityscapes\img\dusseldorf_000124_000019.png
3116,test,cityscapes,streetViewData\test\cityscapes\mask\dusseldorf_000125_000019.png,streetViewData\test\cityscapes\img\dusseldorf_000125_000019.png
3117,test,cityscapes,streetViewData\test\cityscapes\mask\dusseldorf_000126_000019.png,streetViewData\test\cityscapes\img\dusseldorf_000126_000019.png
3118,test,cityscapes,streetViewData\test\cityscapes\mask\dusseldorf_000127_000019.png,streetViewData\test\cityscapes\img\dusseldorf_000127_000019.png
3119,test,cityscapes,streetViewData\test\cityscapes\mask\dusseldorf_000128_000019.png,streetViewData\test\cityscapes\img\dusseldorf_000128_000019.png
3120,test,cityscapes,streetViewData\test\cityscapes\mask\dusseldorf_000129_000019.png,streetViewData\test\cityscapes\img\dusseldorf_000129_000019.png
3121,test,cityscapes,streetViewData\test\cityscapes\mask\dusseldorf_000130_000019.png,streetViewData\test\cityscapes\img\dusseldorf_000130_000019.png
3122,test,cityscapes,streetViewData\test\cityscapes\mask\dusseldorf_000131_000019.png,streetViewData\test\cityscapes\img\dusseldorf_000131_000019.png
3123,test,cityscapes,streetViewData\test\cityscapes\mask\dusseldorf_000132_000019.png,streetViewData\test\cityscapes\img\dusseldorf_000132_000019.png
3124,test,cityscapes,streetViewData\test\cityscapes\mask\dusseldorf_000133_000019.png,streetViewData\test\cityscapes\img\dusseldorf_000133_000019.png
3125,test,cityscapes,streetViewData\test\cityscapes\mask\dusseldorf_000134_000019.png,streetViewData\test\cityscapes\img\dusseldorf_000134_000019.png
3126,test,cityscapes,streetViewData\test\cityscapes\mask\dusseldorf_000135_000019.png,streetViewData\test\cityscapes\img\dusseldorf_000135_000019.png
3127,test,cityscapes,streetViewData\test\cityscapes\mask\dusseldorf_000136_000019.png,streetViewData\test\cityscapes\img\dusseldorf_000136_000019.png
3128,test,cityscapes,streetViewData\test\cityscapes\mask\dusseldorf_000137_000019.png,streetViewData\test\cityscapes\img\dusseldorf_000137_000019.png
3129,test,cityscapes,streetViewData\test\cityscapes\mask\dusseldorf_000138_000019.png,streetViewData\test\cityscapes\img\dusseldorf_000138_000019.png
3130,test,cityscapes,streetViewData\test\cityscapes\mask\dusseldorf_000139_000019.png,streetViewData\test\cityscapes\img\dusseldorf_000139_000019.png
3131,test,cityscapes,streetViewData\test\cityscapes\mask\dusseldorf_000140_000019.png,streetViewData\test\cityscapes\img\dusseldorf_000140_000019.png
3132,test,cityscapes,streetViewData\test\cityscapes\mask\dusseldorf_000141_000019.png,streetViewData\test\cityscapes\img\dusseldorf_000141_000019.png
3133,test,cityscapes,streetViewData\test\cityscapes\mask\dusseldorf_000142_000019.png,streetViewData\test\cityscapes\img\dusseldorf_000142_000019.png
3134,test,cityscapes,streetViewData\test\cityscapes\mask\dusseldorf_000143_000019.png,streetViewData\test\cityscapes\img\dusseldorf_000143_000019.png
3135,test,cityscapes,streetViewData\test\cityscapes\mask\dusseldorf_000144_000019.png,streetViewData\test\cityscapes\img\dusseldorf_000144_000019.png
3136,test,cityscapes,streetViewData\test\cityscapes\mask\dusseldorf_000145_000019.png,streetViewData\test\cityscapes\img\dusseldorf_000145_000019.png
3137,test,cityscapes,streetViewData\test\cityscapes\mask\dusseldorf_000146_000019.png,streetViewData\test\cityscapes\img\dusseldorf_000146_000019.png
3138,test,cityscapes,streetViewData\test\cityscapes\mask\dusseldorf_000147_000019.png,streetViewData\test\cityscapes\img\dusseldorf_000147_000019.png
3139,test,cityscapes,streetViewData\test\cityscapes\mask\dusseldorf_000148_000019.png,streetViewData\test\cityscapes\img\dusseldorf_000148_000019.png
3140,test,cityscapes,streetViewData\test\cityscapes\mask\dusseldorf_000149_000019.png,streetViewData\test\cityscapes\img\dusseldorf_000149_000019.png
3141,test,cityscapes,streetViewData\test\cityscapes\mask\dusseldorf_000150_000019.png,streetViewData\test\cityscapes\img\dusseldorf_000150_000019.png
3142,test,cityscapes,streetViewData\test\cityscapes\mask\dusseldorf_000151_000019.png,streetViewData\test\cityscapes\img\dusseldorf_000151_000019.png
3143,test,cityscapes,streetViewData\test\cityscapes\mask\dusseldorf_000152_000019.png,streetViewData\test\cityscapes\img\dusseldorf_000152_000019.png
3144,test,cityscapes,streetViewData\test\cityscapes\mask\dusseldorf_000153_000019.png,streetViewData\test\cityscapes\img\dusseldorf_000153_000019.png
3145,test,cityscapes,streetViewData\test\cityscapes\mask\dusseldorf_000154_000019.png,streetViewData\test\cityscapes\img\dusseldorf_000154_000019.png
3146,test,cityscapes,streetViewData\test\cityscapes\mask\dusseldorf_000155_000019.png,streetViewData\test\cityscapes\img\dusseldorf_000155_000019.png
3147,test,cityscapes,streetViewData\test\cityscapes\mask\dusseldorf_000156_000019.png,streetViewData\test\cityscapes\img\dusseldorf_000156_000019.png
3148,test,cityscapes,streetViewData\test\cityscapes\mask\dusseldorf_000157_000019.png,streetViewData\test\cityscapes\img\dusseldorf_000157_000019.png
3149,test,cityscapes,streetViewData\test\cityscapes\mask\dusseldorf_000158_000019.png,streetViewData\test\cityscapes\img\dusseldorf_000158_000019.png
3150,test,cityscapes,streetViewData\test\cityscapes\mask\dusseldorf_000159_000019.png,streetViewData\test\cityscapes\img\dusseldorf_000159_000019.png
3151,test,cityscapes,streetViewData\test\cityscapes\mask\dusseldorf_000160_000019.png,streetViewData\test\cityscapes\img\dusseldorf_000160_000019.png
3152,test,cityscapes,streetViewData\test\cityscapes\mask\dusseldorf_000161_000019.png,streetViewData\test\cityscapes\img\dusseldorf_000161_000019.png
3153,test,cityscapes,streetViewData\test\cityscapes\mask\dusseldorf_000162_000019.png,streetViewData\test\cityscapes\img\dusseldorf_000162_000019.png
3154,test,cityscapes,streetViewData\test\cityscapes\mask\dusseldorf_000163_000019.png,streetViewData\test\cityscapes\img\dusseldorf_000163_000019.png
3155,test,cityscapes,streetViewData\test\cityscapes\mask\dusseldorf_000164_000019.png,streetViewData\test\cityscapes\img\dusseldorf_000164_000019.png
3156,test,cityscapes,streetViewData\test\cityscapes\mask\dusseldorf_000165_000019.png,streetViewData\test\cityscapes\img\dusseldorf_000165_000019.png
3157,test,cityscapes,streetViewData\test\cityscapes\mask\dusseldorf_000166_000019.png,streetViewData\test\cityscapes\img\dusseldorf_000166_000019.png
3158,test,cityscapes,streetViewData\test\cityscapes\mask\dusseldorf_000167_000019.png,streetViewData\test\cityscapes\img\dusseldorf_000167_000019.png
3159,test,cityscapes,streetViewData\test\cityscapes\mask\dusseldorf_000168_000019.png,streetViewData\test\cityscapes\img\dusseldorf_000168_000019.png
3160,test,cityscapes,streetViewData\test\cityscapes\mask\dusseldorf_000169_000019.png,streetViewData\test\cityscapes\img\dusseldorf_000169_000019.png
3161,test,cityscapes,streetViewData\test\cityscapes\mask\dusseldorf_000170_000019.png,streetViewData\test\cityscapes\img\dusseldorf_000170_000019.png
3162,test,cityscapes,streetViewData\test\cityscapes\mask\dusseldorf_000171_000019.png,streetViewData\test\cityscapes\img\dusseldorf_000171_000019.png
3163,test,cityscapes,streetViewData\test\cityscapes\mask\dusseldorf_000172_000019.png,streetViewData\test\cityscapes\img\dusseldorf_000172_000019.png
3164,test,cityscapes,streetViewData\test\cityscapes\mask\dusseldorf_000173_000019.png,streetViewData\test\cityscapes\img\dusseldorf_000173_000019.png
3165,test,cityscapes,streetViewData\test\cityscapes\mask\dusseldorf_000174_000019.png,streetViewData\test\cityscapes\img\dusseldorf_000174_000019.png
3166,test,cityscapes,streetViewData\test\cityscapes\mask\dusseldorf_000175_000019.png,streetViewData\test\cityscapes\img\dusseldorf_000175_000019.png
3167,test,cityscapes,streetViewData\test\cityscapes\mask\dusseldorf_000176_000019.png,streetViewData\test\cityscapes\img\dusseldorf_000176_000019.png
3168,test,cityscapes,streetViewData\test\cityscapes\mask\dusseldorf_000177_000019.png,streetViewData\test\cityscapes\img\dusseldorf_000177_000019.png
3169,test,cityscapes,streetViewData\test\cityscapes\mask\dusseldorf_000178_000019.png,streetViewData\test\cityscapes\img\dusseldorf_000178_000019.png
3170,test,cityscapes,streetViewData\test\cityscapes\mask\dusseldorf_000179_000019.png,streetViewData\test\cityscapes\img\dusseldorf_000179_000019.png
3171,test,cityscapes,streetViewData\test\cityscapes\mask\dusseldorf_000180_000019.png,streetViewData\test\cityscapes\img\dusseldorf_000180_000019.png
3172,test,cityscapes,streetViewData\test\cityscapes\mask\dusseldorf_000181_000019.png,streetViewData\test\cityscapes\img\dusseldorf_000181_000019.png
3173,test,cityscapes,streetViewData\test\cityscapes\mask\dusseldorf_000182_000019.png,streetViewData\test\cityscapes\img\dusseldorf_000182_000019.png
3174,test,cityscapes,streetViewData\test\cityscapes\mask\dusseldorf_000183_000019.png,streetViewData\test\cityscapes\img\dusseldorf_000183_000019.png
3175,test,cityscapes,streetViewData\test\cityscapes\mask\dusseldorf_000184_000019.png,streetViewData\test\cityscapes\img\dusseldorf_000184_000019.png
3176,test,cityscapes,streetViewData\test\cityscapes\mask\dusseldorf_000185_000019.png,streetViewData\test\cityscapes\img\dusseldorf_000185_000019.png
3177,test,cityscapes,streetViewData\test\cityscapes\mask\dusseldorf_000186_000019.png,streetViewData\test\cityscapes\img\dusseldorf_000186_000019.png
3178,test,cityscapes,streetViewData\test\cityscapes\mask\dusseldorf_000187_000019.png,streetViewData\test\cityscapes\img\dusseldorf_000187_000019.png
3179,test,cityscapes,streetViewData\test\cityscapes\mask\dusseldorf_000188_000019.png,streetViewData\test\cityscapes\img\dusseldorf_000188_000019.png
3180,test,cityscapes,streetViewData\test\cityscapes\mask\dusseldorf_000189_000019.png,streetViewData\test\cityscapes\img\dusseldorf_000189_000019.png
3181,test,cityscapes,streetViewData\test\cityscapes\mask\dusseldorf_000190_000019.png,streetViewData\test\cityscapes\img\dusseldorf_000190_000019.png
3182,test,cityscapes,streetViewData\test\cityscapes\mask\dusseldorf_000191_000019.png,streetViewData\test\cityscapes\img\dusseldorf_000191_000019.png
3183,test,cityscapes,streetViewData\test\cityscapes\mask\dusseldorf_000192_000019.png,streetViewData\test\cityscapes\img\dusseldorf_000192_000019.png
3184,test,cityscapes,streetViewData\test\cityscapes\mask\dusseldorf_000193_000019.png,streetViewData\test\cityscapes\img\dusseldorf_000193_000019.png
3185,test,cityscapes,streetViewData\test\cityscapes\mask\dusseldorf_000194_000019.png,streetViewData\test\cityscapes\img\dusseldorf_000194_000019.png
3186,test,cityscapes,streetViewData\test\cityscapes\mask\dusseldorf_000195_000019.png,streetViewData\test\cityscapes\img\dusseldorf_000195_000019.png
3187,test,cityscapes,streetViewData\test\cityscapes\mask\dusseldorf_000196_000019.png,streetViewData\test\cityscapes\img\dusseldorf_000196_000019.png
3188,test,cityscapes,streetViewData\test\cityscapes\mask\dusseldorf_000197_000019.png,streetViewData\test\cityscapes\img\dusseldorf_000197_000019.png
3189,test,cityscapes,streetViewData\test\cityscapes\mask\dusseldorf_000198_000019.png,streetViewData\test\cityscapes\img\dusseldorf_000198_000019.png
3190,test,cityscapes,streetViewData\test\cityscapes\mask\dusseldorf_000199_000019.png,streetViewData\test\cityscapes\img\dusseldorf_000199_000019.png
3191,test,cityscapes,streetViewData\test\cityscapes\mask\dusseldorf_000200_000019.png,streetViewData\test\cityscapes\img\dusseldorf_000200_000019.png
3192,test,cityscapes,streetViewData\test\cityscapes\mask\dusseldorf_000201_000019.png,streetViewData\test\cityscapes\img\dusseldorf_000201_000019.png
3193,test,cityscapes,streetViewData\test\cityscapes\mask\dusseldorf_000202_000019.png,streetViewData\test\cityscapes\img\dusseldorf_000202_000019.png
3194,test,cityscapes,streetViewData\test\cityscapes\mask\dusseldorf_000203_000019.png,streetViewData\test\cityscapes\img\dusseldorf_000203_000019.png
3195,test,cityscapes,streetViewData\test\cityscapes\mask\dusseldorf_000204_000019.png,streetViewData\test\cityscapes\img\dusseldorf_000204_000019.png
3196,test,cityscapes,streetViewData\test\cityscapes\mask\dusseldorf_000205_000019.png,streetViewData\test\cityscapes\img\dusseldorf_000205_000019.png
3197,test,cityscapes,streetViewData\test\cityscapes\mask\dusseldorf_000206_000019.png,streetViewData\test\cityscapes\img\dusseldorf_000206_000019.png
3198,test,cityscapes,streetViewData\test\cityscapes\mask\dusseldorf_000207_000019.png,streetViewData\test\cityscapes\img\dusseldorf_000207_000019.png
3199,test,cityscapes,streetViewData\test\cityscapes\mask\dusseldorf_000208_000019.png,streetViewData\test\cityscapes\img\dusseldorf_000208_000019.png
3200,test,cityscapes,streetViewData\test\cityscapes\mask\dusseldorf_000209_000019.png,streetViewData\test\cityscapes\img\dusseldorf_000209_000019.png
3201,test,cityscapes,streetViewData\test\cityscapes\mask\dusseldorf_000210_000019.png,streetViewData\test\cityscapes\img\dusseldorf_000210_000019.png
3202,test,cityscapes,streetViewData\test\cityscapes\mask\dusseldorf_000211_000019.png,streetViewData\test\cityscapes\img\dusseldorf_000211_000019.png
3203,test,cityscapes,streetViewData\test\cityscapes\mask\dusseldorf_000212_000019.png,streetViewData\test\cityscapes\img\dusseldorf_000212_000019.png
3204,test,cityscapes,streetViewData\test\cityscapes\mask\dusseldorf_000213_000019.png,streetViewData\test\cityscapes\img\dusseldorf_000213_000019.png
3205,test,cityscapes,streetViewData\test\cityscapes\mask\dusseldorf_000214_000019.png,streetViewData\test\cityscapes\img\dusseldorf_000214_000019.png
3206,test,cityscapes,streetViewData\test\cityscapes\mask\dusseldorf_000215_000019.png,streetViewData\test\cityscapes\img\dusseldorf_000215_000019.png
3207,test,cityscapes,streetViewData\test\cityscapes\mask\dusseldorf_000216_000019.png,streetViewData\test\cityscapes\img\dusseldorf_000216_000019.png
3208,test,cityscapes,streetViewData\test\cityscapes\mask\dusseldorf_000217_000019.png,streetViewData\test\cityscapes\img\dusseldorf_000217_000019.png
3209,test,cityscapes,streetViewData\test\cityscapes\mask\dusseldorf_000218_000019.png,streetViewData\test\cityscapes\img\dusseldorf_000218_000019.png
3210,test,cityscapes,streetViewData\test\cityscapes\mask\dusseldorf_000219_000019.png,streetViewData\test\cityscapes\img\dusseldorf_000219_000019.png
3211,test,cityscapes,streetViewData\test\cityscapes\mask\dusseldorf_000220_000019.png,streetViewData\test\cityscapes\img\dusseldorf_000220_000019.png
3212,test,cityscapes,streetViewData\test\cityscapes\mask\weimar_000000_000019.png,streetViewData\test\cityscapes\img\weimar_000000_000019.png
3213,test,cityscapes,streetViewData\test\cityscapes\mask\weimar_000001_000019.png,streetViewData\test\cityscapes\img\weimar_000001_000019.png
3214,test,cityscapes,streetViewData\test\cityscapes\mask\weimar_000002_000019.png,streetViewData\test\cityscapes\img\weimar_000002_000019.png
3215,test,cityscapes,streetViewData\test\cityscapes\mask\weimar_000003_000019.png,streetViewData\test\cityscapes\img\weimar_000003_000019.png
3216,test,cityscapes,streetViewData\test\cityscapes\mask\weimar_000004_000019.png,streetViewData\test\cityscapes\img\weimar_000004_000019.png
3217,test,cityscapes,streetViewData\test\cityscapes\mask\weimar_000005_000019.png,streetViewData\test\cityscapes\img\weimar_000005_000019.png
3218,test,cityscapes,streetViewData\test\cityscapes\mask\weimar_000006_000019.png,streetViewData\test\cityscapes\img\weimar_000006_000019.png
3219,test,cityscapes,streetViewData\test\cityscapes\mask\weimar_000007_000019.png,streetViewData\test\cityscapes\img\weimar_000007_000019.png
3220,test,cityscapes,streetViewData\test\cityscapes\mask\weimar_000008_000019.png,streetViewData\test\cityscapes\img\weimar_000008_000019.png
3221,test,cityscapes,streetViewData\test\cityscapes\mask\weimar_000009_000019.png,streetViewData\test\cityscapes\img\weimar_000009_000019.png
3222,test,cityscapes,streetViewData\test\cityscapes\mask\weimar_000010_000019.png,streetViewData\test\cityscapes\img\weimar_000010_000019.png
3223,test,cityscapes,streetViewData\test\cityscapes\mask\weimar_000011_000019.png,streetViewData\test\cityscapes\img\weimar_000011_000019.png
3224,test,cityscapes,streetViewData\test\cityscapes\mask\weimar_000012_000019.png,streetViewData\test\cityscapes\img\weimar_000012_000019.png
3225,test,cityscapes,streetViewData\test\cityscapes\mask\weimar_000013_000019.png,streetViewData\test\cityscapes\img\weimar_000013_000019.png
3226,test,cityscapes,streetViewData\test\cityscapes\mask\weimar_000014_000019.png,streetViewData\test\cityscapes\img\weimar_000014_000019.png
3227,test,cityscapes,streetViewData\test\cityscapes\mask\weimar_000015_000019.png,streetViewData\test\cityscapes\img\weimar_000015_000019.png
3228,test,cityscapes,streetViewData\test\cityscapes\mask\weimar_000016_000019.png,streetViewData\test\cityscapes\img\weimar_000016_000019.png
3229,test,cityscapes,streetViewData\test\cityscapes\mask\weimar_000017_000019.png,streetViewData\test\cityscapes\img\weimar_000017_000019.png
3230,test,cityscapes,streetViewData\test\cityscapes\mask\weimar_000018_000019.png,streetViewData\test\cityscapes\img\weimar_000018_000019.png
3231,test,cityscapes,streetViewData\test\cityscapes\mask\weimar_000019_000019.png,streetViewData\test\cityscapes\img\weimar_000019_000019.png
3232,test,cityscapes,streetViewData\test\cityscapes\mask\weimar_000020_000019.png,streetViewData\test\cityscapes\img\weimar_000020_000019.png
3233,test,cityscapes,streetViewData\test\cityscapes\mask\weimar_000021_000019.png,streetViewData\test\cityscapes\img\weimar_000021_000019.png
3234,test,cityscapes,streetViewData\test\cityscapes\mask\weimar_000022_000019.png,streetViewData\test\cityscapes\img\weimar_000022_000019.png
3235,test,cityscapes,streetViewData\test\cityscapes\mask\weimar_000023_000019.png,streetViewData\test\cityscapes\img\weimar_000023_000019.png
3236,test,cityscapes,streetViewData\test\cityscapes\mask\weimar_000024_000019.png,streetViewData\test\cityscapes\img\weimar_000024_000019.png
3237,test,cityscapes,streetViewData\test\cityscapes\mask\weimar_000025_000019.png,streetViewData\test\cityscapes\img\weimar_000025_000019.png
3238,test,cityscapes,streetViewData\test\cityscapes\mask\weimar_000026_000019.png,streetViewData\test\cityscapes\img\weimar_000026_000019.png
3239,test,cityscapes,streetViewData\test\cityscapes\mask\weimar_000027_000019.png,streetViewData\test\cityscapes\img\weimar_000027_000019.png
3240,test,cityscapes,streetViewData\test\cityscapes\mask\weimar_000028_000019.png,streetViewData\test\cityscapes\img\weimar_000028_000019.png
3241,test,cityscapes,streetViewData\test\cityscapes\mask\weimar_000029_000019.png,streetViewData\test\cityscapes\img\weimar_000029_000019.png
3242,test,cityscapes,streetViewData\test\cityscapes\mask\weimar_000030_000019.png,streetViewData\test\cityscapes\img\weimar_000030_000019.png
3243,test,cityscapes,streetViewData\test\cityscapes\mask\weimar_000031_000019.png,streetViewData\test\cityscapes\img\weimar_000031_000019.png
3244,test,cityscapes,streetViewData\test\cityscapes\mask\weimar_000032_000019.png,streetViewData\test\cityscapes\img\weimar_000032_000019.png
3245,test,cityscapes,streetViewData\test\cityscapes\mask\weimar_000033_000019.png,streetViewData\test\cityscapes\img\weimar_000033_000019.png
3246,test,cityscapes,streetViewData\test\cityscapes\mask\weimar_000034_000019.png,streetViewData\test\cityscapes\img\weimar_000034_000019.png
3247,test,cityscapes,streetViewData\test\cityscapes\mask\weimar_000035_000019.png,streetViewData\test\cityscapes\img\weimar_000035_000019.png
3248,test,cityscapes,streetViewData\test\cityscapes\mask\weimar_000036_000019.png,streetViewData\test\cityscapes\img\weimar_000036_000019.png
3249,test,cityscapes,streetViewData\test\cityscapes\mask\weimar_000037_000019.png,streetViewData\test\cityscapes\img\weimar_000037_000019.png
3250,test,cityscapes,streetViewData\test\cityscapes\mask\weimar_000038_000019.png,streetViewData\test\cityscapes\img\weimar_000038_000019.png
3251,test,cityscapes,streetViewData\test\cityscapes\mask\weimar_000039_000019.png,streetViewData\test\cityscapes\img\weimar_000039_000019.png
3252,test,cityscapes,streetViewData\test\cityscapes\mask\weimar_000040_000019.png,streetViewData\test\cityscapes\img\weimar_000040_000019.png
3253,test,cityscapes,streetViewData\test\cityscapes\mask\weimar_000041_000019.png,streetViewData\test\cityscapes\img\weimar_000041_000019.png
3254,test,cityscapes,streetViewData\test\cityscapes\mask\weimar_000042_000019.png,streetViewData\test\cityscapes\img\weimar_000042_000019.png
3255,test,cityscapes,streetViewData\test\cityscapes\mask\weimar_000043_000019.png,streetViewData\test\cityscapes\img\weimar_000043_000019.png
3256,test,cityscapes,streetViewData\test\cityscapes\mask\weimar_000044_000019.png,streetViewData\test\cityscapes\img\weimar_000044_000019.png
3257,test,cityscapes,streetViewData\test\cityscapes\mask\weimar_000045_000019.png,streetViewData\test\cityscapes\img\weimar_000045_000019.png
3258,test,cityscapes,streetViewData\test\cityscapes\mask\weimar_000046_000019.png,streetViewData\test\cityscapes\img\weimar_000046_000019.png
3259,test,cityscapes,streetViewData\test\cityscapes\mask\weimar_000047_000019.png,streetViewData\test\cityscapes\img\weimar_000047_000019.png
3260,test,cityscapes,streetViewData\test\cityscapes\mask\weimar_000048_000019.png,streetViewData\test\cityscapes\img\weimar_000048_000019.png
3261,test,cityscapes,streetViewData\test\cityscapes\mask\weimar_000049_000019.png,streetViewData\test\cityscapes\img\weimar_000049_000019.png
3262,test,cityscapes,streetViewData\test\cityscapes\mask\weimar_000050_000019.png,streetViewData\test\cityscapes\img\weimar_000050_000019.png
3263,test,cityscapes,streetViewData\test\cityscapes\mask\weimar_000051_000019.png,streetViewData\test\cityscapes\img\weimar_000051_000019.png
3264,test,cityscapes,streetViewData\test\cityscapes\mask\weimar_000052_000019.png,streetViewData\test\cityscapes\img\weimar_000052_000019.png
3265,test,cityscapes,streetViewData\test\cityscapes\mask\weimar_000053_000019.png,streetViewData\test\cityscapes\img\weimar_000053_000019.png
3266,test,cityscapes,streetViewData\test\cityscapes\mask\weimar_000054_000019.png,streetViewData\test\cityscapes\img\weimar_000054_000019.png
3267,test,cityscapes,streetViewData\test\cityscapes\mask\weimar_000055_000019.png,streetViewData\test\cityscapes\img\weimar_000055_000019.png
3268,test,cityscapes,streetViewData\test\cityscapes\mask\weimar_000056_000019.png,streetViewData\test\cityscapes\img\weimar_000056_000019.png
3269,test,cityscapes,streetViewData\test\cityscapes\mask\weimar_000057_000019.png,streetViewData\test\cityscapes\img\weimar_000057_000019.png
3270,test,cityscapes,streetViewData\test\cityscapes\mask\weimar_000058_000019.png,streetViewData\test\cityscapes\img\weimar_000058_000019.png
3271,test,cityscapes,streetViewData\test\cityscapes\mask\weimar_000059_000019.png,streetViewData\test\cityscapes\img\weimar_000059_000019.png
3272,test,cityscapes,streetViewData\test\cityscapes\mask\weimar_000060_000019.png,streetViewData\test\cityscapes\img\weimar_000060_000019.png
3273,test,cityscapes,streetViewData\test\cityscapes\mask\weimar_000061_000019.png,streetViewData\test\cityscapes\img\weimar_000061_000019.png
3274,test,cityscapes,streetViewData\test\cityscapes\mask\weimar_000062_000019.png,streetViewData\test\cityscapes\img\weimar_000062_000019.png
3275,test,cityscapes,streetViewData\test\cityscapes\mask\weimar_000063_000019.png,streetViewData\test\cityscapes\img\weimar_000063_000019.png
3276,test,cityscapes,streetViewData\test\cityscapes\mask\weimar_000064_000019.png,streetViewData\test\cityscapes\img\weimar_000064_000019.png
3277,test,cityscapes,streetViewData\test\cityscapes\mask\weimar_000065_000019.png,streetViewData\test\cityscapes\img\weimar_000065_000019.png
3278,test,cityscapes,streetViewData\test\cityscapes\mask\weimar_000066_000019.png,streetViewData\test\cityscapes\img\weimar_000066_000019.png
3279,test,cityscapes,streetViewData\test\cityscapes\mask\weimar_000067_000019.png,streetViewData\test\cityscapes\img\weimar_000067_000019.png
3280,test,cityscapes,streetViewData\test\cityscapes\mask\weimar_000068_000019.png,streetViewData\test\cityscapes\img\weimar_000068_000019.png
3281,test,cityscapes,streetViewData\test\cityscapes\mask\weimar_000069_000019.png,streetViewData\test\cityscapes\img\weimar_000069_000019.png
3282,test,cityscapes,streetViewData\test\cityscapes\mask\weimar_000070_000019.png,streetViewData\test\cityscapes\img\weimar_000070_000019.png
3283,test,cityscapes,streetViewData\test\cityscapes\mask\weimar_000071_000019.png,streetViewData\test\cityscapes\img\weimar_000071_000019.png
3284,test,cityscapes,streetViewData\test\cityscapes\mask\weimar_000072_000019.png,streetViewData\test\cityscapes\img\weimar_000072_000019.png
3285,test,cityscapes,streetViewData\test\cityscapes\mask\weimar_000073_000019.png,streetViewData\test\cityscapes\img\weimar_000073_000019.png
3286,test,cityscapes,streetViewData\test\cityscapes\mask\weimar_000074_000019.png,streetViewData\test\cityscapes\img\weimar_000074_000019.png
3287,test,cityscapes,streetViewData\test\cityscapes\mask\weimar_000075_000019.png,streetViewData\test\cityscapes\img\weimar_000075_000019.png
3288,test,cityscapes,streetViewData\test\cityscapes\mask\weimar_000076_000019.png,streetViewData\test\cityscapes\img\weimar_000076_000019.png
3289,test,cityscapes,streetViewData\test\cityscapes\mask\weimar_000077_000019.png,streetViewData\test\cityscapes\img\weimar_000077_000019.png
3290,test,cityscapes,streetViewData\test\cityscapes\mask\weimar_000078_000019.png,streetViewData\test\cityscapes\img\weimar_000078_000019.png
3291,test,cityscapes,streetViewData\test\cityscapes\mask\weimar_000079_000019.png,streetViewData\test\cityscapes\img\weimar_000079_000019.png
3292,test,cityscapes,streetViewData\test\cityscapes\mask\weimar_000080_000019.png,streetViewData\test\cityscapes\img\weimar_000080_000019.png
3293,test,cityscapes,streetViewData\test\cityscapes\mask\weimar_000081_000019.png,streetViewData\test\cityscapes\img\weimar_000081_000019.png
3294,test,cityscapes,streetViewData\test\cityscapes\mask\weimar_000082_000019.png,streetViewData\test\cityscapes\img\weimar_000082_000019.png
3295,test,cityscapes,streetViewData\test\cityscapes\mask\weimar_000083_000019.png,streetViewData\test\cityscapes\img\weimar_000083_000019.png
3296,test,cityscapes,streetViewData\test\cityscapes\mask\weimar_000084_000019.png,streetViewData\test\cityscapes\img\weimar_000084_000019.png
3297,test,cityscapes,streetViewData\test\cityscapes\mask\weimar_000085_000019.png,streetViewData\test\cityscapes\img\weimar_000085_000019.png
3298,test,cityscapes,streetViewData\test\cityscapes\mask\weimar_000086_000019.png,streetViewData\test\cityscapes\img\weimar_000086_000019.png
3299,test,cityscapes,streetViewData\test\cityscapes\mask\weimar_000087_000019.png,streetViewData\test\cityscapes\img\weimar_000087_000019.png
3300,test,cityscapes,streetViewData\test\cityscapes\mask\weimar_000088_000019.png,streetViewData\test\cityscapes\img\weimar_000088_000019.png
3301,test,cityscapes,streetViewData\test\cityscapes\mask\weimar_000089_000019.png,streetViewData\test\cityscapes\img\weimar_000089_000019.png
3302,test,cityscapes,streetViewData\test\cityscapes\mask\weimar_000090_000019.png,streetViewData\test\cityscapes\img\weimar_000090_000019.png
3303,test,cityscapes,streetViewData\test\cityscapes\mask\weimar_000091_000019.png,streetViewData\test\cityscapes\img\weimar_000091_000019.png
3304,test,cityscapes,streetViewData\test\cityscapes\mask\weimar_000092_000019.png,streetViewData\test\cityscapes\img\weimar_000092_000019.png
3305,test,cityscapes,streetViewData\test\cityscapes\mask\weimar_000093_000019.png,streetViewData\test\cityscapes\img\weimar_000093_000019.png
3306,test,cityscapes,streetViewData\test\cityscapes\mask\weimar_000094_000019.png,streetViewData\test\cityscapes\img\weimar_000094_000019.png
3307,test,cityscapes,streetViewData\test\cityscapes\mask\weimar_000095_000019.png,streetViewData\test\cityscapes\img\weimar_000095_000019.png
3308,test,cityscapes,streetViewData\test\cityscapes\mask\weimar_000096_000019.png,streetViewData\test\cityscapes\img\weimar_000096_000019.png
3309,test,cityscapes,streetViewData\test\cityscapes\mask\weimar_000097_000019.png,streetViewData\test\cityscapes\img\weimar_000097_000019.png
3310,test,cityscapes,streetViewData\test\cityscapes\mask\weimar_000098_000019.png,streetViewData\test\cityscapes\img\weimar_000098_000019.png
3311,test,cityscapes,streetViewData\test\cityscapes\mask\weimar_000099_000019.png,streetViewData\test\cityscapes\img\weimar_000099_000019.png
3312,test,cityscapes,streetViewData\test\cityscapes\mask\weimar_000100_000019.png,streetViewData\test\cityscapes\img\weimar_000100_000019.png
3313,test,cityscapes,streetViewData\test\cityscapes\mask\weimar_000101_000019.png,streetViewData\test\cityscapes\img\weimar_000101_000019.png
3314,test,cityscapes,streetViewData\test\cityscapes\mask\weimar_000102_000019.png,streetViewData\test\cityscapes\img\weimar_000102_000019.png
3315,test,cityscapes,streetViewData\test\cityscapes\mask\weimar_000103_000019.png,streetViewData\test\cityscapes\img\weimar_000103_000019.png
3316,test,cityscapes,streetViewData\test\cityscapes\mask\weimar_000104_000019.png,streetViewData\test\cityscapes\img\weimar_000104_000019.png
3317,test,cityscapes,streetViewData\test\cityscapes\mask\weimar_000105_000019.png,streetViewData\test\cityscapes\img\weimar_000105_000019.png
3318,test,cityscapes,streetViewData\test\cityscapes\mask\weimar_000106_000019.png,streetViewData\test\cityscapes\img\weimar_000106_000019.png
3319,test,cityscapes,streetViewData\test\cityscapes\mask\weimar_000107_000019.png,streetViewData\test\cityscapes\img\weimar_000107_000019.png
3320,test,cityscapes,streetViewData\test\cityscapes\mask\weimar_000108_000019.png,streetViewData\test\cityscapes\img\weimar_000108_000019.png
3321,test,cityscapes,streetViewData\test\cityscapes\mask\weimar_000109_000019.png,streetViewData\test\cityscapes\img\weimar_000109_000019.png
3322,test,cityscapes,streetViewData\test\cityscapes\mask\weimar_000110_000019.png,streetViewData\test\cityscapes\img\weimar_000110_000019.png
3323,test,cityscapes,streetViewData\test\cityscapes\mask\weimar_000111_000019.png,streetViewData\test\cityscapes\img\weimar_000111_000019.png
3324,test,cityscapes,streetViewData\test\cityscapes\mask\weimar_000112_000019.png,streetViewData\test\cityscapes\img\weimar_000112_000019.png
3325,test,cityscapes,streetViewData\test\cityscapes\mask\weimar_000113_000019.png,streetViewData\test\cityscapes\img\weimar_000113_000019.png
3326,test,cityscapes,streetViewData\test\cityscapes\mask\weimar_000114_000019.png,streetViewData\test\cityscapes\img\weimar_000114_000019.png
3327,test,cityscapes,streetViewData\test\cityscapes\mask\weimar_000115_000019.png,streetViewData\test\cityscapes\img\weimar_000115_000019.png
3328,test,cityscapes,streetViewData\test\cityscapes\mask\weimar_000116_000019.png,streetViewData\test\cityscapes\img\weimar_000116_000019.png
3329,test,cityscapes,streetViewData\test\cityscapes\mask\weimar_000117_000019.png,streetViewData\test\cityscapes\img\weimar_000117_000019.png
3330,test,cityscapes,streetViewData\test\cityscapes\mask\weimar_000118_000019.png,streetViewData\test\cityscapes\img\weimar_000118_000019.png
3331,test,cityscapes,streetViewData\test\cityscapes\mask\weimar_000119_000019.png,streetViewData\test\cityscapes\img\weimar_000119_000019.png
3332,test,cityscapes,streetViewData\test\cityscapes\mask\weimar_000120_000019.png,streetViewData\test\cityscapes\img\weimar_000120_000019.png
3333,test,cityscapes,streetViewData\test\cityscapes\mask\weimar_000121_000019.png,streetViewData\test\cityscapes\img\weimar_000121_000019.png
3334,test,cityscapes,streetViewData\test\cityscapes\mask\weimar_000122_000019.png,streetViewData\test\cityscapes\img\weimar_000122_000019.png
3335,test,cityscapes,streetViewData\test\cityscapes\mask\weimar_000123_000019.png,streetViewData\test\cityscapes\img\weimar_000123_000019.png
3336,test,cityscapes,streetViewData\test\cityscapes\mask\weimar_000124_000019.png,streetViewData\test\cityscapes\img\weimar_000124_000019.png
3337,test,cityscapes,streetViewData\test\cityscapes\mask\weimar_000125_000019.png,streetViewData\test\cityscapes\img\weimar_000125_000019.png
3338,test,cityscapes,streetViewData\test\cityscapes\mask\weimar_000126_000019.png,streetViewData\test\cityscapes\img\weimar_000126_000019.png
3339,test,cityscapes,streetViewData\test\cityscapes\mask\weimar_000127_000019.png,streetViewData\test\cityscapes\img\weimar_000127_000019.png
3340,test,cityscapes,streetViewData\test\cityscapes\mask\weimar_000128_000019.png,streetViewData\test\cityscapes\img\weimar_000128_000019.png
3341,test,cityscapes,streetViewData\test\cityscapes\mask\weimar_000129_000019.png,streetViewData\test\cityscapes\img\weimar_000129_000019.png
3342,test,cityscapes,streetViewData\test\cityscapes\mask\weimar_000130_000019.png,streetViewData\test\cityscapes\img\weimar_000130_000019.png
3343,test,cityscapes,streetViewData\test\cityscapes\mask\weimar_000131_000019.png,streetViewData\test\cityscapes\img\weimar_000131_000019.png
3344,test,cityscapes,streetViewData\test\cityscapes\mask\weimar_000132_000019.png,streetViewData\test\cityscapes\img\weimar_000132_000019.png
3345,test,cityscapes,streetViewData\test\cityscapes\mask\weimar_000133_000019.png,streetViewData\test\cityscapes\img\weimar_000133_000019.png
3346,test,cityscapes,streetViewData\test\cityscapes\mask\weimar_000134_000019.png,streetViewData\test\cityscapes\img\weimar_000134_000019.png
3347,test,cityscapes,streetViewData\test\cityscapes\mask\weimar_000135_000019.png,streetViewData\test\cityscapes\img\weimar_000135_000019.png
3348,test,cityscapes,streetViewData\test\cityscapes\mask\weimar_000136_000019.png,streetViewData\test\cityscapes\img\weimar_000136_000019.png
3349,test,cityscapes,streetViewData\test\cityscapes\mask\weimar_000137_000019.png,streetViewData\test\cityscapes\img\weimar_000137_000019.png
3350,test,cityscapes,streetViewData\test\cityscapes\mask\weimar_000138_000019.png,streetViewData\test\cityscapes\img\weimar_000138_000019.png
3351,test,cityscapes,streetViewData\test\cityscapes\mask\weimar_000139_000019.png,streetViewData\test\cityscapes\img\weimar_000139_000019.png
3352,test,cityscapes,streetViewData\test\cityscapes\mask\weimar_000140_000019.png,streetViewData\test\cityscapes\img\weimar_000140_000019.png
3353,test,cityscapes,streetViewData\test\cityscapes\mask\weimar_000141_000019.png,streetViewData\test\cityscapes\img\weimar_000141_000019.png
3354,test,cityscapes,streetViewData\test\cityscapes\mask\zurich_000000_000019.png,streetViewData\test\cityscapes\img\zurich_000000_000019.png
3355,test,cityscapes,streetViewData\test\cityscapes\mask\zurich_000001_000019.png,streetViewData\test\cityscapes\img\zurich_000001_000019.png
3356,test,cityscapes,streetViewData\test\cityscapes\mask\zurich_000002_000019.png,streetViewData\test\cityscapes\img\zurich_000002_000019.png
3357,test,cityscapes,streetViewData\test\cityscapes\mask\zurich_000003_000019.png,streetViewData\test\cityscapes\img\zurich_000003_000019.png
3358,test,cityscapes,streetViewData\test\cityscapes\mask\zurich_000004_000019.png,streetViewData\test\cityscapes\img\zurich_000004_000019.png
3359,test,cityscapes,streetViewData\test\cityscapes\mask\zurich_000005_000019.png,streetViewData\test\cityscapes\img\zurich_000005_000019.png
3360,test,cityscapes,streetViewData\test\cityscapes\mask\zurich_000006_000019.png,streetViewData\test\cityscapes\img\zurich_000006_000019.png
3361,test,cityscapes,streetViewData\test\cityscapes\mask\zurich_000007_000019.png,streetViewData\test\cityscapes\img\zurich_000007_000019.png
3362,test,cityscapes,streetViewData\test\cityscapes\mask\zurich_000008_000019.png,streetViewData\test\cityscapes\img\zurich_000008_000019.png
3363,test,cityscapes,streetViewData\test\cityscapes\mask\zurich_000009_000019.png,streetViewData\test\cityscapes\img\zurich_000009_000019.png
3364,test,cityscapes,streetViewData\test\cityscapes\mask\zurich_000010_000019.png,streetViewData\test\cityscapes\img\zurich_000010_000019.png
3365,test,cityscapes,streetViewData\test\cityscapes\mask\zurich_000011_000019.png,streetViewData\test\cityscapes\img\zurich_000011_000019.png
3366,test,cityscapes,streetViewData\test\cityscapes\mask\zurich_000012_000019.png,streetViewData\test\cityscapes\img\zurich_000012_000019.png
3367,test,cityscapes,streetViewData\test\cityscapes\mask\zurich_000013_000019.png,streetViewData\test\cityscapes\img\zurich_000013_000019.png
3368,test,cityscapes,streetViewData\test\cityscapes\mask\zurich_000014_000019.png,streetViewData\test\cityscapes\img\zurich_000014_000019.png
3369,test,cityscapes,streetViewData\test\cityscapes\mask\zurich_000015_000019.png,streetViewData\test\cityscapes\img\zurich_000015_000019.png
3370,test,cityscapes,streetViewData\test\cityscapes\mask\zurich_000016_000019.png,streetViewData\test\cityscapes\img\zurich_000016_000019.png
3371,test,cityscapes,streetViewData\test\cityscapes\mask\zurich_000017_000019.png,streetViewData\test\cityscapes\img\zurich_000017_000019.png
3372,test,cityscapes,streetViewData\test\cityscapes\mask\zurich_000018_000019.png,streetViewData\test\cityscapes\img\zurich_000018_000019.png
3373,test,cityscapes,streetViewData\test\cityscapes\mask\zurich_000019_000019.png,streetViewData\test\cityscapes\img\zurich_000019_000019.png
3374,test,cityscapes,streetViewData\test\cityscapes\mask\zurich_000020_000019.png,streetViewData\test\cityscapes\img\zurich_000020_000019.png
3375,test,cityscapes,streetViewData\test\cityscapes\mask\zurich_000021_000019.png,streetViewData\test\cityscapes\img\zurich_000021_000019.png
3376,test,cityscapes,streetViewData\test\cityscapes\mask\zurich_000022_000019.png,streetViewData\test\cityscapes\img\zurich_000022_000019.png
3377,test,cityscapes,streetViewData\test\cityscapes\mask\zurich_000023_000019.png,streetViewData\test\cityscapes\img\zurich_000023_000019.png
3378,test,cityscapes,streetViewData\test\cityscapes\mask\zurich_000024_000019.png,streetViewData\test\cityscapes\img\zurich_000024_000019.png
3379,test,cityscapes,streetViewData\test\cityscapes\mask\zurich_000025_000019.png,streetViewData\test\cityscapes\img\zurich_000025_000019.png
3380,test,cityscapes,streetViewData\test\cityscapes\mask\zurich_000026_000019.png,streetViewData\test\cityscapes\img\zurich_000026_000019.png
3381,test,cityscapes,streetViewData\test\cityscapes\mask\zurich_000027_000019.png,streetViewData\test\cityscapes\img\zurich_000027_000019.png
3382,test,cityscapes,streetViewData\test\cityscapes\mask\zurich_000028_000019.png,streetViewData\test\cityscapes\img\zurich_000028_000019.png
3383,test,cityscapes,streetViewData\test\cityscapes\mask\zurich_000029_000019.png,streetViewData\test\cityscapes\img\zurich_000029_000019.png
3384,test,cityscapes,streetViewData\test\cityscapes\mask\zurich_000030_000019.png,streetViewData\test\cityscapes\img\zurich_000030_000019.png
3385,test,cityscapes,streetViewData\test\cityscapes\mask\zurich_000031_000019.png,streetViewData\test\cityscapes\img\zurich_000031_000019.png
3386,test,cityscapes,streetViewData\test\cityscapes\mask\zurich_000032_000019.png,streetViewData\test\cityscapes\img\zurich_000032_000019.png
3387,test,cityscapes,streetViewData\test\cityscapes\mask\zurich_000033_000019.png,streetViewData\test\cityscapes\img\zurich_000033_000019.png
3388,test,cityscapes,streetViewData\test\cityscapes\mask\zurich_000034_000019.png,streetViewData\test\cityscapes\img\zurich_000034_000019.png
3389,test,cityscapes,streetViewData\test\cityscapes\mask\zurich_000035_000019.png,streetViewData\test\cityscapes\img\zurich_000035_000019.png
3390,test,cityscapes,streetViewData\test\cityscapes\mask\zurich_000036_000019.png,streetViewData\test\cityscapes\img\zurich_000036_000019.png
3391,test,cityscapes,streetViewData\test\cityscapes\mask\zurich_000037_000019.png,streetViewData\test\cityscapes\img\zurich_000037_000019.png
3392,test,cityscapes,streetViewData\test\cityscapes\mask\zurich_000038_000019.png,streetViewData\test\cityscapes\img\zurich_000038_000019.png
3393,test,cityscapes,streetViewData\test\cityscapes\mask\zurich_000039_000019.png,streetViewData\test\cityscapes\img\zurich_000039_000019.png
3394,test,cityscapes,streetViewData\test\cityscapes\mask\zurich_000040_000019.png,streetViewData\test\cityscapes\img\zurich_000040_000019.png
3395,test,cityscapes,streetViewData\test\cityscapes\mask\zurich_000041_000019.png,streetViewData\test\cityscapes\img\zurich_000041_000019.png
3396,test,cityscapes,streetViewData\test\cityscapes\mask\zurich_000042_000019.png,streetViewData\test\cityscapes\img\zurich_000042_000019.png
3397,test,cityscapes,streetViewData\test\cityscapes\mask\zurich_000043_000019.png,streetViewData\test\cityscapes\img\zurich_000043_000019.png
3398,test,cityscapes,streetViewData\test\cityscapes\mask\zurich_000044_000019.png,streetViewData\test\cityscapes\img\zurich_000044_000019.png
3399,test,cityscapes,streetViewData\test\cityscapes\mask\zurich_000045_000019.png,streetViewData\test\cityscapes\img\zurich_000045_000019.png
3400,test,cityscapes,streetViewData\test\cityscapes\mask\zurich_000046_000019.png,streetViewData\test\cityscapes\img\zurich_000046_000019.png
3401,test,cityscapes,streetViewData\test\cityscapes\mask\zurich_000047_000019.png,streetViewData\test\cityscapes\img\zurich_000047_000019.png
3402,test,cityscapes,streetViewData\test\cityscapes\mask\zurich_000048_000019.png,streetViewData\test\cityscapes\img\zurich_000048_000019.png
3403,test,cityscapes,streetViewData\test\cityscapes\mask\zurich_000049_000019.png,streetViewData\test\cityscapes\img\zurich_000049_000019.png
3404,test,cityscapes,streetViewData\test\cityscapes\mask\zurich_000050_000019.png,streetViewData\test\cityscapes\img\zurich_000050_000019.png
3405,test,cityscapes,streetViewData\test\cityscapes\mask\zurich_000051_000019.png,streetViewData\test\cityscapes\img\zurich_000051_000019.png
3406,test,cityscapes,streetViewData\test\cityscapes\mask\zurich_000052_000019.png,streetViewData\test\cityscapes\img\zurich_000052_000019.png
3407,test,cityscapes,streetViewData\test\cityscapes\mask\zurich_000053_000019.png,streetViewData\test\cityscapes\img\zurich_000053_000019.png
3408,test,cityscapes,streetViewData\test\cityscapes\mask\zurich_000054_000019.png,streetViewData\test\cityscapes\img\zurich_000054_000019.png
3409,test,cityscapes,streetViewData\test\cityscapes\mask\zurich_000055_000019.png,streetViewData\test\cityscapes\img\zurich_000055_000019.png
3410,test,cityscapes,streetViewData\test\cityscapes\mask\zurich_000056_000019.png,streetViewData\test\cityscapes\img\zurich_000056_000019.png
3411,test,cityscapes,streetViewData\test\cityscapes\mask\zurich_000057_000019.png,streetViewData\test\cityscapes\img\zurich_000057_000019.png
3412,test,cityscapes,streetViewData\test\cityscapes\mask\zurich_000058_000019.png,streetViewData\test\cityscapes\img\zurich_000058_000019.png
3413,test,cityscapes,streetViewData\test\cityscapes\mask\zurich_000059_000019.png,streetViewData\test\cityscapes\img\zurich_000059_000019.png
3414,test,cityscapes,streetViewData\test\cityscapes\mask\zurich_000060_000019.png,streetViewData\test\cityscapes\img\zurich_000060_000019.png
3415,test,cityscapes,streetViewData\test\cityscapes\mask\zurich_000061_000019.png,streetViewData\test\cityscapes\img\zurich_000061_000019.png
3416,test,cityscapes,streetViewData\test\cityscapes\mask\zurich_000062_000019.png,streetViewData\test\cityscapes\img\zurich_000062_000019.png
3417,test,cityscapes,streetViewData\test\cityscapes\mask\zurich_000063_000019.png,streetViewData\test\cityscapes\img\zurich_000063_000019.png
3418,test,cityscapes,streetViewData\test\cityscapes\mask\zurich_000064_000019.png,streetViewData\test\cityscapes\img\zurich_000064_000019.png
3419,test,cityscapes,streetViewData\test\cityscapes\mask\zurich_000065_000019.png,streetViewData\test\cityscapes\img\zurich_000065_000019.png
3420,test,cityscapes,streetViewData\test\cityscapes\mask\zurich_000066_000019.png,streetViewData\test\cityscapes\img\zurich_000066_000019.png
3421,test,cityscapes,streetViewData\test\cityscapes\mask\zurich_000067_000019.png,streetViewData\test\cityscapes\img\zurich_000067_000019.png
3422,test,cityscapes,streetViewData\test\cityscapes\mask\zurich_000068_000019.png,streetViewData\test\cityscapes\img\zurich_000068_000019.png
3423,test,cityscapes,streetViewData\test\cityscapes\mask\zurich_000069_000019.png,streetViewData\test\cityscapes\img\zurich_000069_000019.png
3424,test,cityscapes,streetViewData\test\cityscapes\mask\zurich_000070_000019.png,streetViewData\test\cityscapes\img\zurich_000070_000019.png
3425,test,cityscapes,streetViewData\test\cityscapes\mask\zurich_000071_000019.png,streetViewData\test\cityscapes\img\zurich_000071_000019.png
3426,test,cityscapes,streetViewData\test\cityscapes\mask\zurich_000072_000019.png,streetViewData\test\cityscapes\img\zurich_000072_000019.png
3427,test,cityscapes,streetViewData\test\cityscapes\mask\zurich_000073_000019.png,streetViewData\test\cityscapes\img\zurich_000073_000019.png
3428,test,cityscapes,streetViewData\test\cityscapes\mask\zurich_000074_000019.png,streetViewData\test\cityscapes\img\zurich_000074_000019.png
3429,test,cityscapes,streetViewData\test\cityscapes\mask\zurich_000075_000019.png,streetViewData\test\cityscapes\img\zurich_000075_000019.png
3430,test,cityscapes,streetViewData\test\cityscapes\mask\zurich_000076_000019.png,streetViewData\test\cityscapes\img\zurich_000076_000019.png
3431,test,cityscapes,streetViewData\test\cityscapes\mask\zurich_000077_000019.png,streetViewData\test\cityscapes\img\zurich_000077_000019.png
3432,test,cityscapes,streetViewData\test\cityscapes\mask\zurich_000078_000019.png,streetViewData\test\cityscapes\img\zurich_000078_000019.png
3433,test,cityscapes,streetViewData\test\cityscapes\mask\zurich_000079_000019.png,streetViewData\test\cityscapes\img\zurich_000079_000019.png
3434,test,cityscapes,streetViewData\test\cityscapes\mask\zurich_000080_000019.png,streetViewData\test\cityscapes\img\zurich_000080_000019.png
3435,test,cityscapes,streetViewData\test\cityscapes\mask\zurich_000081_000019.png,streetViewData\test\cityscapes\img\zurich_000081_000019.png
3436,test,cityscapes,streetViewData\test\cityscapes\mask\zurich_000082_000019.png,streetViewData\test\cityscapes\img\zurich_000082_000019.png
3437,test,cityscapes,streetViewData\test\cityscapes\mask\zurich_000083_000019.png,streetViewData\test\cityscapes\img\zurich_000083_000019.png
3438,test,cityscapes,streetViewData\test\cityscapes\mask\zurich_000084_000019.png,streetViewData\test\cityscapes\img\zurich_000084_000019.png
3439,test,cityscapes,streetViewData\test\cityscapes\mask\zurich_000085_000019.png,streetViewData\test\cityscapes\img\zurich_000085_000019.png
3440,test,cityscapes,streetViewData\test\cityscapes\mask\zurich_000086_000019.png,streetViewData\test\cityscapes\img\zurich_000086_000019.png
3441,test,cityscapes,streetViewData\test\cityscapes\mask\zurich_000087_000019.png,streetViewData\test\cityscapes\img\zurich_000087_000019.png
3442,test,cityscapes,streetViewData\test\cityscapes\mask\zurich_000088_000019.png,streetViewData\test\cityscapes\img\zurich_000088_000019.png
3443,test,cityscapes,streetViewData\test\cityscapes\mask\zurich_000089_000019.png,streetViewData\test\cityscapes\img\zurich_000089_000019.png
3444,test,cityscapes,streetViewData\test\cityscapes\mask\zurich_000090_000019.png,streetViewData\test\cityscapes\img\zurich_000090_000019.png
3445,test,cityscapes,streetViewData\test\cityscapes\mask\zurich_000091_000019.png,streetViewData\test\cityscapes\img\zurich_000091_000019.png
3446,test,cityscapes,streetViewData\test\cityscapes\mask\zurich_000092_000019.png,streetViewData\test\cityscapes\img\zurich_000092_000019.png
3447,test,cityscapes,streetViewData\test\cityscapes\mask\zurich_000093_000019.png,streetViewData\test\cityscapes\img\zurich_000093_000019.png
3448,test,cityscapes,streetViewData\test\cityscapes\mask\zurich_000094_000019.png,streetViewData\test\cityscapes\img\zurich_000094_000019.png
3449,test,cityscapes,streetViewData\test\cityscapes\mask\zurich_000095_000019.png,streetViewData\test\cityscapes\img\zurich_000095_000019.png
3450,test,cityscapes,streetViewData\test\cityscapes\mask\zurich_000096_000019.png,streetViewData\test\cityscapes\img\zurich_000096_000019.png
3451,test,cityscapes,streetViewData\test\cityscapes\mask\zurich_000097_000019.png,streetViewData\test\cityscapes\img\zurich_000097_000019.png
3452,test,cityscapes,streetViewData\test\cityscapes\mask\zurich_000098_000019.png,streetViewData\test\cityscapes\img\zurich_000098_000019.png
3453,test,cityscapes,streetViewData\test\cityscapes\mask\zurich_000099_000019.png,streetViewData\test\cityscapes\img\zurich_000099_000019.png
3454,test,cityscapes,streetViewData\test\cityscapes\mask\zurich_000100_000019.png,streetViewData\test\cityscapes\img\zurich_000100_000019.png
3455,test,cityscapes,streetViewData\test\cityscapes\mask\zurich_000101_000019.png,streetViewData\test\cityscapes\img\zurich_000101_000019.png
3456,test,cityscapes,streetViewData\test\cityscapes\mask\zurich_000102_000019.png,streetViewData\test\cityscapes\img\zurich_000102_000019.png
3457,test,cityscapes,streetViewData\test\cityscapes\mask\zurich_000103_000019.png,streetViewData\test\cityscapes\img\zurich_000103_000019.png
3458,test,cityscapes,streetViewData\test\cityscapes\mask\zurich_000104_000019.png,streetViewData\test\cityscapes\img\zurich_000104_000019.png
3459,test,cityscapes,streetViewData\test\cityscapes\mask\zurich_000105_000019.png,streetViewData\test\cityscapes\img\zurich_000105_000019.png
3460,test,cityscapes,streetViewData\test\cityscapes\mask\zurich_000106_000019.png,streetViewData\test\cityscapes\img\zurich_000106_000019.png
3461,test,cityscapes,streetViewData\test\cityscapes\mask\zurich_000107_000019.png,streetViewData\test\cityscapes\img\zurich_000107_000019.png
3462,test,cityscapes,streetViewData\test\cityscapes\mask\zurich_000108_000019.png,streetViewData\test\cityscapes\img\zurich_000108_000019.png
3463,test,cityscapes,streetViewData\test\cityscapes\mask\zurich_000109_000019.png,streetViewData\test\cityscapes\img\zurich_000109_000019.png
3464,test,cityscapes,streetViewData\test\cityscapes\mask\zurich_000110_000019.png,streetViewData\test\cityscapes\img\zurich_000110_000019.png
3465,test,cityscapes,streetViewData\test\cityscapes\mask\zurich_000111_000019.png,streetViewData\test\cityscapes\img\zurich_000111_000019.png
3466,test,cityscapes,streetViewData\test\cityscapes\mask\zurich_000112_000019.png,streetViewData\test\cityscapes\img\zurich_000112_000019.png
3467,test,cityscapes,streetViewData\test\cityscapes\mask\zurich_000113_000019.png,streetViewData\test\cityscapes\img\zurich_000113_000019.png
3468,test,cityscapes,streetViewData\test\cityscapes\mask\zurich_000114_000019.png,streetViewData\test\cityscapes\img\zurich_000114_000019.png
3469,test,cityscapes,streetViewData\test\cityscapes\mask\zurich_000115_000019.png,streetViewData\test\cityscapes\img\zurich_000115_000019.png
3470,test,cityscapes,streetViewData\test\cityscapes\mask\zurich_000116_000019.png,streetViewData\test\cityscapes\img\zurich_000116_000019.png
3471,test,cityscapes,streetViewData\test\cityscapes\mask\zurich_000117_000019.png,streetViewData\test\cityscapes\img\zurich_000117_000019.png
3472,test,cityscapes,streetViewData\test\cityscapes\mask\zurich_000118_000019.png,streetViewData\test\cityscapes\img\zurich_000118_000019.png
3473,test,cityscapes,streetViewData\test\cityscapes\mask\zurich_000119_000019.png,streetViewData\test\cityscapes\img\zurich_000119_000019.png
3474,test,cityscapes,streetViewData\test\cityscapes\mask\zurich_000120_000019.png,streetViewData\test\cityscapes\img\zurich_000120_000019.png
3475,test,cityscapes,streetViewData\test\cityscapes\mask\zurich_000121_000019.png,streetViewData\test\cityscapes\img\zurich_000121_000019.png
