sample_id,split,source_dataset,mask_path,img_path
1,train,gtaV,streetViewData\train\gtaV\mask\01836.png,streetViewData\train\gtaV\img\01836.png
2,train,gtaV,streetViewData\train\gtaV\mask\00451.png,streetViewData\train\gtaV\img\00451.png
3,train,gtaV,streetViewData\train\gtaV\mask\00087.png,streetViewData\train\gtaV\img\00087.png
4,train,gtaV,streetViewData\train\gtaV\mask\02045.png,streetViewData\train\gtaV\img\02045.png
5,train,gtaV,streetViewData\train\gtaV\mask\01074.png,streetViewData\train\gtaV\img\01074.png
6,train,gtaV,streetViewData\train\gtaV\mask\01012.png,streetViewData\train\gtaV\img\01012.png
7,train,gtaV,streetViewData\train\gtaV\mask\00968.png,streetViewData\train\gtaV\img\00968.png
8,train,gtaV,streetViewData\train\gtaV\mask\00508.png,streetViewData\train\gtaV\img\00508.png
9,train,gtaV,streetViewData\train\gtaV\mask\02035.png,streetViewData\train\gtaV\img\02035.png
10,train,gtaV,streetViewData\train\gtaV\mask\00432.png,streetViewData\train\gtaV\img\00432.png
11,train,gtaV,streetViewData\train\gtaV\mask\01912.png,streetViewData\train\gtaV\img\01912.png
12,train,gtaV,streetViewData\train\gtaV\mask\02043.png,streetViewData\train\gtaV\img\02043.png
13,train,gtaV,streetViewData\train\gtaV\mask\02354.png,streetViewData\train\gtaV\img\02354.png
14,train,gtaV,streetViewData\train\gtaV\mask\01643.png,streetViewData\train\gtaV\img\01643.png
15,train,gtaV,streetViewData\train\gtaV\mask\00401.png,streetViewData\train\gtaV\img\00401.png
16,train,gtaV,streetViewData\train\gtaV\mask\01736.png,streetViewData\train\gtaV\img\01736.png
17,train,gtaV,streetViewData\train\gtaV\mask\01391.png,streetViewData\train\gtaV\img\01391.png
18,train,gtaV,streetViewData\train\gtaV\mask\00101.png,streetViewData\train\gtaV\img\00101.png
19,train,gtaV,streetViewData\train\gtaV\mask\00097.png,streetViewData\train\gtaV\img\00097.png
20,train,gtaV,streetViewData\train\gtaV\mask\00414.png,streetViewData\train\gtaV\img\00414.png
21,train,gtaV,streetViewData\train\gtaV\mask\00958.png,streetViewData\train\gtaV\img\00958.png
22,train,gtaV,streetViewData\train\gtaV\mask\00987.png,streetViewData\train\gtaV\img\00987.png
23,train,gtaV,streetViewData\train\gtaV\mask\01561.png,streetViewData\train\gtaV\img\01561.png
24,train,gtaV,streetViewData\train\gtaV\mask\01759.png,streetViewData\train\gtaV\img\01759.png
25,train,gtaV,streetViewData\train\gtaV\mask\00090.png,streetViewData\train\gtaV\img\00090.png
26,train,gtaV,streetViewData\train\gtaV\mask\01676.png,streetViewData\train\gtaV\img\01676.png
27,train,gtaV,streetViewData\train\gtaV\mask\00899.png,streetViewData\train\gtaV\img\00899.png
28,train,gtaV,streetViewData\train\gtaV\mask\01993.png,streetViewData\train\gtaV\img\01993.png
29,train,gtaV,streetViewData\train\gtaV\mask\01857.png,streetViewData\train\gtaV\img\01857.png
30,train,gtaV,streetViewData\train\gtaV\mask\01963.png,streetViewData\train\gtaV\img\01963.png
31,train,gtaV,streetViewData\train\gtaV\mask\02513.png,streetViewData\train\gtaV\img\02513.png
32,train,gtaV,streetViewData\train\gtaV\mask\01386.png,streetViewData\train\gtaV\img\01386.png
33,train,gtaV,streetViewData\train\gtaV\mask\00962.png,streetViewData\train\gtaV\img\00962.png
34,train,gtaV,streetViewData\train\gtaV\mask\01446.png,streetViewData\train\gtaV\img\01446.png
35,train,gtaV,streetViewData\train\gtaV\mask\01733.png,streetViewData\train\gtaV\img\01733.png
36,train,gtaV,streetViewData\train\gtaV\mask\01080.png,streetViewData\train\gtaV\img\01080.png
37,train,gtaV,streetViewData\train\gtaV\mask\02184.png,streetViewData\train\gtaV\img\02184.png
38,train,gtaV,streetViewData\train\gtaV\mask\02307.png,streetViewData\train\gtaV\img\02307.png
39,train,gtaV,streetViewData\train\gtaV\mask\00016.png,streetViewData\train\gtaV\img\00016.png
40,train,gtaV,streetViewData\train\gtaV\mask\02081.png,streetViewData\train\gtaV\img\02081.png
41,train,gtaV,streetViewData\train\gtaV\mask\02177.png,streetViewData\train\gtaV\img\02177.png
42,train,gtaV,streetViewData\train\gtaV\mask\00713.png,streetViewData\train\gtaV\img\00713.png
43,train,gtaV,streetViewData\train\gtaV\mask\01956.png,streetViewData\train\gtaV\img\01956.png
44,train,gtaV,streetViewData\train\gtaV\mask\01392.png,streetViewData\train\gtaV\img\01392.png
45,train,gtaV,streetViewData\train\gtaV\mask\01207.png,streetViewData\train\gtaV\img\01207.png
46,train,gtaV,streetViewData\train\gtaV\mask\02491.png,streetViewData\train\gtaV\img\02491.png
47,train,gtaV,streetViewData\train\gtaV\mask\00705.png,streetViewData\train\gtaV\img\00705.png
48,train,gtaV,streetViewData\train\gtaV\mask\00951.png,streetViewData\train\gtaV\img\00951.png
49,train,gtaV,streetViewData\train\gtaV\mask\02090.png,streetViewData\train\gtaV\img\02090.png
50,train,gtaV,streetViewData\train\gtaV\mask\01200.png,streetViewData\train\gtaV\img\01200.png
51,train,gtaV,streetViewData\train\gtaV\mask\02517.png,streetViewData\train\gtaV\img\02517.png
52,train,gtaV,streetViewData\train\gtaV\mask\00412.png,streetViewData\train\gtaV\img\00412.png
53,train,gtaV,streetViewData\train\gtaV\mask\01289.png,streetViewData\train\gtaV\img\01289.png
54,train,gtaV,streetViewData\train\gtaV\mask\00421.png,streetViewData\train\gtaV\img\00421.png
55,train,gtaV,streetViewData\train\gtaV\mask\01246.png,streetViewData\train\gtaV\img\01246.png
56,train,gtaV,streetViewData\train\gtaV\mask\02262.png,streetViewData\train\gtaV\img\02262.png
57,train,gtaV,streetViewData\train\gtaV\mask\01215.png,streetViewData\train\gtaV\img\01215.png
58,train,gtaV,streetViewData\train\gtaV\mask\01763.png,streetViewData\train\gtaV\img\01763.png
59,train,gtaV,streetViewData\train\gtaV\mask\01052.png,streetViewData\train\gtaV\img\01052.png
60,train,gtaV,streetViewData\train\gtaV\mask\02179.png,streetViewData\train\gtaV\img\02179.png
61,train,gtaV,streetViewData\train\gtaV\mask\00124.png,streetViewData\train\gtaV\img\00124.png
62,train,gtaV,streetViewData\train\gtaV\mask\02021.png,streetViewData\train\gtaV\img\02021.png
63,train,gtaV,streetViewData\train\gtaV\mask\01467.png,streetViewData\train\gtaV\img\01467.png
64,train,gtaV,streetViewData\train\gtaV\mask\01625.png,streetViewData\train\gtaV\img\01625.png
65,train,gtaV,streetViewData\train\gtaV\mask\00478.png,streetViewData\train\gtaV\img\00478.png
66,train,gtaV,streetViewData\train\gtaV\mask\02415.png,streetViewData\train\gtaV\img\02415.png
67,train,gtaV,streetViewData\train\gtaV\mask\01286.png,streetViewData\train\gtaV\img\01286.png
68,train,gtaV,streetViewData\train\gtaV\mask\00379.png,streetViewData\train\gtaV\img\00379.png
69,train,gtaV,streetViewData\train\gtaV\mask\01657.png,streetViewData\train\gtaV\img\01657.png
70,train,gtaV,streetViewData\train\gtaV\mask\01111.png,streetViewData\train\gtaV\img\01111.png
71,train,gtaV,streetViewData\train\gtaV\mask\02225.png,streetViewData\train\gtaV\img\02225.png
72,train,gtaV,streetViewData\train\gtaV\mask\01814.png,streetViewData\train\gtaV\img\01814.png
73,train,gtaV,streetViewData\train\gtaV\mask\01793.png,streetViewData\train\gtaV\img\01793.png
74,train,gtaV,streetViewData\train\gtaV\mask\02340.png,streetViewData\train\gtaV\img\02340.png
75,train,gtaV,streetViewData\train\gtaV\mask\02291.png,streetViewData\train\gtaV\img\02291.png
76,train,gtaV,streetViewData\train\gtaV\mask\01251.png,streetViewData\train\gtaV\img\01251.png
77,train,gtaV,streetViewData\train\gtaV\mask\01709.png,streetViewData\train\gtaV\img\01709.png
78,train,gtaV,streetViewData\train\gtaV\mask\00885.png,streetViewData\train\gtaV\img\00885.png
79,train,gtaV,streetViewData\train\gtaV\mask\01969.png,streetViewData\train\gtaV\img\01969.png
80,train,gtaV,streetViewData\train\gtaV\mask\00360.png,streetViewData\train\gtaV\img\00360.png
81,train,gtaV,streetViewData\train\gtaV\mask\00129.png,streetViewData\train\gtaV\img\00129.png
82,train,gtaV,streetViewData\train\gtaV\mask\01881.png,streetViewData\train\gtaV\img\01881.png
83,train,gtaV,streetViewData\train\gtaV\mask\00977.png,streetViewData\train\gtaV\img\00977.png
84,train,gtaV,streetViewData\train\gtaV\mask\02110.png,streetViewData\train\gtaV\img\02110.png
85,train,gtaV,streetViewData\train\gtaV\mask\01103.png,streetViewData\train\gtaV\img\01103.png
86,train,gtaV,streetViewData\train\gtaV\mask\00381.png,streetViewData\train\gtaV\img\00381.png
87,train,gtaV,streetViewData\train\gtaV\mask\02278.png,streetViewData\train\gtaV\img\02278.png
88,train,gtaV,streetViewData\train\gtaV\mask\02505.png,streetViewData\train\gtaV\img\02505.png
89,train,gtaV,streetViewData\train\gtaV\mask\02301.png,streetViewData\train\gtaV\img\02301.png
90,train,gtaV,streetViewData\train\gtaV\mask\00429.png,streetViewData\train\gtaV\img\00429.png
91,train,gtaV,streetViewData\train\gtaV\mask\02474.png,streetViewData\train\gtaV\img\02474.png
92,train,gtaV,streetViewData\train\gtaV\mask\02481.png,streetViewData\train\gtaV\img\02481.png
93,train,gtaV,streetViewData\train\gtaV\mask\01455.png,streetViewData\train\gtaV\img\01455.png
94,train,gtaV,streetViewData\train\gtaV\mask\01828.png,streetViewData\train\gtaV\img\01828.png
95,train,gtaV,streetViewData\train\gtaV\mask\02235.png,streetViewData\train\gtaV\img\02235.png
96,train,gtaV,streetViewData\train\gtaV\mask\01258.png,streetViewData\train\gtaV\img\01258.png
97,train,gtaV,streetViewData\train\gtaV\mask\00825.png,streetViewData\train\gtaV\img\00825.png
98,train,gtaV,streetViewData\train\gtaV\mask\01269.png,streetViewData\train\gtaV\img\01269.png
99,train,gtaV,streetViewData\train\gtaV\mask\01238.png,streetViewData\train\gtaV\img\01238.png
100,train,gtaV,streetViewData\train\gtaV\mask\00940.png,streetViewData\train\gtaV\img\00940.png
101,train,gtaV,streetViewData\train\gtaV\mask\01899.png,streetViewData\train\gtaV\img\01899.png
102,train,gtaV,streetViewData\train\gtaV\mask\01057.png,streetViewData\train\gtaV\img\01057.png
103,train,gtaV,streetViewData\train\gtaV\mask\01964.png,streetViewData\train\gtaV\img\01964.png
104,train,gtaV,streetViewData\train\gtaV\mask\01926.png,streetViewData\train\gtaV\img\01926.png
105,train,gtaV,streetViewData\train\gtaV\mask\01854.png,streetViewData\train\gtaV\img\01854.png
106,train,gtaV,streetViewData\train\gtaV\mask\00364.png,streetViewData\train\gtaV\img\00364.png
107,train,gtaV,streetViewData\train\gtaV\mask\01774.png,streetViewData\train\gtaV\img\01774.png
108,train,gtaV,streetViewData\train\gtaV\mask\01827.png,streetViewData\train\gtaV\img\01827.png
109,train,gtaV,streetViewData\train\gtaV\mask\00842.png,streetViewData\train\gtaV\img\00842.png
110,train,gtaV,streetViewData\train\gtaV\mask\01620.png,streetViewData\train\gtaV\img\01620.png
111,train,gtaV,streetViewData\train\gtaV\mask\02020.png,streetViewData\train\gtaV\img\02020.png
112,train,gtaV,streetViewData\train\gtaV\mask\02521.png,streetViewData\train\gtaV\img\02521.png
113,train,gtaV,streetViewData\train\gtaV\mask\00826.png,streetViewData\train\gtaV\img\00826.png
114,train,gtaV,streetViewData\train\gtaV\mask\01473.png,streetViewData\train\gtaV\img\01473.png
115,train,gtaV,streetViewData\train\gtaV\mask\01288.png,streetViewData\train\gtaV\img\01288.png
116,train,gtaV,streetViewData\train\gtaV\mask\01063.png,streetViewData\train\gtaV\img\01063.png
117,train,gtaV,streetViewData\train\gtaV\mask\01837.png,streetViewData\train\gtaV\img\01837.png
118,train,gtaV,streetViewData\train\gtaV\mask\01936.png,streetViewData\train\gtaV\img\01936.png
119,train,gtaV,streetViewData\train\gtaV\mask\01667.png,streetViewData\train\gtaV\img\01667.png
120,train,gtaV,streetViewData\train\gtaV\mask\00960.png,streetViewData\train\gtaV\img\00960.png
121,train,gtaV,streetViewData\train\gtaV\mask\01929.png,streetViewData\train\gtaV\img\01929.png
122,train,gtaV,streetViewData\train\gtaV\mask\01175.png,streetViewData\train\gtaV\img\01175.png
123,train,gtaV,streetViewData\train\gtaV\mask\02253.png,streetViewData\train\gtaV\img\02253.png
124,train,gtaV,streetViewData\train\gtaV\mask\02100.png,streetViewData\train\gtaV\img\02100.png
125,train,gtaV,streetViewData\train\gtaV\mask\02116.png,streetViewData\train\gtaV\img\02116.png
126,train,gtaV,streetViewData\train\gtaV\mask\00273.png,streetViewData\train\gtaV\img\00273.png
127,train,gtaV,streetViewData\train\gtaV\mask\00980.png,streetViewData\train\gtaV\img\00980.png
128,train,gtaV,streetViewData\train\gtaV\mask\02210.png,streetViewData\train\gtaV\img\02210.png
129,train,gtaV,streetViewData\train\gtaV\mask\02509.png,streetViewData\train\gtaV\img\02509.png
130,train,gtaV,streetViewData\train\gtaV\mask\02175.png,streetViewData\train\gtaV\img\02175.png
131,train,gtaV,streetViewData\train\gtaV\mask\01157.png,streetViewData\train\gtaV\img\01157.png
132,train,gtaV,streetViewData\train\gtaV\mask\01332.png,streetViewData\train\gtaV\img\01332.png
133,train,gtaV,streetViewData\train\gtaV\mask\01059.png,streetViewData\train\gtaV\img\01059.png
134,train,gtaV,streetViewData\train\gtaV\mask\00353.png,streetViewData\train\gtaV\img\00353.png
135,train,gtaV,streetViewData\train\gtaV\mask\00943.png,streetViewData\train\gtaV\img\00943.png
136,train,gtaV,streetViewData\train\gtaV\mask\01688.png,streetViewData\train\gtaV\img\01688.png
137,train,gtaV,streetViewData\train\gtaV\mask\02321.png,streetViewData\train\gtaV\img\02321.png
138,train,gtaV,streetViewData\train\gtaV\mask\01997.png,streetViewData\train\gtaV\img\01997.png
139,train,gtaV,streetViewData\train\gtaV\mask\01155.png,streetViewData\train\gtaV\img\01155.png
140,train,gtaV,streetViewData\train\gtaV\mask\00946.png,streetViewData\train\gtaV\img\00946.png
141,train,gtaV,streetViewData\train\gtaV\mask\01869.png,streetViewData\train\gtaV\img\01869.png
142,train,gtaV,streetViewData\train\gtaV\mask\01549.png,streetViewData\train\gtaV\img\01549.png
143,train,gtaV,streetViewData\train\gtaV\mask\01321.png,streetViewData\train\gtaV\img\01321.png
144,train,gtaV,streetViewData\train\gtaV\mask\02338.png,streetViewData\train\gtaV\img\02338.png
145,train,gtaV,streetViewData\train\gtaV\mask\01843.png,streetViewData\train\gtaV\img\01843.png
146,train,gtaV,streetViewData\train\gtaV\mask\01466.png,streetViewData\train\gtaV\img\01466.png
147,train,gtaV,streetViewData\train\gtaV\mask\00515.png,streetViewData\train\gtaV\img\00515.png
148,train,gtaV,streetViewData\train\gtaV\mask\01053.png,streetViewData\train\gtaV\img\01053.png
149,train,gtaV,streetViewData\train\gtaV\mask\02519.png,streetViewData\train\gtaV\img\02519.png
150,train,gtaV,streetViewData\train\gtaV\mask\01016.png,streetViewData\train\gtaV\img\01016.png
151,train,gtaV,streetViewData\train\gtaV\mask\02052.png,streetViewData\train\gtaV\img\02052.png
152,train,gtaV,streetViewData\train\gtaV\mask\02501.png,streetViewData\train\gtaV\img\02501.png
153,train,gtaV,streetViewData\train\gtaV\mask\01630.png,streetViewData\train\gtaV\img\01630.png
154,train,gtaV,streetViewData\train\gtaV\mask\01049.png,streetViewData\train\gtaV\img\01049.png
155,train,gtaV,streetViewData\train\gtaV\mask\02056.png,streetViewData\train\gtaV\img\02056.png
156,train,gtaV,streetViewData\train\gtaV\mask\01724.png,streetViewData\train\gtaV\img\01724.png
157,train,gtaV,streetViewData\train\gtaV\mask\01404.png,streetViewData\train\gtaV\img\01404.png
158,train,gtaV,streetViewData\train\gtaV\mask\02365.png,streetViewData\train\gtaV\img\02365.png
159,train,gtaV,streetViewData\train\gtaV\mask\01722.png,streetViewData\train\gtaV\img\01722.png
160,train,gtaV,streetViewData\train\gtaV\mask\01328.png,streetViewData\train\gtaV\img\01328.png
161,train,gtaV,streetViewData\train\gtaV\mask\01252.png,streetViewData\train\gtaV\img\01252.png
162,train,gtaV,streetViewData\train\gtaV\mask\02407.png,streetViewData\train\gtaV\img\02407.png
163,train,gtaV,streetViewData\train\gtaV\mask\00506.png,streetViewData\train\gtaV\img\00506.png
164,train,gtaV,streetViewData\train\gtaV\mask\01570.png,streetViewData\train\gtaV\img\01570.png
165,train,gtaV,streetViewData\train\gtaV\mask\01537.png,streetViewData\train\gtaV\img\01537.png
166,train,gtaV,streetViewData\train\gtaV\mask\00409.png,streetViewData\train\gtaV\img\00409.png
167,train,gtaV,streetViewData\train\gtaV\mask\02074.png,streetViewData\train\gtaV\img\02074.png
168,train,gtaV,streetViewData\train\gtaV\mask\00132.png,streetViewData\train\gtaV\img\00132.png
169,train,gtaV,streetViewData\train\gtaV\mask\02290.png,streetViewData\train\gtaV\img\02290.png
170,train,gtaV,streetViewData\train\gtaV\mask\00447.png,streetViewData\train\gtaV\img\00447.png
171,train,gtaV,streetViewData\train\gtaV\mask\00700.png,streetViewData\train\gtaV\img\00700.png
172,train,gtaV,streetViewData\train\gtaV\mask\01812.png,streetViewData\train\gtaV\img\01812.png
173,train,gtaV,streetViewData\train\gtaV\mask\00819.png,streetViewData\train\gtaV\img\00819.png
174,train,gtaV,streetViewData\train\gtaV\mask\02149.png,streetViewData\train\gtaV\img\02149.png
175,train,gtaV,streetViewData\train\gtaV\mask\01920.png,streetViewData\train\gtaV\img\01920.png
176,train,gtaV,streetViewData\train\gtaV\mask\02510.png,streetViewData\train\gtaV\img\02510.png
177,train,gtaV,streetViewData\train\gtaV\mask\01748.png,streetViewData\train\gtaV\img\01748.png
178,train,gtaV,streetViewData\train\gtaV\mask\00348.png,streetViewData\train\gtaV\img\00348.png
179,train,gtaV,streetViewData\train\gtaV\mask\01299.png,streetViewData\train\gtaV\img\01299.png
180,train,gtaV,streetViewData\train\gtaV\mask\01292.png,streetViewData\train\gtaV\img\01292.png
181,train,gtaV,streetViewData\train\gtaV\mask\01747.png,streetViewData\train\gtaV\img\01747.png
182,train,gtaV,streetViewData\train\gtaV\mask\01485.png,streetViewData\train\gtaV\img\01485.png
183,train,gtaV,streetViewData\train\gtaV\mask\01610.png,streetViewData\train\gtaV\img\01610.png
184,train,gtaV,streetViewData\train\gtaV\mask\01025.png,streetViewData\train\gtaV\img\01025.png
185,train,gtaV,streetViewData\train\gtaV\mask\01660.png,streetViewData\train\gtaV\img\01660.png
186,train,gtaV,streetViewData\train\gtaV\mask\02289.png,streetViewData\train\gtaV\img\02289.png
187,train,gtaV,streetViewData\train\gtaV\mask\00035.png,streetViewData\train\gtaV\img\00035.png
188,train,gtaV,streetViewData\train\gtaV\mask\02352.png,streetViewData\train\gtaV\img\02352.png
189,train,gtaV,streetViewData\train\gtaV\mask\02003.png,streetViewData\train\gtaV\img\02003.png
190,train,gtaV,streetViewData\train\gtaV\mask\00457.png,streetViewData\train\gtaV\img\00457.png
191,train,gtaV,streetViewData\train\gtaV\mask\01923.png,streetViewData\train\gtaV\img\01923.png
192,train,gtaV,streetViewData\train\gtaV\mask\01626.png,streetViewData\train\gtaV\img\01626.png
193,train,gtaV,streetViewData\train\gtaV\mask\02064.png,streetViewData\train\gtaV\img\02064.png
194,train,gtaV,streetViewData\train\gtaV\mask\02425.png,streetViewData\train\gtaV\img\02425.png
195,train,gtaV,streetViewData\train\gtaV\mask\02101.png,streetViewData\train\gtaV\img\02101.png
196,train,gtaV,streetViewData\train\gtaV\mask\01839.png,streetViewData\train\gtaV\img\01839.png
197,train,gtaV,streetViewData\train\gtaV\mask\02482.png,streetViewData\train\gtaV\img\02482.png
198,train,gtaV,streetViewData\train\gtaV\mask\02525.png,streetViewData\train\gtaV\img\02525.png
199,train,gtaV,streetViewData\train\gtaV\mask\01112.png,streetViewData\train\gtaV\img\01112.png
200,train,gtaV,streetViewData\train\gtaV\mask\01417.png,streetViewData\train\gtaV\img\01417.png
201,train,gtaV,streetViewData\train\gtaV\mask\00710.png,streetViewData\train\gtaV\img\00710.png
202,train,gtaV,streetViewData\train\gtaV\mask\01456.png,streetViewData\train\gtaV\img\01456.png
203,train,gtaV,streetViewData\train\gtaV\mask\00009.png,streetViewData\train\gtaV\img\00009.png
204,train,gtaV,streetViewData\train\gtaV\mask\02005.png,streetViewData\train\gtaV\img\02005.png
205,train,gtaV,streetViewData\train\gtaV\mask\02320.png,streetViewData\train\gtaV\img\02320.png
206,train,gtaV,streetViewData\train\gtaV\mask\02000.png,streetViewData\train\gtaV\img\02000.png
207,train,gtaV,streetViewData\train\gtaV\mask\01050.png,streetViewData\train\gtaV\img\01050.png
208,train,gtaV,streetViewData\train\gtaV\mask\01552.png,streetViewData\train\gtaV\img\01552.png
209,train,gtaV,streetViewData\train\gtaV\mask\02087.png,streetViewData\train\gtaV\img\02087.png
210,train,gtaV,streetViewData\train\gtaV\mask\00857.png,streetViewData\train\gtaV\img\00857.png
211,train,gtaV,streetViewData\train\gtaV\mask\01566.png,streetViewData\train\gtaV\img\01566.png
212,train,gtaV,streetViewData\train\gtaV\mask\00440.png,streetViewData\train\gtaV\img\00440.png
213,train,gtaV,streetViewData\train\gtaV\mask\02309.png,streetViewData\train\gtaV\img\02309.png
214,train,gtaV,streetViewData\train\gtaV\mask\01807.png,streetViewData\train\gtaV\img\01807.png
215,train,gtaV,streetViewData\train\gtaV\mask\01122.png,streetViewData\train\gtaV\img\01122.png
216,train,gtaV,streetViewData\train\gtaV\mask\02250.png,streetViewData\train\gtaV\img\02250.png
217,train,gtaV,streetViewData\train\gtaV\mask\01835.png,streetViewData\train\gtaV\img\01835.png
218,train,gtaV,streetViewData\train\gtaV\mask\02316.png,streetViewData\train\gtaV\img\02316.png
219,train,gtaV,streetViewData\train\gtaV\mask\02420.png,streetViewData\train\gtaV\img\02420.png
220,train,gtaV,streetViewData\train\gtaV\mask\02500.png,streetViewData\train\gtaV\img\02500.png
221,train,gtaV,streetViewData\train\gtaV\mask\02356.png,streetViewData\train\gtaV\img\02356.png
222,train,gtaV,streetViewData\train\gtaV\mask\01276.png,streetViewData\train\gtaV\img\01276.png
223,train,gtaV,streetViewData\train\gtaV\mask\02088.png,streetViewData\train\gtaV\img\02088.png
224,train,gtaV,streetViewData\train\gtaV\mask\00822.png,streetViewData\train\gtaV\img\00822.png
225,train,gtaV,streetViewData\train\gtaV\mask\01631.png,streetViewData\train\gtaV\img\01631.png
226,train,gtaV,streetViewData\train\gtaV\mask\02121.png,streetViewData\train\gtaV\img\02121.png
227,train,gtaV,streetViewData\train\gtaV\mask\01613.png,streetViewData\train\gtaV\img\01613.png
228,train,gtaV,streetViewData\train\gtaV\mask\00004.png,streetViewData\train\gtaV\img\00004.png
229,train,gtaV,streetViewData\train\gtaV\mask\01753.png,streetViewData\train\gtaV\img\01753.png
230,train,gtaV,streetViewData\train\gtaV\mask\01174.png,streetViewData\train\gtaV\img\01174.png
231,train,gtaV,streetViewData\train\gtaV\mask\01527.png,streetViewData\train\gtaV\img\01527.png
232,train,gtaV,streetViewData\train\gtaV\mask\00075.png,streetViewData\train\gtaV\img\00075.png
233,train,gtaV,streetViewData\train\gtaV\mask\00452.png,streetViewData\train\gtaV\img\00452.png
234,train,gtaV,streetViewData\train\gtaV\mask\01254.png,streetViewData\train\gtaV\img\01254.png
235,train,gtaV,streetViewData\train\gtaV\mask\02230.png,streetViewData\train\gtaV\img\02230.png
236,train,gtaV,streetViewData\train\gtaV\mask\02467.png,streetViewData\train\gtaV\img\02467.png
237,train,gtaV,streetViewData\train\gtaV\mask\01140.png,streetViewData\train\gtaV\img\01140.png
238,train,gtaV,streetViewData\train\gtaV\mask\01001.png,streetViewData\train\gtaV\img\01001.png
239,train,gtaV,streetViewData\train\gtaV\mask\00305.png,streetViewData\train\gtaV\img\00305.png
240,train,gtaV,streetViewData\train\gtaV\mask\01004.png,streetViewData\train\gtaV\img\01004.png
241,train,gtaV,streetViewData\train\gtaV\mask\02391.png,streetViewData\train\gtaV\img\02391.png
242,train,gtaV,streetViewData\train\gtaV\mask\02459.png,streetViewData\train\gtaV\img\02459.png
243,train,gtaV,streetViewData\train\gtaV\mask\00398.png,streetViewData\train\gtaV\img\00398.png
244,train,gtaV,streetViewData\train\gtaV\mask\02025.png,streetViewData\train\gtaV\img\02025.png
245,train,gtaV,streetViewData\train\gtaV\mask\01522.png,streetViewData\train\gtaV\img\01522.png
246,train,gtaV,streetViewData\train\gtaV\mask\02198.png,streetViewData\train\gtaV\img\02198.png
247,train,gtaV,streetViewData\train\gtaV\mask\00359.png,streetViewData\train\gtaV\img\00359.png
248,train,gtaV,streetViewData\train\gtaV\mask\02084.png,streetViewData\train\gtaV\img\02084.png
249,train,gtaV,streetViewData\train\gtaV\mask\01617.png,streetViewData\train\gtaV\img\01617.png
250,train,gtaV,streetViewData\train\gtaV\mask\02095.png,streetViewData\train\gtaV\img\02095.png
251,train,gtaV,streetViewData\train\gtaV\mask\00480.png,streetViewData\train\gtaV\img\00480.png
252,train,gtaV,streetViewData\train\gtaV\mask\00485.png,streetViewData\train\gtaV\img\00485.png
253,train,gtaV,streetViewData\train\gtaV\mask\01878.png,streetViewData\train\gtaV\img\01878.png
254,train,gtaV,streetViewData\train\gtaV\mask\01500.png,streetViewData\train\gtaV\img\01500.png
255,train,gtaV,streetViewData\train\gtaV\mask\01652.png,streetViewData\train\gtaV\img\01652.png
256,train,gtaV,streetViewData\train\gtaV\mask\00830.png,streetViewData\train\gtaV\img\00830.png
257,train,gtaV,streetViewData\train\gtaV\mask\02379.png,streetViewData\train\gtaV\img\02379.png
258,train,gtaV,streetViewData\train\gtaV\mask\01607.png,streetViewData\train\gtaV\img\01607.png
259,train,gtaV,streetViewData\train\gtaV\mask\01769.png,streetViewData\train\gtaV\img\01769.png
260,train,gtaV,streetViewData\train\gtaV\mask\01393.png,streetViewData\train\gtaV\img\01393.png
261,train,gtaV,streetViewData\train\gtaV\mask\00944.png,streetViewData\train\gtaV\img\00944.png
262,train,gtaV,streetViewData\train\gtaV\mask\02302.png,streetViewData\train\gtaV\img\02302.png
263,train,gtaV,streetViewData\train\gtaV\mask\02073.png,streetViewData\train\gtaV\img\02073.png
264,train,gtaV,streetViewData\train\gtaV\mask\02465.png,streetViewData\train\gtaV\img\02465.png
265,train,gtaV,streetViewData\train\gtaV\mask\01939.png,streetViewData\train\gtaV\img\01939.png
266,train,gtaV,streetViewData\train\gtaV\mask\00903.png,streetViewData\train\gtaV\img\00903.png
267,train,gtaV,streetViewData\train\gtaV\mask\01987.png,streetViewData\train\gtaV\img\01987.png
268,train,gtaV,streetViewData\train\gtaV\mask\01149.png,streetViewData\train\gtaV\img\01149.png
269,train,gtaV,streetViewData\train\gtaV\mask\02367.png,streetViewData\train\gtaV\img\02367.png
270,train,gtaV,streetViewData\train\gtaV\mask\01902.png,streetViewData\train\gtaV\img\01902.png
271,train,gtaV,streetViewData\train\gtaV\mask\02498.png,streetViewData\train\gtaV\img\02498.png
272,train,gtaV,streetViewData\train\gtaV\mask\01275.png,streetViewData\train\gtaV\img\01275.png
273,train,gtaV,streetViewData\train\gtaV\mask\01424.png,streetViewData\train\gtaV\img\01424.png
274,train,gtaV,streetViewData\train\gtaV\mask\01586.png,streetViewData\train\gtaV\img\01586.png
275,train,gtaV,streetViewData\train\gtaV\mask\01451.png,streetViewData\train\gtaV\img\01451.png
276,train,gtaV,streetViewData\train\gtaV\mask\00470.png,streetViewData\train\gtaV\img\00470.png
277,train,gtaV,streetViewData\train\gtaV\mask\01018.png,streetViewData\train\gtaV\img\01018.png
278,train,gtaV,streetViewData\train\gtaV\mask\00971.png,streetViewData\train\gtaV\img\00971.png
279,train,gtaV,streetViewData\train\gtaV\mask\00349.png,streetViewData\train\gtaV\img\00349.png
280,train,gtaV,streetViewData\train\gtaV\mask\01203.png,streetViewData\train\gtaV\img\01203.png
281,train,gtaV,streetViewData\train\gtaV\mask\00079.png,streetViewData\train\gtaV\img\00079.png
282,train,gtaV,streetViewData\train\gtaV\mask\01731.png,streetViewData\train\gtaV\img\01731.png
283,train,gtaV,streetViewData\train\gtaV\mask\01661.png,streetViewData\train\gtaV\img\01661.png
284,train,gtaV,streetViewData\train\gtaV\mask\00982.png,streetViewData\train\gtaV\img\00982.png
285,train,gtaV,streetViewData\train\gtaV\mask\01732.png,streetViewData\train\gtaV\img\01732.png
286,train,gtaV,streetViewData\train\gtaV\mask\02494.png,streetViewData\train\gtaV\img\02494.png
287,train,gtaV,streetViewData\train\gtaV\mask\00017.png,streetViewData\train\gtaV\img\00017.png
288,train,gtaV,streetViewData\train\gtaV\mask\00363.png,streetViewData\train\gtaV\img\00363.png
289,train,gtaV,streetViewData\train\gtaV\mask\01976.png,streetViewData\train\gtaV\img\01976.png
290,train,gtaV,streetViewData\train\gtaV\mask\01819.png,streetViewData\train\gtaV\img\01819.png
291,train,gtaV,streetViewData\train\gtaV\mask\00327.png,streetViewData\train\gtaV\img\00327.png
292,train,gtaV,streetViewData\train\gtaV\mask\00979.png,streetViewData\train\gtaV\img\00979.png
293,train,gtaV,streetViewData\train\gtaV\mask\00356.png,streetViewData\train\gtaV\img\00356.png
294,train,gtaV,streetViewData\train\gtaV\mask\00100.png,streetViewData\train\gtaV\img\00100.png
295,train,gtaV,streetViewData\train\gtaV\mask\01187.png,streetViewData\train\gtaV\img\01187.png
296,train,gtaV,streetViewData\train\gtaV\mask\02239.png,streetViewData\train\gtaV\img\02239.png
297,train,gtaV,streetViewData\train\gtaV\mask\01579.png,streetViewData\train\gtaV\img\01579.png
298,train,gtaV,streetViewData\train\gtaV\mask\00998.png,streetViewData\train\gtaV\img\00998.png
299,train,gtaV,streetViewData\train\gtaV\mask\01081.png,streetViewData\train\gtaV\img\01081.png
300,train,gtaV,streetViewData\train\gtaV\mask\01897.png,streetViewData\train\gtaV\img\01897.png
301,train,gtaV,streetViewData\train\gtaV\mask\01521.png,streetViewData\train\gtaV\img\01521.png
302,train,gtaV,streetViewData\train\gtaV\mask\00949.png,streetViewData\train\gtaV\img\00949.png
303,train,gtaV,streetViewData\train\gtaV\mask\02265.png,streetViewData\train\gtaV\img\02265.png
304,train,gtaV,streetViewData\train\gtaV\mask\00493.png,streetViewData\train\gtaV\img\00493.png
305,train,gtaV,streetViewData\train\gtaV\mask\02008.png,streetViewData\train\gtaV\img\02008.png
306,train,gtaV,streetViewData\train\gtaV\mask\01696.png,streetViewData\train\gtaV\img\01696.png
307,train,gtaV,streetViewData\train\gtaV\mask\01707.png,streetViewData\train\gtaV\img\01707.png
308,train,gtaV,streetViewData\train\gtaV\mask\01495.png,streetViewData\train\gtaV\img\01495.png
309,train,gtaV,streetViewData\train\gtaV\mask\01008.png,streetViewData\train\gtaV\img\01008.png
310,train,gtaV,streetViewData\train\gtaV\mask\02133.png,streetViewData\train\gtaV\img\02133.png
311,train,gtaV,streetViewData\train\gtaV\mask\02219.png,streetViewData\train\gtaV\img\02219.png
312,train,gtaV,streetViewData\train\gtaV\mask\02180.png,streetViewData\train\gtaV\img\02180.png
313,train,gtaV,streetViewData\train\gtaV\mask\01360.png,streetViewData\train\gtaV\img\01360.png
314,train,gtaV,streetViewData\train\gtaV\mask\00881.png,streetViewData\train\gtaV\img\00881.png
315,train,gtaV,streetViewData\train\gtaV\mask\00416.png,streetViewData\train\gtaV\img\00416.png
316,train,gtaV,streetViewData\train\gtaV\mask\02473.png,streetViewData\train\gtaV\img\02473.png
317,train,gtaV,streetViewData\train\gtaV\mask\01876.png,streetViewData\train\gtaV\img\01876.png
318,train,gtaV,streetViewData\train\gtaV\mask\01409.png,streetViewData\train\gtaV\img\01409.png
319,train,gtaV,streetViewData\train\gtaV\mask\01236.png,streetViewData\train\gtaV\img\01236.png
320,train,gtaV,streetViewData\train\gtaV\mask\01394.png,streetViewData\train\gtaV\img\01394.png
321,train,gtaV,streetViewData\train\gtaV\mask\01368.png,streetViewData\train\gtaV\img\01368.png
322,train,gtaV,streetViewData\train\gtaV\mask\01483.png,streetViewData\train\gtaV\img\01483.png
323,train,gtaV,streetViewData\train\gtaV\mask\02416.png,streetViewData\train\gtaV\img\02416.png
324,train,gtaV,streetViewData\train\gtaV\mask\00146.png,streetViewData\train\gtaV\img\00146.png
325,train,gtaV,streetViewData\train\gtaV\mask\01906.png,streetViewData\train\gtaV\img\01906.png
326,train,gtaV,streetViewData\train\gtaV\mask\01865.png,streetViewData\train\gtaV\img\01865.png
327,train,gtaV,streetViewData\train\gtaV\mask\01850.png,streetViewData\train\gtaV\img\01850.png
328,train,gtaV,streetViewData\train\gtaV\mask\00424.png,streetViewData\train\gtaV\img\00424.png
329,train,gtaV,streetViewData\train\gtaV\mask\00342.png,streetViewData\train\gtaV\img\00342.png
330,train,gtaV,streetViewData\train\gtaV\mask\01351.png,streetViewData\train\gtaV\img\01351.png
331,train,gtaV,streetViewData\train\gtaV\mask\02018.png,streetViewData\train\gtaV\img\02018.png
332,train,gtaV,streetViewData\train\gtaV\mask\01205.png,streetViewData\train\gtaV\img\01205.png
333,train,gtaV,streetViewData\train\gtaV\mask\02166.png,streetViewData\train\gtaV\img\02166.png
334,train,gtaV,streetViewData\train\gtaV\mask\00446.png,streetViewData\train\gtaV\img\00446.png
335,train,gtaV,streetViewData\train\gtaV\mask\01020.png,streetViewData\train\gtaV\img\01020.png
336,train,gtaV,streetViewData\train\gtaV\mask\00884.png,streetViewData\train\gtaV\img\00884.png
337,train,gtaV,streetViewData\train\gtaV\mask\02213.png,streetViewData\train\gtaV\img\02213.png
338,train,gtaV,streetViewData\train\gtaV\mask\02463.png,streetViewData\train\gtaV\img\02463.png
339,train,gtaV,streetViewData\train\gtaV\mask\01445.png,streetViewData\train\gtaV\img\01445.png
340,train,gtaV,streetViewData\train\gtaV\mask\00510.png,streetViewData\train\gtaV\img\00510.png
341,train,gtaV,streetViewData\train\gtaV\mask\02351.png,streetViewData\train\gtaV\img\02351.png
342,train,gtaV,streetViewData\train\gtaV\mask\00867.png,streetViewData\train\gtaV\img\00867.png
343,train,gtaV,streetViewData\train\gtaV\mask\02228.png,streetViewData\train\gtaV\img\02228.png
344,train,gtaV,streetViewData\train\gtaV\mask\01474.png,streetViewData\train\gtaV\img\01474.png
345,train,gtaV,streetViewData\train\gtaV\mask\01022.png,streetViewData\train\gtaV\img\01022.png
346,train,gtaV,streetViewData\train\gtaV\mask\00372.png,streetViewData\train\gtaV\img\00372.png
347,train,gtaV,streetViewData\train\gtaV\mask\01434.png,streetViewData\train\gtaV\img\01434.png
348,train,gtaV,streetViewData\train\gtaV\mask\01654.png,streetViewData\train\gtaV\img\01654.png
349,train,gtaV,streetViewData\train\gtaV\mask\00423.png,streetViewData\train\gtaV\img\00423.png
350,train,gtaV,streetViewData\train\gtaV\mask\00139.png,streetViewData\train\gtaV\img\00139.png
351,train,gtaV,streetViewData\train\gtaV\mask\01862.png,streetViewData\train\gtaV\img\01862.png
352,train,gtaV,streetViewData\train\gtaV\mask\01634.png,streetViewData\train\gtaV\img\01634.png
353,train,gtaV,streetViewData\train\gtaV\mask\00059.png,streetViewData\train\gtaV\img\00059.png
354,train,gtaV,streetViewData\train\gtaV\mask\02507.png,streetViewData\train\gtaV\img\02507.png
355,train,gtaV,streetViewData\train\gtaV\mask\02070.png,streetViewData\train\gtaV\img\02070.png
356,train,gtaV,streetViewData\train\gtaV\mask\00995.png,streetViewData\train\gtaV\img\00995.png
357,train,gtaV,streetViewData\train\gtaV\mask\00832.png,streetViewData\train\gtaV\img\00832.png
358,train,gtaV,streetViewData\train\gtaV\mask\01359.png,streetViewData\train\gtaV\img\01359.png
359,train,gtaV,streetViewData\train\gtaV\mask\02226.png,streetViewData\train\gtaV\img\02226.png
360,train,gtaV,streetViewData\train\gtaV\mask\01512.png,streetViewData\train\gtaV\img\01512.png
361,train,gtaV,streetViewData\train\gtaV\mask\00948.png,streetViewData\train\gtaV\img\00948.png
362,train,gtaV,streetViewData\train\gtaV\mask\02395.png,streetViewData\train\gtaV\img\02395.png
363,train,gtaV,streetViewData\train\gtaV\mask\02236.png,streetViewData\train\gtaV\img\02236.png
364,train,gtaV,streetViewData\train\gtaV\mask\00829.png,streetViewData\train\gtaV\img\00829.png
365,train,gtaV,streetViewData\train\gtaV\mask\01287.png,streetViewData\train\gtaV\img\01287.png
366,train,gtaV,streetViewData\train\gtaV\mask\00007.png,streetViewData\train\gtaV\img\00007.png
367,train,gtaV,streetViewData\train\gtaV\mask\01310.png,streetViewData\train\gtaV\img\01310.png
368,train,gtaV,streetViewData\train\gtaV\mask\01054.png,streetViewData\train\gtaV\img\01054.png
369,train,gtaV,streetViewData\train\gtaV\mask\02132.png,streetViewData\train\gtaV\img\02132.png
370,train,gtaV,streetViewData\train\gtaV\mask\02134.png,streetViewData\train\gtaV\img\02134.png
371,train,gtaV,streetViewData\train\gtaV\mask\01458.png,streetViewData\train\gtaV\img\01458.png
372,train,gtaV,streetViewData\train\gtaV\mask\01095.png,streetViewData\train\gtaV\img\01095.png
373,train,gtaV,streetViewData\train\gtaV\mask\02267.png,streetViewData\train\gtaV\img\02267.png
374,train,gtaV,streetViewData\train\gtaV\mask\01953.png,streetViewData\train\gtaV\img\01953.png
375,train,gtaV,streetViewData\train\gtaV\mask\02023.png,streetViewData\train\gtaV\img\02023.png
376,train,gtaV,streetViewData\train\gtaV\mask\02131.png,streetViewData\train\gtaV\img\02131.png
377,train,gtaV,streetViewData\train\gtaV\mask\01665.png,streetViewData\train\gtaV\img\01665.png
378,train,gtaV,streetViewData\train\gtaV\mask\01882.png,streetViewData\train\gtaV\img\01882.png
379,train,gtaV,streetViewData\train\gtaV\mask\01998.png,streetViewData\train\gtaV\img\01998.png
380,train,gtaV,streetViewData\train\gtaV\mask\01523.png,streetViewData\train\gtaV\img\01523.png
381,train,gtaV,streetViewData\train\gtaV\mask\00704.png,streetViewData\train\gtaV\img\00704.png
382,train,gtaV,streetViewData\train\gtaV\mask\00880.png,streetViewData\train\gtaV\img\00880.png
383,train,gtaV,streetViewData\train\gtaV\mask\01118.png,streetViewData\train\gtaV\img\01118.png
384,train,gtaV,streetViewData\train\gtaV\mask\00956.png,streetViewData\train\gtaV\img\00956.png
385,train,gtaV,streetViewData\train\gtaV\mask\00316.png,streetViewData\train\gtaV\img\00316.png
386,train,gtaV,streetViewData\train\gtaV\mask\01713.png,streetViewData\train\gtaV\img\01713.png
387,train,gtaV,streetViewData\train\gtaV\mask\02033.png,streetViewData\train\gtaV\img\02033.png
388,train,gtaV,streetViewData\train\gtaV\mask\01637.png,streetViewData\train\gtaV\img\01637.png
389,train,gtaV,streetViewData\train\gtaV\mask\02281.png,streetViewData\train\gtaV\img\02281.png
390,train,gtaV,streetViewData\train\gtaV\mask\02058.png,streetViewData\train\gtaV\img\02058.png
391,train,gtaV,streetViewData\train\gtaV\mask\01153.png,streetViewData\train\gtaV\img\01153.png
392,train,gtaV,streetViewData\train\gtaV\mask\00294.png,streetViewData\train\gtaV\img\00294.png
393,train,gtaV,streetViewData\train\gtaV\mask\00138.png,streetViewData\train\gtaV\img\00138.png
394,train,gtaV,streetViewData\train\gtaV\mask\01723.png,streetViewData\train\gtaV\img\01723.png
395,train,gtaV,streetViewData\train\gtaV\mask\01503.png,streetViewData\train\gtaV\img\01503.png
396,train,gtaV,streetViewData\train\gtaV\mask\01556.png,streetViewData\train\gtaV\img\01556.png
397,train,gtaV,streetViewData\train\gtaV\mask\01614.png,streetViewData\train\gtaV\img\01614.png
398,train,gtaV,streetViewData\train\gtaV\mask\00709.png,streetViewData\train\gtaV\img\00709.png
399,train,gtaV,streetViewData\train\gtaV\mask\00284.png,streetViewData\train\gtaV\img\00284.png
400,train,gtaV,streetViewData\train\gtaV\mask\01567.png,streetViewData\train\gtaV\img\01567.png
401,train,gtaV,streetViewData\train\gtaV\mask\00382.png,streetViewData\train\gtaV\img\00382.png
402,train,gtaV,streetViewData\train\gtaV\mask\00872.png,streetViewData\train\gtaV\img\00872.png
403,train,gtaV,streetViewData\train\gtaV\mask\00358.png,streetViewData\train\gtaV\img\00358.png
404,train,gtaV,streetViewData\train\gtaV\mask\01745.png,streetViewData\train\gtaV\img\01745.png
405,train,gtaV,streetViewData\train\gtaV\mask\00357.png,streetViewData\train\gtaV\img\00357.png
406,train,gtaV,streetViewData\train\gtaV\mask\01909.png,streetViewData\train\gtaV\img\01909.png
407,train,gtaV,streetViewData\train\gtaV\mask\00992.png,streetViewData\train\gtaV\img\00992.png
408,train,gtaV,streetViewData\train\gtaV\mask\01353.png,streetViewData\train\gtaV\img\01353.png
409,train,gtaV,streetViewData\train\gtaV\mask\00468.png,streetViewData\train\gtaV\img\00468.png
410,train,gtaV,streetViewData\train\gtaV\mask\01693.png,streetViewData\train\gtaV\img\01693.png
411,train,gtaV,streetViewData\train\gtaV\mask\01015.png,streetViewData\train\gtaV\img\01015.png
412,train,gtaV,streetViewData\train\gtaV\mask\01712.png,streetViewData\train\gtaV\img\01712.png
413,train,gtaV,streetViewData\train\gtaV\mask\01744.png,streetViewData\train\gtaV\img\01744.png
414,train,gtaV,streetViewData\train\gtaV\mask\00117.png,streetViewData\train\gtaV\img\00117.png
415,train,gtaV,streetViewData\train\gtaV\mask\01795.png,streetViewData\train\gtaV\img\01795.png
416,train,gtaV,streetViewData\train\gtaV\mask\00390.png,streetViewData\train\gtaV\img\00390.png
417,train,gtaV,streetViewData\train\gtaV\mask\01385.png,streetViewData\train\gtaV\img\01385.png
418,train,gtaV,streetViewData\train\gtaV\mask\01873.png,streetViewData\train\gtaV\img\01873.png
419,train,gtaV,streetViewData\train\gtaV\mask\02368.png,streetViewData\train\gtaV\img\02368.png
420,train,gtaV,streetViewData\train\gtaV\mask\01684.png,streetViewData\train\gtaV\img\01684.png
421,train,gtaV,streetViewData\train\gtaV\mask\01597.png,streetViewData\train\gtaV\img\01597.png
422,train,gtaV,streetViewData\train\gtaV\mask\01158.png,streetViewData\train\gtaV\img\01158.png
423,train,gtaV,streetViewData\train\gtaV\mask\01045.png,streetViewData\train\gtaV\img\01045.png
424,train,gtaV,streetViewData\train\gtaV\mask\00910.png,streetViewData\train\gtaV\img\00910.png
425,train,gtaV,streetViewData\train\gtaV\mask\01898.png,streetViewData\train\gtaV\img\01898.png
426,train,gtaV,streetViewData\train\gtaV\mask\02499.png,streetViewData\train\gtaV\img\02499.png
427,train,gtaV,streetViewData\train\gtaV\mask\01154.png,streetViewData\train\gtaV\img\01154.png
428,train,gtaV,streetViewData\train\gtaV\mask\00999.png,streetViewData\train\gtaV\img\00999.png
429,train,gtaV,streetViewData\train\gtaV\mask\02159.png,streetViewData\train\gtaV\img\02159.png
430,train,gtaV,streetViewData\train\gtaV\mask\02384.png,streetViewData\train\gtaV\img\02384.png
431,train,gtaV,streetViewData\train\gtaV\mask\00491.png,streetViewData\train\gtaV\img\00491.png
432,train,gtaV,streetViewData\train\gtaV\mask\02257.png,streetViewData\train\gtaV\img\02257.png
433,train,gtaV,streetViewData\train\gtaV\mask\01848.png,streetViewData\train\gtaV\img\01848.png
434,train,gtaV,streetViewData\train\gtaV\mask\01125.png,streetViewData\train\gtaV\img\01125.png
435,train,gtaV,streetViewData\train\gtaV\mask\01463.png,streetViewData\train\gtaV\img\01463.png
436,train,gtaV,streetViewData\train\gtaV\mask\02105.png,streetViewData\train\gtaV\img\02105.png
437,train,gtaV,streetViewData\train\gtaV\mask\02066.png,streetViewData\train\gtaV\img\02066.png
438,train,gtaV,streetViewData\train\gtaV\mask\00366.png,streetViewData\train\gtaV\img\00366.png
439,train,gtaV,streetViewData\train\gtaV\mask\00022.png,streetViewData\train\gtaV\img\00022.png
440,train,gtaV,streetViewData\train\gtaV\mask\01465.png,streetViewData\train\gtaV\img\01465.png
441,train,gtaV,streetViewData\train\gtaV\mask\01799.png,streetViewData\train\gtaV\img\01799.png
442,train,gtaV,streetViewData\train\gtaV\mask\01680.png,streetViewData\train\gtaV\img\01680.png
443,train,gtaV,streetViewData\train\gtaV\mask\00427.png,streetViewData\train\gtaV\img\00427.png
444,train,gtaV,streetViewData\train\gtaV\mask\00368.png,streetViewData\train\gtaV\img\00368.png
445,train,gtaV,streetViewData\train\gtaV\mask\01628.png,streetViewData\train\gtaV\img\01628.png
446,train,gtaV,streetViewData\train\gtaV\mask\00947.png,streetViewData\train\gtaV\img\00947.png
447,train,gtaV,streetViewData\train\gtaV\mask\01563.png,streetViewData\train\gtaV\img\01563.png
448,train,gtaV,streetViewData\train\gtaV\mask\02098.png,streetViewData\train\gtaV\img\02098.png
449,train,gtaV,streetViewData\train\gtaV\mask\00494.png,streetViewData\train\gtaV\img\00494.png
450,train,gtaV,streetViewData\train\gtaV\mask\01225.png,streetViewData\train\gtaV\img\01225.png
451,train,gtaV,streetViewData\train\gtaV\mask\02124.png,streetViewData\train\gtaV\img\02124.png
452,train,gtaV,streetViewData\train\gtaV\mask\01011.png,streetViewData\train\gtaV\img\01011.png
453,train,gtaV,streetViewData\train\gtaV\mask\01267.png,streetViewData\train\gtaV\img\01267.png
454,train,gtaV,streetViewData\train\gtaV\mask\01094.png,streetViewData\train\gtaV\img\01094.png
455,train,gtaV,streetViewData\train\gtaV\mask\02326.png,streetViewData\train\gtaV\img\02326.png
456,train,gtaV,streetViewData\train\gtaV\mask\02254.png,streetViewData\train\gtaV\img\02254.png
457,train,gtaV,streetViewData\train\gtaV\mask\01639.png,streetViewData\train\gtaV\img\01639.png
458,train,gtaV,streetViewData\train\gtaV\mask\01967.png,streetViewData\train\gtaV\img\01967.png
459,train,gtaV,streetViewData\train\gtaV\mask\01130.png,streetViewData\train\gtaV\img\01130.png
460,train,gtaV,streetViewData\train\gtaV\mask\01779.png,streetViewData\train\gtaV\img\01779.png
461,train,gtaV,streetViewData\train\gtaV\mask\01866.png,streetViewData\train\gtaV\img\01866.png
462,train,gtaV,streetViewData\train\gtaV\mask\02344.png,streetViewData\train\gtaV\img\02344.png
463,train,gtaV,streetViewData\train\gtaV\mask\00019.png,streetViewData\train\gtaV\img\00019.png
464,train,gtaV,streetViewData\train\gtaV\mask\01894.png,streetViewData\train\gtaV\img\01894.png
465,train,gtaV,streetViewData\train\gtaV\mask\01662.png,streetViewData\train\gtaV\img\01662.png
466,train,gtaV,streetViewData\train\gtaV\mask\01124.png,streetViewData\train\gtaV\img\01124.png
467,train,gtaV,streetViewData\train\gtaV\mask\01885.png,streetViewData\train\gtaV\img\01885.png
468,train,gtaV,streetViewData\train\gtaV\mask\00435.png,streetViewData\train\gtaV\img\00435.png
469,train,gtaV,streetViewData\train\gtaV\mask\00498.png,streetViewData\train\gtaV\img\00498.png
470,train,gtaV,streetViewData\train\gtaV\mask\02468.png,streetViewData\train\gtaV\img\02468.png
471,train,gtaV,streetViewData\train\gtaV\mask\00459.png,streetViewData\train\gtaV\img\00459.png
472,train,gtaV,streetViewData\train\gtaV\mask\00442.png,streetViewData\train\gtaV\img\00442.png
473,train,gtaV,streetViewData\train\gtaV\mask\02047.png,streetViewData\train\gtaV\img\02047.png
474,train,gtaV,streetViewData\train\gtaV\mask\02342.png,streetViewData\train\gtaV\img\02342.png
475,train,gtaV,streetViewData\train\gtaV\mask\02480.png,streetViewData\train\gtaV\img\02480.png
476,train,gtaV,streetViewData\train\gtaV\mask\01068.png,streetViewData\train\gtaV\img\01068.png
477,train,gtaV,streetViewData\train\gtaV\mask\01088.png,streetViewData\train\gtaV\img\01088.png
478,train,gtaV,streetViewData\train\gtaV\mask\01765.png,streetViewData\train\gtaV\img\01765.png
479,train,gtaV,streetViewData\train\gtaV\mask\00942.png,streetViewData\train\gtaV\img\00942.png
480,train,gtaV,streetViewData\train\gtaV\mask\01996.png,streetViewData\train\gtaV\img\01996.png
481,train,gtaV,streetViewData\train\gtaV\mask\01213.png,streetViewData\train\gtaV\img\01213.png
482,train,gtaV,streetViewData\train\gtaV\mask\00908.png,streetViewData\train\gtaV\img\00908.png
483,train,gtaV,streetViewData\train\gtaV\mask\01934.png,streetViewData\train\gtaV\img\01934.png
484,train,gtaV,streetViewData\train\gtaV\mask\01825.png,streetViewData\train\gtaV\img\01825.png
485,train,gtaV,streetViewData\train\gtaV\mask\01051.png,streetViewData\train\gtaV\img\01051.png
486,train,gtaV,streetViewData\train\gtaV\mask\01562.png,streetViewData\train\gtaV\img\01562.png
487,train,gtaV,streetViewData\train\gtaV\mask\02296.png,streetViewData\train\gtaV\img\02296.png
488,train,gtaV,streetViewData\train\gtaV\mask\02343.png,streetViewData\train\gtaV\img\02343.png
489,train,gtaV,streetViewData\train\gtaV\mask\00140.png,streetViewData\train\gtaV\img\00140.png
490,train,gtaV,streetViewData\train\gtaV\mask\02475.png,streetViewData\train\gtaV\img\02475.png
491,train,gtaV,streetViewData\train\gtaV\mask\01826.png,streetViewData\train\gtaV\img\01826.png
492,train,gtaV,streetViewData\train\gtaV\mask\02207.png,streetViewData\train\gtaV\img\02207.png
493,train,gtaV,streetViewData\train\gtaV\mask\01077.png,streetViewData\train\gtaV\img\01077.png
494,train,gtaV,streetViewData\train\gtaV\mask\00126.png,streetViewData\train\gtaV\img\00126.png
495,train,gtaV,streetViewData\train\gtaV\mask\00010.png,streetViewData\train\gtaV\img\00010.png
496,train,gtaV,streetViewData\train\gtaV\mask\01194.png,streetViewData\train\gtaV\img\01194.png
497,train,gtaV,streetViewData\train\gtaV\mask\00490.png,streetViewData\train\gtaV\img\00490.png
498,train,gtaV,streetViewData\train\gtaV\mask\01831.png,streetViewData\train\gtaV\img\01831.png
499,train,gtaV,streetViewData\train\gtaV\mask\01047.png,streetViewData\train\gtaV\img\01047.png
500,train,gtaV,streetViewData\train\gtaV\mask\02303.png,streetViewData\train\gtaV\img\02303.png
501,train,gtaV,streetViewData\train\gtaV\mask\01431.png,streetViewData\train\gtaV\img\01431.png
502,train,gtaV,streetViewData\train\gtaV\mask\01656.png,streetViewData\train\gtaV\img\01656.png
503,train,gtaV,streetViewData\train\gtaV\mask\01972.png,streetViewData\train\gtaV\img\01972.png
504,train,gtaV,streetViewData\train\gtaV\mask\01402.png,streetViewData\train\gtaV\img\01402.png
505,train,gtaV,streetViewData\train\gtaV\mask\01675.png,streetViewData\train\gtaV\img\01675.png
506,train,gtaV,streetViewData\train\gtaV\mask\02304.png,streetViewData\train\gtaV\img\02304.png
507,train,gtaV,streetViewData\train\gtaV\mask\02294.png,streetViewData\train\gtaV\img\02294.png
508,train,gtaV,streetViewData\train\gtaV\mask\02181.png,streetViewData\train\gtaV\img\02181.png
509,train,gtaV,streetViewData\train\gtaV\mask\01942.png,streetViewData\train\gtaV\img\01942.png
510,train,gtaV,streetViewData\train\gtaV\mask\00528.png,streetViewData\train\gtaV\img\00528.png
511,train,gtaV,streetViewData\train\gtaV\mask\01644.png,streetViewData\train\gtaV\img\01644.png
512,train,gtaV,streetViewData\train\gtaV\mask\00109.png,streetViewData\train\gtaV\img\00109.png
513,train,gtaV,streetViewData\train\gtaV\mask\02360.png,streetViewData\train\gtaV\img\02360.png
514,train,gtaV,streetViewData\train\gtaV\mask\01719.png,streetViewData\train\gtaV\img\01719.png
515,train,gtaV,streetViewData\train\gtaV\mask\01658.png,streetViewData\train\gtaV\img\01658.png
516,train,gtaV,streetViewData\train\gtaV\mask\00526.png,streetViewData\train\gtaV\img\00526.png
517,train,gtaV,streetViewData\train\gtaV\mask\01407.png,streetViewData\train\gtaV\img\01407.png
518,train,gtaV,streetViewData\train\gtaV\mask\00484.png,streetViewData\train\gtaV\img\00484.png
519,train,gtaV,streetViewData\train\gtaV\mask\00121.png,streetViewData\train\gtaV\img\00121.png
520,train,gtaV,streetViewData\train\gtaV\mask\01142.png,streetViewData\train\gtaV\img\01142.png
521,train,gtaV,streetViewData\train\gtaV\mask\01257.png,streetViewData\train\gtaV\img\01257.png
522,train,gtaV,streetViewData\train\gtaV\mask\02113.png,streetViewData\train\gtaV\img\02113.png
523,train,gtaV,streetViewData\train\gtaV\mask\01243.png,streetViewData\train\gtaV\img\01243.png
524,train,gtaV,streetViewData\train\gtaV\mask\00941.png,streetViewData\train\gtaV\img\00941.png
525,train,gtaV,streetViewData\train\gtaV\mask\02336.png,streetViewData\train\gtaV\img\02336.png
526,train,gtaV,streetViewData\train\gtaV\mask\02182.png,streetViewData\train\gtaV\img\02182.png
527,train,gtaV,streetViewData\train\gtaV\mask\01892.png,streetViewData\train\gtaV\img\01892.png
528,train,gtaV,streetViewData\train\gtaV\mask\00433.png,streetViewData\train\gtaV\img\00433.png
529,train,gtaV,streetViewData\train\gtaV\mask\01235.png,streetViewData\train\gtaV\img\01235.png
530,train,gtaV,streetViewData\train\gtaV\mask\01673.png,streetViewData\train\gtaV\img\01673.png
531,train,gtaV,streetViewData\train\gtaV\mask\02169.png,streetViewData\train\gtaV\img\02169.png
532,train,gtaV,streetViewData\train\gtaV\mask\01798.png,streetViewData\train\gtaV\img\01798.png
533,train,gtaV,streetViewData\train\gtaV\mask\00703.png,streetViewData\train\gtaV\img\00703.png
534,train,gtaV,streetViewData\train\gtaV\mask\02171.png,streetViewData\train\gtaV\img\02171.png
535,train,gtaV,streetViewData\train\gtaV\mask\00824.png,streetViewData\train\gtaV\img\00824.png
536,train,gtaV,streetViewData\train\gtaV\mask\00854.png,streetViewData\train\gtaV\img\00854.png
537,train,gtaV,streetViewData\train\gtaV\mask\01371.png,streetViewData\train\gtaV\img\01371.png
538,train,gtaV,streetViewData\train\gtaV\mask\00086.png,streetViewData\train\gtaV\img\00086.png
539,train,gtaV,streetViewData\train\gtaV\mask\00859.png,streetViewData\train\gtaV\img\00859.png
540,train,gtaV,streetViewData\train\gtaV\mask\01191.png,streetViewData\train\gtaV\img\01191.png
541,train,gtaV,streetViewData\train\gtaV\mask\01370.png,streetViewData\train\gtaV\img\01370.png
542,train,gtaV,streetViewData\train\gtaV\mask\02102.png,streetViewData\train\gtaV\img\02102.png
543,train,gtaV,streetViewData\train\gtaV\mask\01019.png,streetViewData\train\gtaV\img\01019.png
544,train,gtaV,streetViewData\train\gtaV\mask\02333.png,streetViewData\train\gtaV\img\02333.png
545,train,gtaV,streetViewData\train\gtaV\mask\02485.png,streetViewData\train\gtaV\img\02485.png
546,train,gtaV,streetViewData\train\gtaV\mask\02497.png,streetViewData\train\gtaV\img\02497.png
547,train,gtaV,streetViewData\train\gtaV\mask\00444.png,streetViewData\train\gtaV\img\00444.png
548,train,gtaV,streetViewData\train\gtaV\mask\01294.png,streetViewData\train\gtaV\img\01294.png
549,train,gtaV,streetViewData\train\gtaV\mask\00115.png,streetViewData\train\gtaV\img\00115.png
550,train,gtaV,streetViewData\train\gtaV\mask\01490.png,streetViewData\train\gtaV\img\01490.png
551,train,gtaV,streetViewData\train\gtaV\mask\00966.png,streetViewData\train\gtaV\img\00966.png
552,train,gtaV,streetViewData\train\gtaV\mask\00900.png,streetViewData\train\gtaV\img\00900.png
553,train,gtaV,streetViewData\train\gtaV\mask\01469.png,streetViewData\train\gtaV\img\01469.png
554,train,gtaV,streetViewData\train\gtaV\mask\01227.png,streetViewData\train\gtaV\img\01227.png
555,train,gtaV,streetViewData\train\gtaV\mask\01136.png,streetViewData\train\gtaV\img\01136.png
556,train,gtaV,streetViewData\train\gtaV\mask\02444.png,streetViewData\train\gtaV\img\02444.png
557,train,gtaV,streetViewData\train\gtaV\mask\00967.png,streetViewData\train\gtaV\img\00967.png
558,train,gtaV,streetViewData\train\gtaV\mask\00084.png,streetViewData\train\gtaV\img\00084.png
559,train,gtaV,streetViewData\train\gtaV\mask\02274.png,streetViewData\train\gtaV\img\02274.png
560,train,gtaV,streetViewData\train\gtaV\mask\00887.png,streetViewData\train\gtaV\img\00887.png
561,train,gtaV,streetViewData\train\gtaV\mask\01327.png,streetViewData\train\gtaV\img\01327.png
562,train,gtaV,streetViewData\train\gtaV\mask\01183.png,streetViewData\train\gtaV\img\01183.png
563,train,gtaV,streetViewData\train\gtaV\mask\02490.png,streetViewData\train\gtaV\img\02490.png
564,train,gtaV,streetViewData\train\gtaV\mask\02447.png,streetViewData\train\gtaV\img\02447.png
565,train,gtaV,streetViewData\train\gtaV\mask\01082.png,streetViewData\train\gtaV\img\01082.png
566,train,gtaV,streetViewData\train\gtaV\mask\01230.png,streetViewData\train\gtaV\img\01230.png
567,train,gtaV,streetViewData\train\gtaV\mask\01840.png,streetViewData\train\gtaV\img\01840.png
568,train,gtaV,streetViewData\train\gtaV\mask\02363.png,streetViewData\train\gtaV\img\02363.png
569,train,gtaV,streetViewData\train\gtaV\mask\01329.png,streetViewData\train\gtaV\img\01329.png
570,train,gtaV,streetViewData\train\gtaV\mask\01918.png,streetViewData\train\gtaV\img\01918.png
571,train,gtaV,streetViewData\train\gtaV\mask\02189.png,streetViewData\train\gtaV\img\02189.png
572,train,gtaV,streetViewData\train\gtaV\mask\01189.png,streetViewData\train\gtaV\img\01189.png
573,train,gtaV,streetViewData\train\gtaV\mask\00092.png,streetViewData\train\gtaV\img\00092.png
574,train,gtaV,streetViewData\train\gtaV\mask\02372.png,streetViewData\train\gtaV\img\02372.png
575,train,gtaV,streetViewData\train\gtaV\mask\02104.png,streetViewData\train\gtaV\img\02104.png
576,train,gtaV,streetViewData\train\gtaV\mask\02317.png,streetViewData\train\gtaV\img\02317.png
577,train,gtaV,streetViewData\train\gtaV\mask\01716.png,streetViewData\train\gtaV\img\01716.png
578,train,gtaV,streetViewData\train\gtaV\mask\02079.png,streetViewData\train\gtaV\img\02079.png
579,train,gtaV,streetViewData\train\gtaV\mask\00114.png,streetViewData\train\gtaV\img\00114.png
580,train,gtaV,streetViewData\train\gtaV\mask\00445.png,streetViewData\train\gtaV\img\00445.png
581,train,gtaV,streetViewData\train\gtaV\mask\02350.png,streetViewData\train\gtaV\img\02350.png
582,train,gtaV,streetViewData\train\gtaV\mask\01416.png,streetViewData\train\gtaV\img\01416.png
583,train,gtaV,streetViewData\train\gtaV\mask\01218.png,streetViewData\train\gtaV\img\01218.png
584,train,gtaV,streetViewData\train\gtaV\mask\02136.png,streetViewData\train\gtaV\img\02136.png
585,train,gtaV,streetViewData\train\gtaV\mask\01420.png,streetViewData\train\gtaV\img\01420.png
586,train,gtaV,streetViewData\train\gtaV\mask\01768.png,streetViewData\train\gtaV\img\01768.png
587,train,gtaV,streetViewData\train\gtaV\mask\01574.png,streetViewData\train\gtaV\img\01574.png
588,train,gtaV,streetViewData\train\gtaV\mask\02153.png,streetViewData\train\gtaV\img\02153.png
589,train,gtaV,streetViewData\train\gtaV\mask\02348.png,streetViewData\train\gtaV\img\02348.png
590,train,gtaV,streetViewData\train\gtaV\mask\02220.png,streetViewData\train\gtaV\img\02220.png
591,train,gtaV,streetViewData\train\gtaV\mask\02190.png,streetViewData\train\gtaV\img\02190.png
592,train,gtaV,streetViewData\train\gtaV\mask\01032.png,streetViewData\train\gtaV\img\01032.png
593,train,gtaV,streetViewData\train\gtaV\mask\02140.png,streetViewData\train\gtaV\img\02140.png
594,train,gtaV,streetViewData\train\gtaV\mask\02196.png,streetViewData\train\gtaV\img\02196.png
595,train,gtaV,streetViewData\train\gtaV\mask\00006.png,streetViewData\train\gtaV\img\00006.png
596,train,gtaV,streetViewData\train\gtaV\mask\01591.png,streetViewData\train\gtaV\img\01591.png
597,train,gtaV,streetViewData\train\gtaV\mask\01629.png,streetViewData\train\gtaV\img\01629.png
598,train,gtaV,streetViewData\train\gtaV\mask\01900.png,streetViewData\train\gtaV\img\01900.png
599,train,gtaV,streetViewData\train\gtaV\mask\00895.png,streetViewData\train\gtaV\img\00895.png
600,train,gtaV,streetViewData\train\gtaV\mask\01256.png,streetViewData\train\gtaV\img\01256.png
601,train,gtaV,streetViewData\train\gtaV\mask\01410.png,streetViewData\train\gtaV\img\01410.png
602,train,gtaV,streetViewData\train\gtaV\mask\00361.png,streetViewData\train\gtaV\img\00361.png
603,train,gtaV,streetViewData\train\gtaV\mask\01887.png,streetViewData\train\gtaV\img\01887.png
604,train,gtaV,streetViewData\train\gtaV\mask\02232.png,streetViewData\train\gtaV\img\02232.png
605,train,gtaV,streetViewData\train\gtaV\mask\01803.png,streetViewData\train\gtaV\img\01803.png
606,train,gtaV,streetViewData\train\gtaV\mask\01943.png,streetViewData\train\gtaV\img\01943.png
607,train,gtaV,streetViewData\train\gtaV\mask\02060.png,streetViewData\train\gtaV\img\02060.png
608,train,gtaV,streetViewData\train\gtaV\mask\02462.png,streetViewData\train\gtaV\img\02462.png
609,train,gtaV,streetViewData\train\gtaV\mask\01126.png,streetViewData\train\gtaV\img\01126.png
610,train,gtaV,streetViewData\train\gtaV\mask\01565.png,streetViewData\train\gtaV\img\01565.png
611,train,gtaV,streetViewData\train\gtaV\mask\01144.png,streetViewData\train\gtaV\img\01144.png
612,train,gtaV,streetViewData\train\gtaV\mask\02390.png,streetViewData\train\gtaV\img\02390.png
613,train,gtaV,streetViewData\train\gtaV\mask\01363.png,streetViewData\train\gtaV\img\01363.png
614,train,gtaV,streetViewData\train\gtaV\mask\01179.png,streetViewData\train\gtaV\img\01179.png
615,train,gtaV,streetViewData\train\gtaV\mask\02197.png,streetViewData\train\gtaV\img\02197.png
616,train,gtaV,streetViewData\train\gtaV\mask\01116.png,streetViewData\train\gtaV\img\01116.png
617,train,gtaV,streetViewData\train\gtaV\mask\02062.png,streetViewData\train\gtaV\img\02062.png
618,train,gtaV,streetViewData\train\gtaV\mask\00483.png,streetViewData\train\gtaV\img\00483.png
619,train,gtaV,streetViewData\train\gtaV\mask\02191.png,streetViewData\train\gtaV\img\02191.png
620,train,gtaV,streetViewData\train\gtaV\mask\01388.png,streetViewData\train\gtaV\img\01388.png
621,train,gtaV,streetViewData\train\gtaV\mask\01888.png,streetViewData\train\gtaV\img\01888.png
622,train,gtaV,streetViewData\train\gtaV\mask\02162.png,streetViewData\train\gtaV\img\02162.png
623,train,gtaV,streetViewData\train\gtaV\mask\00848.png,streetViewData\train\gtaV\img\00848.png
624,train,gtaV,streetViewData\train\gtaV\mask\01787.png,streetViewData\train\gtaV\img\01787.png
625,train,gtaV,streetViewData\train\gtaV\mask\01692.png,streetViewData\train\gtaV\img\01692.png
626,train,gtaV,streetViewData\train\gtaV\mask\01127.png,streetViewData\train\gtaV\img\01127.png
627,train,gtaV,streetViewData\train\gtaV\mask\01358.png,streetViewData\train\gtaV\img\01358.png
628,train,gtaV,streetViewData\train\gtaV\mask\01649.png,streetViewData\train\gtaV\img\01649.png
629,train,gtaV,streetViewData\train\gtaV\mask\00003.png,streetViewData\train\gtaV\img\00003.png
630,train,gtaV,streetViewData\train\gtaV\mask\01133.png,streetViewData\train\gtaV\img\01133.png
631,train,gtaV,streetViewData\train\gtaV\mask\01098.png,streetViewData\train\gtaV\img\01098.png
632,train,gtaV,streetViewData\train\gtaV\mask\02383.png,streetViewData\train\gtaV\img\02383.png
633,train,gtaV,streetViewData\train\gtaV\mask\02010.png,streetViewData\train\gtaV\img\02010.png
634,train,gtaV,streetViewData\train\gtaV\mask\01714.png,streetViewData\train\gtaV\img\01714.png
635,train,gtaV,streetViewData\train\gtaV\mask\02268.png,streetViewData\train\gtaV\img\02268.png
636,train,gtaV,streetViewData\train\gtaV\mask\01867.png,streetViewData\train\gtaV\img\01867.png
637,train,gtaV,streetViewData\train\gtaV\mask\01170.png,streetViewData\train\gtaV\img\01170.png
638,train,gtaV,streetViewData\train\gtaV\mask\01479.png,streetViewData\train\gtaV\img\01479.png
639,train,gtaV,streetViewData\train\gtaV\mask\02026.png,streetViewData\train\gtaV\img\02026.png
640,train,gtaV,streetViewData\train\gtaV\mask\01432.png,streetViewData\train\gtaV\img\01432.png
641,train,gtaV,streetViewData\train\gtaV\mask\02194.png,streetViewData\train\gtaV\img\02194.png
642,train,gtaV,streetViewData\train\gtaV\mask\01573.png,streetViewData\train\gtaV\img\01573.png
643,train,gtaV,streetViewData\train\gtaV\mask\01496.png,streetViewData\train\gtaV\img\01496.png
644,train,gtaV,streetViewData\train\gtaV\mask\00839.png,streetViewData\train\gtaV\img\00839.png
645,train,gtaV,streetViewData\train\gtaV\mask\02399.png,streetViewData\train\gtaV\img\02399.png
646,train,gtaV,streetViewData\train\gtaV\mask\00396.png,streetViewData\train\gtaV\img\00396.png
647,train,gtaV,streetViewData\train\gtaV\mask\01092.png,streetViewData\train\gtaV\img\01092.png
648,train,gtaV,streetViewData\train\gtaV\mask\01582.png,streetViewData\train\gtaV\img\01582.png
649,train,gtaV,streetViewData\train\gtaV\mask\01823.png,streetViewData\train\gtaV\img\01823.png
650,train,gtaV,streetViewData\train\gtaV\mask\02112.png,streetViewData\train\gtaV\img\02112.png
651,train,gtaV,streetViewData\train\gtaV\mask\01197.png,streetViewData\train\gtaV\img\01197.png
652,train,gtaV,streetViewData\train\gtaV\mask\02173.png,streetViewData\train\gtaV\img\02173.png
653,train,gtaV,streetViewData\train\gtaV\mask\02120.png,streetViewData\train\gtaV\img\02120.png
654,train,gtaV,streetViewData\train\gtaV\mask\01146.png,streetViewData\train\gtaV\img\01146.png
655,train,gtaV,streetViewData\train\gtaV\mask\02249.png,streetViewData\train\gtaV\img\02249.png
656,train,gtaV,streetViewData\train\gtaV\mask\02489.png,streetViewData\train\gtaV\img\02489.png
657,train,gtaV,streetViewData\train\gtaV\mask\00524.png,streetViewData\train\gtaV\img\00524.png
658,train,gtaV,streetViewData\train\gtaV\mask\01989.png,streetViewData\train\gtaV\img\01989.png
659,train,gtaV,streetViewData\train\gtaV\mask\00130.png,streetViewData\train\gtaV\img\00130.png
660,train,gtaV,streetViewData\train\gtaV\mask\02461.png,streetViewData\train\gtaV\img\02461.png
661,train,gtaV,streetViewData\train\gtaV\mask\02273.png,streetViewData\train\gtaV\img\02273.png
662,train,gtaV,streetViewData\train\gtaV\mask\01778.png,streetViewData\train\gtaV\img\01778.png
663,train,gtaV,streetViewData\train\gtaV\mask\00367.png,streetViewData\train\gtaV\img\00367.png
664,train,gtaV,streetViewData\train\gtaV\mask\01459.png,streetViewData\train\gtaV\img\01459.png
665,train,gtaV,streetViewData\train\gtaV\mask\01375.png,streetViewData\train\gtaV\img\01375.png
666,train,gtaV,streetViewData\train\gtaV\mask\01816.png,streetViewData\train\gtaV\img\01816.png
667,train,gtaV,streetViewData\train\gtaV\mask\01705.png,streetViewData\train\gtaV\img\01705.png
668,train,gtaV,streetViewData\train\gtaV\mask\00890.png,streetViewData\train\gtaV\img\00890.png
669,train,gtaV,streetViewData\train\gtaV\mask\01297.png,streetViewData\train\gtaV\img\01297.png
670,train,gtaV,streetViewData\train\gtaV\mask\01539.png,streetViewData\train\gtaV\img\01539.png
671,train,gtaV,streetViewData\train\gtaV\mask\01958.png,streetViewData\train\gtaV\img\01958.png
672,train,gtaV,streetViewData\train\gtaV\mask\01010.png,streetViewData\train\gtaV\img\01010.png
673,train,gtaV,streetViewData\train\gtaV\mask\00525.png,streetViewData\train\gtaV\img\00525.png
674,train,gtaV,streetViewData\train\gtaV\mask\00014.png,streetViewData\train\gtaV\img\00014.png
675,train,gtaV,streetViewData\train\gtaV\mask\00441.png,streetViewData\train\gtaV\img\00441.png
676,train,gtaV,streetViewData\train\gtaV\mask\01397.png,streetViewData\train\gtaV\img\01397.png
677,train,gtaV,streetViewData\train\gtaV\mask\00959.png,streetViewData\train\gtaV\img\00959.png
678,train,gtaV,streetViewData\train\gtaV\mask\00852.png,streetViewData\train\gtaV\img\00852.png
679,train,gtaV,streetViewData\train\gtaV\mask\01587.png,streetViewData\train\gtaV\img\01587.png
680,train,gtaV,streetViewData\train\gtaV\mask\01478.png,streetViewData\train\gtaV\img\01478.png
681,train,gtaV,streetViewData\train\gtaV\mask\02157.png,streetViewData\train\gtaV\img\02157.png
682,train,gtaV,streetViewData\train\gtaV\mask\01668.png,streetViewData\train\gtaV\img\01668.png
683,train,gtaV,streetViewData\train\gtaV\mask\01021.png,streetViewData\train\gtaV\img\01021.png
684,train,gtaV,streetViewData\train\gtaV\mask\00471.png,streetViewData\train\gtaV\img\00471.png
685,train,gtaV,streetViewData\train\gtaV\mask\01461.png,streetViewData\train\gtaV\img\01461.png
686,train,gtaV,streetViewData\train\gtaV\mask\00496.png,streetViewData\train\gtaV\img\00496.png
687,train,gtaV,streetViewData\train\gtaV\mask\01847.png,streetViewData\train\gtaV\img\01847.png
688,train,gtaV,streetViewData\train\gtaV\mask\02130.png,streetViewData\train\gtaV\img\02130.png
689,train,gtaV,streetViewData\train\gtaV\mask\01671.png,streetViewData\train\gtaV\img\01671.png
690,train,gtaV,streetViewData\train\gtaV\mask\01746.png,streetViewData\train\gtaV\img\01746.png
691,train,gtaV,streetViewData\train\gtaV\mask\01160.png,streetViewData\train\gtaV\img\01160.png
692,train,gtaV,streetViewData\train\gtaV\mask\01433.png,streetViewData\train\gtaV\img\01433.png
693,train,gtaV,streetViewData\train\gtaV\mask\01781.png,streetViewData\train\gtaV\img\01781.png
694,train,gtaV,streetViewData\train\gtaV\mask\01560.png,streetViewData\train\gtaV\img\01560.png
695,train,gtaV,streetViewData\train\gtaV\mask\01400.png,streetViewData\train\gtaV\img\01400.png
696,train,gtaV,streetViewData\train\gtaV\mask\02426.png,streetViewData\train\gtaV\img\02426.png
697,train,gtaV,streetViewData\train\gtaV\mask\01440.png,streetViewData\train\gtaV\img\01440.png
698,train,gtaV,streetViewData\train\gtaV\mask\00712.png,streetViewData\train\gtaV\img\00712.png
699,train,gtaV,streetViewData\train\gtaV\mask\01499.png,streetViewData\train\gtaV\img\01499.png
700,train,gtaV,streetViewData\train\gtaV\mask\01448.png,streetViewData\train\gtaV\img\01448.png
701,train,gtaV,streetViewData\train\gtaV\mask\01041.png,streetViewData\train\gtaV\img\01041.png
702,train,gtaV,streetViewData\train\gtaV\mask\01017.png,streetViewData\train\gtaV\img\01017.png
703,train,gtaV,streetViewData\train\gtaV\mask\01078.png,streetViewData\train\gtaV\img\01078.png
704,train,gtaV,streetViewData\train\gtaV\mask\01594.png,streetViewData\train\gtaV\img\01594.png
705,train,gtaV,streetViewData\train\gtaV\mask\01519.png,streetViewData\train\gtaV\img\01519.png
706,train,gtaV,streetViewData\train\gtaV\mask\01810.png,streetViewData\train\gtaV\img\01810.png
707,train,gtaV,streetViewData\train\gtaV\mask\01000.png,streetViewData\train\gtaV\img\01000.png
708,train,gtaV,streetViewData\train\gtaV\mask\01073.png,streetViewData\train\gtaV\img\01073.png
709,train,gtaV,streetViewData\train\gtaV\mask\01427.png,streetViewData\train\gtaV\img\01427.png
710,train,gtaV,streetViewData\train\gtaV\mask\00376.png,streetViewData\train\gtaV\img\00376.png
711,train,gtaV,streetViewData\train\gtaV\mask\01096.png,streetViewData\train\gtaV\img\01096.png
712,train,gtaV,streetViewData\train\gtaV\mask\00991.png,streetViewData\train\gtaV\img\00991.png
713,train,gtaV,streetViewData\train\gtaV\mask\01067.png,streetViewData\train\gtaV\img\01067.png
714,train,gtaV,streetViewData\train\gtaV\mask\01198.png,streetViewData\train\gtaV\img\01198.png
715,train,gtaV,streetViewData\train\gtaV\mask\01165.png,streetViewData\train\gtaV\img\01165.png
716,train,gtaV,streetViewData\train\gtaV\mask\01633.png,streetViewData\train\gtaV\img\01633.png
717,train,gtaV,streetViewData\train\gtaV\mask\00383.png,streetViewData\train\gtaV\img\00383.png
718,train,gtaV,streetViewData\train\gtaV\mask\02364.png,streetViewData\train\gtaV\img\02364.png
719,train,gtaV,streetViewData\train\gtaV\mask\00695.png,streetViewData\train\gtaV\img\00695.png
720,train,gtaV,streetViewData\train\gtaV\mask\00984.png,streetViewData\train\gtaV\img\00984.png
721,train,gtaV,streetViewData\train\gtaV\mask\01295.png,streetViewData\train\gtaV\img\01295.png
722,train,gtaV,streetViewData\train\gtaV\mask\00699.png,streetViewData\train\gtaV\img\00699.png
723,train,gtaV,streetViewData\train\gtaV\mask\02456.png,streetViewData\train\gtaV\img\02456.png
724,train,gtaV,streetViewData\train\gtaV\mask\02248.png,streetViewData\train\gtaV\img\02248.png
725,train,gtaV,streetViewData\train\gtaV\mask\01376.png,streetViewData\train\gtaV\img\01376.png
726,train,gtaV,streetViewData\train\gtaV\mask\01361.png,streetViewData\train\gtaV\img\01361.png
727,train,gtaV,streetViewData\train\gtaV\mask\01188.png,streetViewData\train\gtaV\img\01188.png
728,train,gtaV,streetViewData\train\gtaV\mask\01638.png,streetViewData\train\gtaV\img\01638.png
729,train,gtaV,streetViewData\train\gtaV\mask\01481.png,streetViewData\train\gtaV\img\01481.png
730,train,gtaV,streetViewData\train\gtaV\mask\01378.png,streetViewData\train\gtaV\img\01378.png
731,train,gtaV,streetViewData\train\gtaV\mask\00345.png,streetViewData\train\gtaV\img\00345.png
732,train,gtaV,streetViewData\train\gtaV\mask\00934.png,streetViewData\train\gtaV\img\00934.png
733,train,gtaV,streetViewData\train\gtaV\mask\01387.png,streetViewData\train\gtaV\img\01387.png
734,train,gtaV,streetViewData\train\gtaV\mask\01308.png,streetViewData\train\gtaV\img\01308.png
735,train,gtaV,streetViewData\train\gtaV\mask\02217.png,streetViewData\train\gtaV\img\02217.png
736,train,gtaV,streetViewData\train\gtaV\mask\00076.png,streetViewData\train\gtaV\img\00076.png
737,train,gtaV,streetViewData\train\gtaV\mask\01706.png,streetViewData\train\gtaV\img\01706.png
738,train,gtaV,streetViewData\train\gtaV\mask\01290.png,streetViewData\train\gtaV\img\01290.png
739,train,gtaV,streetViewData\train\gtaV\mask\02158.png,streetViewData\train\gtaV\img\02158.png
740,train,gtaV,streetViewData\train\gtaV\mask\00015.png,streetViewData\train\gtaV\img\00015.png
741,train,gtaV,streetViewData\train\gtaV\mask\01231.png,streetViewData\train\gtaV\img\01231.png
742,train,gtaV,streetViewData\train\gtaV\mask\02312.png,streetViewData\train\gtaV\img\02312.png
743,train,gtaV,streetViewData\train\gtaV\mask\01309.png,streetViewData\train\gtaV\img\01309.png
744,train,gtaV,streetViewData\train\gtaV\mask\02443.png,streetViewData\train\gtaV\img\02443.png
745,train,gtaV,streetViewData\train\gtaV\mask\01930.png,streetViewData\train\gtaV\img\01930.png
746,train,gtaV,streetViewData\train\gtaV\mask\01645.png,streetViewData\train\gtaV\img\01645.png
747,train,gtaV,streetViewData\train\gtaV\mask\01762.png,streetViewData\train\gtaV\img\01762.png
748,train,gtaV,streetViewData\train\gtaV\mask\02241.png,streetViewData\train\gtaV\img\02241.png
749,train,gtaV,streetViewData\train\gtaV\mask\01526.png,streetViewData\train\gtaV\img\01526.png
750,train,gtaV,streetViewData\train\gtaV\mask\02369.png,streetViewData\train\gtaV\img\02369.png
751,train,gtaV,streetViewData\train\gtaV\mask\01069.png,streetViewData\train\gtaV\img\01069.png
752,train,gtaV,streetViewData\train\gtaV\mask\01419.png,streetViewData\train\gtaV\img\01419.png
753,train,gtaV,streetViewData\train\gtaV\mask\02168.png,streetViewData\train\gtaV\img\02168.png
754,train,gtaV,streetViewData\train\gtaV\mask\00095.png,streetViewData\train\gtaV\img\00095.png
755,train,gtaV,streetViewData\train\gtaV\mask\01307.png,streetViewData\train\gtaV\img\01307.png
756,train,gtaV,streetViewData\train\gtaV\mask\01199.png,streetViewData\train\gtaV\img\01199.png
757,train,gtaV,streetViewData\train\gtaV\mask\01355.png,streetViewData\train\gtaV\img\01355.png
758,train,gtaV,streetViewData\train\gtaV\mask\02271.png,streetViewData\train\gtaV\img\02271.png
759,train,gtaV,streetViewData\train\gtaV\mask\01484.png,streetViewData\train\gtaV\img\01484.png
760,train,gtaV,streetViewData\train\gtaV\mask\02009.png,streetViewData\train\gtaV\img\02009.png
761,train,gtaV,streetViewData\train\gtaV\mask\02417.png,streetViewData\train\gtaV\img\02417.png
762,train,gtaV,streetViewData\train\gtaV\mask\00091.png,streetViewData\train\gtaV\img\00091.png
763,train,gtaV,streetViewData\train\gtaV\mask\01317.png,streetViewData\train\gtaV\img\01317.png
764,train,gtaV,streetViewData\train\gtaV\mask\01739.png,streetViewData\train\gtaV\img\01739.png
765,train,gtaV,streetViewData\train\gtaV\mask\01682.png,streetViewData\train\gtaV\img\01682.png
766,train,gtaV,streetViewData\train\gtaV\mask\02049.png,streetViewData\train\gtaV\img\02049.png
767,train,gtaV,streetViewData\train\gtaV\mask\00394.png,streetViewData\train\gtaV\img\00394.png
768,train,gtaV,streetViewData\train\gtaV\mask\02370.png,streetViewData\train\gtaV\img\02370.png
769,train,gtaV,streetViewData\train\gtaV\mask\00500.png,streetViewData\train\gtaV\img\00500.png
770,train,gtaV,streetViewData\train\gtaV\mask\01472.png,streetViewData\train\gtaV\img\01472.png
771,train,gtaV,streetViewData\train\gtaV\mask\00864.png,streetViewData\train\gtaV\img\00864.png
772,train,gtaV,streetViewData\train\gtaV\mask\01846.png,streetViewData\train\gtaV\img\01846.png
773,train,gtaV,streetViewData\train\gtaV\mask\01043.png,streetViewData\train\gtaV\img\01043.png
774,train,gtaV,streetViewData\train\gtaV\mask\01905.png,streetViewData\train\gtaV\img\01905.png
775,train,gtaV,streetViewData\train\gtaV\mask\01181.png,streetViewData\train\gtaV\img\01181.png
776,train,gtaV,streetViewData\train\gtaV\mask\02266.png,streetViewData\train\gtaV\img\02266.png
777,train,gtaV,streetViewData\train\gtaV\mask\02156.png,streetViewData\train\gtaV\img\02156.png
778,train,gtaV,streetViewData\train\gtaV\mask\01180.png,streetViewData\train\gtaV\img\01180.png
779,train,gtaV,streetViewData\train\gtaV\mask\01202.png,streetViewData\train\gtaV\img\01202.png
780,train,gtaV,streetViewData\train\gtaV\mask\02298.png,streetViewData\train\gtaV\img\02298.png
781,train,gtaV,streetViewData\train\gtaV\mask\02435.png,streetViewData\train\gtaV\img\02435.png
782,train,gtaV,streetViewData\train\gtaV\mask\01390.png,streetViewData\train\gtaV\img\01390.png
783,train,gtaV,streetViewData\train\gtaV\mask\01027.png,streetViewData\train\gtaV\img\01027.png
784,train,gtaV,streetViewData\train\gtaV\mask\02111.png,streetViewData\train\gtaV\img\02111.png
785,train,gtaV,streetViewData\train\gtaV\mask\01977.png,streetViewData\train\gtaV\img\01977.png
786,train,gtaV,streetViewData\train\gtaV\mask\02295.png,streetViewData\train\gtaV\img\02295.png
787,train,gtaV,streetViewData\train\gtaV\mask\02224.png,streetViewData\train\gtaV\img\02224.png
788,train,gtaV,streetViewData\train\gtaV\mask\00142.png,streetViewData\train\gtaV\img\00142.png
789,train,gtaV,streetViewData\train\gtaV\mask\01973.png,streetViewData\train\gtaV\img\01973.png
790,train,gtaV,streetViewData\train\gtaV\mask\00970.png,streetViewData\train\gtaV\img\00970.png
791,train,gtaV,streetViewData\train\gtaV\mask\02076.png,streetViewData\train\gtaV\img\02076.png
792,train,gtaV,streetViewData\train\gtaV\mask\00118.png,streetViewData\train\gtaV\img\00118.png
793,train,gtaV,streetViewData\train\gtaV\mask\00099.png,streetViewData\train\gtaV\img\00099.png
794,train,gtaV,streetViewData\train\gtaV\mask\02515.png,streetViewData\train\gtaV\img\02515.png
795,train,gtaV,streetViewData\train\gtaV\mask\01975.png,streetViewData\train\gtaV\img\01975.png
796,train,gtaV,streetViewData\train\gtaV\mask\00077.png,streetViewData\train\gtaV\img\00077.png
797,train,gtaV,streetViewData\train\gtaV\mask\01805.png,streetViewData\train\gtaV\img\01805.png
798,train,gtaV,streetViewData\train\gtaV\mask\02099.png,streetViewData\train\gtaV\img\02099.png
799,train,gtaV,streetViewData\train\gtaV\mask\00481.png,streetViewData\train\gtaV\img\00481.png
800,train,gtaV,streetViewData\train\gtaV\mask\01884.png,streetViewData\train\gtaV\img\01884.png
801,train,gtaV,streetViewData\train\gtaV\mask\02337.png,streetViewData\train\gtaV\img\02337.png
802,train,gtaV,streetViewData\train\gtaV\mask\01780.png,streetViewData\train\gtaV\img\01780.png
803,train,gtaV,streetViewData\train\gtaV\mask\00957.png,streetViewData\train\gtaV\img\00957.png
804,train,gtaV,streetViewData\train\gtaV\mask\01889.png,streetViewData\train\gtaV\img\01889.png
805,train,gtaV,streetViewData\train\gtaV\mask\01035.png,streetViewData\train\gtaV\img\01035.png
806,train,gtaV,streetViewData\train\gtaV\mask\01266.png,streetViewData\train\gtaV\img\01266.png
807,train,gtaV,streetViewData\train\gtaV\mask\00835.png,streetViewData\train\gtaV\img\00835.png
808,train,gtaV,streetViewData\train\gtaV\mask\01726.png,streetViewData\train\gtaV\img\01726.png
809,train,gtaV,streetViewData\train\gtaV\mask\00827.png,streetViewData\train\gtaV\img\00827.png
810,train,gtaV,streetViewData\train\gtaV\mask\01148.png,streetViewData\train\gtaV\img\01148.png
811,train,gtaV,streetViewData\train\gtaV\mask\01980.png,streetViewData\train\gtaV\img\01980.png
812,train,gtaV,streetViewData\train\gtaV\mask\02115.png,streetViewData\train\gtaV\img\02115.png
813,train,gtaV,streetViewData\train\gtaV\mask\00088.png,streetViewData\train\gtaV\img\00088.png
814,train,gtaV,streetViewData\train\gtaV\mask\02259.png,streetViewData\train\gtaV\img\02259.png
815,train,gtaV,streetViewData\train\gtaV\mask\01790.png,streetViewData\train\gtaV\img\01790.png
816,train,gtaV,streetViewData\train\gtaV\mask\01279.png,streetViewData\train\gtaV\img\01279.png
817,train,gtaV,streetViewData\train\gtaV\mask\01323.png,streetViewData\train\gtaV\img\01323.png
818,train,gtaV,streetViewData\train\gtaV\mask\00898.png,streetViewData\train\gtaV\img\00898.png
819,train,gtaV,streetViewData\train\gtaV\mask\00373.png,streetViewData\train\gtaV\img\00373.png
820,train,gtaV,streetViewData\train\gtaV\mask\02218.png,streetViewData\train\gtaV\img\02218.png
821,train,gtaV,streetViewData\train\gtaV\mask\00431.png,streetViewData\train\gtaV\img\00431.png
822,train,gtaV,streetViewData\train\gtaV\mask\01128.png,streetViewData\train\gtaV\img\01128.png
823,train,gtaV,streetViewData\train\gtaV\mask\02251.png,streetViewData\train\gtaV\img\02251.png
824,train,gtaV,streetViewData\train\gtaV\mask\01686.png,streetViewData\train\gtaV\img\01686.png
825,train,gtaV,streetViewData\train\gtaV\mask\00120.png,streetViewData\train\gtaV\img\00120.png
826,train,gtaV,streetViewData\train\gtaV\mask\01222.png,streetViewData\train\gtaV\img\01222.png
827,train,gtaV,streetViewData\train\gtaV\mask\01618.png,streetViewData\train\gtaV\img\01618.png
828,train,gtaV,streetViewData\train\gtaV\mask\02503.png,streetViewData\train\gtaV\img\02503.png
829,train,gtaV,streetViewData\train\gtaV\mask\02429.png,streetViewData\train\gtaV\img\02429.png
830,train,gtaV,streetViewData\train\gtaV\mask\02280.png,streetViewData\train\gtaV\img\02280.png
831,train,gtaV,streetViewData\train\gtaV\mask\02080.png,streetViewData\train\gtaV\img\02080.png
832,train,gtaV,streetViewData\train\gtaV\mask\01209.png,streetViewData\train\gtaV\img\01209.png
833,train,gtaV,streetViewData\train\gtaV\mask\00041.png,streetViewData\train\gtaV\img\00041.png
834,train,gtaV,streetViewData\train\gtaV\mask\01794.png,streetViewData\train\gtaV\img\01794.png
835,train,gtaV,streetViewData\train\gtaV\mask\01530.png,streetViewData\train\gtaV\img\01530.png
836,train,gtaV,streetViewData\train\gtaV\mask\00439.png,streetViewData\train\gtaV\img\00439.png
837,train,gtaV,streetViewData\train\gtaV\mask\01414.png,streetViewData\train\gtaV\img\01414.png
838,train,gtaV,streetViewData\train\gtaV\mask\02366.png,streetViewData\train\gtaV\img\02366.png
839,train,gtaV,streetViewData\train\gtaV\mask\01468.png,streetViewData\train\gtaV\img\01468.png
840,train,gtaV,streetViewData\train\gtaV\mask\02306.png,streetViewData\train\gtaV\img\02306.png
841,train,gtaV,streetViewData\train\gtaV\mask\01418.png,streetViewData\train\gtaV\img\01418.png
842,train,gtaV,streetViewData\train\gtaV\mask\01849.png,streetViewData\train\gtaV\img\01849.png
843,train,gtaV,streetViewData\train\gtaV\mask\01595.png,streetViewData\train\gtaV\img\01595.png
844,train,gtaV,streetViewData\train\gtaV\mask\01064.png,streetViewData\train\gtaV\img\01064.png
845,train,gtaV,streetViewData\train\gtaV\mask\01782.png,streetViewData\train\gtaV\img\01782.png
846,train,gtaV,streetViewData\train\gtaV\mask\01517.png,streetViewData\train\gtaV\img\01517.png
847,train,gtaV,streetViewData\train\gtaV\mask\01792.png,streetViewData\train\gtaV\img\01792.png
848,train,gtaV,streetViewData\train\gtaV\mask\01775.png,streetViewData\train\gtaV\img\01775.png
849,train,gtaV,streetViewData\train\gtaV\mask\01060.png,streetViewData\train\gtaV\img\01060.png
850,train,gtaV,streetViewData\train\gtaV\mask\01171.png,streetViewData\train\gtaV\img\01171.png
851,train,gtaV,streetViewData\train\gtaV\mask\01013.png,streetViewData\train\gtaV\img\01013.png
852,train,gtaV,streetViewData\train\gtaV\mask\00400.png,streetViewData\train\gtaV\img\00400.png
853,train,gtaV,streetViewData\train\gtaV\mask\01962.png,streetViewData\train\gtaV\img\01962.png
854,train,gtaV,streetViewData\train\gtaV\mask\01450.png,streetViewData\train\gtaV\img\01450.png
855,train,gtaV,streetViewData\train\gtaV\mask\01855.png,streetViewData\train\gtaV\img\01855.png
856,train,gtaV,streetViewData\train\gtaV\mask\01960.png,streetViewData\train\gtaV\img\01960.png
857,train,gtaV,streetViewData\train\gtaV\mask\02346.png,streetViewData\train\gtaV\img\02346.png
858,train,gtaV,streetViewData\train\gtaV\mask\01771.png,streetViewData\train\gtaV\img\01771.png
859,train,gtaV,streetViewData\train\gtaV\mask\00094.png,streetViewData\train\gtaV\img\00094.png
860,train,gtaV,streetViewData\train\gtaV\mask\02256.png,streetViewData\train\gtaV\img\02256.png
861,train,gtaV,streetViewData\train\gtaV\mask\01176.png,streetViewData\train\gtaV\img\01176.png
862,train,gtaV,streetViewData\train\gtaV\mask\01756.png,streetViewData\train\gtaV\img\01756.png
863,train,gtaV,streetViewData\train\gtaV\mask\01525.png,streetViewData\train\gtaV\img\01525.png
864,train,gtaV,streetViewData\train\gtaV\mask\00945.png,streetViewData\train\gtaV\img\00945.png
865,train,gtaV,streetViewData\train\gtaV\mask\01237.png,streetViewData\train\gtaV\img\01237.png
866,train,gtaV,streetViewData\train\gtaV\mask\01040.png,streetViewData\train\gtaV\img\01040.png
867,train,gtaV,streetViewData\train\gtaV\mask\01208.png,streetViewData\train\gtaV\img\01208.png
868,train,gtaV,streetViewData\train\gtaV\mask\01083.png,streetViewData\train\gtaV\img\01083.png
869,train,gtaV,streetViewData\train\gtaV\mask\01076.png,streetViewData\train\gtaV\img\01076.png
870,train,gtaV,streetViewData\train\gtaV\mask\00023.png,streetViewData\train\gtaV\img\00023.png
871,train,gtaV,streetViewData\train\gtaV\mask\01585.png,streetViewData\train\gtaV\img\01585.png
872,train,gtaV,streetViewData\train\gtaV\mask\00883.png,streetViewData\train\gtaV\img\00883.png
873,train,gtaV,streetViewData\train\gtaV\mask\02284.png,streetViewData\train\gtaV\img\02284.png
874,train,gtaV,streetViewData\train\gtaV\mask\01005.png,streetViewData\train\gtaV\img\01005.png
875,train,gtaV,streetViewData\train\gtaV\mask\02054.png,streetViewData\train\gtaV\img\02054.png
876,train,gtaV,streetViewData\train\gtaV\mask\02040.png,streetViewData\train\gtaV\img\02040.png
877,train,gtaV,streetViewData\train\gtaV\mask\01003.png,streetViewData\train\gtaV\img\01003.png
878,train,gtaV,streetViewData\train\gtaV\mask\01502.png,streetViewData\train\gtaV\img\01502.png
879,train,gtaV,streetViewData\train\gtaV\mask\01532.png,streetViewData\train\gtaV\img\01532.png
880,train,gtaV,streetViewData\train\gtaV\mask\01444.png,streetViewData\train\gtaV\img\01444.png
881,train,gtaV,streetViewData\train\gtaV\mask\00066.png,streetViewData\train\gtaV\img\00066.png
882,train,gtaV,streetViewData\train\gtaV\mask\00413.png,streetViewData\train\gtaV\img\00413.png
883,train,gtaV,streetViewData\train\gtaV\mask\01113.png,streetViewData\train\gtaV\img\01113.png
884,train,gtaV,streetViewData\train\gtaV\mask\00964.png,streetViewData\train\gtaV\img\00964.png
885,train,gtaV,streetViewData\train\gtaV\mask\01770.png,streetViewData\train\gtaV\img\01770.png
886,train,gtaV,streetViewData\train\gtaV\mask\01009.png,streetViewData\train\gtaV\img\01009.png
887,train,gtaV,streetViewData\train\gtaV\mask\01138.png,streetViewData\train\gtaV\img\01138.png
888,train,gtaV,streetViewData\train\gtaV\mask\01721.png,streetViewData\train\gtaV\img\01721.png
889,train,gtaV,streetViewData\train\gtaV\mask\01727.png,streetViewData\train\gtaV\img\01727.png
890,train,gtaV,streetViewData\train\gtaV\mask\02331.png,streetViewData\train\gtaV\img\02331.png
891,train,gtaV,streetViewData\train\gtaV\mask\02470.png,streetViewData\train\gtaV\img\02470.png
892,train,gtaV,streetViewData\train\gtaV\mask\01398.png,streetViewData\train\gtaV\img\01398.png
893,train,gtaV,streetViewData\train\gtaV\mask\01800.png,streetViewData\train\gtaV\img\01800.png
894,train,gtaV,streetViewData\train\gtaV\mask\01786.png,streetViewData\train\gtaV\img\01786.png
895,train,gtaV,streetViewData\train\gtaV\mask\02325.png,streetViewData\train\gtaV\img\02325.png
896,train,gtaV,streetViewData\train\gtaV\mask\01065.png,streetViewData\train\gtaV\img\01065.png
897,train,gtaV,streetViewData\train\gtaV\mask\01640.png,streetViewData\train\gtaV\img\01640.png
898,train,gtaV,streetViewData\train\gtaV\mask\02039.png,streetViewData\train\gtaV\img\02039.png
899,train,gtaV,streetViewData\train\gtaV\mask\00983.png,streetViewData\train\gtaV\img\00983.png
900,train,gtaV,streetViewData\train\gtaV\mask\01704.png,streetViewData\train\gtaV\img\01704.png
901,train,gtaV,streetViewData\train\gtaV\mask\00886.png,streetViewData\train\gtaV\img\00886.png
902,train,gtaV,streetViewData\train\gtaV\mask\02396.png,streetViewData\train\gtaV\img\02396.png
903,train,gtaV,streetViewData\train\gtaV\mask\00467.png,streetViewData\train\gtaV\img\00467.png
904,train,gtaV,streetViewData\train\gtaV\mask\00871.png,streetViewData\train\gtaV\img\00871.png
905,train,gtaV,streetViewData\train\gtaV\mask\01908.png,streetViewData\train\gtaV\img\01908.png
906,train,gtaV,streetViewData\train\gtaV\mask\00954.png,streetViewData\train\gtaV\img\00954.png
907,train,gtaV,streetViewData\train\gtaV\mask\01518.png,streetViewData\train\gtaV\img\01518.png
908,train,gtaV,streetViewData\train\gtaV\mask\02034.png,streetViewData\train\gtaV\img\02034.png
909,train,gtaV,streetViewData\train\gtaV\mask\01601.png,streetViewData\train\gtaV\img\01601.png
910,train,gtaV,streetViewData\train\gtaV\mask\01090.png,streetViewData\train\gtaV\img\01090.png
911,train,gtaV,streetViewData\train\gtaV\mask\00428.png,streetViewData\train\gtaV\img\00428.png
912,train,gtaV,streetViewData\train\gtaV\mask\00889.png,streetViewData\train\gtaV\img\00889.png
913,train,gtaV,streetViewData\train\gtaV\mask\01117.png,streetViewData\train\gtaV\img\01117.png
914,train,gtaV,streetViewData\train\gtaV\mask\00976.png,streetViewData\train\gtaV\img\00976.png
915,train,gtaV,streetViewData\train\gtaV\mask\01250.png,streetViewData\train\gtaV\img\01250.png
916,train,gtaV,streetViewData\train\gtaV\mask\01988.png,streetViewData\train\gtaV\img\01988.png
917,train,gtaV,streetViewData\train\gtaV\mask\02068.png,streetViewData\train\gtaV\img\02068.png
918,train,gtaV,streetViewData\train\gtaV\mask\00057.png,streetViewData\train\gtaV\img\00057.png
919,train,gtaV,streetViewData\train\gtaV\mask\00482.png,streetViewData\train\gtaV\img\00482.png
920,train,gtaV,streetViewData\train\gtaV\mask\01072.png,streetViewData\train\gtaV\img\01072.png
921,train,gtaV,streetViewData\train\gtaV\mask\02446.png,streetViewData\train\gtaV\img\02446.png
922,train,gtaV,streetViewData\train\gtaV\mask\00241.png,streetViewData\train\gtaV\img\00241.png
923,train,gtaV,streetViewData\train\gtaV\mask\01109.png,streetViewData\train\gtaV\img\01109.png
924,train,gtaV,streetViewData\train\gtaV\mask\01728.png,streetViewData\train\gtaV\img\01728.png
925,train,gtaV,streetViewData\train\gtaV\mask\01648.png,streetViewData\train\gtaV\img\01648.png
926,train,gtaV,streetViewData\train\gtaV\mask\01999.png,streetViewData\train\gtaV\img\01999.png
927,train,gtaV,streetViewData\train\gtaV\mask\01694.png,streetViewData\train\gtaV\img\01694.png
928,train,gtaV,streetViewData\train\gtaV\mask\01093.png,streetViewData\train\gtaV\img\01093.png
929,train,gtaV,streetViewData\train\gtaV\mask\01488.png,streetViewData\train\gtaV\img\01488.png
930,train,gtaV,streetViewData\train\gtaV\mask\01507.png,streetViewData\train\gtaV\img\01507.png
931,train,gtaV,streetViewData\train\gtaV\mask\01429.png,streetViewData\train\gtaV\img\01429.png
932,train,gtaV,streetViewData\train\gtaV\mask\02053.png,streetViewData\train\gtaV\img\02053.png
933,train,gtaV,streetViewData\train\gtaV\mask\00869.png,streetViewData\train\gtaV\img\00869.png
934,train,gtaV,streetViewData\train\gtaV\mask\00141.png,streetViewData\train\gtaV\img\00141.png
935,train,gtaV,streetViewData\train\gtaV\mask\01028.png,streetViewData\train\gtaV\img\01028.png
936,train,gtaV,streetViewData\train\gtaV\mask\01505.png,streetViewData\train\gtaV\img\01505.png
937,train,gtaV,streetViewData\train\gtaV\mask\00456.png,streetViewData\train\gtaV\img\00456.png
938,train,gtaV,streetViewData\train\gtaV\mask\00351.png,streetViewData\train\gtaV\img\00351.png
939,train,gtaV,streetViewData\train\gtaV\mask\01331.png,streetViewData\train\gtaV\img\01331.png
940,train,gtaV,streetViewData\train\gtaV\mask\01534.png,streetViewData\train\gtaV\img\01534.png
941,train,gtaV,streetViewData\train\gtaV\mask\00369.png,streetViewData\train\gtaV\img\00369.png
942,train,gtaV,streetViewData\train\gtaV\mask\00145.png,streetViewData\train\gtaV\img\00145.png
943,train,gtaV,streetViewData\train\gtaV\mask\00697.png,streetViewData\train\gtaV\img\00697.png
944,train,gtaV,streetViewData\train\gtaV\mask\02017.png,streetViewData\train\gtaV\img\02017.png
945,train,gtaV,streetViewData\train\gtaV\mask\02227.png,streetViewData\train\gtaV\img\02227.png
946,train,gtaV,streetViewData\train\gtaV\mask\00397.png,streetViewData\train\gtaV\img\00397.png
947,train,gtaV,streetViewData\train\gtaV\mask\01984.png,streetViewData\train\gtaV\img\01984.png
948,train,gtaV,streetViewData\train\gtaV\mask\00465.png,streetViewData\train\gtaV\img\00465.png
949,train,gtaV,streetViewData\train\gtaV\mask\01379.png,streetViewData\train\gtaV\img\01379.png
950,train,gtaV,streetViewData\train\gtaV\mask\00973.png,streetViewData\train\gtaV\img\00973.png
951,train,gtaV,streetViewData\train\gtaV\mask\01789.png,streetViewData\train\gtaV\img\01789.png
952,train,gtaV,streetViewData\train\gtaV\mask\01449.png,streetViewData\train\gtaV\img\01449.png
953,train,gtaV,streetViewData\train\gtaV\mask\02310.png,streetViewData\train\gtaV\img\02310.png
954,train,gtaV,streetViewData\train\gtaV\mask\01119.png,streetViewData\train\gtaV\img\01119.png
955,train,gtaV,streetViewData\train\gtaV\mask\01405.png,streetViewData\train\gtaV\img\01405.png
956,train,gtaV,streetViewData\train\gtaV\mask\02024.png,streetViewData\train\gtaV\img\02024.png
957,train,gtaV,streetViewData\train\gtaV\mask\00341.png,streetViewData\train\gtaV\img\00341.png
958,train,gtaV,streetViewData\train\gtaV\mask\00426.png,streetViewData\train\gtaV\img\00426.png
959,train,gtaV,streetViewData\train\gtaV\mask\00936.png,streetViewData\train\gtaV\img\00936.png
960,train,gtaV,streetViewData\train\gtaV\mask\02392.png,streetViewData\train\gtaV\img\02392.png
961,train,gtaV,streetViewData\train\gtaV\mask\02057.png,streetViewData\train\gtaV\img\02057.png
962,train,gtaV,streetViewData\train\gtaV\mask\00384.png,streetViewData\train\gtaV\img\00384.png
963,train,gtaV,streetViewData\train\gtaV\mask\00708.png,streetViewData\train\gtaV\img\00708.png
964,train,gtaV,streetViewData\train\gtaV\mask\01002.png,streetViewData\train\gtaV\img\01002.png
965,train,gtaV,streetViewData\train\gtaV\mask\00847.png,streetViewData\train\gtaV\img\00847.png
966,train,gtaV,streetViewData\train\gtaV\mask\00371.png,streetViewData\train\gtaV\img\00371.png
967,train,gtaV,streetViewData\train\gtaV\mask\00707.png,streetViewData\train\gtaV\img\00707.png
968,train,gtaV,streetViewData\train\gtaV\mask\00008.png,streetViewData\train\gtaV\img\00008.png
969,train,gtaV,streetViewData\train\gtaV\mask\01914.png,streetViewData\train\gtaV\img\01914.png
970,train,gtaV,streetViewData\train\gtaV\mask\01575.png,streetViewData\train\gtaV\img\01575.png
971,train,gtaV,streetViewData\train\gtaV\mask\01489.png,streetViewData\train\gtaV\img\01489.png
972,train,gtaV,streetViewData\train\gtaV\mask\01107.png,streetViewData\train\gtaV\img\01107.png
973,train,gtaV,streetViewData\train\gtaV\mask\00102.png,streetViewData\train\gtaV\img\00102.png
974,train,gtaV,streetViewData\train\gtaV\mask\00985.png,streetViewData\train\gtaV\img\00985.png
975,train,gtaV,streetViewData\train\gtaV\mask\01101.png,streetViewData\train\gtaV\img\01101.png
976,train,gtaV,streetViewData\train\gtaV\mask\02440.png,streetViewData\train\gtaV\img\02440.png
977,train,gtaV,streetViewData\train\gtaV\mask\01632.png,streetViewData\train\gtaV\img\01632.png
978,train,gtaV,streetViewData\train\gtaV\mask\00108.png,streetViewData\train\gtaV\img\00108.png
979,train,gtaV,streetViewData\train\gtaV\mask\01214.png,streetViewData\train\gtaV\img\01214.png
980,train,gtaV,streetViewData\train\gtaV\mask\00462.png,streetViewData\train\gtaV\img\00462.png
981,train,gtaV,streetViewData\train\gtaV\mask\02413.png,streetViewData\train\gtaV\img\02413.png
982,train,gtaV,streetViewData\train\gtaV\mask\02223.png,streetViewData\train\gtaV\img\02223.png
983,train,gtaV,streetViewData\train\gtaV\mask\01764.png,streetViewData\train\gtaV\img\01764.png
984,train,gtaV,streetViewData\train\gtaV\mask\02097.png,streetViewData\train\gtaV\img\02097.png
985,train,gtaV,streetViewData\train\gtaV\mask\01151.png,streetViewData\train\gtaV\img\01151.png
986,train,gtaV,streetViewData\train\gtaV\mask\01114.png,streetViewData\train\gtaV\img\01114.png
987,train,gtaV,streetViewData\train\gtaV\mask\02397.png,streetViewData\train\gtaV\img\02397.png
988,train,gtaV,streetViewData\train\gtaV\mask\01350.png,streetViewData\train\gtaV\img\01350.png
989,train,gtaV,streetViewData\train\gtaV\mask\02205.png,streetViewData\train\gtaV\img\02205.png
990,train,gtaV,streetViewData\train\gtaV\mask\00425.png,streetViewData\train\gtaV\img\00425.png
991,train,gtaV,streetViewData\train\gtaV\mask\02387.png,streetViewData\train\gtaV\img\02387.png
992,train,gtaV,streetViewData\train\gtaV\mask\02135.png,streetViewData\train\gtaV\img\02135.png
993,train,gtaV,streetViewData\train\gtaV\mask\02051.png,streetViewData\train\gtaV\img\02051.png
994,train,gtaV,streetViewData\train\gtaV\mask\00453.png,streetViewData\train\gtaV\img\00453.png
995,train,gtaV,streetViewData\train\gtaV\mask\02297.png,streetViewData\train\gtaV\img\02297.png
996,train,gtaV,streetViewData\train\gtaV\mask\00370.png,streetViewData\train\gtaV\img\00370.png
997,train,gtaV,streetViewData\train\gtaV\mask\01457.png,streetViewData\train\gtaV\img\01457.png
998,train,gtaV,streetViewData\train\gtaV\mask\00495.png,streetViewData\train\gtaV\img\00495.png
999,train,gtaV,streetViewData\train\gtaV\mask\01373.png,streetViewData\train\gtaV\img\01373.png
1000,train,gtaV,streetViewData\train\gtaV\mask\02231.png,streetViewData\train\gtaV\img\02231.png
1001,train,gtaV,streetViewData\train\gtaV\mask\02015.png,streetViewData\train\gtaV\img\02015.png
1002,train,gtaV,streetViewData\train\gtaV\mask\02508.png,streetViewData\train\gtaV\img\02508.png
1003,train,gtaV,streetViewData\train\gtaV\mask\00392.png,streetViewData\train\gtaV\img\00392.png
1004,train,gtaV,streetViewData\train\gtaV\mask\01322.png,streetViewData\train\gtaV\img\01322.png
1005,train,gtaV,streetViewData\train\gtaV\mask\00701.png,streetViewData\train\gtaV\img\00701.png
1006,train,gtaV,streetViewData\train\gtaV\mask\01120.png,streetViewData\train\gtaV\img\01120.png
1007,train,gtaV,streetViewData\train\gtaV\mask\01277.png,streetViewData\train\gtaV\img\01277.png
1008,train,gtaV,streetViewData\train\gtaV\mask\01990.png,streetViewData\train\gtaV\img\01990.png
1009,train,gtaV,streetViewData\train\gtaV\mask\01599.png,streetViewData\train\gtaV\img\01599.png
1010,train,gtaV,streetViewData\train\gtaV\mask\01470.png,streetViewData\train\gtaV\img\01470.png
1011,train,gtaV,streetViewData\train\gtaV\mask\00518.png,streetViewData\train\gtaV\img\00518.png
1012,train,gtaV,streetViewData\train\gtaV\mask\01777.png,streetViewData\train\gtaV\img\01777.png
1013,train,gtaV,streetViewData\train\gtaV\mask\01796.png,streetViewData\train\gtaV\img\01796.png
1014,train,gtaV,streetViewData\train\gtaV\mask\00990.png,streetViewData\train\gtaV\img\00990.png
1015,train,gtaV,streetViewData\train\gtaV\mask\01216.png,streetViewData\train\gtaV\img\01216.png
1016,train,gtaV,streetViewData\train\gtaV\mask\00698.png,streetViewData\train\gtaV\img\00698.png
1017,train,gtaV,streetViewData\train\gtaV\mask\01738.png,streetViewData\train\gtaV\img\01738.png
1018,train,gtaV,streetViewData\train\gtaV\mask\00904.png,streetViewData\train\gtaV\img\00904.png
1019,train,gtaV,streetViewData\train\gtaV\mask\01492.png,streetViewData\train\gtaV\img\01492.png
1020,train,gtaV,streetViewData\train\gtaV\mask\00501.png,streetViewData\train\gtaV\img\00501.png
1021,train,gtaV,streetViewData\train\gtaV\mask\01023.png,streetViewData\train\gtaV\img\01023.png
1022,train,gtaV,streetViewData\train\gtaV\mask\02411.png,streetViewData\train\gtaV\img\02411.png
1023,train,gtaV,streetViewData\train\gtaV\mask\02377.png,streetViewData\train\gtaV\img\02377.png
1024,train,gtaV,streetViewData\train\gtaV\mask\02200.png,streetViewData\train\gtaV\img\02200.png
1025,train,gtaV,streetViewData\train\gtaV\mask\01735.png,streetViewData\train\gtaV\img\01735.png
1026,train,gtaV,streetViewData\train\gtaV\mask\01123.png,streetViewData\train\gtaV\img\01123.png
1027,train,gtaV,streetViewData\train\gtaV\mask\01791.png,streetViewData\train\gtaV\img\01791.png
1028,train,gtaV,streetViewData\train\gtaV\mask\01437.png,streetViewData\train\gtaV\img\01437.png
1029,train,gtaV,streetViewData\train\gtaV\mask\00953.png,streetViewData\train\gtaV\img\00953.png
1030,train,gtaV,streetViewData\train\gtaV\mask\01263.png,streetViewData\train\gtaV\img\01263.png
1031,train,gtaV,streetViewData\train\gtaV\mask\02027.png,streetViewData\train\gtaV\img\02027.png
1032,train,gtaV,streetViewData\train\gtaV\mask\01129.png,streetViewData\train\gtaV\img\01129.png
1033,train,gtaV,streetViewData\train\gtaV\mask\00479.png,streetViewData\train\gtaV\img\00479.png
1034,train,gtaV,streetViewData\train\gtaV\mask\00042.png,streetViewData\train\gtaV\img\00042.png
1035,train,gtaV,streetViewData\train\gtaV\mask\01606.png,streetViewData\train\gtaV\img\01606.png
1036,train,gtaV,streetViewData\train\gtaV\mask\02013.png,streetViewData\train\gtaV\img\02013.png
1037,train,gtaV,streetViewData\train\gtaV\mask\01201.png,streetViewData\train\gtaV\img\01201.png
1038,train,gtaV,streetViewData\train\gtaV\mask\01383.png,streetViewData\train\gtaV\img\01383.png
1039,train,gtaV,streetViewData\train\gtaV\mask\01408.png,streetViewData\train\gtaV\img\01408.png
1040,train,gtaV,streetViewData\train\gtaV\mask\01100.png,streetViewData\train\gtaV\img\01100.png
1041,train,gtaV,streetViewData\train\gtaV\mask\02328.png,streetViewData\train\gtaV\img\02328.png
1042,train,gtaV,streetViewData\train\gtaV\mask\00029.png,streetViewData\train\gtaV\img\00029.png
1043,train,gtaV,streetViewData\train\gtaV\mask\01979.png,streetViewData\train\gtaV\img\01979.png
1044,train,gtaV,streetViewData\train\gtaV\mask\01669.png,streetViewData\train\gtaV\img\01669.png
1045,train,gtaV,streetViewData\train\gtaV\mask\02206.png,streetViewData\train\gtaV\img\02206.png
1046,train,gtaV,streetViewData\train\gtaV\mask\02137.png,streetViewData\train\gtaV\img\02137.png
1047,train,gtaV,streetViewData\train\gtaV\mask\02319.png,streetViewData\train\gtaV\img\02319.png
1048,train,gtaV,streetViewData\train\gtaV\mask\02245.png,streetViewData\train\gtaV\img\02245.png
1049,train,gtaV,streetViewData\train\gtaV\mask\02347.png,streetViewData\train\gtaV\img\02347.png
1050,train,gtaV,streetViewData\train\gtaV\mask\01285.png,streetViewData\train\gtaV\img\01285.png
1051,train,gtaV,streetViewData\train\gtaV\mask\00402.png,streetViewData\train\gtaV\img\00402.png
1052,train,gtaV,streetViewData\train\gtaV\mask\01874.png,streetViewData\train\gtaV\img\01874.png
1053,train,gtaV,streetViewData\train\gtaV\mask\01042.png,streetViewData\train\gtaV\img\01042.png
1054,train,gtaV,streetViewData\train\gtaV\mask\01178.png,streetViewData\train\gtaV\img\01178.png
1055,train,gtaV,streetViewData\train\gtaV\mask\00963.png,streetViewData\train\gtaV\img\00963.png
1056,train,gtaV,streetViewData\train\gtaV\mask\02318.png,streetViewData\train\gtaV\img\02318.png
1057,train,gtaV,streetViewData\train\gtaV\mask\00507.png,streetViewData\train\gtaV\img\00507.png
1058,train,gtaV,streetViewData\train\gtaV\mask\00408.png,streetViewData\train\gtaV\img\00408.png
1059,train,gtaV,streetViewData\train\gtaV\mask\01110.png,streetViewData\train\gtaV\img\01110.png
1060,train,gtaV,streetViewData\train\gtaV\mask\02371.png,streetViewData\train\gtaV\img\02371.png
1061,train,gtaV,streetViewData\train\gtaV\mask\01161.png,streetViewData\train\gtaV\img\01161.png
1062,train,gtaV,streetViewData\train\gtaV\mask\02214.png,streetViewData\train\gtaV\img\02214.png
1063,train,gtaV,streetViewData\train\gtaV\mask\01014.png,streetViewData\train\gtaV\img\01014.png
1064,train,gtaV,streetViewData\train\gtaV\mask\01508.png,streetViewData\train\gtaV\img\01508.png
1065,train,gtaV,streetViewData\train\gtaV\mask\01475.png,streetViewData\train\gtaV\img\01475.png
1066,train,gtaV,streetViewData\train\gtaV\mask\01904.png,streetViewData\train\gtaV\img\01904.png
1067,train,gtaV,streetViewData\train\gtaV\mask\02103.png,streetViewData\train\gtaV\img\02103.png
1068,train,gtaV,streetViewData\train\gtaV\mask\00833.png,streetViewData\train\gtaV\img\00833.png
1069,train,gtaV,streetViewData\train\gtaV\mask\00820.png,streetViewData\train\gtaV\img\00820.png
1070,train,gtaV,streetViewData\train\gtaV\mask\02353.png,streetViewData\train\gtaV\img\02353.png
1071,train,gtaV,streetViewData\train\gtaV\mask\00143.png,streetViewData\train\gtaV\img\00143.png
1072,train,gtaV,streetViewData\train\gtaV\mask\01572.png,streetViewData\train\gtaV\img\01572.png
1073,train,gtaV,streetViewData\train\gtaV\mask\02126.png,streetViewData\train\gtaV\img\02126.png
1074,train,gtaV,streetViewData\train\gtaV\mask\02163.png,streetViewData\train\gtaV\img\02163.png
1075,train,gtaV,streetViewData\train\gtaV\mask\00932.png,streetViewData\train\gtaV\img\00932.png
1076,train,gtaV,streetViewData\train\gtaV\mask\01221.png,streetViewData\train\gtaV\img\01221.png
1077,train,gtaV,streetViewData\train\gtaV\mask\02311.png,streetViewData\train\gtaV\img\02311.png
1078,train,gtaV,streetViewData\train\gtaV\mask\01516.png,streetViewData\train\gtaV\img\01516.png
1079,train,gtaV,streetViewData\train\gtaV\mask\01955.png,streetViewData\train\gtaV\img\01955.png
1080,train,gtaV,streetViewData\train\gtaV\mask\00902.png,streetViewData\train\gtaV\img\00902.png
1081,train,gtaV,streetViewData\train\gtaV\mask\01471.png,streetViewData\train\gtaV\img\01471.png
1082,train,gtaV,streetViewData\train\gtaV\mask\02436.png,streetViewData\train\gtaV\img\02436.png
1083,train,gtaV,streetViewData\train\gtaV\mask\02522.png,streetViewData\train\gtaV\img\02522.png
1084,train,gtaV,streetViewData\train\gtaV\mask\00073.png,streetViewData\train\gtaV\img\00073.png
1085,train,gtaV,streetViewData\train\gtaV\mask\02300.png,streetViewData\train\gtaV\img\02300.png
1086,train,gtaV,streetViewData\train\gtaV\mask\02044.png,streetViewData\train\gtaV\img\02044.png
1087,train,gtaV,streetViewData\train\gtaV\mask\02129.png,streetViewData\train\gtaV\img\02129.png
1088,train,gtaV,streetViewData\train\gtaV\mask\01603.png,streetViewData\train\gtaV\img\01603.png
1089,train,gtaV,streetViewData\train\gtaV\mask\00823.png,streetViewData\train\gtaV\img\00823.png
1090,train,gtaV,streetViewData\train\gtaV\mask\02288.png,streetViewData\train\gtaV\img\02288.png
1091,train,gtaV,streetViewData\train\gtaV\mask\01302.png,streetViewData\train\gtaV\img\01302.png
1092,train,gtaV,streetViewData\train\gtaV\mask\00905.png,streetViewData\train\gtaV\img\00905.png
1093,train,gtaV,streetViewData\train\gtaV\mask\01412.png,streetViewData\train\gtaV\img\01412.png
1094,train,gtaV,streetViewData\train\gtaV\mask\01037.png,streetViewData\train\gtaV\img\01037.png
1095,train,gtaV,streetViewData\train\gtaV\mask\01822.png,streetViewData\train\gtaV\img\01822.png
1096,train,gtaV,streetViewData\train\gtaV\mask\02299.png,streetViewData\train\gtaV\img\02299.png
1097,train,gtaV,streetViewData\train\gtaV\mask\01184.png,streetViewData\train\gtaV\img\01184.png
1098,train,gtaV,streetViewData\train\gtaV\mask\02327.png,streetViewData\train\gtaV\img\02327.png
1099,train,gtaV,streetViewData\train\gtaV\mask\01066.png,streetViewData\train\gtaV\img\01066.png
1100,train,gtaV,streetViewData\train\gtaV\mask\02313.png,streetViewData\train\gtaV\img\02313.png
1101,train,gtaV,streetViewData\train\gtaV\mask\01877.png,streetViewData\train\gtaV\img\01877.png
1102,train,gtaV,streetViewData\train\gtaV\mask\01761.png,streetViewData\train\gtaV\img\01761.png
1103,train,gtaV,streetViewData\train\gtaV\mask\00415.png,streetViewData\train\gtaV\img\00415.png
1104,train,gtaV,streetViewData\train\gtaV\mask\02036.png,streetViewData\train\gtaV\img\02036.png
1105,train,gtaV,streetViewData\train\gtaV\mask\00862.png,streetViewData\train\gtaV\img\00862.png
1106,train,gtaV,streetViewData\train\gtaV\mask\01717.png,streetViewData\train\gtaV\img\01717.png
1107,train,gtaV,streetViewData\train\gtaV\mask\01477.png,streetViewData\train\gtaV\img\01477.png
1108,train,gtaV,streetViewData\train\gtaV\mask\01844.png,streetViewData\train\gtaV\img\01844.png
1109,train,gtaV,streetViewData\train\gtaV\mask\01542.png,streetViewData\train\gtaV\img\01542.png
1110,train,gtaV,streetViewData\train\gtaV\mask\01757.png,streetViewData\train\gtaV\img\01757.png
1111,train,gtaV,streetViewData\train\gtaV\mask\02188.png,streetViewData\train\gtaV\img\02188.png
1112,train,gtaV,streetViewData\train\gtaV\mask\01893.png,streetViewData\train\gtaV\img\01893.png
1113,train,gtaV,streetViewData\train\gtaV\mask\01715.png,streetViewData\train\gtaV\img\01715.png
1114,train,gtaV,streetViewData\train\gtaV\mask\01841.png,streetViewData\train\gtaV\img\01841.png
1115,train,gtaV,streetViewData\train\gtaV\mask\02237.png,streetViewData\train\gtaV\img\02237.png
1116,train,gtaV,streetViewData\train\gtaV\mask\00352.png,streetViewData\train\gtaV\img\00352.png
1117,train,gtaV,streetViewData\train\gtaV\mask\00517.png,streetViewData\train\gtaV\img\00517.png
1118,train,gtaV,streetViewData\train\gtaV\mask\01788.png,streetViewData\train\gtaV\img\01788.png
1119,train,gtaV,streetViewData\train\gtaV\mask\01226.png,streetViewData\train\gtaV\img\01226.png
1120,train,gtaV,streetViewData\train\gtaV\mask\01007.png,streetViewData\train\gtaV\img\01007.png
1121,train,gtaV,streetViewData\train\gtaV\mask\02138.png,streetViewData\train\gtaV\img\02138.png
1122,train,gtaV,streetViewData\train\gtaV\mask\00058.png,streetViewData\train\gtaV\img\00058.png
1123,train,gtaV,streetViewData\train\gtaV\mask\01156.png,streetViewData\train\gtaV\img\01156.png
1124,train,gtaV,streetViewData\train\gtaV\mask\01134.png,streetViewData\train\gtaV\img\01134.png
1125,train,gtaV,streetViewData\train\gtaV\mask\01856.png,streetViewData\train\gtaV\img\01856.png
1126,train,gtaV,streetViewData\train\gtaV\mask\02118.png,streetViewData\train\gtaV\img\02118.png
1127,train,gtaV,streetViewData\train\gtaV\mask\01910.png,streetViewData\train\gtaV\img\01910.png
1128,train,gtaV,streetViewData\train\gtaV\mask\00380.png,streetViewData\train\gtaV\img\00380.png
1129,train,gtaV,streetViewData\train\gtaV\mask\02376.png,streetViewData\train\gtaV\img\02376.png
1130,train,gtaV,streetViewData\train\gtaV\mask\01075.png,streetViewData\train\gtaV\img\01075.png
1131,train,gtaV,streetViewData\train\gtaV\mask\02240.png,streetViewData\train\gtaV\img\02240.png
1132,train,gtaV,streetViewData\train\gtaV\mask\02012.png,streetViewData\train\gtaV\img\02012.png
1133,train,gtaV,streetViewData\train\gtaV\mask\00909.png,streetViewData\train\gtaV\img\00909.png
1134,train,gtaV,streetViewData\train\gtaV\mask\00131.png,streetViewData\train\gtaV\img\00131.png
1135,train,gtaV,streetViewData\train\gtaV\mask\01533.png,streetViewData\train\gtaV\img\01533.png
1136,train,gtaV,streetViewData\train\gtaV\mask\01907.png,streetViewData\train\gtaV\img\01907.png
1137,train,gtaV,streetViewData\train\gtaV\mask\02128.png,streetViewData\train\gtaV\img\02128.png
1138,train,gtaV,streetViewData\train\gtaV\mask\02082.png,streetViewData\train\gtaV\img\02082.png
1139,train,gtaV,streetViewData\train\gtaV\mask\02164.png,streetViewData\train\gtaV\img\02164.png
1140,train,gtaV,streetViewData\train\gtaV\mask\01602.png,streetViewData\train\gtaV\img\01602.png
1141,train,gtaV,streetViewData\train\gtaV\mask\01578.png,streetViewData\train\gtaV\img\01578.png
1142,train,gtaV,streetViewData\train\gtaV\mask\00375.png,streetViewData\train\gtaV\img\00375.png
1143,train,gtaV,streetViewData\train\gtaV\mask\01679.png,streetViewData\train\gtaV\img\01679.png
1144,train,gtaV,streetViewData\train\gtaV\mask\01244.png,streetViewData\train\gtaV\img\01244.png
1145,train,gtaV,streetViewData\train\gtaV\mask\00521.png,streetViewData\train\gtaV\img\00521.png
1146,train,gtaV,streetViewData\train\gtaV\mask\01935.png,streetViewData\train\gtaV\img\01935.png
1147,train,gtaV,streetViewData\train\gtaV\mask\01233.png,streetViewData\train\gtaV\img\01233.png
1148,train,gtaV,streetViewData\train\gtaV\mask\00502.png,streetViewData\train\gtaV\img\00502.png
1149,train,gtaV,streetViewData\train\gtaV\mask\01568.png,streetViewData\train\gtaV\img\01568.png
1150,train,gtaV,streetViewData\train\gtaV\mask\01653.png,streetViewData\train\gtaV\img\01653.png
1151,train,gtaV,streetViewData\train\gtaV\mask\00994.png,streetViewData\train\gtaV\img\00994.png
1152,train,gtaV,streetViewData\train\gtaV\mask\00472.png,streetViewData\train\gtaV\img\00472.png
1153,train,gtaV,streetViewData\train\gtaV\mask\00978.png,streetViewData\train\gtaV\img\00978.png
1154,train,gtaV,streetViewData\train\gtaV\mask\01851.png,streetViewData\train\gtaV\img\01851.png
1155,train,gtaV,streetViewData\train\gtaV\mask\02089.png,streetViewData\train\gtaV\img\02089.png
1156,train,gtaV,streetViewData\train\gtaV\mask\01622.png,streetViewData\train\gtaV\img\01622.png
1157,train,gtaV,streetViewData\train\gtaV\mask\00418.png,streetViewData\train\gtaV\img\00418.png
1158,train,gtaV,streetViewData\train\gtaV\mask\02061.png,streetViewData\train\gtaV\img\02061.png
1159,train,gtaV,streetViewData\train\gtaV\mask\01031.png,streetViewData\train\gtaV\img\01031.png
1160,train,gtaV,streetViewData\train\gtaV\mask\02255.png,streetViewData\train\gtaV\img\02255.png
1161,train,gtaV,streetViewData\train\gtaV\mask\02122.png,streetViewData\train\gtaV\img\02122.png
1162,train,gtaV,streetViewData\train\gtaV\mask\00107.png,streetViewData\train\gtaV\img\00107.png
1163,train,gtaV,streetViewData\train\gtaV\mask\00505.png,streetViewData\train\gtaV\img\00505.png
1164,train,gtaV,streetViewData\train\gtaV\mask\01436.png,streetViewData\train\gtaV\img\01436.png
1165,train,gtaV,streetViewData\train\gtaV\mask\01319.png,streetViewData\train\gtaV\img\01319.png
1166,train,gtaV,streetViewData\train\gtaV\mask\00935.png,streetViewData\train\gtaV\img\00935.png
1167,train,gtaV,streetViewData\train\gtaV\mask\00840.png,streetViewData\train\gtaV\img\00840.png
1168,train,gtaV,streetViewData\train\gtaV\mask\01544.png,streetViewData\train\gtaV\img\01544.png
1169,train,gtaV,streetViewData\train\gtaV\mask\01030.png,streetViewData\train\gtaV\img\01030.png
1170,train,gtaV,streetViewData\train\gtaV\mask\01413.png,streetViewData\train\gtaV\img\01413.png
1171,train,gtaV,streetViewData\train\gtaV\mask\00005.png,streetViewData\train\gtaV\img\00005.png
1172,train,gtaV,streetViewData\train\gtaV\mask\00512.png,streetViewData\train\gtaV\img\00512.png
1173,train,gtaV,streetViewData\train\gtaV\mask\02293.png,streetViewData\train\gtaV\img\02293.png
1174,train,gtaV,streetViewData\train\gtaV\mask\01583.png,streetViewData\train\gtaV\img\01583.png
1175,train,gtaV,streetViewData\train\gtaV\mask\01486.png,streetViewData\train\gtaV\img\01486.png
1176,train,gtaV,streetViewData\train\gtaV\mask\01104.png,streetViewData\train\gtaV\img\01104.png
1177,train,gtaV,streetViewData\train\gtaV\mask\01186.png,streetViewData\train\gtaV\img\01186.png
1178,train,gtaV,streetViewData\train\gtaV\mask\01891.png,streetViewData\train\gtaV\img\01891.png
1179,train,gtaV,streetViewData\train\gtaV\mask\01531.png,streetViewData\train\gtaV\img\01531.png
1180,train,gtaV,streetViewData\train\gtaV\mask\02520.png,streetViewData\train\gtaV\img\02520.png
1181,train,gtaV,streetViewData\train\gtaV\mask\01062.png,streetViewData\train\gtaV\img\01062.png
1182,train,gtaV,streetViewData\train\gtaV\mask\01006.png,streetViewData\train\gtaV\img\01006.png
1183,train,gtaV,streetViewData\train\gtaV\mask\00845.png,streetViewData\train\gtaV\img\00845.png
1184,train,gtaV,streetViewData\train\gtaV\mask\02170.png,streetViewData\train\gtaV\img\02170.png
1185,train,gtaV,streetViewData\train\gtaV\mask\01395.png,streetViewData\train\gtaV\img\01395.png
1186,train,gtaV,streetViewData\train\gtaV\mask\01838.png,streetViewData\train\gtaV\img\01838.png
1187,train,gtaV,streetViewData\train\gtaV\mask\02455.png,streetViewData\train\gtaV\img\02455.png
1188,train,gtaV,streetViewData\train\gtaV\mask\00878.png,streetViewData\train\gtaV\img\00878.png
1189,train,gtaV,streetViewData\train\gtaV\mask\01971.png,streetViewData\train\gtaV\img\01971.png
1190,train,gtaV,streetViewData\train\gtaV\mask\00821.png,streetViewData\train\gtaV\img\00821.png
1191,train,gtaV,streetViewData\train\gtaV\mask\02212.png,streetViewData\train\gtaV\img\02212.png
1192,train,gtaV,streetViewData\train\gtaV\mask\02077.png,streetViewData\train\gtaV\img\02077.png
1193,train,gtaV,streetViewData\train\gtaV\mask\01624.png,streetViewData\train\gtaV\img\01624.png
1194,train,gtaV,streetViewData\train\gtaV\mask\01861.png,streetViewData\train\gtaV\img\01861.png
1195,train,gtaV,streetViewData\train\gtaV\mask\01924.png,streetViewData\train\gtaV\img\01924.png
1196,train,gtaV,streetViewData\train\gtaV\mask\01547.png,streetViewData\train\gtaV\img\01547.png
1197,train,gtaV,streetViewData\train\gtaV\mask\01305.png,streetViewData\train\gtaV\img\01305.png
1198,train,gtaV,streetViewData\train\gtaV\mask\00931.png,streetViewData\train\gtaV\img\00931.png
1199,train,gtaV,streetViewData\train\gtaV\mask\00080.png,streetViewData\train\gtaV\img\00080.png
1200,train,gtaV,streetViewData\train\gtaV\mask\01829.png,streetViewData\train\gtaV\img\01829.png
1201,train,gtaV,streetViewData\train\gtaV\mask\01273.png,streetViewData\train\gtaV\img\01273.png
1202,train,gtaV,streetViewData\train\gtaV\mask\02332.png,streetViewData\train\gtaV\img\02332.png
1203,train,gtaV,streetViewData\train\gtaV\mask\01380.png,streetViewData\train\gtaV\img\01380.png
1204,train,gtaV,streetViewData\train\gtaV\mask\00882.png,streetViewData\train\gtaV\img\00882.png
1205,train,gtaV,streetViewData\train\gtaV\mask\02069.png,streetViewData\train\gtaV\img\02069.png
1206,train,gtaV,streetViewData\train\gtaV\mask\01190.png,streetViewData\train\gtaV\img\01190.png
1207,train,gtaV,streetViewData\train\gtaV\mask\01546.png,streetViewData\train\gtaV\img\01546.png
1208,train,gtaV,streetViewData\train\gtaV\mask\01708.png,streetViewData\train\gtaV\img\01708.png
1209,train,gtaV,streetViewData\train\gtaV\mask\02389.png,streetViewData\train\gtaV\img\02389.png
1210,train,gtaV,streetViewData\train\gtaV\mask\01443.png,streetViewData\train\gtaV\img\01443.png
1211,train,gtaV,streetViewData\train\gtaV\mask\00347.png,streetViewData\train\gtaV\img\00347.png
1212,train,gtaV,streetViewData\train\gtaV\mask\01725.png,streetViewData\train\gtaV\img\01725.png
1213,train,gtaV,streetViewData\train\gtaV\mask\01115.png,streetViewData\train\gtaV\img\01115.png
1214,train,gtaV,streetViewData\train\gtaV\mask\00831.png,streetViewData\train\gtaV\img\00831.png
1215,train,gtaV,streetViewData\train\gtaV\mask\01755.png,streetViewData\train\gtaV\img\01755.png
1216,train,gtaV,streetViewData\train\gtaV\mask\00961.png,streetViewData\train\gtaV\img\00961.png
1217,train,gtaV,streetViewData\train\gtaV\mask\01296.png,streetViewData\train\gtaV\img\01296.png
1218,train,gtaV,streetViewData\train\gtaV\mask\02373.png,streetViewData\train\gtaV\img\02373.png
1219,train,gtaV,streetViewData\train\gtaV\mask\01374.png,streetViewData\train\gtaV\img\01374.png
1220,train,gtaV,streetViewData\train\gtaV\mask\00018.png,streetViewData\train\gtaV\img\00018.png
1221,train,gtaV,streetViewData\train\gtaV\mask\01612.png,streetViewData\train\gtaV\img\01612.png
1222,train,gtaV,streetViewData\train\gtaV\mask\00365.png,streetViewData\train\gtaV\img\00365.png
1223,train,gtaV,streetViewData\train\gtaV\mask\00930.png,streetViewData\train\gtaV\img\00930.png
1224,train,gtaV,streetViewData\train\gtaV\mask\01752.png,streetViewData\train\gtaV\img\01752.png
1225,train,gtaV,streetViewData\train\gtaV\mask\01817.png,streetViewData\train\gtaV\img\01817.png
1226,train,gtaV,streetViewData\train\gtaV\mask\00112.png,streetViewData\train\gtaV\img\00112.png
1227,train,gtaV,streetViewData\train\gtaV\mask\01815.png,streetViewData\train\gtaV\img\01815.png
1228,train,gtaV,streetViewData\train\gtaV\mask\02078.png,streetViewData\train\gtaV\img\02078.png
1229,train,gtaV,streetViewData\train\gtaV\mask\00838.png,streetViewData\train\gtaV\img\00838.png
1230,train,gtaV,streetViewData\train\gtaV\mask\02141.png,streetViewData\train\gtaV\img\02141.png
1231,train,gtaV,streetViewData\train\gtaV\mask\01220.png,streetViewData\train\gtaV\img\01220.png
1232,train,gtaV,streetViewData\train\gtaV\mask\01871.png,streetViewData\train\gtaV\img\01871.png
1233,train,gtaV,streetViewData\train\gtaV\mask\01666.png,streetViewData\train\gtaV\img\01666.png
1234,train,gtaV,streetViewData\train\gtaV\mask\02029.png,streetViewData\train\gtaV\img\02029.png
1235,train,gtaV,streetViewData\train\gtaV\mask\00828.png,streetViewData\train\gtaV\img\00828.png
1236,train,gtaV,streetViewData\train\gtaV\mask\01742.png,streetViewData\train\gtaV\img\01742.png
1237,train,gtaV,streetViewData\train\gtaV\mask\01983.png,streetViewData\train\gtaV\img\01983.png
1238,train,gtaV,streetViewData\train\gtaV\mask\02409.png,streetViewData\train\gtaV\img\02409.png
1239,train,gtaV,streetViewData\train\gtaV\mask\00711.png,streetViewData\train\gtaV\img\00711.png
1240,train,gtaV,streetViewData\train\gtaV\mask\01152.png,streetViewData\train\gtaV\img\01152.png
1241,train,gtaV,streetViewData\train\gtaV\mask\02472.png,streetViewData\train\gtaV\img\02472.png
1242,train,gtaV,streetViewData\train\gtaV\mask\01672.png,streetViewData\train\gtaV\img\01672.png
1243,train,gtaV,streetViewData\train\gtaV\mask\01740.png,streetViewData\train\gtaV\img\01740.png
1244,train,gtaV,streetViewData\train\gtaV\mask\00067.png,streetViewData\train\gtaV\img\00067.png
1245,train,gtaV,streetViewData\train\gtaV\mask\01143.png,streetViewData\train\gtaV\img\01143.png
1246,train,gtaV,streetViewData\train\gtaV\mask\00106.png,streetViewData\train\gtaV\img\00106.png
1247,train,gtaV,streetViewData\train\gtaV\mask\00463.png,streetViewData\train\gtaV\img\00463.png
1248,train,gtaV,streetViewData\train\gtaV\mask\02484.png,streetViewData\train\gtaV\img\02484.png
1249,train,gtaV,streetViewData\train\gtaV\mask\01211.png,streetViewData\train\gtaV\img\01211.png
1250,train,gtaV,streetViewData\train\gtaV\mask\02423.png,streetViewData\train\gtaV\img\02423.png
1251,train,gtaV,streetViewData\train\gtaV\mask\00455.png,streetViewData\train\gtaV\img\00455.png
1252,train,gtaV,streetViewData\train\gtaV\mask\00128.png,streetViewData\train\gtaV\img\00128.png
1253,train,gtaV,streetViewData\train\gtaV\mask\00955.png,streetViewData\train\gtaV\img\00955.png
1254,train,gtaV,streetViewData\train\gtaV\mask\00136.png,streetViewData\train\gtaV\img\00136.png
1255,train,gtaV,streetViewData\train\gtaV\mask\01159.png,streetViewData\train\gtaV\img\01159.png
1256,train,gtaV,streetViewData\train\gtaV\mask\01811.png,streetViewData\train\gtaV\img\01811.png
1257,train,gtaV,streetViewData\train\gtaV\mask\01941.png,streetViewData\train\gtaV\img\01941.png
1258,train,gtaV,streetViewData\train\gtaV\mask\00965.png,streetViewData\train\gtaV\img\00965.png
1259,train,gtaV,streetViewData\train\gtaV\mask\00393.png,streetViewData\train\gtaV\img\00393.png
1260,train,gtaV,streetViewData\train\gtaV\mask\02252.png,streetViewData\train\gtaV\img\02252.png
1261,train,gtaV,streetViewData\train\gtaV\mask\00529.png,streetViewData\train\gtaV\img\00529.png
1262,train,gtaV,streetViewData\train\gtaV\mask\02434.png,streetViewData\train\gtaV\img\02434.png
1263,train,gtaV,streetViewData\train\gtaV\mask\00083.png,streetViewData\train\gtaV\img\00083.png
1264,train,gtaV,streetViewData\train\gtaV\mask\01992.png,streetViewData\train\gtaV\img\01992.png
1265,train,gtaV,streetViewData\train\gtaV\mask\00093.png,streetViewData\train\gtaV\img\00093.png
1266,train,gtaV,streetViewData\train\gtaV\mask\00523.png,streetViewData\train\gtaV\img\00523.png
1267,train,gtaV,streetViewData\train\gtaV\mask\01611.png,streetViewData\train\gtaV\img\01611.png
1268,train,gtaV,streetViewData\train\gtaV\mask\00875.png,streetViewData\train\gtaV\img\00875.png
1269,train,gtaV,streetViewData\train\gtaV\mask\00952.png,streetViewData\train\gtaV\img\00952.png
1270,train,gtaV,streetViewData\train\gtaV\mask\01864.png,streetViewData\train\gtaV\img\01864.png
1271,train,gtaV,streetViewData\train\gtaV\mask\00473.png,streetViewData\train\gtaV\img\00473.png
1272,train,gtaV,streetViewData\train\gtaV\mask\01949.png,streetViewData\train\gtaV\img\01949.png
1273,train,gtaV,streetViewData\train\gtaV\mask\01452.png,streetViewData\train\gtaV\img\01452.png
1274,train,gtaV,streetViewData\train\gtaV\mask\01551.png,streetViewData\train\gtaV\img\01551.png
1275,train,gtaV,streetViewData\train\gtaV\mask\01695.png,streetViewData\train\gtaV\img\01695.png
1276,train,gtaV,streetViewData\train\gtaV\mask\00407.png,streetViewData\train\gtaV\img\00407.png
1277,train,gtaV,streetViewData\train\gtaV\mask\01581.png,streetViewData\train\gtaV\img\01581.png
1278,train,gtaV,streetViewData\train\gtaV\mask\01476.png,streetViewData\train\gtaV\img\01476.png
1279,train,gtaV,streetViewData\train\gtaV\mask\00116.png,streetViewData\train\gtaV\img\00116.png
1280,train,gtaV,streetViewData\train\gtaV\mask\01135.png,streetViewData\train\gtaV\img\01135.png
1281,train,gtaV,streetViewData\train\gtaV\mask\01655.png,streetViewData\train\gtaV\img\01655.png
1282,train,gtaV,streetViewData\train\gtaV\mask\01145.png,streetViewData\train\gtaV\img\01145.png
1283,train,gtaV,streetViewData\train\gtaV\mask\01210.png,streetViewData\train\gtaV\img\01210.png
1284,train,gtaV,streetViewData\train\gtaV\mask\00469.png,streetViewData\train\gtaV\img\00469.png
1285,train,gtaV,streetViewData\train\gtaV\mask\02192.png,streetViewData\train\gtaV\img\02192.png
1286,train,gtaV,streetViewData\train\gtaV\mask\01108.png,streetViewData\train\gtaV\img\01108.png
1287,train,gtaV,streetViewData\train\gtaV\mask\02421.png,streetViewData\train\gtaV\img\02421.png
1288,train,gtaV,streetViewData\train\gtaV\mask\00460.png,streetViewData\train\gtaV\img\00460.png
1289,train,gtaV,streetViewData\train\gtaV\mask\01389.png,streetViewData\train\gtaV\img\01389.png
1290,train,gtaV,streetViewData\train\gtaV\mask\01164.png,streetViewData\train\gtaV\img\01164.png
1291,train,gtaV,streetViewData\train\gtaV\mask\02438.png,streetViewData\train\gtaV\img\02438.png
1292,train,gtaV,streetViewData\train\gtaV\mask\00981.png,streetViewData\train\gtaV\img\00981.png
1293,train,gtaV,streetViewData\train\gtaV\mask\01767.png,streetViewData\train\gtaV\img\01767.png
1294,train,gtaV,streetViewData\train\gtaV\mask\01193.png,streetViewData\train\gtaV\img\01193.png
1295,train,gtaV,streetViewData\train\gtaV\mask\00012.png,streetViewData\train\gtaV\img\00012.png
1296,train,gtaV,streetViewData\train\gtaV\mask\02439.png,streetViewData\train\gtaV\img\02439.png
1297,train,gtaV,streetViewData\train\gtaV\mask\01261.png,streetViewData\train\gtaV\img\01261.png
1298,train,gtaV,streetViewData\train\gtaV\mask\01204.png,streetViewData\train\gtaV\img\01204.png
1299,train,gtaV,streetViewData\train\gtaV\mask\01070.png,streetViewData\train\gtaV\img\01070.png
1300,train,gtaV,streetViewData\train\gtaV\mask\02285.png,streetViewData\train\gtaV\img\02285.png
1301,train,gtaV,streetViewData\train\gtaV\mask\00111.png,streetViewData\train\gtaV\img\00111.png
1302,train,gtaV,streetViewData\train\gtaV\mask\01596.png,streetViewData\train\gtaV\img\01596.png
1303,train,gtaV,streetViewData\train\gtaV\mask\02258.png,streetViewData\train\gtaV\img\02258.png
1304,train,gtaV,streetViewData\train\gtaV\mask\01352.png,streetViewData\train\gtaV\img\01352.png
1305,train,gtaV,streetViewData\train\gtaV\mask\01576.png,streetViewData\train\gtaV\img\01576.png
1306,train,gtaV,streetViewData\train\gtaV\mask\02355.png,streetViewData\train\gtaV\img\02355.png
1307,train,gtaV,streetViewData\train\gtaV\mask\01663.png,streetViewData\train\gtaV\img\01663.png
1308,train,gtaV,streetViewData\train\gtaV\mask\01494.png,streetViewData\train\gtaV\img\01494.png
1309,train,gtaV,streetViewData\train\gtaV\mask\01325.png,streetViewData\train\gtaV\img\01325.png
1310,train,gtaV,streetViewData\train\gtaV\mask\00696.png,streetViewData\train\gtaV\img\00696.png
1311,train,gtaV,streetViewData\train\gtaV\mask\01569.png,streetViewData\train\gtaV\img\01569.png
1312,train,gtaV,streetViewData\train\gtaV\mask\02449.png,streetViewData\train\gtaV\img\02449.png
1313,train,gtaV,streetViewData\train\gtaV\mask\01377.png,streetViewData\train\gtaV\img\01377.png
1314,train,gtaV,streetViewData\train\gtaV\mask\02283.png,streetViewData\train\gtaV\img\02283.png
1315,train,gtaV,streetViewData\train\gtaV\mask\02292.png,streetViewData\train\gtaV\img\02292.png
1316,train,gtaV,streetViewData\train\gtaV\mask\01772.png,streetViewData\train\gtaV\img\01772.png
1317,train,gtaV,streetViewData\train\gtaV\mask\02272.png,streetViewData\train\gtaV\img\02272.png
1318,train,gtaV,streetViewData\train\gtaV\mask\02151.png,streetViewData\train\gtaV\img\02151.png
1319,train,gtaV,streetViewData\train\gtaV\mask\01099.png,streetViewData\train\gtaV\img\01099.png
1320,train,gtaV,streetViewData\train\gtaV\mask\02422.png,streetViewData\train\gtaV\img\02422.png
1321,train,gtaV,streetViewData\train\gtaV\mask\02260.png,streetViewData\train\gtaV\img\02260.png
1322,train,gtaV,streetViewData\train\gtaV\mask\00030.png,streetViewData\train\gtaV\img\00030.png
1323,train,gtaV,streetViewData\train\gtaV\mask\01185.png,streetViewData\train\gtaV\img\01185.png
1324,train,gtaV,streetViewData\train\gtaV\mask\00897.png,streetViewData\train\gtaV\img\00897.png
1325,train,gtaV,streetViewData\train\gtaV\mask\00504.png,streetViewData\train\gtaV\img\00504.png
1326,train,gtaV,streetViewData\train\gtaV\mask\00011.png,streetViewData\train\gtaV\img\00011.png
1327,train,gtaV,streetViewData\train\gtaV\mask\01832.png,streetViewData\train\gtaV\img\01832.png
1328,train,gtaV,streetViewData\train\gtaV\mask\02386.png,streetViewData\train\gtaV\img\02386.png
1329,train,gtaV,streetViewData\train\gtaV\mask\01131.png,streetViewData\train\gtaV\img\01131.png
1330,train,gtaV,streetViewData\train\gtaV\mask\01580.png,streetViewData\train\gtaV\img\01580.png
1331,train,gtaV,streetViewData\train\gtaV\mask\00516.png,streetViewData\train\gtaV\img\00516.png
1332,train,gtaV,streetViewData\train\gtaV\mask\00458.png,streetViewData\train\gtaV\img\00458.png
1333,train,gtaV,streetViewData\train\gtaV\mask\01132.png,streetViewData\train\gtaV\img\01132.png
1334,train,gtaV,streetViewData\train\gtaV\mask\01685.png,streetViewData\train\gtaV\img\01685.png
1335,train,gtaV,streetViewData\train\gtaV\mask\02357.png,streetViewData\train\gtaV\img\02357.png
1336,train,gtaV,streetViewData\train\gtaV\mask\01162.png,streetViewData\train\gtaV\img\01162.png
1337,train,gtaV,streetViewData\train\gtaV\mask\00417.png,streetViewData\train\gtaV\img\00417.png
1338,train,gtaV,streetViewData\train\gtaV\mask\02109.png,streetViewData\train\gtaV\img\02109.png
1339,train,gtaV,streetViewData\train\gtaV\mask\02247.png,streetViewData\train\gtaV\img\02247.png
1340,train,gtaV,streetViewData\train\gtaV\mask\02511.png,streetViewData\train\gtaV\img\02511.png
1341,train,gtaV,streetViewData\train\gtaV\mask\02403.png,streetViewData\train\gtaV\img\02403.png
1342,train,gtaV,streetViewData\train\gtaV\mask\00135.png,streetViewData\train\gtaV\img\00135.png
1343,train,gtaV,streetViewData\train\gtaV\mask\01921.png,streetViewData\train\gtaV\img\01921.png
1344,train,gtaV,streetViewData\train\gtaV\mask\02478.png,streetViewData\train\gtaV\img\02478.png
1345,train,gtaV,streetViewData\train\gtaV\mask\01994.png,streetViewData\train\gtaV\img\01994.png
1346,train,gtaV,streetViewData\train\gtaV\mask\02067.png,streetViewData\train\gtaV\img\02067.png
1347,train,gtaV,streetViewData\train\gtaV\mask\00064.png,streetViewData\train\gtaV\img\00064.png
1348,train,gtaV,streetViewData\train\gtaV\mask\02516.png,streetViewData\train\gtaV\img\02516.png
1349,train,gtaV,streetViewData\train\gtaV\mask\00865.png,streetViewData\train\gtaV\img\00865.png
1350,train,gtaV,streetViewData\train\gtaV\mask\01411.png,streetViewData\train\gtaV\img\01411.png
1351,train,gtaV,streetViewData\train\gtaV\mask\01259.png,streetViewData\train\gtaV\img\01259.png
1352,train,gtaV,streetViewData\train\gtaV\mask\01314.png,streetViewData\train\gtaV\img\01314.png
1353,train,gtaV,streetViewData\train\gtaV\mask\02414.png,streetViewData\train\gtaV\img\02414.png
1354,train,gtaV,streetViewData\train\gtaV\mask\01797.png,streetViewData\train\gtaV\img\01797.png
1355,train,gtaV,streetViewData\train\gtaV\mask\02454.png,streetViewData\train\gtaV\img\02454.png
1356,train,gtaV,streetViewData\train\gtaV\mask\01616.png,streetViewData\train\gtaV\img\01616.png
1357,train,gtaV,streetViewData\train\gtaV\mask\02393.png,streetViewData\train\gtaV\img\02393.png
1358,train,gtaV,streetViewData\train\gtaV\mask\01931.png,streetViewData\train\gtaV\img\01931.png
1359,train,gtaV,streetViewData\train\gtaV\mask\00866.png,streetViewData\train\gtaV\img\00866.png
1360,train,gtaV,streetViewData\train\gtaV\mask\01239.png,streetViewData\train\gtaV\img\01239.png
1361,train,gtaV,streetViewData\train\gtaV\mask\01024.png,streetViewData\train\gtaV\img\01024.png
1362,train,gtaV,streetViewData\train\gtaV\mask\02495.png,streetViewData\train\gtaV\img\02495.png
1363,train,gtaV,streetViewData\train\gtaV\mask\00391.png,streetViewData\train\gtaV\img\00391.png
1364,train,gtaV,streetViewData\train\gtaV\mask\00486.png,streetViewData\train\gtaV\img\00486.png
1365,train,gtaV,streetViewData\train\gtaV\mask\02287.png,streetViewData\train\gtaV\img\02287.png
1366,train,gtaV,streetViewData\train\gtaV\mask\01927.png,streetViewData\train\gtaV\img\01927.png
1367,train,gtaV,streetViewData\train\gtaV\mask\01282.png,streetViewData\train\gtaV\img\01282.png
1368,train,gtaV,streetViewData\train\gtaV\mask\01535.png,streetViewData\train\gtaV\img\01535.png
1369,train,gtaV,streetViewData\train\gtaV\mask\01513.png,streetViewData\train\gtaV\img\01513.png
1370,train,gtaV,streetViewData\train\gtaV\mask\00113.png,streetViewData\train\gtaV\img\00113.png
1371,train,gtaV,streetViewData\train\gtaV\mask\00362.png,streetViewData\train\gtaV\img\00362.png
1372,train,gtaV,streetViewData\train\gtaV\mask\00454.png,streetViewData\train\gtaV\img\00454.png
1373,train,gtaV,streetViewData\train\gtaV\mask\02450.png,streetViewData\train\gtaV\img\02450.png
1374,train,gtaV,streetViewData\train\gtaV\mask\02424.png,streetViewData\train\gtaV\img\02424.png
1375,train,gtaV,streetViewData\train\gtaV\mask\01271.png,streetViewData\train\gtaV\img\01271.png
1376,train,gtaV,streetViewData\train\gtaV\mask\02526.png,streetViewData\train\gtaV\img\02526.png
1377,train,gtaV,streetViewData\train\gtaV\mask\00896.png,streetViewData\train\gtaV\img\00896.png
1378,train,gtaV,streetViewData\train\gtaV\mask\01396.png,streetViewData\train\gtaV\img\01396.png
1379,train,gtaV,streetViewData\train\gtaV\mask\01545.png,streetViewData\train\gtaV\img\01545.png
1380,train,gtaV,streetViewData\train\gtaV\mask\01678.png,streetViewData\train\gtaV\img\01678.png
1381,train,gtaV,streetViewData\train\gtaV\mask\00344.png,streetViewData\train\gtaV\img\00344.png
1382,train,gtaV,streetViewData\train\gtaV\mask\01442.png,streetViewData\train\gtaV\img\01442.png
1383,train,gtaV,streetViewData\train\gtaV\mask\01968.png,streetViewData\train\gtaV\img\01968.png
1384,train,gtaV,streetViewData\train\gtaV\mask\02096.png,streetViewData\train\gtaV\img\02096.png
1385,train,gtaV,streetViewData\train\gtaV\mask\01604.png,streetViewData\train\gtaV\img\01604.png
1386,train,gtaV,streetViewData\train\gtaV\mask\01195.png,streetViewData\train\gtaV\img\01195.png
1387,train,gtaV,streetViewData\train\gtaV\mask\02125.png,streetViewData\train\gtaV\img\02125.png
1388,train,gtaV,streetViewData\train\gtaV\mask\02203.png,streetViewData\train\gtaV\img\02203.png
1389,train,gtaV,streetViewData\train\gtaV\mask\01315.png,streetViewData\train\gtaV\img\01315.png
1390,train,gtaV,streetViewData\train\gtaV\mask\00993.png,streetViewData\train\gtaV\img\00993.png
1391,train,gtaV,streetViewData\train\gtaV\mask\01600.png,streetViewData\train\gtaV\img\01600.png
1392,train,gtaV,streetViewData\train\gtaV\mask\01085.png,streetViewData\train\gtaV\img\01085.png
1393,train,gtaV,streetViewData\train\gtaV\mask\01718.png,streetViewData\train\gtaV\img\01718.png
1394,train,gtaV,streetViewData\train\gtaV\mask\00449.png,streetViewData\train\gtaV\img\00449.png
1395,train,gtaV,streetViewData\train\gtaV\mask\02233.png,streetViewData\train\gtaV\img\02233.png
1396,train,gtaV,streetViewData\train\gtaV\mask\00986.png,streetViewData\train\gtaV\img\00986.png
1397,train,gtaV,streetViewData\train\gtaV\mask\01367.png,streetViewData\train\gtaV\img\01367.png
1398,train,gtaV,streetViewData\train\gtaV\mask\01460.png,streetViewData\train\gtaV\img\01460.png
1399,train,gtaV,streetViewData\train\gtaV\mask\02142.png,streetViewData\train\gtaV\img\02142.png
1400,train,gtaV,streetViewData\train\gtaV\mask\01925.png,streetViewData\train\gtaV\img\01925.png
1401,train,gtaV,streetViewData\train\gtaV\mask\00082.png,streetViewData\train\gtaV\img\00082.png
1402,train,gtaV,streetViewData\train\gtaV\mask\00074.png,streetViewData\train\gtaV\img\00074.png
1403,train,gtaV,streetViewData\train\gtaV\mask\01511.png,streetViewData\train\gtaV\img\01511.png
1404,train,gtaV,streetViewData\train\gtaV\mask\02402.png,streetViewData\train\gtaV\img\02402.png
1405,train,gtaV,streetViewData\train\gtaV\mask\02433.png,streetViewData\train\gtaV\img\02433.png
1406,train,gtaV,streetViewData\train\gtaV\mask\01169.png,streetViewData\train\gtaV\img\01169.png
1407,train,gtaV,streetViewData\train\gtaV\mask\01264.png,streetViewData\train\gtaV\img\01264.png
1408,train,gtaV,streetViewData\train\gtaV\mask\01061.png,streetViewData\train\gtaV\img\01061.png
1409,train,gtaV,streetViewData\train\gtaV\mask\02234.png,streetViewData\train\gtaV\img\02234.png
1410,train,gtaV,streetViewData\train\gtaV\mask\01615.png,streetViewData\train\gtaV\img\01615.png
1411,train,gtaV,streetViewData\train\gtaV\mask\00975.png,streetViewData\train\gtaV\img\00975.png
1412,train,gtaV,streetViewData\train\gtaV\mask\01623.png,streetViewData\train\gtaV\img\01623.png
1413,train,gtaV,streetViewData\train\gtaV\mask\01683.png,streetViewData\train\gtaV\img\01683.png
1414,train,gtaV,streetViewData\train\gtaV\mask\02427.png,streetViewData\train\gtaV\img\02427.png
1415,train,gtaV,streetViewData\train\gtaV\mask\02460.png,streetViewData\train\gtaV\img\02460.png
1416,train,gtaV,streetViewData\train\gtaV\mask\01801.png,streetViewData\train\gtaV\img\01801.png
1417,train,gtaV,streetViewData\train\gtaV\mask\00137.png,streetViewData\train\gtaV\img\00137.png
1418,train,gtaV,streetViewData\train\gtaV\mask\01333.png,streetViewData\train\gtaV\img\01333.png
1419,train,gtaV,streetViewData\train\gtaV\mask\02518.png,streetViewData\train\gtaV\img\02518.png
1420,train,gtaV,streetViewData\train\gtaV\mask\00509.png,streetViewData\train\gtaV\img\00509.png
1421,train,gtaV,streetViewData\train\gtaV\mask\00063.png,streetViewData\train\gtaV\img\00063.png
1422,train,gtaV,streetViewData\train\gtaV\mask\01192.png,streetViewData\train\gtaV\img\01192.png
1423,train,gtaV,streetViewData\train\gtaV\mask\01947.png,streetViewData\train\gtaV\img\01947.png
1424,train,gtaV,streetViewData\train\gtaV\mask\01253.png,streetViewData\train\gtaV\img\01253.png
1425,train,gtaV,streetViewData\train\gtaV\mask\02238.png,streetViewData\train\gtaV\img\02238.png
1426,train,gtaV,streetViewData\train\gtaV\mask\00464.png,streetViewData\train\gtaV\img\00464.png
1427,train,gtaV,streetViewData\train\gtaV\mask\00863.png,streetViewData\train\gtaV\img\00863.png
1428,train,gtaV,streetViewData\train\gtaV\mask\02264.png,streetViewData\train\gtaV\img\02264.png
1429,train,gtaV,streetViewData\train\gtaV\mask\00868.png,streetViewData\train\gtaV\img\00868.png
1430,train,gtaV,streetViewData\train\gtaV\mask\02094.png,streetViewData\train\gtaV\img\02094.png
1431,train,gtaV,streetViewData\train\gtaV\mask\01217.png,streetViewData\train\gtaV\img\01217.png
1432,train,gtaV,streetViewData\train\gtaV\mask\00098.png,streetViewData\train\gtaV\img\00098.png
1433,train,gtaV,streetViewData\train\gtaV\mask\01711.png,streetViewData\train\gtaV\img\01711.png
1434,train,gtaV,streetViewData\train\gtaV\mask\01364.png,streetViewData\train\gtaV\img\01364.png
1435,train,gtaV,streetViewData\train\gtaV\mask\02117.png,streetViewData\train\gtaV\img\02117.png
1436,train,gtaV,streetViewData\train\gtaV\mask\00343.png,streetViewData\train\gtaV\img\00343.png
1437,train,gtaV,streetViewData\train\gtaV\mask\02216.png,streetViewData\train\gtaV\img\02216.png
1438,train,gtaV,streetViewData\train\gtaV\mask\02092.png,streetViewData\train\gtaV\img\02092.png
1439,train,gtaV,streetViewData\train\gtaV\mask\02315.png,streetViewData\train\gtaV\img\02315.png
1440,train,gtaV,streetViewData\train\gtaV\mask\02345.png,streetViewData\train\gtaV\img\02345.png
1441,train,gtaV,streetViewData\train\gtaV\mask\02524.png,streetViewData\train\gtaV\img\02524.png
1442,train,gtaV,streetViewData\train\gtaV\mask\01863.png,streetViewData\train\gtaV\img\01863.png
1443,train,gtaV,streetViewData\train\gtaV\mask\02176.png,streetViewData\train\gtaV\img\02176.png
1444,train,gtaV,streetViewData\train\gtaV\mask\00346.png,streetViewData\train\gtaV\img\00346.png
1445,train,gtaV,streetViewData\train\gtaV\mask\01700.png,streetViewData\train\gtaV\img\01700.png
1446,train,gtaV,streetViewData\train\gtaV\mask\01265.png,streetViewData\train\gtaV\img\01265.png
1447,train,gtaV,streetViewData\train\gtaV\mask\02059.png,streetViewData\train\gtaV\img\02059.png
1448,train,gtaV,streetViewData\train\gtaV\mask\01950.png,streetViewData\train\gtaV\img\01950.png
1449,train,gtaV,streetViewData\train\gtaV\mask\00461.png,streetViewData\train\gtaV\img\00461.png
1450,train,gtaV,streetViewData\train\gtaV\mask\02305.png,streetViewData\train\gtaV\img\02305.png
1451,train,gtaV,streetViewData\train\gtaV\mask\02404.png,streetViewData\train\gtaV\img\02404.png
1452,train,gtaV,streetViewData\train\gtaV\mask\01356.png,streetViewData\train\gtaV\img\01356.png
1453,train,gtaV,streetViewData\train\gtaV\mask\01809.png,streetViewData\train\gtaV\img\01809.png
1454,train,gtaV,streetViewData\train\gtaV\mask\01372.png,streetViewData\train\gtaV\img\01372.png
1455,train,gtaV,streetViewData\train\gtaV\mask\01589.png,streetViewData\train\gtaV\img\01589.png
1456,train,gtaV,streetViewData\train\gtaV\mask\01172.png,streetViewData\train\gtaV\img\01172.png
1457,train,gtaV,streetViewData\train\gtaV\mask\02512.png,streetViewData\train\gtaV\img\02512.png
1458,train,gtaV,streetViewData\train\gtaV\mask\00260.png,streetViewData\train\gtaV\img\00260.png
1459,train,gtaV,streetViewData\train\gtaV\mask\01493.png,streetViewData\train\gtaV\img\01493.png
1460,train,gtaV,streetViewData\train\gtaV\mask\02381.png,streetViewData\train\gtaV\img\02381.png
1461,train,gtaV,streetViewData\train\gtaV\mask\01291.png,streetViewData\train\gtaV\img\01291.png
1462,train,gtaV,streetViewData\train\gtaV\mask\00858.png,streetViewData\train\gtaV\img\00858.png
1463,train,gtaV,streetViewData\train\gtaV\mask\00466.png,streetViewData\train\gtaV\img\00466.png
1464,train,gtaV,streetViewData\train\gtaV\mask\01438.png,streetViewData\train\gtaV\img\01438.png
1465,train,gtaV,streetViewData\train\gtaV\mask\02334.png,streetViewData\train\gtaV\img\02334.png
1466,train,gtaV,streetViewData\train\gtaV\mask\01703.png,streetViewData\train\gtaV\img\01703.png
1467,train,gtaV,streetViewData\train\gtaV\mask\01283.png,streetViewData\train\gtaV\img\01283.png
1468,train,gtaV,streetViewData\train\gtaV\mask\00089.png,streetViewData\train\gtaV\img\00089.png
1469,train,gtaV,streetViewData\train\gtaV\mask\01300.png,streetViewData\train\gtaV\img\01300.png
1470,train,gtaV,streetViewData\train\gtaV\mask\02048.png,streetViewData\train\gtaV\img\02048.png
1471,train,gtaV,streetViewData\train\gtaV\mask\02123.png,streetViewData\train\gtaV\img\02123.png
1472,train,gtaV,streetViewData\train\gtaV\mask\02398.png,streetViewData\train\gtaV\img\02398.png
1473,train,gtaV,streetViewData\train\gtaV\mask\02229.png,streetViewData\train\gtaV\img\02229.png
1474,train,gtaV,streetViewData\train\gtaV\mask\01737.png,streetViewData\train\gtaV\img\01737.png
1475,train,gtaV,streetViewData\train\gtaV\mask\01422.png,streetViewData\train\gtaV\img\01422.png
1476,train,gtaV,streetViewData\train\gtaV\mask\01605.png,streetViewData\train\gtaV\img\01605.png
1477,train,gtaV,streetViewData\train\gtaV\mask\01577.png,streetViewData\train\gtaV\img\01577.png
1478,train,gtaV,streetViewData\train\gtaV\mask\01026.png,streetViewData\train\gtaV\img\01026.png
1479,train,gtaV,streetViewData\train\gtaV\mask\02139.png,streetViewData\train\gtaV\img\02139.png
1480,train,gtaV,streetViewData\train\gtaV\mask\01312.png,streetViewData\train\gtaV\img\01312.png
1481,train,gtaV,streetViewData\train\gtaV\mask\01808.png,streetViewData\train\gtaV\img\01808.png
1482,train,gtaV,streetViewData\train\gtaV\mask\02400.png,streetViewData\train\gtaV\img\02400.png
1483,train,gtaV,streetViewData\train\gtaV\mask\00061.png,streetViewData\train\gtaV\img\00061.png
1484,train,gtaV,streetViewData\train\gtaV\mask\01079.png,streetViewData\train\gtaV\img\01079.png
1485,train,gtaV,streetViewData\train\gtaV\mask\02341.png,streetViewData\train\gtaV\img\02341.png
1486,train,gtaV,streetViewData\train\gtaV\mask\02261.png,streetViewData\train\gtaV\img\02261.png
1487,train,gtaV,streetViewData\train\gtaV\mask\02487.png,streetViewData\train\gtaV\img\02487.png
1488,train,gtaV,streetViewData\train\gtaV\mask\01501.png,streetViewData\train\gtaV\img\01501.png
1489,train,gtaV,streetViewData\train\gtaV\mask\02375.png,streetViewData\train\gtaV\img\02375.png
1490,train,gtaV,streetViewData\train\gtaV\mask\00856.png,streetViewData\train\gtaV\img\00856.png
1491,train,gtaV,streetViewData\train\gtaV\mask\01647.png,streetViewData\train\gtaV\img\01647.png
1492,train,gtaV,streetViewData\train\gtaV\mask\00450.png,streetViewData\train\gtaV\img\00450.png
1493,train,gtaV,streetViewData\train\gtaV\mask\01301.png,streetViewData\train\gtaV\img\01301.png
1494,train,gtaV,streetViewData\train\gtaV\mask\01872.png,streetViewData\train\gtaV\img\01872.png
1495,train,gtaV,streetViewData\train\gtaV\mask\02085.png,streetViewData\train\gtaV\img\02085.png
1496,train,gtaV,streetViewData\train\gtaV\mask\01454.png,streetViewData\train\gtaV\img\01454.png
1497,train,gtaV,streetViewData\train\gtaV\mask\01362.png,streetViewData\train\gtaV\img\01362.png
1498,train,gtaV,streetViewData\train\gtaV\mask\01228.png,streetViewData\train\gtaV\img\01228.png
1499,train,gtaV,streetViewData\train\gtaV\mask\01430.png,streetViewData\train\gtaV\img\01430.png
1500,train,gtaV,streetViewData\train\gtaV\mask\01911.png,streetViewData\train\gtaV\img\01911.png
1501,train,gtaV,streetViewData\train\gtaV\mask\01677.png,streetViewData\train\gtaV\img\01677.png
1502,train,gtaV,streetViewData\train\gtaV\mask\00706.png,streetViewData\train\gtaV\img\00706.png
1503,train,gtaV,streetViewData\train\gtaV\mask\01272.png,streetViewData\train\gtaV\img\01272.png
1504,train,gtaV,streetViewData\train\gtaV\mask\00522.png,streetViewData\train\gtaV\img\00522.png
1505,train,gtaV,streetViewData\train\gtaV\mask\00503.png,streetViewData\train\gtaV\img\00503.png
1506,train,gtaV,streetViewData\train\gtaV\mask\01384.png,streetViewData\train\gtaV\img\01384.png
1507,train,gtaV,streetViewData\train\gtaV\mask\01917.png,streetViewData\train\gtaV\img\01917.png
1508,train,gtaV,streetViewData\train\gtaV\mask\01986.png,streetViewData\train\gtaV\img\01986.png
1509,train,gtaV,streetViewData\train\gtaV\mask\02119.png,streetViewData\train\gtaV\img\02119.png
1510,train,gtaV,streetViewData\train\gtaV\mask\01044.png,streetViewData\train\gtaV\img\01044.png
1511,train,gtaV,streetViewData\train\gtaV\mask\02083.png,streetViewData\train\gtaV\img\02083.png
1512,train,gtaV,streetViewData\train\gtaV\mask\01260.png,streetViewData\train\gtaV\img\01260.png
1513,train,gtaV,streetViewData\train\gtaV\mask\01439.png,streetViewData\train\gtaV\img\01439.png
1514,train,gtaV,streetViewData\train\gtaV\mask\01541.png,streetViewData\train\gtaV\img\01541.png
1515,train,gtaV,streetViewData\train\gtaV\mask\00443.png,streetViewData\train\gtaV\img\00443.png
1516,train,gtaV,streetViewData\train\gtaV\mask\01965.png,streetViewData\train\gtaV\img\01965.png
1517,train,gtaV,streetViewData\train\gtaV\mask\02374.png,streetViewData\train\gtaV\img\02374.png
1518,train,gtaV,streetViewData\train\gtaV\mask\00851.png,streetViewData\train\gtaV\img\00851.png
1519,train,gtaV,streetViewData\train\gtaV\mask\01845.png,streetViewData\train\gtaV\img\01845.png
1520,train,gtaV,streetViewData\train\gtaV\mask\01150.png,streetViewData\train\gtaV\img\01150.png
1521,train,gtaV,streetViewData\train\gtaV\mask\02144.png,streetViewData\train\gtaV\img\02144.png
1522,train,gtaV,streetViewData\train\gtaV\mask\02430.png,streetViewData\train\gtaV\img\02430.png
1523,train,gtaV,streetViewData\train\gtaV\mask\01515.png,streetViewData\train\gtaV\img\01515.png
1524,train,gtaV,streetViewData\train\gtaV\mask\01538.png,streetViewData\train\gtaV\img\01538.png
1525,train,gtaV,streetViewData\train\gtaV\mask\01619.png,streetViewData\train\gtaV\img\01619.png
1526,train,gtaV,streetViewData\train\gtaV\mask\00861.png,streetViewData\train\gtaV\img\00861.png
1527,train,gtaV,streetViewData\train\gtaV\mask\01621.png,streetViewData\train\gtaV\img\01621.png
1528,train,gtaV,streetViewData\train\gtaV\mask\01506.png,streetViewData\train\gtaV\img\01506.png
1529,train,gtaV,streetViewData\train\gtaV\mask\00996.png,streetViewData\train\gtaV\img\00996.png
1530,train,gtaV,streetViewData\train\gtaV\mask\01139.png,streetViewData\train\gtaV\img\01139.png
1531,train,gtaV,streetViewData\train\gtaV\mask\01087.png,streetViewData\train\gtaV\img\01087.png
1532,train,gtaV,streetViewData\train\gtaV\mask\02244.png,streetViewData\train\gtaV\img\02244.png
1533,train,gtaV,streetViewData\train\gtaV\mask\00434.png,streetViewData\train\gtaV\img\00434.png
1534,train,gtaV,streetViewData\train\gtaV\mask\02445.png,streetViewData\train\gtaV\img\02445.png
1535,train,gtaV,streetViewData\train\gtaV\mask\01426.png,streetViewData\train\gtaV\img\01426.png
1536,train,gtaV,streetViewData\train\gtaV\mask\01729.png,streetViewData\train\gtaV\img\01729.png
1537,train,gtaV,streetViewData\train\gtaV\mask\02279.png,streetViewData\train\gtaV\img\02279.png
1538,train,gtaV,streetViewData\train\gtaV\mask\01896.png,streetViewData\train\gtaV\img\01896.png
1539,train,gtaV,streetViewData\train\gtaV\mask\02405.png,streetViewData\train\gtaV\img\02405.png
1540,train,gtaV,streetViewData\train\gtaV\mask\02448.png,streetViewData\train\gtaV\img\02448.png
1541,train,gtaV,streetViewData\train\gtaV\mask\00378.png,streetViewData\train\gtaV\img\00378.png
1542,train,gtaV,streetViewData\train\gtaV\mask\01852.png,streetViewData\train\gtaV\img\01852.png
1543,train,gtaV,streetViewData\train\gtaV\mask\01940.png,streetViewData\train\gtaV\img\01940.png
1544,train,gtaV,streetViewData\train\gtaV\mask\01966.png,streetViewData\train\gtaV\img\01966.png
1545,train,gtaV,streetViewData\train\gtaV\mask\02349.png,streetViewData\train\gtaV\img\02349.png
1546,train,gtaV,streetViewData\train\gtaV\mask\01875.png,streetViewData\train\gtaV\img\01875.png
1547,train,gtaV,streetViewData\train\gtaV\mask\01948.png,streetViewData\train\gtaV\img\01948.png
1548,train,gtaV,streetViewData\train\gtaV\mask\00843.png,streetViewData\train\gtaV\img\00843.png
1549,train,gtaV,streetViewData\train\gtaV\mask\01196.png,streetViewData\train\gtaV\img\01196.png
1550,train,gtaV,streetViewData\train\gtaV\mask\02451.png,streetViewData\train\gtaV\img\02451.png
1551,train,gtaV,streetViewData\train\gtaV\mask\02286.png,streetViewData\train\gtaV\img\02286.png
1552,train,gtaV,streetViewData\train\gtaV\mask\01497.png,streetViewData\train\gtaV\img\01497.png
1553,train,gtaV,streetViewData\train\gtaV\mask\02246.png,streetViewData\train\gtaV\img\02246.png
1554,train,gtaV,streetViewData\train\gtaV\mask\01248.png,streetViewData\train\gtaV\img\01248.png
1555,train,gtaV,streetViewData\train\gtaV\mask\01168.png,streetViewData\train\gtaV\img\01168.png
1556,train,gtaV,streetViewData\train\gtaV\mask\00085.png,streetViewData\train\gtaV\img\00085.png
1557,train,gtaV,streetViewData\train\gtaV\mask\00873.png,streetViewData\train\gtaV\img\00873.png
1558,train,gtaV,streetViewData\train\gtaV\mask\00870.png,streetViewData\train\gtaV\img\00870.png
1559,train,gtaV,streetViewData\train\gtaV\mask\01834.png,streetViewData\train\gtaV\img\01834.png
1560,train,gtaV,streetViewData\train\gtaV\mask\00907.png,streetViewData\train\gtaV\img\00907.png
1561,train,gtaV,streetViewData\train\gtaV\mask\01554.png,streetViewData\train\gtaV\img\01554.png
1562,train,gtaV,streetViewData\train\gtaV\mask\01681.png,streetViewData\train\gtaV\img\01681.png
1563,train,gtaV,streetViewData\train\gtaV\mask\02174.png,streetViewData\train\gtaV\img\02174.png
1564,train,gtaV,streetViewData\train\gtaV\mask\01245.png,streetViewData\train\gtaV\img\01245.png
1565,train,gtaV,streetViewData\train\gtaV\mask\02187.png,streetViewData\train\gtaV\img\02187.png
1566,train,gtaV,streetViewData\train\gtaV\mask\01536.png,streetViewData\train\gtaV\img\01536.png
1567,train,gtaV,streetViewData\train\gtaV\mask\01421.png,streetViewData\train\gtaV\img\01421.png
1568,train,gtaV,streetViewData\train\gtaV\mask\01720.png,streetViewData\train\gtaV\img\01720.png
1569,train,gtaV,streetViewData\train\gtaV\mask\02114.png,streetViewData\train\gtaV\img\02114.png
1570,train,gtaV,streetViewData\train\gtaV\mask\01428.png,streetViewData\train\gtaV\img\01428.png
1571,train,gtaV,streetViewData\train\gtaV\mask\00404.png,streetViewData\train\gtaV\img\00404.png
1572,train,gtaV,streetViewData\train\gtaV\mask\01970.png,streetViewData\train\gtaV\img\01970.png
1573,train,gtaV,streetViewData\train\gtaV\mask\00876.png,streetViewData\train\gtaV\img\00876.png
1574,train,gtaV,streetViewData\train\gtaV\mask\01691.png,streetViewData\train\gtaV\img\01691.png
1575,train,gtaV,streetViewData\train\gtaV\mask\01553.png,streetViewData\train\gtaV\img\01553.png
1576,train,gtaV,streetViewData\train\gtaV\mask\02314.png,streetViewData\train\gtaV\img\02314.png
1577,train,gtaV,streetViewData\train\gtaV\mask\01945.png,streetViewData\train\gtaV\img\01945.png
1578,train,gtaV,streetViewData\train\gtaV\mask\00530.png,streetViewData\train\gtaV\img\00530.png
1579,train,gtaV,streetViewData\train\gtaV\mask\00377.png,streetViewData\train\gtaV\img\00377.png
1580,train,gtaV,streetViewData\train\gtaV\mask\00403.png,streetViewData\train\gtaV\img\00403.png
1581,train,gtaV,streetViewData\train\gtaV\mask\01754.png,streetViewData\train\gtaV\img\01754.png
1582,train,gtaV,streetViewData\train\gtaV\mask\01557.png,streetViewData\train\gtaV\img\01557.png
1583,train,gtaV,streetViewData\train\gtaV\mask\01608.png,streetViewData\train\gtaV\img\01608.png
1584,train,gtaV,streetViewData\train\gtaV\mask\00144.png,streetViewData\train\gtaV\img\00144.png
1585,train,gtaV,streetViewData\train\gtaV\mask\01978.png,streetViewData\train\gtaV\img\01978.png
1586,train,gtaV,streetViewData\train\gtaV\mask\02442.png,streetViewData\train\gtaV\img\02442.png
1587,train,gtaV,streetViewData\train\gtaV\mask\01510.png,streetViewData\train\gtaV\img\01510.png
1588,train,gtaV,streetViewData\train\gtaV\mask\02401.png,streetViewData\train\gtaV\img\02401.png
1589,train,gtaV,streetViewData\train\gtaV\mask\01425.png,streetViewData\train\gtaV\img\01425.png
1590,train,gtaV,streetViewData\train\gtaV\mask\01699.png,streetViewData\train\gtaV\img\01699.png
1591,train,gtaV,streetViewData\train\gtaV\mask\01804.png,streetViewData\train\gtaV\img\01804.png
1592,train,gtaV,streetViewData\train\gtaV\mask\00411.png,streetViewData\train\gtaV\img\00411.png
1593,train,gtaV,streetViewData\train\gtaV\mask\01462.png,streetViewData\train\gtaV\img\01462.png
1594,train,gtaV,streetViewData\train\gtaV\mask\02093.png,streetViewData\train\gtaV\img\02093.png
1595,train,gtaV,streetViewData\train\gtaV\mask\01981.png,streetViewData\train\gtaV\img\01981.png
1596,train,gtaV,streetViewData\train\gtaV\mask\01749.png,streetViewData\train\gtaV\img\01749.png
1597,train,gtaV,streetViewData\train\gtaV\mask\00281.png,streetViewData\train\gtaV\img\00281.png
1598,train,gtaV,streetViewData\train\gtaV\mask\02055.png,streetViewData\train\gtaV\img\02055.png
1599,train,gtaV,streetViewData\train\gtaV\mask\02046.png,streetViewData\train\gtaV\img\02046.png
1600,train,gtaV,streetViewData\train\gtaV\mask\01316.png,streetViewData\train\gtaV\img\01316.png
1601,train,gtaV,streetViewData\train\gtaV\mask\01635.png,streetViewData\train\gtaV\img\01635.png
1602,train,gtaV,streetViewData\train\gtaV\mask\02282.png,streetViewData\train\gtaV\img\02282.png
1603,train,gtaV,streetViewData\train\gtaV\mask\00837.png,streetViewData\train\gtaV\img\00837.png
1604,train,gtaV,streetViewData\train\gtaV\mask\01543.png,streetViewData\train\gtaV\img\01543.png
1605,train,gtaV,streetViewData\train\gtaV\mask\02378.png,streetViewData\train\gtaV\img\02378.png
1606,train,gtaV,streetViewData\train\gtaV\mask\02488.png,streetViewData\train\gtaV\img\02488.png
1607,train,gtaV,streetViewData\train\gtaV\mask\01464.png,streetViewData\train\gtaV\img\01464.png
1608,train,gtaV,streetViewData\train\gtaV\mask\00906.png,streetViewData\train\gtaV\img\00906.png
1609,train,gtaV,streetViewData\train\gtaV\mask\02041.png,streetViewData\train\gtaV\img\02041.png
1610,train,gtaV,streetViewData\train\gtaV\mask\00354.png,streetViewData\train\gtaV\img\00354.png
1611,train,gtaV,streetViewData\train\gtaV\mask\01879.png,streetViewData\train\gtaV\img\01879.png
1612,train,gtaV,streetViewData\train\gtaV\mask\01255.png,streetViewData\train\gtaV\img\01255.png
1613,train,gtaV,streetViewData\train\gtaV\mask\01366.png,streetViewData\train\gtaV\img\01366.png
1614,train,gtaV,streetViewData\train\gtaV\mask\01121.png,streetViewData\train\gtaV\img\01121.png
1615,train,gtaV,streetViewData\train\gtaV\mask\02031.png,streetViewData\train\gtaV\img\02031.png
1616,train,gtaV,streetViewData\train\gtaV\mask\02147.png,streetViewData\train\gtaV\img\02147.png
1617,train,gtaV,streetViewData\train\gtaV\mask\01447.png,streetViewData\train\gtaV\img\01447.png
1618,train,gtaV,streetViewData\train\gtaV\mask\01932.png,streetViewData\train\gtaV\img\01932.png
1619,train,gtaV,streetViewData\train\gtaV\mask\02145.png,streetViewData\train\gtaV\img\02145.png
1620,train,gtaV,streetViewData\train\gtaV\mask\02201.png,streetViewData\train\gtaV\img\02201.png
1621,train,gtaV,streetViewData\train\gtaV\mask\01642.png,streetViewData\train\gtaV\img\01642.png
1622,train,gtaV,streetViewData\train\gtaV\mask\00892.png,streetViewData\train\gtaV\img\00892.png
1623,train,gtaV,streetViewData\train\gtaV\mask\02388.png,streetViewData\train\gtaV\img\02388.png
1624,train,gtaV,streetViewData\train\gtaV\mask\01646.png,streetViewData\train\gtaV\img\01646.png
1625,train,gtaV,streetViewData\train\gtaV\mask\02385.png,streetViewData\train\gtaV\img\02385.png
1626,train,gtaV,streetViewData\train\gtaV\mask\01937.png,streetViewData\train\gtaV\img\01937.png
1627,train,gtaV,streetViewData\train\gtaV\mask\02322.png,streetViewData\train\gtaV\img\02322.png
1628,train,gtaV,streetViewData\train\gtaV\mask\00988.png,streetViewData\train\gtaV\img\00988.png
1629,train,gtaV,streetViewData\train\gtaV\mask\01033.png,streetViewData\train\gtaV\img\01033.png
1630,train,gtaV,streetViewData\train\gtaV\mask\01701.png,streetViewData\train\gtaV\img\01701.png
1631,train,gtaV,streetViewData\train\gtaV\mask\02071.png,streetViewData\train\gtaV\img\02071.png
1632,train,gtaV,streetViewData\train\gtaV\mask\00437.png,streetViewData\train\gtaV\img\00437.png
1633,train,gtaV,streetViewData\train\gtaV\mask\01487.png,streetViewData\train\gtaV\img\01487.png
1634,train,gtaV,streetViewData\train\gtaV\mask\01234.png,streetViewData\train\gtaV\img\01234.png
1635,train,gtaV,streetViewData\train\gtaV\mask\01232.png,streetViewData\train\gtaV\img\01232.png
1636,train,gtaV,streetViewData\train\gtaV\mask\02037.png,streetViewData\train\gtaV\img\02037.png
1637,train,gtaV,streetViewData\train\gtaV\mask\02428.png,streetViewData\train\gtaV\img\02428.png
1638,train,gtaV,streetViewData\train\gtaV\mask\01173.png,streetViewData\train\gtaV\img\01173.png
1639,train,gtaV,streetViewData\train\gtaV\mask\00513.png,streetViewData\train\gtaV\img\00513.png
1640,train,gtaV,streetViewData\train\gtaV\mask\02221.png,streetViewData\train\gtaV\img\02221.png
1641,train,gtaV,streetViewData\train\gtaV\mask\02506.png,streetViewData\train\gtaV\img\02506.png
1642,train,gtaV,streetViewData\train\gtaV\mask\02155.png,streetViewData\train\gtaV\img\02155.png
1643,train,gtaV,streetViewData\train\gtaV\mask\02479.png,streetViewData\train\gtaV\img\02479.png
1644,train,gtaV,streetViewData\train\gtaV\mask\01951.png,streetViewData\train\gtaV\img\01951.png
1645,train,gtaV,streetViewData\train\gtaV\mask\01166.png,streetViewData\train\gtaV\img\01166.png
1646,train,gtaV,streetViewData\train\gtaV\mask\02308.png,streetViewData\train\gtaV\img\02308.png
1647,train,gtaV,streetViewData\train\gtaV\mask\01480.png,streetViewData\train\gtaV\img\01480.png
1648,train,gtaV,streetViewData\train\gtaV\mask\01504.png,streetViewData\train\gtaV\img\01504.png
1649,train,gtaV,streetViewData\train\gtaV\mask\00879.png,streetViewData\train\gtaV\img\00879.png
1650,train,gtaV,streetViewData\train\gtaV\mask\01381.png,streetViewData\train\gtaV\img\01381.png
1651,train,gtaV,streetViewData\train\gtaV\mask\01915.png,streetViewData\train\gtaV\img\01915.png
1652,train,gtaV,streetViewData\train\gtaV\mask\02269.png,streetViewData\train\gtaV\img\02269.png
1653,train,gtaV,streetViewData\train\gtaV\mask\02382.png,streetViewData\train\gtaV\img\02382.png
1654,train,gtaV,streetViewData\train\gtaV\mask\01584.png,streetViewData\train\gtaV\img\01584.png
1655,train,gtaV,streetViewData\train\gtaV\mask\02418.png,streetViewData\train\gtaV\img\02418.png
1656,train,gtaV,streetViewData\train\gtaV\mask\01034.png,streetViewData\train\gtaV\img\01034.png
1657,train,gtaV,streetViewData\train\gtaV\mask\02208.png,streetViewData\train\gtaV\img\02208.png
1658,train,gtaV,streetViewData\train\gtaV\mask\01036.png,streetViewData\train\gtaV\img\01036.png
1659,train,gtaV,streetViewData\train\gtaV\mask\02275.png,streetViewData\train\gtaV\img\02275.png
1660,train,gtaV,streetViewData\train\gtaV\mask\01824.png,streetViewData\train\gtaV\img\01824.png
1661,train,gtaV,streetViewData\train\gtaV\mask\00399.png,streetViewData\train\gtaV\img\00399.png
1662,train,gtaV,streetViewData\train\gtaV\mask\02243.png,streetViewData\train\gtaV\img\02243.png
1663,train,gtaV,streetViewData\train\gtaV\mask\01954.png,streetViewData\train\gtaV\img\01954.png
1664,train,gtaV,streetViewData\train\gtaV\mask\01651.png,streetViewData\train\gtaV\img\01651.png
1665,train,gtaV,streetViewData\train\gtaV\mask\02011.png,streetViewData\train\gtaV\img\02011.png
1666,train,gtaV,streetViewData\train\gtaV\mask\01137.png,streetViewData\train\gtaV\img\01137.png
1667,train,gtaV,streetViewData\train\gtaV\mask\00492.png,streetViewData\train\gtaV\img\00492.png
1668,train,gtaV,streetViewData\train\gtaV\mask\01783.png,streetViewData\train\gtaV\img\01783.png
1669,train,gtaV,streetViewData\train\gtaV\mask\02453.png,streetViewData\train\gtaV\img\02453.png
1670,train,gtaV,streetViewData\train\gtaV\mask\02270.png,streetViewData\train\gtaV\img\02270.png
1671,train,gtaV,streetViewData\train\gtaV\mask\02362.png,streetViewData\train\gtaV\img\02362.png
1672,train,gtaV,streetViewData\train\gtaV\mask\01206.png,streetViewData\train\gtaV\img\01206.png
1673,train,gtaV,streetViewData\train\gtaV\mask\01609.png,streetViewData\train\gtaV\img\01609.png
1674,train,gtaV,streetViewData\train\gtaV\mask\00874.png,streetViewData\train\gtaV\img\00874.png
1675,train,gtaV,streetViewData\train\gtaV\mask\02038.png,streetViewData\train\gtaV\img\02038.png
1676,train,gtaV,streetViewData\train\gtaV\mask\02019.png,streetViewData\train\gtaV\img\02019.png
1677,train,gtaV,streetViewData\train\gtaV\mask\02523.png,streetViewData\train\gtaV\img\02523.png
1678,train,gtaV,streetViewData\train\gtaV\mask\01268.png,streetViewData\train\gtaV\img\01268.png
1679,train,gtaV,streetViewData\train\gtaV\mask\01086.png,streetViewData\train\gtaV\img\01086.png
1680,train,gtaV,streetViewData\train\gtaV\mask\01274.png,streetViewData\train\gtaV\img\01274.png
1681,train,gtaV,streetViewData\train\gtaV\mask\01743.png,streetViewData\train\gtaV\img\01743.png
1682,train,gtaV,streetViewData\train\gtaV\mask\01664.png,streetViewData\train\gtaV\img\01664.png
1683,train,gtaV,streetViewData\train\gtaV\mask\01982.png,streetViewData\train\gtaV\img\01982.png
1684,train,gtaV,streetViewData\train\gtaV\mask\00477.png,streetViewData\train\gtaV\img\00477.png
1685,train,gtaV,streetViewData\train\gtaV\mask\00841.png,streetViewData\train\gtaV\img\00841.png
1686,train,gtaV,streetViewData\train\gtaV\mask\00125.png,streetViewData\train\gtaV\img\00125.png
1687,train,gtaV,streetViewData\train\gtaV\mask\00950.png,streetViewData\train\gtaV\img\00950.png
1688,train,gtaV,streetViewData\train\gtaV\mask\01326.png,streetViewData\train\gtaV\img\01326.png
1689,train,gtaV,streetViewData\train\gtaV\mask\01529.png,streetViewData\train\gtaV\img\01529.png
1690,train,gtaV,streetViewData\train\gtaV\mask\02172.png,streetViewData\train\gtaV\img\02172.png
1691,train,gtaV,streetViewData\train\gtaV\mask\01055.png,streetViewData\train\gtaV\img\01055.png
1692,train,gtaV,streetViewData\train\gtaV\mask\01091.png,streetViewData\train\gtaV\img\01091.png
1693,train,gtaV,streetViewData\train\gtaV\mask\01097.png,streetViewData\train\gtaV\img\01097.png
1694,train,gtaV,streetViewData\train\gtaV\mask\02014.png,streetViewData\train\gtaV\img\02014.png
1695,train,gtaV,streetViewData\train\gtaV\mask\02477.png,streetViewData\train\gtaV\img\02477.png
1696,train,gtaV,streetViewData\train\gtaV\mask\01071.png,streetViewData\train\gtaV\img\01071.png
1697,train,gtaV,streetViewData\train\gtaV\mask\02193.png,streetViewData\train\gtaV\img\02193.png
1698,train,gtaV,streetViewData\train\gtaV\mask\02167.png,streetViewData\train\gtaV\img\02167.png
1699,train,gtaV,streetViewData\train\gtaV\mask\01913.png,streetViewData\train\gtaV\img\01913.png
1700,train,gtaV,streetViewData\train\gtaV\mask\01741.png,streetViewData\train\gtaV\img\01741.png
1701,train,gtaV,streetViewData\train\gtaV\mask\01588.png,streetViewData\train\gtaV\img\01588.png
1702,train,gtaV,streetViewData\train\gtaV\mask\01548.png,streetViewData\train\gtaV\img\01548.png
1703,train,gtaV,streetViewData\train\gtaV\mask\00894.png,streetViewData\train\gtaV\img\00894.png
1704,train,gtaV,streetViewData\train\gtaV\mask\01403.png,streetViewData\train\gtaV\img\01403.png
1705,train,gtaV,streetViewData\train\gtaV\mask\00430.png,streetViewData\train\gtaV\img\00430.png
1706,train,gtaV,streetViewData\train\gtaV\mask\00436.png,streetViewData\train\gtaV\img\00436.png
1707,train,gtaV,streetViewData\train\gtaV\mask\01833.png,streetViewData\train\gtaV\img\01833.png
1708,train,gtaV,streetViewData\train\gtaV\mask\00939.png,streetViewData\train\gtaV\img\00939.png
1709,train,gtaV,streetViewData\train\gtaV\mask\02016.png,streetViewData\train\gtaV\img\02016.png
1710,train,gtaV,streetViewData\train\gtaV\mask\00013.png,streetViewData\train\gtaV\img\00013.png
1711,train,gtaV,streetViewData\train\gtaV\mask\01991.png,streetViewData\train\gtaV\img\01991.png
1712,train,gtaV,streetViewData\train\gtaV\mask\00123.png,streetViewData\train\gtaV\img\00123.png
1713,train,gtaV,streetViewData\train\gtaV\mask\01870.png,streetViewData\train\gtaV\img\01870.png
1714,train,gtaV,streetViewData\train\gtaV\mask\01974.png,streetViewData\train\gtaV\img\01974.png
1715,train,gtaV,streetViewData\train\gtaV\mask\00081.png,streetViewData\train\gtaV\img\00081.png
1716,train,gtaV,streetViewData\train\gtaV\mask\02007.png,streetViewData\train\gtaV\img\02007.png
1717,train,gtaV,streetViewData\train\gtaV\mask\02502.png,streetViewData\train\gtaV\img\02502.png
1718,train,gtaV,streetViewData\train\gtaV\mask\01406.png,streetViewData\train\gtaV\img\01406.png
1719,train,gtaV,streetViewData\train\gtaV\mask\00901.png,streetViewData\train\gtaV\img\00901.png
1720,train,gtaV,streetViewData\train\gtaV\mask\01860.png,streetViewData\train\gtaV\img\01860.png
1721,train,gtaV,streetViewData\train\gtaV\mask\01901.png,streetViewData\train\gtaV\img\01901.png
1722,train,gtaV,streetViewData\train\gtaV\mask\01167.png,streetViewData\train\gtaV\img\01167.png
1723,train,gtaV,streetViewData\train\gtaV\mask\00888.png,streetViewData\train\gtaV\img\00888.png
1724,train,gtaV,streetViewData\train\gtaV\mask\00877.png,streetViewData\train\gtaV\img\00877.png
1725,train,gtaV,streetViewData\train\gtaV\mask\00938.png,streetViewData\train\gtaV\img\00938.png
1726,train,gtaV,streetViewData\train\gtaV\mask\00267.png,streetViewData\train\gtaV\img\00267.png
1727,train,gtaV,streetViewData\train\gtaV\mask\01689.png,streetViewData\train\gtaV\img\01689.png
1728,train,gtaV,streetViewData\train\gtaV\mask\00122.png,streetViewData\train\gtaV\img\00122.png
1729,train,gtaV,streetViewData\train\gtaV\mask\01284.png,streetViewData\train\gtaV\img\01284.png
1730,train,gtaV,streetViewData\train\gtaV\mask\01944.png,streetViewData\train\gtaV\img\01944.png
1731,train,gtaV,streetViewData\train\gtaV\mask\02380.png,streetViewData\train\gtaV\img\02380.png
1732,train,gtaV,streetViewData\train\gtaV\mask\01304.png,streetViewData\train\gtaV\img\01304.png
1733,train,gtaV,streetViewData\train\gtaV\mask\01105.png,streetViewData\train\gtaV\img\01105.png
1734,train,gtaV,streetViewData\train\gtaV\mask\01952.png,streetViewData\train\gtaV\img\01952.png
1735,train,gtaV,streetViewData\train\gtaV\mask\02004.png,streetViewData\train\gtaV\img\02004.png
1736,train,gtaV,streetViewData\train\gtaV\mask\02001.png,streetViewData\train\gtaV\img\02001.png
1737,train,gtaV,streetViewData\train\gtaV\mask\02186.png,streetViewData\train\gtaV\img\02186.png
1738,train,gtaV,streetViewData\train\gtaV\mask\01415.png,streetViewData\train\gtaV\img\01415.png
1739,train,gtaV,streetViewData\train\gtaV\mask\00110.png,streetViewData\train\gtaV\img\00110.png
1740,train,gtaV,streetViewData\train\gtaV\mask\01922.png,streetViewData\train\gtaV\img\01922.png
1741,train,gtaV,streetViewData\train\gtaV\mask\01659.png,streetViewData\train\gtaV\img\01659.png
1742,train,gtaV,streetViewData\train\gtaV\mask\02466.png,streetViewData\train\gtaV\img\02466.png
1743,train,gtaV,streetViewData\train\gtaV\mask\02496.png,streetViewData\train\gtaV\img\02496.png
1744,train,gtaV,streetViewData\train\gtaV\mask\01957.png,streetViewData\train\gtaV\img\01957.png
1745,train,gtaV,streetViewData\train\gtaV\mask\01441.png,streetViewData\train\gtaV\img\01441.png
1746,train,gtaV,streetViewData\train\gtaV\mask\01048.png,streetViewData\train\gtaV\img\01048.png
1747,train,gtaV,streetViewData\train\gtaV\mask\00420.png,streetViewData\train\gtaV\img\00420.png
1748,train,gtaV,streetViewData\train\gtaV\mask\02063.png,streetViewData\train\gtaV\img\02063.png
1749,train,gtaV,streetViewData\train\gtaV\mask\02065.png,streetViewData\train\gtaV\img\02065.png
1750,train,gtaV,streetViewData\train\gtaV\mask\01106.png,streetViewData\train\gtaV\img\01106.png
1751,train,gtaV,streetViewData\train\gtaV\mask\01320.png,streetViewData\train\gtaV\img\01320.png
1752,train,gtaV,streetViewData\train\gtaV\mask\02358.png,streetViewData\train\gtaV\img\02358.png
1753,train,gtaV,streetViewData\train\gtaV\mask\01730.png,streetViewData\train\gtaV\img\01730.png
1754,train,gtaV,streetViewData\train\gtaV\mask\00519.png,streetViewData\train\gtaV\img\00519.png
1755,train,gtaV,streetViewData\train\gtaV\mask\01509.png,streetViewData\train\gtaV\img\01509.png
1756,train,gtaV,streetViewData\train\gtaV\mask\01293.png,streetViewData\train\gtaV\img\01293.png
1757,train,gtaV,streetViewData\train\gtaV\mask\02471.png,streetViewData\train\gtaV\img\02471.png
1758,train,gtaV,streetViewData\train\gtaV\mask\00448.png,streetViewData\train\gtaV\img\00448.png
1759,train,gtaV,streetViewData\train\gtaV\mask\01883.png,streetViewData\train\gtaV\img\01883.png
1760,train,gtaV,streetViewData\train\gtaV\mask\01555.png,streetViewData\train\gtaV\img\01555.png
1761,train,gtaV,streetViewData\train\gtaV\mask\01399.png,streetViewData\train\gtaV\img\01399.png
1762,train,gtaV,streetViewData\train\gtaV\mask\00855.png,streetViewData\train\gtaV\img\00855.png
1763,train,gtaV,streetViewData\train\gtaV\mask\01520.png,streetViewData\train\gtaV\img\01520.png
1764,train,gtaV,streetViewData\train\gtaV\mask\02143.png,streetViewData\train\gtaV\img\02143.png
1765,train,gtaV,streetViewData\train\gtaV\mask\00475.png,streetViewData\train\gtaV\img\00475.png
1766,train,gtaV,streetViewData\train\gtaV\mask\01842.png,streetViewData\train\gtaV\img\01842.png
1767,train,gtaV,streetViewData\train\gtaV\mask\00997.png,streetViewData\train\gtaV\img\00997.png
1768,train,gtaV,streetViewData\train\gtaV\mask\02086.png,streetViewData\train\gtaV\img\02086.png
1769,train,gtaV,streetViewData\train\gtaV\mask\00020.png,streetViewData\train\gtaV\img\00020.png
1770,train,gtaV,streetViewData\train\gtaV\mask\01147.png,streetViewData\train\gtaV\img\01147.png
1771,train,gtaV,streetViewData\train\gtaV\mask\00497.png,streetViewData\train\gtaV\img\00497.png
1772,train,gtaV,streetViewData\train\gtaV\mask\01262.png,streetViewData\train\gtaV\img\01262.png
1773,train,gtaV,streetViewData\train\gtaV\mask\01141.png,streetViewData\train\gtaV\img\01141.png
1774,train,gtaV,streetViewData\train\gtaV\mask\01177.png,streetViewData\train\gtaV\img\01177.png
1775,train,gtaV,streetViewData\train\gtaV\mask\01830.png,streetViewData\train\gtaV\img\01830.png
1776,train,gtaV,streetViewData\train\gtaV\mask\01182.png,streetViewData\train\gtaV\img\01182.png
1777,train,gtaV,streetViewData\train\gtaV\mask\02160.png,streetViewData\train\gtaV\img\02160.png
1778,train,gtaV,streetViewData\train\gtaV\mask\01919.png,streetViewData\train\gtaV\img\01919.png
1779,train,gtaV,streetViewData\train\gtaV\mask\02183.png,streetViewData\train\gtaV\img\02183.png
1780,train,gtaV,streetViewData\train\gtaV\mask\00021.png,streetViewData\train\gtaV\img\00021.png
1781,train,gtaV,streetViewData\train\gtaV\mask\00849.png,streetViewData\train\gtaV\img\00849.png
1782,train,gtaV,streetViewData\train\gtaV\mask\01240.png,streetViewData\train\gtaV\img\01240.png
1783,train,gtaV,streetViewData\train\gtaV\mask\01928.png,streetViewData\train\gtaV\img\01928.png
1784,train,gtaV,streetViewData\train\gtaV\mask\01229.png,streetViewData\train\gtaV\img\01229.png
1785,train,gtaV,streetViewData\train\gtaV\mask\02408.png,streetViewData\train\gtaV\img\02408.png
1786,train,gtaV,streetViewData\train\gtaV\mask\01868.png,streetViewData\train\gtaV\img\01868.png
1787,train,gtaV,streetViewData\train\gtaV\mask\00836.png,streetViewData\train\gtaV\img\00836.png
1788,train,gtaV,streetViewData\train\gtaV\mask\01369.png,streetViewData\train\gtaV\img\01369.png
1789,train,gtaV,streetViewData\train\gtaV\mask\02263.png,streetViewData\train\gtaV\img\02263.png
1790,train,gtaV,streetViewData\train\gtaV\mask\01821.png,streetViewData\train\gtaV\img\01821.png
1791,train,gtaV,streetViewData\train\gtaV\mask\02028.png,streetViewData\train\gtaV\img\02028.png
1792,train,gtaV,streetViewData\train\gtaV\mask\01247.png,streetViewData\train\gtaV\img\01247.png
1793,train,gtaV,streetViewData\train\gtaV\mask\02165.png,streetViewData\train\gtaV\img\02165.png
1794,train,gtaV,streetViewData\train\gtaV\mask\01961.png,streetViewData\train\gtaV\img\01961.png
1795,train,gtaV,streetViewData\train\gtaV\mask\00134.png,streetViewData\train\gtaV\img\00134.png
1796,train,gtaV,streetViewData\train\gtaV\mask\00969.png,streetViewData\train\gtaV\img\00969.png
1797,train,gtaV,streetViewData\train\gtaV\mask\01435.png,streetViewData\train\gtaV\img\01435.png
1798,train,gtaV,streetViewData\train\gtaV\mask\01697.png,streetViewData\train\gtaV\img\01697.png
1799,train,gtaV,streetViewData\train\gtaV\mask\01813.png,streetViewData\train\gtaV\img\01813.png
1800,train,gtaV,streetViewData\train\gtaV\mask\00853.png,streetViewData\train\gtaV\img\00853.png
1801,train,gtaV,streetViewData\train\gtaV\mask\02493.png,streetViewData\train\gtaV\img\02493.png
1802,train,gtaV,streetViewData\train\gtaV\mask\01224.png,streetViewData\train\gtaV\img\01224.png
1803,train,gtaV,streetViewData\train\gtaV\mask\01089.png,streetViewData\train\gtaV\img\01089.png
1804,train,gtaV,streetViewData\train\gtaV\mask\02492.png,streetViewData\train\gtaV\img\02492.png
1805,train,gtaV,streetViewData\train\gtaV\mask\01223.png,streetViewData\train\gtaV\img\01223.png
1806,train,gtaV,streetViewData\train\gtaV\mask\01571.png,streetViewData\train\gtaV\img\01571.png
1807,train,gtaV,streetViewData\train\gtaV\mask\00339.png,streetViewData\train\gtaV\img\00339.png
1808,train,gtaV,streetViewData\train\gtaV\mask\01324.png,streetViewData\train\gtaV\img\01324.png
1809,train,gtaV,streetViewData\train\gtaV\mask\01590.png,streetViewData\train\gtaV\img\01590.png
1810,train,gtaV,streetViewData\train\gtaV\mask\00972.png,streetViewData\train\gtaV\img\00972.png
1811,train,gtaV,streetViewData\train\gtaV\mask\00422.png,streetViewData\train\gtaV\img\00422.png
1812,train,gtaV,streetViewData\train\gtaV\mask\00850.png,streetViewData\train\gtaV\img\00850.png
1813,train,gtaV,streetViewData\train\gtaV\mask\00511.png,streetViewData\train\gtaV\img\00511.png
1814,train,gtaV,streetViewData\train\gtaV\mask\00405.png,streetViewData\train\gtaV\img\00405.png
1815,train,gtaV,streetViewData\train\gtaV\mask\00527.png,streetViewData\train\gtaV\img\00527.png
1816,train,gtaV,streetViewData\train\gtaV\mask\02437.png,streetViewData\train\gtaV\img\02437.png
1817,train,gtaV,streetViewData\train\gtaV\mask\01895.png,streetViewData\train\gtaV\img\01895.png
1818,train,gtaV,streetViewData\train\gtaV\mask\01482.png,streetViewData\train\gtaV\img\01482.png
1819,train,gtaV,streetViewData\train\gtaV\mask\02178.png,streetViewData\train\gtaV\img\02178.png
1820,train,gtaV,streetViewData\train\gtaV\mask\01734.png,streetViewData\train\gtaV\img\01734.png
1821,train,gtaV,streetViewData\train\gtaV\mask\02410.png,streetViewData\train\gtaV\img\02410.png
1822,train,gtaV,streetViewData\train\gtaV\mask\00488.png,streetViewData\train\gtaV\img\00488.png
1823,train,gtaV,streetViewData\train\gtaV\mask\02042.png,streetViewData\train\gtaV\img\02042.png
1824,train,gtaV,streetViewData\train\gtaV\mask\01056.png,streetViewData\train\gtaV\img\01056.png
1825,train,gtaV,streetViewData\train\gtaV\mask\00374.png,streetViewData\train\gtaV\img\00374.png
1826,train,gtaV,streetViewData\train\gtaV\mask\02106.png,streetViewData\train\gtaV\img\02106.png
1827,train,gtaV,streetViewData\train\gtaV\mask\02215.png,streetViewData\train\gtaV\img\02215.png
1828,train,gtaV,streetViewData\train\gtaV\mask\02154.png,streetViewData\train\gtaV\img\02154.png
1829,train,gtaV,streetViewData\train\gtaV\mask\02185.png,streetViewData\train\gtaV\img\02185.png
1830,train,gtaV,streetViewData\train\gtaV\mask\02030.png,streetViewData\train\gtaV\img\02030.png
1831,train,gtaV,streetViewData\train\gtaV\mask\01311.png,streetViewData\train\gtaV\img\01311.png
1832,train,gtaV,streetViewData\train\gtaV\mask\01636.png,streetViewData\train\gtaV\img\01636.png
1833,train,gtaV,streetViewData\train\gtaV\mask\02504.png,streetViewData\train\gtaV\img\02504.png
1834,train,gtaV,streetViewData\train\gtaV\mask\02335.png,streetViewData\train\gtaV\img\02335.png
1835,train,gtaV,streetViewData\train\gtaV\mask\02329.png,streetViewData\train\gtaV\img\02329.png
1836,train,gtaV,streetViewData\train\gtaV\mask\02222.png,streetViewData\train\gtaV\img\02222.png
1837,train,gtaV,streetViewData\train\gtaV\mask\01046.png,streetViewData\train\gtaV\img\01046.png
1838,train,gtaV,streetViewData\train\gtaV\mask\01702.png,streetViewData\train\gtaV\img\01702.png
1839,train,gtaV,streetViewData\train\gtaV\mask\00040.png,streetViewData\train\gtaV\img\00040.png
1840,train,gtaV,streetViewData\train\gtaV\mask\02002.png,streetViewData\train\gtaV\img\02002.png
1841,train,gtaV,streetViewData\train\gtaV\mask\02152.png,streetViewData\train\gtaV\img\02152.png
1842,train,gtaV,streetViewData\train\gtaV\mask\01760.png,streetViewData\train\gtaV\img\01760.png
1843,train,gtaV,streetViewData\train\gtaV\mask\02075.png,streetViewData\train\gtaV\img\02075.png
1844,train,gtaV,streetViewData\train\gtaV\mask\01627.png,streetViewData\train\gtaV\img\01627.png
1845,train,gtaV,streetViewData\train\gtaV\mask\01029.png,streetViewData\train\gtaV\img\01029.png
1846,train,gtaV,streetViewData\train\gtaV\mask\01163.png,streetViewData\train\gtaV\img\01163.png
1847,train,gtaV,streetViewData\train\gtaV\mask\02458.png,streetViewData\train\gtaV\img\02458.png
1848,train,gtaV,streetViewData\train\gtaV\mask\01241.png,streetViewData\train\gtaV\img\01241.png
1849,train,gtaV,streetViewData\train\gtaV\mask\01750.png,streetViewData\train\gtaV\img\01750.png
1850,train,gtaV,streetViewData\train\gtaV\mask\01859.png,streetViewData\train\gtaV\img\01859.png
1851,train,gtaV,streetViewData\train\gtaV\mask\00520.png,streetViewData\train\gtaV\img\00520.png
1852,train,gtaV,streetViewData\train\gtaV\mask\02006.png,streetViewData\train\gtaV\img\02006.png
1853,train,gtaV,streetViewData\train\gtaV\mask\01766.png,streetViewData\train\gtaV\img\01766.png
1854,train,gtaV,streetViewData\train\gtaV\mask\02406.png,streetViewData\train\gtaV\img\02406.png
1855,train,gtaV,streetViewData\train\gtaV\mask\00514.png,streetViewData\train\gtaV\img\00514.png
1856,train,gtaV,streetViewData\train\gtaV\mask\02457.png,streetViewData\train\gtaV\img\02457.png
1857,train,gtaV,streetViewData\train\gtaV\mask\02359.png,streetViewData\train\gtaV\img\02359.png
1858,train,gtaV,streetViewData\train\gtaV\mask\01785.png,streetViewData\train\gtaV\img\01785.png
1859,train,gtaV,streetViewData\train\gtaV\mask\00062.png,streetViewData\train\gtaV\img\00062.png
1860,train,gtaV,streetViewData\train\gtaV\mask\02022.png,streetViewData\train\gtaV\img\02022.png
1861,train,gtaV,streetViewData\train\gtaV\mask\02476.png,streetViewData\train\gtaV\img\02476.png
1862,train,gtaV,streetViewData\train\gtaV\mask\02072.png,streetViewData\train\gtaV\img\02072.png
1863,train,gtaV,streetViewData\train\gtaV\mask\01564.png,streetViewData\train\gtaV\img\01564.png
1864,train,gtaV,streetViewData\train\gtaV\mask\01818.png,streetViewData\train\gtaV\img\01818.png
1865,train,gtaV,streetViewData\train\gtaV\mask\02161.png,streetViewData\train\gtaV\img\02161.png
1866,train,gtaV,streetViewData\train\gtaV\mask\01802.png,streetViewData\train\gtaV\img\01802.png
1867,train,gtaV,streetViewData\train\gtaV\mask\01498.png,streetViewData\train\gtaV\img\01498.png
1868,train,gtaV,streetViewData\train\gtaV\mask\02150.png,streetViewData\train\gtaV\img\02150.png
1869,train,gtaV,streetViewData\train\gtaV\mask\01058.png,streetViewData\train\gtaV\img\01058.png
1870,train,gtaV,streetViewData\train\gtaV\mask\00410.png,streetViewData\train\gtaV\img\00410.png
1871,train,gtaV,streetViewData\train\gtaV\mask\01298.png,streetViewData\train\gtaV\img\01298.png
1872,train,gtaV,streetViewData\train\gtaV\mask\02431.png,streetViewData\train\gtaV\img\02431.png
1873,train,gtaV,streetViewData\train\gtaV\mask\01270.png,streetViewData\train\gtaV\img\01270.png
1874,train,gtaV,streetViewData\train\gtaV\mask\01219.png,streetViewData\train\gtaV\img\01219.png
1875,train,gtaV,streetViewData\train\gtaV\mask\01946.png,streetViewData\train\gtaV\img\01946.png
1876,train,gtaV,streetViewData\train\gtaV\mask\00937.png,streetViewData\train\gtaV\img\00937.png
1877,train,gtaV,streetViewData\train\gtaV\mask\01558.png,streetViewData\train\gtaV\img\01558.png
1878,train,gtaV,streetViewData\train\gtaV\mask\01102.png,streetViewData\train\gtaV\img\01102.png
1879,train,gtaV,streetViewData\train\gtaV\mask\02107.png,streetViewData\train\gtaV\img\02107.png
1880,train,gtaV,streetViewData\train\gtaV\mask\01903.png,streetViewData\train\gtaV\img\01903.png
1881,train,gtaV,streetViewData\train\gtaV\mask\01690.png,streetViewData\train\gtaV\img\01690.png
1882,train,gtaV,streetViewData\train\gtaV\mask\01330.png,streetViewData\train\gtaV\img\01330.png
1883,train,gtaV,streetViewData\train\gtaV\mask\00105.png,streetViewData\train\gtaV\img\00105.png
1884,train,gtaV,streetViewData\train\gtaV\mask\02469.png,streetViewData\train\gtaV\img\02469.png
1885,train,gtaV,streetViewData\train\gtaV\mask\00860.png,streetViewData\train\gtaV\img\00860.png
1886,train,gtaV,streetViewData\train\gtaV\mask\02204.png,streetViewData\train\gtaV\img\02204.png
1887,train,gtaV,streetViewData\train\gtaV\mask\00103.png,streetViewData\train\gtaV\img\00103.png
1888,train,gtaV,streetViewData\train\gtaV\mask\01890.png,streetViewData\train\gtaV\img\01890.png
1889,train,gtaV,streetViewData\train\gtaV\mask\00893.png,streetViewData\train\gtaV\img\00893.png
1890,train,gtaV,streetViewData\train\gtaV\mask\01710.png,streetViewData\train\gtaV\img\01710.png
1891,train,gtaV,streetViewData\train\gtaV\mask\00974.png,streetViewData\train\gtaV\img\00974.png
1892,train,gtaV,streetViewData\train\gtaV\mask\01858.png,streetViewData\train\gtaV\img\01858.png
1893,train,gtaV,streetViewData\train\gtaV\mask\02441.png,streetViewData\train\gtaV\img\02441.png
1894,train,gtaV,streetViewData\train\gtaV\mask\01933.png,streetViewData\train\gtaV\img\01933.png
1895,train,gtaV,streetViewData\train\gtaV\mask\00419.png,streetViewData\train\gtaV\img\00419.png
1896,train,gtaV,streetViewData\train\gtaV\mask\01528.png,streetViewData\train\gtaV\img\01528.png
1897,train,gtaV,streetViewData\train\gtaV\mask\01641.png,streetViewData\train\gtaV\img\01641.png
1898,train,gtaV,streetViewData\train\gtaV\mask\02127.png,streetViewData\train\gtaV\img\02127.png
1899,train,gtaV,streetViewData\train\gtaV\mask\01038.png,streetViewData\train\gtaV\img\01038.png
1900,train,gtaV,streetViewData\train\gtaV\mask\02277.png,streetViewData\train\gtaV\img\02277.png
1901,train,gtaV,streetViewData\train\gtaV\mask\00340.png,streetViewData\train\gtaV\img\00340.png
1902,train,gtaV,streetViewData\train\gtaV\mask\02211.png,streetViewData\train\gtaV\img\02211.png
1903,train,gtaV,streetViewData\train\gtaV\mask\01698.png,streetViewData\train\gtaV\img\01698.png
1904,train,gtaV,streetViewData\train\gtaV\mask\01453.png,streetViewData\train\gtaV\img\01453.png
1905,train,gtaV,streetViewData\train\gtaV\mask\01559.png,streetViewData\train\gtaV\img\01559.png
1906,train,gtaV,streetViewData\train\gtaV\mask\01776.png,streetViewData\train\gtaV\img\01776.png
1907,train,gtaV,streetViewData\train\gtaV\mask\00350.png,streetViewData\train\gtaV\img\00350.png
1908,train,gtaV,streetViewData\train\gtaV\mask\01751.png,streetViewData\train\gtaV\img\01751.png
1909,train,gtaV,streetViewData\train\gtaV\mask\01886.png,streetViewData\train\gtaV\img\01886.png
1910,train,gtaV,streetViewData\train\gtaV\mask\02339.png,streetViewData\train\gtaV\img\02339.png
1911,train,gtaV,streetViewData\train\gtaV\mask\02276.png,streetViewData\train\gtaV\img\02276.png
1912,train,gtaV,streetViewData\train\gtaV\mask\01278.png,streetViewData\train\gtaV\img\01278.png
1913,train,gtaV,streetViewData\train\gtaV\mask\01514.png,streetViewData\train\gtaV\img\01514.png
1914,train,gtaV,streetViewData\train\gtaV\mask\01249.png,streetViewData\train\gtaV\img\01249.png
1915,train,gtaV,streetViewData\train\gtaV\mask\00104.png,streetViewData\train\gtaV\img\00104.png
1916,train,gtaV,streetViewData\train\gtaV\mask\00127.png,streetViewData\train\gtaV\img\00127.png
1917,train,gtaV,streetViewData\train\gtaV\mask\01084.png,streetViewData\train\gtaV\img\01084.png
1918,train,gtaV,streetViewData\train\gtaV\mask\00096.png,streetViewData\train\gtaV\img\00096.png
1919,train,gtaV,streetViewData\train\gtaV\mask\00406.png,streetViewData\train\gtaV\img\00406.png
1920,train,gtaV,streetViewData\train\gtaV\mask\02464.png,streetViewData\train\gtaV\img\02464.png
1921,train,gtaV,streetViewData\train\gtaV\mask\01382.png,streetViewData\train\gtaV\img\01382.png
1922,train,gtaV,streetViewData\train\gtaV\mask\02050.png,streetViewData\train\gtaV\img\02050.png
1923,train,gtaV,streetViewData\train\gtaV\mask\01773.png,streetViewData\train\gtaV\img\01773.png
1924,train,gtaV,streetViewData\train\gtaV\mask\01880.png,streetViewData\train\gtaV\img\01880.png
1925,train,gtaV,streetViewData\train\gtaV\mask\01593.png,streetViewData\train\gtaV\img\01593.png
1926,train,gtaV,streetViewData\train\gtaV\mask\02330.png,streetViewData\train\gtaV\img\02330.png
1927,train,gtaV,streetViewData\train\gtaV\mask\01401.png,streetViewData\train\gtaV\img\01401.png
1928,train,gtaV,streetViewData\train\gtaV\mask\02412.png,streetViewData\train\gtaV\img\02412.png
1929,train,gtaV,streetViewData\train\gtaV\mask\02486.png,streetViewData\train\gtaV\img\02486.png
1930,train,gtaV,streetViewData\train\gtaV\mask\00846.png,streetViewData\train\gtaV\img\00846.png
1931,train,gtaV,streetViewData\train\gtaV\mask\00474.png,streetViewData\train\gtaV\img\00474.png
1932,train,gtaV,streetViewData\train\gtaV\mask\01758.png,streetViewData\train\gtaV\img\01758.png
1933,train,gtaV,streetViewData\train\gtaV\mask\02324.png,streetViewData\train\gtaV\img\02324.png
1934,train,gtaV,streetViewData\train\gtaV\mask\00891.png,streetViewData\train\gtaV\img\00891.png
1935,train,gtaV,streetViewData\train\gtaV\mask\01491.png,streetViewData\train\gtaV\img\01491.png
1936,train,gtaV,streetViewData\train\gtaV\mask\00476.png,streetViewData\train\gtaV\img\00476.png
1937,train,gtaV,streetViewData\train\gtaV\mask\01242.png,streetViewData\train\gtaV\img\01242.png
1938,train,gtaV,streetViewData\train\gtaV\mask\00702.png,streetViewData\train\gtaV\img\00702.png
1939,train,gtaV,streetViewData\train\gtaV\mask\00395.png,streetViewData\train\gtaV\img\00395.png
1940,train,gtaV,streetViewData\train\gtaV\mask\00487.png,streetViewData\train\gtaV\img\00487.png
1941,train,gtaV,streetViewData\train\gtaV\mask\00933.png,streetViewData\train\gtaV\img\00933.png
1942,train,gtaV,streetViewData\train\gtaV\mask\01916.png,streetViewData\train\gtaV\img\01916.png
1943,train,gtaV,streetViewData\train\gtaV\mask\02514.png,streetViewData\train\gtaV\img\02514.png
1944,train,gtaV,streetViewData\train\gtaV\mask\02452.png,streetViewData\train\gtaV\img\02452.png
1945,train,gtaV,streetViewData\train\gtaV\mask\02148.png,streetViewData\train\gtaV\img\02148.png
1946,train,gtaV,streetViewData\train\gtaV\mask\00499.png,streetViewData\train\gtaV\img\00499.png
1947,train,gtaV,streetViewData\train\gtaV\mask\00056.png,streetViewData\train\gtaV\img\00056.png
1948,train,gtaV,streetViewData\train\gtaV\mask\01687.png,streetViewData\train\gtaV\img\01687.png
1949,train,gtaV,streetViewData\train\gtaV\mask\00438.png,streetViewData\train\gtaV\img\00438.png
1950,train,gtaV,streetViewData\train\gtaV\mask\00355.png,streetViewData\train\gtaV\img\00355.png
1951,train,gtaV,streetViewData\train\gtaV\mask\02419.png,streetViewData\train\gtaV\img\02419.png
1952,train,gtaV,streetViewData\train\gtaV\mask\02202.png,streetViewData\train\gtaV\img\02202.png
1953,train,gtaV,streetViewData\train\gtaV\mask\02242.png,streetViewData\train\gtaV\img\02242.png
1954,train,gtaV,streetViewData\train\gtaV\mask\02146.png,streetViewData\train\gtaV\img\02146.png
1955,train,gtaV,streetViewData\train\gtaV\mask\02195.png,streetViewData\train\gtaV\img\02195.png
1956,train,gtaV,streetViewData\train\gtaV\mask\01820.png,streetViewData\train\gtaV\img\01820.png
1957,train,gtaV,streetViewData\train\gtaV\mask\01354.png,streetViewData\train\gtaV\img\01354.png
1958,train,gtaV,streetViewData\train\gtaV\mask\01313.png,streetViewData\train\gtaV\img\01313.png
1959,train,gtaV,streetViewData\train\gtaV\mask\02323.png,streetViewData\train\gtaV\img\02323.png
1960,train,gtaV,streetViewData\train\gtaV\mask\02199.png,streetViewData\train\gtaV\img\02199.png
1961,train,gtaV,streetViewData\train\gtaV\mask\00834.png,streetViewData\train\gtaV\img\00834.png
1962,train,gtaV,streetViewData\train\gtaV\mask\01212.png,streetViewData\train\gtaV\img\01212.png
1963,train,gtaV,streetViewData\train\gtaV\mask\01650.png,streetViewData\train\gtaV\img\01650.png
1964,train,gtaV,streetViewData\train\gtaV\mask\01365.png,streetViewData\train\gtaV\img\01365.png
1965,train,gtaV,streetViewData\train\gtaV\mask\01357.png,streetViewData\train\gtaV\img\01357.png
1966,train,gtaV,streetViewData\train\gtaV\mask\02091.png,streetViewData\train\gtaV\img\02091.png
1967,train,gtaV,streetViewData\train\gtaV\mask\01938.png,streetViewData\train\gtaV\img\01938.png
1968,train,gtaV,streetViewData\train\gtaV\mask\01540.png,streetViewData\train\gtaV\img\01540.png
1969,train,gtaV,streetViewData\train\gtaV\mask\02394.png,streetViewData\train\gtaV\img\02394.png
1970,train,gtaV,streetViewData\train\gtaV\mask\01598.png,streetViewData\train\gtaV\img\01598.png
1971,train,gtaV,streetViewData\train\gtaV\mask\00133.png,streetViewData\train\gtaV\img\00133.png
1972,train,gtaV,streetViewData\train\gtaV\mask\01039.png,streetViewData\train\gtaV\img\01039.png
1973,train,gtaV,streetViewData\train\gtaV\mask\00078.png,streetViewData\train\gtaV\img\00078.png
1974,train,gtaV,streetViewData\train\gtaV\mask\02209.png,streetViewData\train\gtaV\img\02209.png
1975,train,gtaV,streetViewData\train\gtaV\mask\00489.png,streetViewData\train\gtaV\img\00489.png
1976,train,gtaV,streetViewData\train\gtaV\mask\00844.png,streetViewData\train\gtaV\img\00844.png
1977,train,gtaV,streetViewData\train\gtaV\mask\01784.png,streetViewData\train\gtaV\img\01784.png
1978,train,gtaV,streetViewData\train\gtaV\mask\01280.png,streetViewData\train\gtaV\img\01280.png
1979,train,gtaV,streetViewData\train\gtaV\mask\01303.png,streetViewData\train\gtaV\img\01303.png
1980,train,gtaV,streetViewData\train\gtaV\mask\01524.png,streetViewData\train\gtaV\img\01524.png
1981,train,gtaV,streetViewData\train\gtaV\mask\01985.png,streetViewData\train\gtaV\img\01985.png
1982,train,gtaV,streetViewData\train\gtaV\mask\01592.png,streetViewData\train\gtaV\img\01592.png
1983,train,gtaV,streetViewData\train\gtaV\mask\02432.png,streetViewData\train\gtaV\img\02432.png
1984,train,gtaV,streetViewData\train\gtaV\mask\02361.png,streetViewData\train\gtaV\img\02361.png
1985,train,gtaV,streetViewData\train\gtaV\mask\01674.png,streetViewData\train\gtaV\img\01674.png
1986,train,gtaV,streetViewData\train\gtaV\mask\01281.png,streetViewData\train\gtaV\img\01281.png
1987,train,gtaV,streetViewData\train\gtaV\mask\01423.png,streetViewData\train\gtaV\img\01423.png
1988,train,gtaV,streetViewData\train\gtaV\mask\01550.png,streetViewData\train\gtaV\img\01550.png
1989,train,gtaV,streetViewData\train\gtaV\mask\01853.png,streetViewData\train\gtaV\img\01853.png
1990,train,gtaV,streetViewData\train\gtaV\mask\02108.png,streetViewData\train\gtaV\img\02108.png
1991,train,gtaV,streetViewData\train\gtaV\mask\02483.png,streetViewData\train\gtaV\img\02483.png
1992,train,gtaV,streetViewData\train\gtaV\mask\00119.png,streetViewData\train\gtaV\img\00119.png
1993,train,gtaV,streetViewData\train\gtaV\mask\01959.png,streetViewData\train\gtaV\img\01959.png
1994,train,gtaV,streetViewData\train\gtaV\mask\01670.png,streetViewData\train\gtaV\img\01670.png
1995,train,gtaV,streetViewData\train\gtaV\mask\01806.png,streetViewData\train\gtaV\img\01806.png
1996,train,gtaV,streetViewData\train\gtaV\mask\02032.png,streetViewData\train\gtaV\img\02032.png
1997,train,gtaV,streetViewData\train\gtaV\mask\01318.png,streetViewData\train\gtaV\img\01318.png
1998,train,gtaV,streetViewData\train\gtaV\mask\00989.png,streetViewData\train\gtaV\img\00989.png
1999,train,gtaV,streetViewData\train\gtaV\mask\01995.png,streetViewData\train\gtaV\img\01995.png
2000,train,gtaV,streetViewData\train\gtaV\mask\01306.png,streetViewData\train\gtaV\img\01306.png
2001,validation,cityscapes,streetViewData\validation\cityscapes\mask\frankfurt_000000_000294.png,streetViewData\validation\cityscapes\img\frankfurt_000000_000294.png
2002,validation,cityscapes,streetViewData\validation\cityscapes\mask\frankfurt_000000_000576.png,streetViewData\validation\cityscapes\img\frankfurt_000000_000576.png
2003,validation,cityscapes,streetViewData\validation\cityscapes\mask\frankfurt_000000_001016.png,streetViewData\validation\cityscapes\img\frankfurt_000000_001016.png
2004,validation,cityscapes,streetViewData\validation\cityscapes\mask\frankfurt_000000_001236.png,streetViewData\validation\cityscapes\img\frankfurt_000000_001236.png
2005,validation,cityscapes,streetViewData\validation\cityscapes\mask\frankfurt_000000_001751.png,streetViewData\validation\cityscapes\img\frankfurt_000000_001751.png
2006,validation,cityscapes,streetViewData\validation\cityscapes\mask\frankfurt_000000_002196.png,streetViewData\validation\cityscapes\img\frankfurt_000000_002196.png
2007,validation,cityscapes,streetViewData\validation\cityscapes\mask\frankfurt_000000_002963.png,streetViewData\validation\cityscapes\img\frankfurt_000000_002963.png
2008,validation,cityscapes,streetViewData\validation\cityscapes\mask\frankfurt_000000_003025.png,streetViewData\validation\cityscapes\img\frankfurt_000000_003025.png
2009,validation,cityscapes,streetViewData\validation\cityscapes\mask\frankfurt_000000_003357.png,streetViewData\validation\cityscapes\img\frankfurt_000000_003357.png
2010,validation,cityscapes,streetViewData\validation\cityscapes\mask\frankfurt_000000_003920.png,streetViewData\validation\cityscapes\img\frankfurt_000000_003920.png
2011,validation,cityscapes,streetViewData\validation\cityscapes\mask\frankfurt_000000_004617.png,streetViewData\validation\cityscapes\img\frankfurt_000000_004617.png
2012,validation,cityscapes,streetViewData\validation\cityscapes\mask\frankfurt_000000_005543.png,streetViewData\validation\cityscapes\img\frankfurt_000000_005543.png
2013,validation,cityscapes,streetViewData\validation\cityscapes\mask\frankfurt_000000_005898.png,streetViewData\validation\cityscapes\img\frankfurt_000000_005898.png
2014,validation,cityscapes,streetViewData\validation\cityscapes\mask\frankfurt_000000_006589.png,streetViewData\validation\cityscapes\img\frankfurt_000000_006589.png
2015,validation,cityscapes,streetViewData\validation\cityscapes\mask\frankfurt_000000_007365.png,streetViewData\validation\cityscapes\img\frankfurt_000000_007365.png
2016,validation,cityscapes,streetViewData\validation\cityscapes\mask\frankfurt_000000_008206.png,streetViewData\validation\cityscapes\img\frankfurt_000000_008206.png
2017,validation,cityscapes,streetViewData\validation\cityscapes\mask\frankfurt_000000_008451.png,streetViewData\validation\cityscapes\img\frankfurt_000000_008451.png
2018,validation,cityscapes,streetViewData\validation\cityscapes\mask\frankfurt_000000_009291.png,streetViewData\validation\cityscapes\img\frankfurt_000000_009291.png
2019,validation,cityscapes,streetViewData\validation\cityscapes\mask\frankfurt_000000_009561.png,streetViewData\validation\cityscapes\img\frankfurt_000000_009561.png
2020,validation,cityscapes,streetViewData\validation\cityscapes\mask\frankfurt_000000_009688.png,streetViewData\validation\cityscapes\img\frankfurt_000000_009688.png
2021,validation,cityscapes,streetViewData\validation\cityscapes\mask\frankfurt_000000_009969.png,streetViewData\validation\cityscapes\img\frankfurt_000000_009969.png
2022,validation,cityscapes,streetViewData\validation\cityscapes\mask\frankfurt_000000_010351.png,streetViewData\validation\cityscapes\img\frankfurt_000000_010351.png
2023,validation,cityscapes,streetViewData\validation\cityscapes\mask\frankfurt_000000_010763.png,streetViewData\validation\cityscapes\img\frankfurt_000000_010763.png
2024,validation,cityscapes,streetViewData\validation\cityscapes\mask\frankfurt_000000_011007.png,streetViewData\validation\cityscapes\img\frankfurt_000000_011007.png
2025,validation,cityscapes,streetViewData\validation\cityscapes\mask\frankfurt_000000_011074.png,streetViewData\validation\cityscapes\img\frankfurt_000000_011074.png
2026,validation,cityscapes,streetViewData\validation\cityscapes\mask\frankfurt_000000_011461.png,streetViewData\validation\cityscapes\img\frankfurt_000000_011461.png
2027,validation,cityscapes,streetViewData\validation\cityscapes\mask\frankfurt_000000_011810.png,streetViewData\validation\cityscapes\img\frankfurt_000000_011810.png
2028,validation,cityscapes,streetViewData\validation\cityscapes\mask\frankfurt_000000_012009.png,streetViewData\validation\cityscapes\img\frankfurt_000000_012009.png
2029,validation,cityscapes,streetViewData\validation\cityscapes\mask\frankfurt_000000_012121.png,streetViewData\validation\cityscapes\img\frankfurt_000000_012121.png
2030,validation,cityscapes,streetViewData\validation\cityscapes\mask\frankfurt_000000_012868.png,streetViewData\validation\cityscapes\img\frankfurt_000000_012868.png
2031,validation,cityscapes,streetViewData\validation\cityscapes\mask\frankfurt_000000_013067.png,streetViewData\validation\cityscapes\img\frankfurt_000000_013067.png
2032,validation,cityscapes,streetViewData\validation\cityscapes\mask\frankfurt_000000_013240.png,streetViewData\validation\cityscapes\img\frankfurt_000000_013240.png
2033,validation,cityscapes,streetViewData\validation\cityscapes\mask\frankfurt_000000_013382.png,streetViewData\validation\cityscapes\img\frankfurt_000000_013382.png
2034,validation,cityscapes,streetViewData\validation\cityscapes\mask\frankfurt_000000_013942.png,streetViewData\validation\cityscapes\img\frankfurt_000000_013942.png
2035,validation,cityscapes,streetViewData\validation\cityscapes\mask\frankfurt_000000_014480.png,streetViewData\validation\cityscapes\img\frankfurt_000000_014480.png
2036,validation,cityscapes,streetViewData\validation\cityscapes\mask\frankfurt_000000_015389.png,streetViewData\validation\cityscapes\img\frankfurt_000000_015389.png
2037,validation,cityscapes,streetViewData\validation\cityscapes\mask\frankfurt_000000_015676.png,streetViewData\validation\cityscapes\img\frankfurt_000000_015676.png
2038,validation,cityscapes,streetViewData\validation\cityscapes\mask\frankfurt_000000_016005.png,streetViewData\validation\cityscapes\img\frankfurt_000000_016005.png
2039,validation,cityscapes,streetViewData\validation\cityscapes\mask\frankfurt_000000_016286.png,streetViewData\validation\cityscapes\img\frankfurt_000000_016286.png
2040,validation,cityscapes,streetViewData\validation\cityscapes\mask\frankfurt_000000_017228.png,streetViewData\validation\cityscapes\img\frankfurt_000000_017228.png
2041,validation,cityscapes,streetViewData\validation\cityscapes\mask\frankfurt_000000_017476.png,streetViewData\validation\cityscapes\img\frankfurt_000000_017476.png
2042,validation,cityscapes,streetViewData\validation\cityscapes\mask\frankfurt_000000_018797.png,streetViewData\validation\cityscapes\img\frankfurt_000000_018797.png
2043,validation,cityscapes,streetViewData\validation\cityscapes\mask\frankfurt_000000_019607.png,streetViewData\validation\cityscapes\img\frankfurt_000000_019607.png
2044,validation,cityscapes,streetViewData\validation\cityscapes\mask\frankfurt_000000_020215.png,streetViewData\validation\cityscapes\img\frankfurt_000000_020215.png
2045,validation,cityscapes,streetViewData\validation\cityscapes\mask\frankfurt_000000_020321.png,streetViewData\validation\cityscapes\img\frankfurt_000000_020321.png
2046,validation,cityscapes,streetViewData\validation\cityscapes\mask\frankfurt_000000_020880.png,streetViewData\validation\cityscapes\img\frankfurt_000000_020880.png
2047,validation,cityscapes,streetViewData\validation\cityscapes\mask\frankfurt_000000_021667.png,streetViewData\validation\cityscapes\img\frankfurt_000000_021667.png
2048,validation,cityscapes,streetViewData\validation\cityscapes\mask\frankfurt_000000_021879.png,streetViewData\validation\cityscapes\img\frankfurt_000000_021879.png
2049,validation,cityscapes,streetViewData\validation\cityscapes\mask\frankfurt_000000_022254.png,streetViewData\validation\cityscapes\img\frankfurt_000000_022254.png
2050,validation,cityscapes,streetViewData\validation\cityscapes\mask\frankfurt_000000_022797.png,streetViewData\validation\cityscapes\img\frankfurt_000000_022797.png
2051,validation,cityscapes,streetViewData\validation\cityscapes\mask\frankfurt_000001_000538.png,streetViewData\validation\cityscapes\img\frankfurt_000001_000538.png
2052,validation,cityscapes,streetViewData\validation\cityscapes\mask\frankfurt_000001_001464.png,streetViewData\validation\cityscapes\img\frankfurt_000001_001464.png
2053,validation,cityscapes,streetViewData\validation\cityscapes\mask\frankfurt_000001_002512.png,streetViewData\validation\cityscapes\img\frankfurt_000001_002512.png
2054,validation,cityscapes,streetViewData\validation\cityscapes\mask\frankfurt_000001_002646.png,streetViewData\validation\cityscapes\img\frankfurt_000001_002646.png
2055,validation,cityscapes,streetViewData\validation\cityscapes\mask\frankfurt_000001_002759.png,streetViewData\validation\cityscapes\img\frankfurt_000001_002759.png
2056,validation,cityscapes,streetViewData\validation\cityscapes\mask\frankfurt_000001_003056.png,streetViewData\validation\cityscapes\img\frankfurt_000001_003056.png
2057,validation,cityscapes,streetViewData\validation\cityscapes\mask\frankfurt_000001_003588.png,streetViewData\validation\cityscapes\img\frankfurt_000001_003588.png
2058,validation,cityscapes,streetViewData\validation\cityscapes\mask\frankfurt_000001_004327.png,streetViewData\validation\cityscapes\img\frankfurt_000001_004327.png
2059,validation,cityscapes,streetViewData\validation\cityscapes\mask\frankfurt_000001_004736.png,streetViewData\validation\cityscapes\img\frankfurt_000001_004736.png
2060,validation,cityscapes,streetViewData\validation\cityscapes\mask\frankfurt_000001_004859.png,streetViewData\validation\cityscapes\img\frankfurt_000001_004859.png
2061,validation,cityscapes,streetViewData\validation\cityscapes\mask\frankfurt_000001_005184.png,streetViewData\validation\cityscapes\img\frankfurt_000001_005184.png
2062,validation,cityscapes,streetViewData\validation\cityscapes\mask\frankfurt_000001_005410.png,streetViewData\validation\cityscapes\img\frankfurt_000001_005410.png
2063,validation,cityscapes,streetViewData\validation\cityscapes\mask\frankfurt_000001_005703.png,streetViewData\validation\cityscapes\img\frankfurt_000001_005703.png
2064,validation,cityscapes,streetViewData\validation\cityscapes\mask\frankfurt_000001_005898.png,streetViewData\validation\cityscapes\img\frankfurt_000001_005898.png
2065,validation,cityscapes,streetViewData\validation\cityscapes\mask\frankfurt_000001_007285.png,streetViewData\validation\cityscapes\img\frankfurt_000001_007285.png
2066,validation,cityscapes,streetViewData\validation\cityscapes\mask\frankfurt_000001_007407.png,streetViewData\validation\cityscapes\img\frankfurt_000001_007407.png
2067,validation,cityscapes,streetViewData\validation\cityscapes\mask\frankfurt_000001_007622.png,streetViewData\validation\cityscapes\img\frankfurt_000001_007622.png
2068,validation,cityscapes,streetViewData\validation\cityscapes\mask\frankfurt_000001_007857.png,streetViewData\validation\cityscapes\img\frankfurt_000001_007857.png
2069,validation,cityscapes,streetViewData\validation\cityscapes\mask\frankfurt_000001_007973.png,streetViewData\validation\cityscapes\img\frankfurt_000001_007973.png
2070,validation,cityscapes,streetViewData\validation\cityscapes\mask\frankfurt_000001_008200.png,streetViewData\validation\cityscapes\img\frankfurt_000001_008200.png
2071,validation,cityscapes,streetViewData\validation\cityscapes\mask\frankfurt_000001_008688.png,streetViewData\validation\cityscapes\img\frankfurt_000001_008688.png
2072,validation,cityscapes,streetViewData\validation\cityscapes\mask\frankfurt_000001_009058.png,streetViewData\validation\cityscapes\img\frankfurt_000001_009058.png
2073,validation,cityscapes,streetViewData\validation\cityscapes\mask\frankfurt_000001_009504.png,streetViewData\validation\cityscapes\img\frankfurt_000001_009504.png
2074,validation,cityscapes,streetViewData\validation\cityscapes\mask\frankfurt_000001_009854.png,streetViewData\validation\cityscapes\img\frankfurt_000001_009854.png
2075,validation,cityscapes,streetViewData\validation\cityscapes\mask\frankfurt_000001_010156.png,streetViewData\validation\cityscapes\img\frankfurt_000001_010156.png
2076,validation,cityscapes,streetViewData\validation\cityscapes\mask\frankfurt_000001_010444.png,streetViewData\validation\cityscapes\img\frankfurt_000001_010444.png
2077,validation,cityscapes,streetViewData\validation\cityscapes\mask\frankfurt_000001_010600.png,streetViewData\validation\cityscapes\img\frankfurt_000001_010600.png
2078,validation,cityscapes,streetViewData\validation\cityscapes\mask\frankfurt_000001_010830.png,streetViewData\validation\cityscapes\img\frankfurt_000001_010830.png
2079,validation,cityscapes,streetViewData\validation\cityscapes\mask\frankfurt_000001_011162.png,streetViewData\validation\cityscapes\img\frankfurt_000001_011162.png
2080,validation,cityscapes,streetViewData\validation\cityscapes\mask\frankfurt_000001_011715.png,streetViewData\validation\cityscapes\img\frankfurt_000001_011715.png
2081,validation,cityscapes,streetViewData\validation\cityscapes\mask\frankfurt_000001_011835.png,streetViewData\validation\cityscapes\img\frankfurt_000001_011835.png
2082,validation,cityscapes,streetViewData\validation\cityscapes\mask\frankfurt_000001_012038.png,streetViewData\validation\cityscapes\img\frankfurt_000001_012038.png
2083,validation,cityscapes,streetViewData\validation\cityscapes\mask\frankfurt_000001_012519.png,streetViewData\validation\cityscapes\img\frankfurt_000001_012519.png
2084,validation,cityscapes,streetViewData\validation\cityscapes\mask\frankfurt_000001_012699.png,streetViewData\validation\cityscapes\img\frankfurt_000001_012699.png
2085,validation,cityscapes,streetViewData\validation\cityscapes\mask\frankfurt_000001_012738.png,streetViewData\validation\cityscapes\img\frankfurt_000001_012738.png
2086,validation,cityscapes,streetViewData\validation\cityscapes\mask\frankfurt_000001_012870.png,streetViewData\validation\cityscapes\img\frankfurt_000001_012870.png
2087,validation,cityscapes,streetViewData\validation\cityscapes\mask\frankfurt_000001_013016.png,streetViewData\validation\cityscapes\img\frankfurt_000001_013016.png
2088,validation,cityscapes,streetViewData\validation\cityscapes\mask\frankfurt_000001_013496.png,streetViewData\validation\cityscapes\img\frankfurt_000001_013496.png
2089,validation,cityscapes,streetViewData\validation\cityscapes\mask\frankfurt_000001_013710.png,streetViewData\validation\cityscapes\img\frankfurt_000001_013710.png
2090,validation,cityscapes,streetViewData\validation\cityscapes\mask\frankfurt_000001_014221.png,streetViewData\validation\cityscapes\img\frankfurt_000001_014221.png
2091,validation,cityscapes,streetViewData\validation\cityscapes\mask\frankfurt_000001_014406.png,streetViewData\validation\cityscapes\img\frankfurt_000001_014406.png
2092,validation,cityscapes,streetViewData\validation\cityscapes\mask\frankfurt_000001_014565.png,streetViewData\validation\cityscapes\img\frankfurt_000001_014565.png
2093,validation,cityscapes,streetViewData\validation\cityscapes\mask\frankfurt_000001_014741.png,streetViewData\validation\cityscapes\img\frankfurt_000001_014741.png
2094,validation,cityscapes,streetViewData\validation\cityscapes\mask\frankfurt_000001_015091.png,streetViewData\validation\cityscapes\img\frankfurt_000001_015091.png
2095,validation,cityscapes,streetViewData\validation\cityscapes\mask\frankfurt_000001_015328.png,streetViewData\validation\cityscapes\img\frankfurt_000001_015328.png
2096,validation,cityscapes,streetViewData\validation\cityscapes\mask\frankfurt_000001_015768.png,streetViewData\validation\cityscapes\img\frankfurt_000001_015768.png
2097,validation,cityscapes,streetViewData\validation\cityscapes\mask\frankfurt_000001_016029.png,streetViewData\validation\cityscapes\img\frankfurt_000001_016029.png
2098,validation,cityscapes,streetViewData\validation\cityscapes\mask\frankfurt_000001_016273.png,streetViewData\validation\cityscapes\img\frankfurt_000001_016273.png
2099,validation,cityscapes,streetViewData\validation\cityscapes\mask\frankfurt_000001_016462.png,streetViewData\validation\cityscapes\img\frankfurt_000001_016462.png
2100,validation,cityscapes,streetViewData\validation\cityscapes\mask\frankfurt_000001_017101.png,streetViewData\validation\cityscapes\img\frankfurt_000001_017101.png
2101,validation,cityscapes,streetViewData\validation\cityscapes\mask\frankfurt_000001_017459.png,streetViewData\validation\cityscapes\img\frankfurt_000001_017459.png
2102,validation,cityscapes,streetViewData\validation\cityscapes\mask\frankfurt_000001_017842.png,streetViewData\validation\cityscapes\img\frankfurt_000001_017842.png
2103,validation,cityscapes,streetViewData\validation\cityscapes\mask\frankfurt_000001_018113.png,streetViewData\validation\cityscapes\img\frankfurt_000001_018113.png
2104,validation,cityscapes,streetViewData\validation\cityscapes\mask\frankfurt_000001_019698.png,streetViewData\validation\cityscapes\img\frankfurt_000001_019698.png
2105,validation,cityscapes,streetViewData\validation\cityscapes\mask\frankfurt_000001_019854.png,streetViewData\validation\cityscapes\img\frankfurt_000001_019854.png
2106,validation,cityscapes,streetViewData\validation\cityscapes\mask\frankfurt_000001_019969.png,streetViewData\validation\cityscapes\img\frankfurt_000001_019969.png
2107,validation,cityscapes,streetViewData\validation\cityscapes\mask\frankfurt_000001_020046.png,streetViewData\validation\cityscapes\img\frankfurt_000001_020046.png
2108,validation,cityscapes,streetViewData\validation\cityscapes\mask\frankfurt_000001_020287.png,streetViewData\validation\cityscapes\img\frankfurt_000001_020287.png
2109,validation,cityscapes,streetViewData\validation\cityscapes\mask\frankfurt_000001_020693.png,streetViewData\validation\cityscapes\img\frankfurt_000001_020693.png
2110,validation,cityscapes,streetViewData\validation\cityscapes\mask\frankfurt_000001_021406.png,streetViewData\validation\cityscapes\img\frankfurt_000001_021406.png
2111,validation,cityscapes,streetViewData\validation\cityscapes\mask\frankfurt_000001_021825.png,streetViewData\validation\cityscapes\img\frankfurt_000001_021825.png
2112,validation,cityscapes,streetViewData\validation\cityscapes\mask\frankfurt_000001_023235.png,streetViewData\validation\cityscapes\img\frankfurt_000001_023235.png
2113,validation,cityscapes,streetViewData\validation\cityscapes\mask\frankfurt_000001_023369.png,streetViewData\validation\cityscapes\img\frankfurt_000001_023369.png
2114,validation,cityscapes,streetViewData\validation\cityscapes\mask\frankfurt_000001_023769.png,streetViewData\validation\cityscapes\img\frankfurt_000001_023769.png
2115,validation,cityscapes,streetViewData\validation\cityscapes\mask\frankfurt_000001_024927.png,streetViewData\validation\cityscapes\img\frankfurt_000001_024927.png
2116,validation,cityscapes,streetViewData\validation\cityscapes\mask\frankfurt_000001_025512.png,streetViewData\validation\cityscapes\img\frankfurt_000001_025512.png
2117,validation,cityscapes,streetViewData\validation\cityscapes\mask\frankfurt_000001_025713.png,streetViewData\validation\cityscapes\img\frankfurt_000001_025713.png
2118,validation,cityscapes,streetViewData\validation\cityscapes\mask\frankfurt_000001_025921.png,streetViewData\validation\cityscapes\img\frankfurt_000001_025921.png
2119,validation,cityscapes,streetViewData\validation\cityscapes\mask\frankfurt_000001_027325.png,streetViewData\validation\cityscapes\img\frankfurt_000001_027325.png
2120,validation,cityscapes,streetViewData\validation\cityscapes\mask\frankfurt_000001_028232.png,streetViewData\validation\cityscapes\img\frankfurt_000001_028232.png
2121,validation,cityscapes,streetViewData\validation\cityscapes\mask\frankfurt_000001_028335.png,streetViewData\validation\cityscapes\img\frankfurt_000001_028335.png
2122,validation,cityscapes,streetViewData\validation\cityscapes\mask\frankfurt_000001_028590.png,streetViewData\validation\cityscapes\img\frankfurt_000001_028590.png
2123,validation,cityscapes,streetViewData\validation\cityscapes\mask\frankfurt_000001_028854.png,streetViewData\validation\cityscapes\img\frankfurt_000001_028854.png
2124,validation,cityscapes,streetViewData\validation\cityscapes\mask\frankfurt_000001_029086.png,streetViewData\validation\cityscapes\img\frankfurt_000001_029086.png
2125,validation,cityscapes,streetViewData\validation\cityscapes\mask\frankfurt_000001_029236.png,streetViewData\validation\cityscapes\img\frankfurt_000001_029236.png
2126,validation,cityscapes,streetViewData\validation\cityscapes\mask\frankfurt_000001_029600.png,streetViewData\validation\cityscapes\img\frankfurt_000001_029600.png
2127,validation,cityscapes,streetViewData\validation\cityscapes\mask\frankfurt_000001_030067.png,streetViewData\validation\cityscapes\img\frankfurt_000001_030067.png
2128,validation,cityscapes,streetViewData\validation\cityscapes\mask\frankfurt_000001_030310.png,streetViewData\validation\cityscapes\img\frankfurt_000001_030310.png
2129,validation,cityscapes,streetViewData\validation\cityscapes\mask\frankfurt_000001_030669.png,streetViewData\validation\cityscapes\img\frankfurt_000001_030669.png
2130,validation,cityscapes,streetViewData\validation\cityscapes\mask\frankfurt_000001_031266.png,streetViewData\validation\cityscapes\img\frankfurt_000001_031266.png
2131,validation,cityscapes,streetViewData\validation\cityscapes\mask\frankfurt_000001_031416.png,streetViewData\validation\cityscapes\img\frankfurt_000001_031416.png
2132,validation,cityscapes,streetViewData\validation\cityscapes\mask\frankfurt_000001_032018.png,streetViewData\validation\cityscapes\img\frankfurt_000001_032018.png
2133,validation,cityscapes,streetViewData\validation\cityscapes\mask\frankfurt_000001_032556.png,streetViewData\validation\cityscapes\img\frankfurt_000001_032556.png
2134,validation,cityscapes,streetViewData\validation\cityscapes\mask\frankfurt_000001_032711.png,streetViewData\validation\cityscapes\img\frankfurt_000001_032711.png
2135,validation,cityscapes,streetViewData\validation\cityscapes\mask\frankfurt_000001_032942.png,streetViewData\validation\cityscapes\img\frankfurt_000001_032942.png
2136,validation,cityscapes,streetViewData\validation\cityscapes\mask\frankfurt_000001_033655.png,streetViewData\validation\cityscapes\img\frankfurt_000001_033655.png
2137,validation,cityscapes,streetViewData\validation\cityscapes\mask\frankfurt_000001_034047.png,streetViewData\validation\cityscapes\img\frankfurt_000001_034047.png
2138,validation,cityscapes,streetViewData\validation\cityscapes\mask\frankfurt_000001_034816.png,streetViewData\validation\cityscapes\img\frankfurt_000001_034816.png
2139,validation,cityscapes,streetViewData\validation\cityscapes\mask\frankfurt_000001_035144.png,streetViewData\validation\cityscapes\img\frankfurt_000001_035144.png
2140,validation,cityscapes,streetViewData\validation\cityscapes\mask\frankfurt_000001_035864.png,streetViewData\validation\cityscapes\img\frankfurt_000001_035864.png
2141,validation,cityscapes,streetViewData\validation\cityscapes\mask\frankfurt_000001_037705.png,streetViewData\validation\cityscapes\img\frankfurt_000001_037705.png
2142,validation,cityscapes,streetViewData\validation\cityscapes\mask\frankfurt_000001_038245.png,streetViewData\validation\cityscapes\img\frankfurt_000001_038245.png
2143,validation,cityscapes,streetViewData\validation\cityscapes\mask\frankfurt_000001_038418.png,streetViewData\validation\cityscapes\img\frankfurt_000001_038418.png
2144,validation,cityscapes,streetViewData\validation\cityscapes\mask\frankfurt_000001_038645.png,streetViewData\validation\cityscapes\img\frankfurt_000001_038645.png
2145,validation,cityscapes,streetViewData\validation\cityscapes\mask\frankfurt_000001_038844.png,streetViewData\validation\cityscapes\img\frankfurt_000001_038844.png
2146,validation,cityscapes,streetViewData\validation\cityscapes\mask\frankfurt_000001_039895.png,streetViewData\validation\cityscapes\img\frankfurt_000001_039895.png
2147,validation,cityscapes,streetViewData\validation\cityscapes\mask\frankfurt_000001_040575.png,streetViewData\validation\cityscapes\img\frankfurt_000001_040575.png
2148,validation,cityscapes,streetViewData\validation\cityscapes\mask\frankfurt_000001_040732.png,streetViewData\validation\cityscapes\img\frankfurt_000001_040732.png
2149,validation,cityscapes,streetViewData\validation\cityscapes\mask\frankfurt_000001_041074.png,streetViewData\validation\cityscapes\img\frankfurt_000001_041074.png
2150,validation,cityscapes,streetViewData\validation\cityscapes\mask\frankfurt_000001_041354.png,streetViewData\validation\cityscapes\img\frankfurt_000001_041354.png
2151,validation,cityscapes,streetViewData\validation\cityscapes\mask\frankfurt_000001_041517.png,streetViewData\validation\cityscapes\img\frankfurt_000001_041517.png
2152,validation,cityscapes,streetViewData\validation\cityscapes\mask\frankfurt_000001_041664.png,streetViewData\validation\cityscapes\img\frankfurt_000001_041664.png
2153,validation,cityscapes,streetViewData\validation\cityscapes\mask\frankfurt_000001_042098.png,streetViewData\validation\cityscapes\img\frankfurt_000001_042098.png
2154,validation,cityscapes,streetViewData\validation\cityscapes\mask\frankfurt_000001_042384.png,streetViewData\validation\cityscapes\img\frankfurt_000001_042384.png
2155,validation,cityscapes,streetViewData\validation\cityscapes\mask\frankfurt_000001_042733.png,streetViewData\validation\cityscapes\img\frankfurt_000001_042733.png
2156,validation,cityscapes,streetViewData\validation\cityscapes\mask\frankfurt_000001_043395.png,streetViewData\validation\cityscapes\img\frankfurt_000001_043395.png
2157,validation,cityscapes,streetViewData\validation\cityscapes\mask\frankfurt_000001_043564.png,streetViewData\validation\cityscapes\img\frankfurt_000001_043564.png
2158,validation,cityscapes,streetViewData\validation\cityscapes\mask\frankfurt_000001_044227.png,streetViewData\validation\cityscapes\img\frankfurt_000001_044227.png
2159,validation,cityscapes,streetViewData\validation\cityscapes\mask\frankfurt_000001_044413.png,streetViewData\validation\cityscapes\img\frankfurt_000001_044413.png
2160,validation,cityscapes,streetViewData\validation\cityscapes\mask\frankfurt_000001_044525.png,streetViewData\validation\cityscapes\img\frankfurt_000001_044525.png
2161,validation,cityscapes,streetViewData\validation\cityscapes\mask\frankfurt_000001_044658.png,streetViewData\validation\cityscapes\img\frankfurt_000001_044658.png
2162,validation,cityscapes,streetViewData\validation\cityscapes\mask\frankfurt_000001_044787.png,streetViewData\validation\cityscapes\img\frankfurt_000001_044787.png
2163,validation,cityscapes,streetViewData\validation\cityscapes\mask\frankfurt_000001_046126.png,streetViewData\validation\cityscapes\img\frankfurt_000001_046126.png
2164,validation,cityscapes,streetViewData\validation\cityscapes\mask\frankfurt_000001_046272.png,streetViewData\validation\cityscapes\img\frankfurt_000001_046272.png
2165,validation,cityscapes,streetViewData\validation\cityscapes\mask\frankfurt_000001_046504.png,streetViewData\validation\cityscapes\img\frankfurt_000001_046504.png
2166,validation,cityscapes,streetViewData\validation\cityscapes\mask\frankfurt_000001_046779.png,streetViewData\validation\cityscapes\img\frankfurt_000001_046779.png
2167,validation,cityscapes,streetViewData\validation\cityscapes\mask\frankfurt_000001_047178.png,streetViewData\validation\cityscapes\img\frankfurt_000001_047178.png
2168,validation,cityscapes,streetViewData\validation\cityscapes\mask\frankfurt_000001_047552.png,streetViewData\validation\cityscapes\img\frankfurt_000001_047552.png
2169,validation,cityscapes,streetViewData\validation\cityscapes\mask\frankfurt_000001_048196.png,streetViewData\validation\cityscapes\img\frankfurt_000001_048196.png
2170,validation,cityscapes,streetViewData\validation\cityscapes\mask\frankfurt_000001_048355.png,streetViewData\validation\cityscapes\img\frankfurt_000001_048355.png
2171,validation,cityscapes,streetViewData\validation\cityscapes\mask\frankfurt_000001_048654.png,streetViewData\validation\cityscapes\img\frankfurt_000001_048654.png
2172,validation,cityscapes,streetViewData\validation\cityscapes\mask\frankfurt_000001_049078.png,streetViewData\validation\cityscapes\img\frankfurt_000001_049078.png
2173,validation,cityscapes,streetViewData\validation\cityscapes\mask\frankfurt_000001_049209.png,streetViewData\validation\cityscapes\img\frankfurt_000001_049209.png
2174,validation,cityscapes,streetViewData\validation\cityscapes\mask\frankfurt_000001_049298.png,streetViewData\validation\cityscapes\img\frankfurt_000001_049298.png
2175,validation,cityscapes,streetViewData\validation\cityscapes\mask\frankfurt_000001_049698.png,streetViewData\validation\cityscapes\img\frankfurt_000001_049698.png
2176,validation,cityscapes,streetViewData\validation\cityscapes\mask\frankfurt_000001_049770.png,streetViewData\validation\cityscapes\img\frankfurt_000001_049770.png
2177,validation,cityscapes,streetViewData\validation\cityscapes\mask\frankfurt_000001_050149.png,streetViewData\validation\cityscapes\img\frankfurt_000001_050149.png
2178,validation,cityscapes,streetViewData\validation\cityscapes\mask\frankfurt_000001_050686.png,streetViewData\validation\cityscapes\img\frankfurt_000001_050686.png
2179,validation,cityscapes,streetViewData\validation\cityscapes\mask\frankfurt_000001_051516.png,streetViewData\validation\cityscapes\img\frankfurt_000001_051516.png
2180,validation,cityscapes,streetViewData\validation\cityscapes\mask\frankfurt_000001_051737.png,streetViewData\validation\cityscapes\img\frankfurt_000001_051737.png
2181,validation,cityscapes,streetViewData\validation\cityscapes\mask\frankfurt_000001_051807.png,streetViewData\validation\cityscapes\img\frankfurt_000001_051807.png
2182,validation,cityscapes,streetViewData\validation\cityscapes\mask\frankfurt_000001_052120.png,streetViewData\validation\cityscapes\img\frankfurt_000001_052120.png
2183,validation,cityscapes,streetViewData\validation\cityscapes\mask\frankfurt_000001_052594.png,streetViewData\validation\cityscapes\img\frankfurt_000001_052594.png
2184,validation,cityscapes,streetViewData\validation\cityscapes\mask\frankfurt_000001_053102.png,streetViewData\validation\cityscapes\img\frankfurt_000001_053102.png
2185,validation,cityscapes,streetViewData\validation\cityscapes\mask\frankfurt_000001_054077.png,streetViewData\validation\cityscapes\img\frankfurt_000001_054077.png
2186,validation,cityscapes,streetViewData\validation\cityscapes\mask\frankfurt_000001_054219.png,streetViewData\validation\cityscapes\img\frankfurt_000001_054219.png
2187,validation,cityscapes,streetViewData\validation\cityscapes\mask\frankfurt_000001_054415.png,streetViewData\validation\cityscapes\img\frankfurt_000001_054415.png
2188,validation,cityscapes,streetViewData\validation\cityscapes\mask\frankfurt_000001_054640.png,streetViewData\validation\cityscapes\img\frankfurt_000001_054640.png
2189,validation,cityscapes,streetViewData\validation\cityscapes\mask\frankfurt_000001_054884.png,streetViewData\validation\cityscapes\img\frankfurt_000001_054884.png
2190,validation,cityscapes,streetViewData\validation\cityscapes\mask\frankfurt_000001_055062.png,streetViewData\validation\cityscapes\img\frankfurt_000001_055062.png
2191,validation,cityscapes,streetViewData\validation\cityscapes\mask\frankfurt_000001_055172.png,streetViewData\validation\cityscapes\img\frankfurt_000001_055172.png
2192,validation,cityscapes,streetViewData\validation\cityscapes\mask\frankfurt_000001_055306.png,streetViewData\validation\cityscapes\img\frankfurt_000001_055306.png
2193,validation,cityscapes,streetViewData\validation\cityscapes\mask\frankfurt_000001_055387.png,streetViewData\validation\cityscapes\img\frankfurt_000001_055387.png
2194,validation,cityscapes,streetViewData\validation\cityscapes\mask\frankfurt_000001_055538.png,streetViewData\validation\cityscapes\img\frankfurt_000001_055538.png
2195,validation,cityscapes,streetViewData\validation\cityscapes\mask\frankfurt_000001_055603.png,streetViewData\validation\cityscapes\img\frankfurt_000001_055603.png
2196,validation,cityscapes,streetViewData\validation\cityscapes\mask\frankfurt_000001_055709.png,streetViewData\validation\cityscapes\img\frankfurt_000001_055709.png
2197,validation,cityscapes,streetViewData\validation\cityscapes\mask\frankfurt_000001_056580.png,streetViewData\validation\cityscapes\img\frankfurt_000001_056580.png
2198,validation,cityscapes,streetViewData\validation\cityscapes\mask\frankfurt_000001_057181.png,streetViewData\validation\cityscapes\img\frankfurt_000001_057181.png
2199,validation,cityscapes,streetViewData\validation\cityscapes\mask\frankfurt_000001_057478.png,streetViewData\validation\cityscapes\img\frankfurt_000001_057478.png
2200,validation,cityscapes,streetViewData\validation\cityscapes\mask\frankfurt_000001_057954.png,streetViewData\validation\cityscapes\img\frankfurt_000001_057954.png
2201,validation,cityscapes,streetViewData\validation\cityscapes\mask\frankfurt_000001_058057.png,streetViewData\validation\cityscapes\img\frankfurt_000001_058057.png
2202,validation,cityscapes,streetViewData\validation\cityscapes\mask\frankfurt_000001_058176.png,streetViewData\validation\cityscapes\img\frankfurt_000001_058176.png
2203,validation,cityscapes,streetViewData\validation\cityscapes\mask\frankfurt_000001_058504.png,streetViewData\validation\cityscapes\img\frankfurt_000001_058504.png
2204,validation,cityscapes,streetViewData\validation\cityscapes\mask\frankfurt_000001_058914.png,streetViewData\validation\cityscapes\img\frankfurt_000001_058914.png
2205,validation,cityscapes,streetViewData\validation\cityscapes\mask\frankfurt_000001_059119.png,streetViewData\validation\cityscapes\img\frankfurt_000001_059119.png
2206,validation,cityscapes,streetViewData\validation\cityscapes\mask\frankfurt_000001_059642.png,streetViewData\validation\cityscapes\img\frankfurt_000001_059642.png
2207,validation,cityscapes,streetViewData\validation\cityscapes\mask\frankfurt_000001_059789.png,streetViewData\validation\cityscapes\img\frankfurt_000001_059789.png
2208,validation,cityscapes,streetViewData\validation\cityscapes\mask\frankfurt_000001_060135.png,streetViewData\validation\cityscapes\img\frankfurt_000001_060135.png
2209,validation,cityscapes,streetViewData\validation\cityscapes\mask\frankfurt_000001_060422.png,streetViewData\validation\cityscapes\img\frankfurt_000001_060422.png
2210,validation,cityscapes,streetViewData\validation\cityscapes\mask\frankfurt_000001_060545.png,streetViewData\validation\cityscapes\img\frankfurt_000001_060545.png
2211,validation,cityscapes,streetViewData\validation\cityscapes\mask\frankfurt_000001_060906.png,streetViewData\validation\cityscapes\img\frankfurt_000001_060906.png
2212,validation,cityscapes,streetViewData\validation\cityscapes\mask\frankfurt_000001_061682.png,streetViewData\validation\cityscapes\img\frankfurt_000001_061682.png
2213,validation,cityscapes,streetViewData\validation\cityscapes\mask\frankfurt_000001_061763.png,streetViewData\validation\cityscapes\img\frankfurt_000001_061763.png
2214,validation,cityscapes,streetViewData\validation\cityscapes\mask\frankfurt_000001_062016.png,streetViewData\validation\cityscapes\img\frankfurt_000001_062016.png
2215,validation,cityscapes,streetViewData\validation\cityscapes\mask\frankfurt_000001_062250.png,streetViewData\validation\cityscapes\img\frankfurt_000001_062250.png
2216,validation,cityscapes,streetViewData\validation\cityscapes\mask\frankfurt_000001_062396.png,streetViewData\validation\cityscapes\img\frankfurt_000001_062396.png
2217,validation,cityscapes,streetViewData\validation\cityscapes\mask\frankfurt_000001_062509.png,streetViewData\validation\cityscapes\img\frankfurt_000001_062509.png
2218,validation,cityscapes,streetViewData\validation\cityscapes\mask\frankfurt_000001_062653.png,streetViewData\validation\cityscapes\img\frankfurt_000001_062653.png
2219,validation,cityscapes,streetViewData\validation\cityscapes\mask\frankfurt_000001_062793.png,streetViewData\validation\cityscapes\img\frankfurt_000001_062793.png
2220,validation,cityscapes,streetViewData\validation\cityscapes\mask\frankfurt_000001_063045.png,streetViewData\validation\cityscapes\img\frankfurt_000001_063045.png
2221,validation,cityscapes,streetViewData\validation\cityscapes\mask\frankfurt_000001_064130.png,streetViewData\validation\cityscapes\img\frankfurt_000001_064130.png
2222,validation,cityscapes,streetViewData\validation\cityscapes\mask\frankfurt_000001_064305.png,streetViewData\validation\cityscapes\img\frankfurt_000001_064305.png
2223,validation,cityscapes,streetViewData\validation\cityscapes\mask\frankfurt_000001_064651.png,streetViewData\validation\cityscapes\img\frankfurt_000001_064651.png
2224,validation,cityscapes,streetViewData\validation\cityscapes\mask\frankfurt_000001_064798.png,streetViewData\validation\cityscapes\img\frankfurt_000001_064798.png
2225,validation,cityscapes,streetViewData\validation\cityscapes\mask\frankfurt_000001_064925.png,streetViewData\validation\cityscapes\img\frankfurt_000001_064925.png
2226,validation,cityscapes,streetViewData\validation\cityscapes\mask\frankfurt_000001_065160.png,streetViewData\validation\cityscapes\img\frankfurt_000001_065160.png
2227,validation,cityscapes,streetViewData\validation\cityscapes\mask\frankfurt_000001_065617.png,streetViewData\validation\cityscapes\img\frankfurt_000001_065617.png
2228,validation,cityscapes,streetViewData\validation\cityscapes\mask\frankfurt_000001_065850.png,streetViewData\validation\cityscapes\img\frankfurt_000001_065850.png
2229,validation,cityscapes,streetViewData\validation\cityscapes\mask\frankfurt_000001_066092.png,streetViewData\validation\cityscapes\img\frankfurt_000001_066092.png
2230,validation,cityscapes,streetViewData\validation\cityscapes\mask\frankfurt_000001_066438.png,streetViewData\validation\cityscapes\img\frankfurt_000001_066438.png
2231,validation,cityscapes,streetViewData\validation\cityscapes\mask\frankfurt_000001_066574.png,streetViewData\validation\cityscapes\img\frankfurt_000001_066574.png
2232,validation,cityscapes,streetViewData\validation\cityscapes\mask\frankfurt_000001_066832.png,streetViewData\validation\cityscapes\img\frankfurt_000001_066832.png
2233,validation,cityscapes,streetViewData\validation\cityscapes\mask\frankfurt_000001_067092.png,streetViewData\validation\cityscapes\img\frankfurt_000001_067092.png
2234,validation,cityscapes,streetViewData\validation\cityscapes\mask\frankfurt_000001_067178.png,streetViewData\validation\cityscapes\img\frankfurt_000001_067178.png
2235,validation,cityscapes,streetViewData\validation\cityscapes\mask\frankfurt_000001_067295.png,streetViewData\validation\cityscapes\img\frankfurt_000001_067295.png
2236,validation,cityscapes,streetViewData\validation\cityscapes\mask\frankfurt_000001_067474.png,streetViewData\validation\cityscapes\img\frankfurt_000001_067474.png
2237,validation,cityscapes,streetViewData\validation\cityscapes\mask\frankfurt_000001_067735.png,streetViewData\validation\cityscapes\img\frankfurt_000001_067735.png
2238,validation,cityscapes,streetViewData\validation\cityscapes\mask\frankfurt_000001_068063.png,streetViewData\validation\cityscapes\img\frankfurt_000001_068063.png
2239,validation,cityscapes,streetViewData\validation\cityscapes\mask\frankfurt_000001_068208.png,streetViewData\validation\cityscapes\img\frankfurt_000001_068208.png
2240,validation,cityscapes,streetViewData\validation\cityscapes\mask\frankfurt_000001_068682.png,streetViewData\validation\cityscapes\img\frankfurt_000001_068682.png
2241,validation,cityscapes,streetViewData\validation\cityscapes\mask\frankfurt_000001_068772.png,streetViewData\validation\cityscapes\img\frankfurt_000001_068772.png
2242,validation,cityscapes,streetViewData\validation\cityscapes\mask\frankfurt_000001_069633.png,streetViewData\validation\cityscapes\img\frankfurt_000001_069633.png
2243,validation,cityscapes,streetViewData\validation\cityscapes\mask\frankfurt_000001_070099.png,streetViewData\validation\cityscapes\img\frankfurt_000001_070099.png
2244,validation,cityscapes,streetViewData\validation\cityscapes\mask\frankfurt_000001_071288.png,streetViewData\validation\cityscapes\img\frankfurt_000001_071288.png
2245,validation,cityscapes,streetViewData\validation\cityscapes\mask\frankfurt_000001_071781.png,streetViewData\validation\cityscapes\img\frankfurt_000001_071781.png
2246,validation,cityscapes,streetViewData\validation\cityscapes\mask\frankfurt_000001_072155.png,streetViewData\validation\cityscapes\img\frankfurt_000001_072155.png
2247,validation,cityscapes,streetViewData\validation\cityscapes\mask\frankfurt_000001_072295.png,streetViewData\validation\cityscapes\img\frankfurt_000001_072295.png
2248,validation,cityscapes,streetViewData\validation\cityscapes\mask\frankfurt_000001_073088.png,streetViewData\validation\cityscapes\img\frankfurt_000001_073088.png
2249,validation,cityscapes,streetViewData\validation\cityscapes\mask\frankfurt_000001_073243.png,streetViewData\validation\cityscapes\img\frankfurt_000001_073243.png
2250,validation,cityscapes,streetViewData\validation\cityscapes\mask\frankfurt_000001_073464.png,streetViewData\validation\cityscapes\img\frankfurt_000001_073464.png
2251,validation,cityscapes,streetViewData\validation\cityscapes\mask\frankfurt_000001_073911.png,streetViewData\validation\cityscapes\img\frankfurt_000001_073911.png
2252,validation,cityscapes,streetViewData\validation\cityscapes\mask\frankfurt_000001_075296.png,streetViewData\validation\cityscapes\img\frankfurt_000001_075296.png
2253,validation,cityscapes,streetViewData\validation\cityscapes\mask\frankfurt_000001_075984.png,streetViewData\validation\cityscapes\img\frankfurt_000001_075984.png
2254,validation,cityscapes,streetViewData\validation\cityscapes\mask\frankfurt_000001_076502.png,streetViewData\validation\cityscapes\img\frankfurt_000001_076502.png
2255,validation,cityscapes,streetViewData\validation\cityscapes\mask\frankfurt_000001_077092.png,streetViewData\validation\cityscapes\img\frankfurt_000001_077092.png
2256,validation,cityscapes,streetViewData\validation\cityscapes\mask\frankfurt_000001_077233.png,streetViewData\validation\cityscapes\img\frankfurt_000001_077233.png
2257,validation,cityscapes,streetViewData\validation\cityscapes\mask\frankfurt_000001_077434.png,streetViewData\validation\cityscapes\img\frankfurt_000001_077434.png
2258,validation,cityscapes,streetViewData\validation\cityscapes\mask\frankfurt_000001_078803.png,streetViewData\validation\cityscapes\img\frankfurt_000001_078803.png
2259,validation,cityscapes,streetViewData\validation\cityscapes\mask\frankfurt_000001_079206.png,streetViewData\validation\cityscapes\img\frankfurt_000001_079206.png
2260,validation,cityscapes,streetViewData\validation\cityscapes\mask\frankfurt_000001_080091.png,streetViewData\validation\cityscapes\img\frankfurt_000001_080091.png
2261,validation,cityscapes,streetViewData\validation\cityscapes\mask\frankfurt_000001_080391.png,streetViewData\validation\cityscapes\img\frankfurt_000001_080391.png
2262,validation,cityscapes,streetViewData\validation\cityscapes\mask\frankfurt_000001_080830.png,streetViewData\validation\cityscapes\img\frankfurt_000001_080830.png
2263,validation,cityscapes,streetViewData\validation\cityscapes\mask\frankfurt_000001_082087.png,streetViewData\validation\cityscapes\img\frankfurt_000001_082087.png
2264,validation,cityscapes,streetViewData\validation\cityscapes\mask\frankfurt_000001_082466.png,streetViewData\validation\cityscapes\img\frankfurt_000001_082466.png
2265,validation,cityscapes,streetViewData\validation\cityscapes\mask\frankfurt_000001_083029.png,streetViewData\validation\cityscapes\img\frankfurt_000001_083029.png
2266,validation,cityscapes,streetViewData\validation\cityscapes\mask\frankfurt_000001_083199.png,streetViewData\validation\cityscapes\img\frankfurt_000001_083199.png
2267,validation,cityscapes,streetViewData\validation\cityscapes\mask\frankfurt_000001_083852.png,streetViewData\validation\cityscapes\img\frankfurt_000001_083852.png
2268,validation,cityscapes,streetViewData\validation\cityscapes\mask\lindau_000000_000019.png,streetViewData\validation\cityscapes\img\lindau_000000_000019.png
2269,validation,cityscapes,streetViewData\validation\cityscapes\mask\lindau_000001_000019.png,streetViewData\validation\cityscapes\img\lindau_000001_000019.png
2270,validation,cityscapes,streetViewData\validation\cityscapes\mask\lindau_000002_000019.png,streetViewData\validation\cityscapes\img\lindau_000002_000019.png
2271,validation,cityscapes,streetViewData\validation\cityscapes\mask\lindau_000003_000019.png,streetViewData\validation\cityscapes\img\lindau_000003_000019.png
2272,validation,cityscapes,streetViewData\validation\cityscapes\mask\lindau_000004_000019.png,streetViewData\validation\cityscapes\img\lindau_000004_000019.png
2273,validation,cityscapes,streetViewData\validation\cityscapes\mask\lindau_000005_000019.png,streetViewData\validation\cityscapes\img\lindau_000005_000019.png
2274,validation,cityscapes,streetViewData\validation\cityscapes\mask\lindau_000006_000019.png,streetViewData\validation\cityscapes\img\lindau_000006_000019.png
2275,validation,cityscapes,streetViewData\validation\cityscapes\mask\lindau_000007_000019.png,streetViewData\validation\cityscapes\img\lindau_000007_000019.png
2276,validation,cityscapes,streetViewData\validation\cityscapes\mask\lindau_000008_000019.png,streetViewData\validation\cityscapes\img\lindau_000008_000019.png
2277,validation,cityscapes,streetViewData\validation\cityscapes\mask\lindau_000009_000019.png,streetViewData\validation\cityscapes\img\lindau_000009_000019.png
2278,validation,cityscapes,streetViewData\validation\cityscapes\mask\lindau_000010_000019.png,streetViewData\validation\cityscapes\img\lindau_000010_000019.png
2279,validation,cityscapes,streetViewData\validation\cityscapes\mask\lindau_000011_000019.png,streetViewData\validation\cityscapes\img\lindau_000011_000019.png
2280,validation,cityscapes,streetViewData\validation\cityscapes\mask\lindau_000012_000019.png,streetViewData\validation\cityscapes\img\lindau_000012_000019.png
2281,validation,cityscapes,streetViewData\validation\cityscapes\mask\lindau_000013_000019.png,streetViewData\validation\cityscapes\img\lindau_000013_000019.png
2282,validation,cityscapes,streetViewData\validation\cityscapes\mask\lindau_000014_000019.png,streetViewData\validation\cityscapes\img\lindau_000014_000019.png
2283,validation,cityscapes,streetViewData\validation\cityscapes\mask\lindau_000015_000019.png,streetViewData\validation\cityscapes\img\lindau_000015_000019.png
2284,validation,cityscapes,streetViewData\validation\cityscapes\mask\lindau_000016_000019.png,streetViewData\validation\cityscapes\img\lindau_000016_000019.png
2285,validation,cityscapes,streetViewData\validation\cityscapes\mask\lindau_000017_000019.png,streetViewData\validation\cityscapes\img\lindau_000017_000019.png
2286,validation,cityscapes,streetViewData\validation\cityscapes\mask\lindau_000018_000019.png,streetViewData\validation\cityscapes\img\lindau_000018_000019.png
2287,validation,cityscapes,streetViewData\validation\cityscapes\mask\lindau_000019_000019.png,streetViewData\validation\cityscapes\img\lindau_000019_000019.png
2288,validation,cityscapes,streetViewData\validation\cityscapes\mask\lindau_000020_000019.png,streetViewData\validation\cityscapes\img\lindau_000020_000019.png
2289,validation,cityscapes,streetViewData\validation\cityscapes\mask\lindau_000021_000019.png,streetViewData\validation\cityscapes\img\lindau_000021_000019.png
2290,validation,cityscapes,streetViewData\validation\cityscapes\mask\lindau_000022_000019.png,streetViewData\validation\cityscapes\img\lindau_000022_000019.png
2291,validation,cityscapes,streetViewData\validation\cityscapes\mask\lindau_000023_000019.png,streetViewData\validation\cityscapes\img\lindau_000023_000019.png
2292,validation,cityscapes,streetViewData\validation\cityscapes\mask\lindau_000024_000019.png,streetViewData\validation\cityscapes\img\lindau_000024_000019.png
2293,validation,cityscapes,streetViewData\validation\cityscapes\mask\lindau_000025_000019.png,streetViewData\validation\cityscapes\img\lindau_000025_000019.png
2294,validation,cityscapes,streetViewData\validation\cityscapes\mask\lindau_000026_000019.png,streetViewData\validation\cityscapes\img\lindau_000026_000019.png
2295,validation,cityscapes,streetViewData\validation\cityscapes\mask\lindau_000027_000019.png,streetViewData\validation\cityscapes\img\lindau_000027_000019.png
2296,validation,cityscapes,streetViewData\validation\cityscapes\mask\lindau_000028_000019.png,streetViewData\validation\cityscapes\img\lindau_000028_000019.png
2297,validation,cityscapes,streetViewData\validation\cityscapes\mask\lindau_000029_000019.png,streetViewData\validation\cityscapes\img\lindau_000029_000019.png
2298,validation,cityscapes,streetViewData\validation\cityscapes\mask\lindau_000030_000019.png,streetViewData\validation\cityscapes\img\lindau_000030_000019.png
2299,validation,cityscapes,streetViewData\validation\cityscapes\mask\lindau_000031_000019.png,streetViewData\validation\cityscapes\img\lindau_000031_000019.png
2300,validation,cityscapes,streetViewData\validation\cityscapes\mask\lindau_000032_000019.png,streetViewData\validation\cityscapes\img\lindau_000032_000019.png
2301,validation,cityscapes,streetViewData\validation\cityscapes\mask\lindau_000033_000019.png,streetViewData\validation\cityscapes\img\lindau_000033_000019.png
2302,validation,cityscapes,streetViewData\validation\cityscapes\mask\lindau_000034_000019.png,streetViewData\validation\cityscapes\img\lindau_000034_000019.png
2303,validation,cityscapes,streetViewData\validation\cityscapes\mask\lindau_000035_000019.png,streetViewData\validation\cityscapes\img\lindau_000035_000019.png
2304,validation,cityscapes,streetViewData\validation\cityscapes\mask\lindau_000036_000019.png,streetViewData\validation\cityscapes\img\lindau_000036_000019.png
2305,validation,cityscapes,streetViewData\validation\cityscapes\mask\lindau_000037_000019.png,streetViewData\validation\cityscapes\img\lindau_000037_000019.png
2306,validation,cityscapes,streetViewData\validation\cityscapes\mask\lindau_000038_000019.png,streetViewData\validation\cityscapes\img\lindau_000038_000019.png
2307,validation,cityscapes,streetViewData\validation\cityscapes\mask\lindau_000039_000019.png,streetViewData\validation\cityscapes\img\lindau_000039_000019.png
2308,validation,cityscapes,streetViewData\validation\cityscapes\mask\lindau_000040_000019.png,streetViewData\validation\cityscapes\img\lindau_000040_000019.png
2309,validation,cityscapes,streetViewData\validation\cityscapes\mask\lindau_000041_000019.png,streetViewData\validation\cityscapes\img\lindau_000041_000019.png
2310,validation,cityscapes,streetViewData\validation\cityscapes\mask\lindau_000042_000019.png,streetViewData\validation\cityscapes\img\lindau_000042_000019.png
2311,validation,cityscapes,streetViewData\validation\cityscapes\mask\lindau_000043_000019.png,streetViewData\validation\cityscapes\img\lindau_000043_000019.png
2312,validation,cityscapes,streetViewData\validation\cityscapes\mask\lindau_000044_000019.png,streetViewData\validation\cityscapes\img\lindau_000044_000019.png
2313,validation,cityscapes,streetViewData\validation\cityscapes\mask\lindau_000045_000019.png,streetViewData\validation\cityscapes\img\lindau_000045_000019.png
2314,validation,cityscapes,streetViewData\validation\cityscapes\mask\lindau_000046_000019.png,streetViewData\validation\cityscapes\img\lindau_000046_000019.png
2315,validation,cityscapes,streetViewData\validation\cityscapes\mask\lindau_000047_000019.png,streetViewData\validation\cityscapes\img\lindau_000047_000019.png
2316,validation,cityscapes,streetViewData\validation\cityscapes\mask\lindau_000048_000019.png,streetViewData\validation\cityscapes\img\lindau_000048_000019.png
2317,validation,cityscapes,streetViewData\validation\cityscapes\mask\lindau_000049_000019.png,streetViewData\validation\cityscapes\img\lindau_000049_000019.png
2318,validation,cityscapes,streetViewData\validation\cityscapes\mask\lindau_000050_000019.png,streetViewData\validation\cityscapes\img\lindau_000050_000019.png
2319,validation,cityscapes,streetViewData\validation\cityscapes\mask\lindau_000051_000019.png,streetViewData\validation\cityscapes\img\lindau_000051_000019.png
2320,validation,cityscapes,streetViewData\validation\cityscapes\mask\lindau_000052_000019.png,streetViewData\validation\cityscapes\img\lindau_000052_000019.png
2321,validation,cityscapes,streetViewData\validation\cityscapes\mask\lindau_000053_000019.png,streetViewData\validation\cityscapes\img\lindau_000053_000019.png
2322,validation,cityscapes,streetViewData\validation\cityscapes\mask\lindau_000054_000019.png,streetViewData\validation\cityscapes\img\lindau_000054_000019.png
2323,validation,cityscapes,streetViewData\validation\cityscapes\mask\lindau_000055_000019.png,streetViewData\validation\cityscapes\img\lindau_000055_000019.png
2324,validation,cityscapes,streetViewData\validation\cityscapes\mask\lindau_000056_000019.png,streetViewData\validation\cityscapes\img\lindau_000056_000019.png
2325,validation,cityscapes,streetViewData\validation\cityscapes\mask\lindau_000057_000019.png,streetViewData\validation\cityscapes\img\lindau_000057_000019.png
2326,validation,cityscapes,streetViewData\validation\cityscapes\mask\lindau_000058_000019.png,streetViewData\validation\cityscapes\img\lindau_000058_000019.png
2327,validation,cityscapes,streetViewData\validation\cityscapes\mask\munster_000000_000019.png,streetViewData\validation\cityscapes\img\munster_000000_000019.png
2328,validation,cityscapes,streetViewData\validation\cityscapes\mask\munster_000001_000019.png,streetViewData\validation\cityscapes\img\munster_000001_000019.png
2329,validation,cityscapes,streetViewData\validation\cityscapes\mask\munster_000002_000019.png,streetViewData\validation\cityscapes\img\munster_000002_000019.png
2330,validation,cityscapes,streetViewData\validation\cityscapes\mask\munster_000003_000019.png,streetViewData\validation\cityscapes\img\munster_000003_000019.png
2331,validation,cityscapes,streetViewData\validation\cityscapes\mask\munster_000004_000019.png,streetViewData\validation\cityscapes\img\munster_000004_000019.png
2332,validation,cityscapes,streetViewData\validation\cityscapes\mask\munster_000005_000019.png,streetViewData\validation\cityscapes\img\munster_000005_000019.png
2333,validation,cityscapes,streetViewData\validation\cityscapes\mask\munster_000006_000019.png,streetViewData\validation\cityscapes\img\munster_000006_000019.png
2334,validation,cityscapes,streetViewData\validation\cityscapes\mask\munster_000007_000019.png,streetViewData\validation\cityscapes\img\munster_000007_000019.png
2335,validation,cityscapes,streetViewData\validation\cityscapes\mask\munster_000008_000019.png,streetViewData\validation\cityscapes\img\munster_000008_000019.png
2336,validation,cityscapes,streetViewData\validation\cityscapes\mask\munster_000009_000019.png,streetViewData\validation\cityscapes\img\munster_000009_000019.png
2337,validation,cityscapes,streetViewData\validation\cityscapes\mask\munster_000010_000019.png,streetViewData\validation\cityscapes\img\munster_000010_000019.png
2338,validation,cityscapes,streetViewData\validation\cityscapes\mask\munster_000011_000019.png,streetViewData\validation\cityscapes\img\munster_000011_000019.png
2339,validation,cityscapes,streetViewData\validation\cityscapes\mask\munster_000012_000019.png,streetViewData\validation\cityscapes\img\munster_000012_000019.png
2340,validation,cityscapes,streetViewData\validation\cityscapes\mask\munster_000013_000019.png,streetViewData\validation\cityscapes\img\munster_000013_000019.png
2341,validation,cityscapes,streetViewData\validation\cityscapes\mask\munster_000014_000019.png,streetViewData\validation\cityscapes\img\munster_000014_000019.png
2342,validation,cityscapes,streetViewData\validation\cityscapes\mask\munster_000015_000019.png,streetViewData\validation\cityscapes\img\munster_000015_000019.png
2343,validation,cityscapes,streetViewData\validation\cityscapes\mask\munster_000016_000019.png,streetViewData\validation\cityscapes\img\munster_000016_000019.png
2344,validation,cityscapes,streetViewData\validation\cityscapes\mask\munster_000017_000019.png,streetViewData\validation\cityscapes\img\munster_000017_000019.png
2345,validation,cityscapes,streetViewData\validation\cityscapes\mask\munster_000018_000019.png,streetViewData\validation\cityscapes\img\munster_000018_000019.png
2346,validation,cityscapes,streetViewData\validation\cityscapes\mask\munster_000019_000019.png,streetViewData\validation\cityscapes\img\munster_000019_000019.png
2347,validation,cityscapes,streetViewData\validation\cityscapes\mask\munster_000020_000019.png,streetViewData\validation\cityscapes\img\munster_000020_000019.png
2348,validation,cityscapes,streetViewData\validation\cityscapes\mask\munster_000021_000019.png,streetViewData\validation\cityscapes\img\munster_000021_000019.png
2349,validation,cityscapes,streetViewData\validation\cityscapes\mask\munster_000022_000019.png,streetViewData\validation\cityscapes\img\munster_000022_000019.png
2350,validation,cityscapes,streetViewData\validation\cityscapes\mask\munster_000023_000019.png,streetViewData\validation\cityscapes\img\munster_000023_000019.png
2351,validation,cityscapes,streetViewData\validation\cityscapes\mask\munster_000024_000019.png,streetViewData\validation\cityscapes\img\munster_000024_000019.png
2352,validation,cityscapes,streetViewData\validation\cityscapes\mask\munster_000025_000019.png,streetViewData\validation\cityscapes\img\munster_000025_000019.png
2353,validation,cityscapes,streetViewData\validation\cityscapes\mask\munster_000026_000019.png,streetViewData\validation\cityscapes\img\munster_000026_000019.png
2354,validation,cityscapes,streetViewData\validation\cityscapes\mask\munster_000027_000019.png,streetViewData\validation\cityscapes\img\munster_000027_000019.png
2355,validation,cityscapes,streetViewData\validation\cityscapes\mask\munster_000028_000019.png,streetViewData\validation\cityscapes\img\munster_000028_000019.png
2356,validation,cityscapes,streetViewData\validation\cityscapes\mask\munster_000029_000019.png,streetViewData\validation\cityscapes\img\munster_000029_000019.png
2357,validation,cityscapes,streetViewData\validation\cityscapes\mask\munster_000030_000019.png,streetViewData\validation\cityscapes\img\munster_000030_000019.png
2358,validation,cityscapes,streetViewData\validation\cityscapes\mask\munster_000031_000019.png,streetViewData\validation\cityscapes\img\munster_000031_000019.png
2359,validation,cityscapes,streetViewData\validation\cityscapes\mask\munster_000032_000019.png,streetViewData\validation\cityscapes\img\munster_000032_000019.png
2360,validation,cityscapes,streetViewData\validation\cityscapes\mask\munster_000033_000019.png,streetViewData\validation\cityscapes\img\munster_000033_000019.png
2361,validation,cityscapes,streetViewData\validation\cityscapes\mask\munster_000034_000019.png,streetViewData\validation\cityscapes\img\munster_000034_000019.png
2362,validation,cityscapes,streetViewData\validation\cityscapes\mask\munster_000035_000019.png,streetViewData\validation\cityscapes\img\munster_000035_000019.png
2363,validation,cityscapes,streetViewData\validation\cityscapes\mask\munster_000036_000019.png,streetViewData\validation\cityscapes\img\munster_000036_000019.png
2364,validation,cityscapes,streetViewData\validation\cityscapes\mask\munster_000037_000019.png,streetViewData\validation\cityscapes\img\munster_000037_000019.png
2365,validation,cityscapes,streetViewData\validation\cityscapes\mask\munster_000038_000019.png,streetViewData\validation\cityscapes\img\munster_000038_000019.png
2366,validation,cityscapes,streetViewData\validation\cityscapes\mask\munster_000039_000019.png,streetViewData\validation\cityscapes\img\munster_000039_000019.png
2367,validation,cityscapes,streetViewData\validation\cityscapes\mask\munster_000040_000019.png,streetViewData\validation\cityscapes\img\munster_000040_000019.png
2368,validation,cityscapes,streetViewData\validation\cityscapes\mask\munster_000041_000019.png,streetViewData\validation\cityscapes\img\munster_000041_000019.png
2369,validation,cityscapes,streetViewData\validation\cityscapes\mask\munster_000042_000019.png,streetViewData\validation\cityscapes\img\munster_000042_000019.png
2370,validation,cityscapes,streetViewData\validation\cityscapes\mask\munster_000043_000019.png,streetViewData\validation\cityscapes\img\munster_000043_000019.png
2371,validation,cityscapes,streetViewData\validation\cityscapes\mask\munster_000044_000019.png,streetViewData\validation\cityscapes\img\munster_000044_000019.png
2372,validation,cityscapes,streetViewData\validation\cityscapes\mask\munster_000045_000019.png,streetViewData\validation\cityscapes\img\munster_000045_000019.png
2373,validation,cityscapes,streetViewData\validation\cityscapes\mask\munster_000046_000019.png,streetViewData\validation\cityscapes\img\munster_000046_000019.png
2374,validation,cityscapes,streetViewData\validation\cityscapes\mask\munster_000047_000019.png,streetViewData\validation\cityscapes\img\munster_000047_000019.png
2375,validation,cityscapes,streetViewData\validation\cityscapes\mask\munster_000048_000019.png,streetViewData\validation\cityscapes\img\munster_000048_000019.png
2376,validation,cityscapes,streetViewData\validation\cityscapes\mask\munster_000049_000019.png,streetViewData\validation\cityscapes\img\munster_000049_000019.png
2377,validation,cityscapes,streetViewData\validation\cityscapes\mask\munster_000050_000019.png,streetViewData\validation\cityscapes\img\munster_000050_000019.png
2378,validation,cityscapes,streetViewData\validation\cityscapes\mask\munster_000051_000019.png,streetViewData\validation\cityscapes\img\munster_000051_000019.png
2379,validation,cityscapes,streetViewData\validation\cityscapes\mask\munster_000052_000019.png,streetViewData\validation\cityscapes\img\munster_000052_000019.png
2380,validation,cityscapes,streetViewData\validation\cityscapes\mask\munster_000053_000019.png,streetViewData\validation\cityscapes\img\munster_000053_000019.png
2381,validation,cityscapes,streetViewData\validation\cityscapes\mask\munster_000054_000019.png,streetViewData\validation\cityscapes\img\munster_000054_000019.png
2382,validation,cityscapes,streetViewData\validation\cityscapes\mask\munster_000055_000019.png,streetViewData\validation\cityscapes\img\munster_000055_000019.png
2383,validation,cityscapes,streetViewData\validation\cityscapes\mask\munster_000056_000019.png,streetViewData\validation\cityscapes\img\munster_000056_000019.png
2384,validation,cityscapes,streetViewData\validation\cityscapes\mask\munster_000057_000019.png,streetViewData\validation\cityscapes\img\munster_000057_000019.png
2385,validation,cityscapes,streetViewData\validation\cityscapes\mask\munster_000058_000019.png,streetViewData\validation\cityscapes\img\munster_000058_000019.png
2386,validation,cityscapes,streetViewData\validation\cityscapes\mask\munster_000059_000019.png,streetViewData\validation\cityscapes\img\munster_000059_000019.png
2387,validation,cityscapes,streetViewData\validation\cityscapes\mask\munster_000060_000019.png,streetViewData\validation\cityscapes\img\munster_000060_000019.png
2388,validation,cityscapes,streetViewData\validation\cityscapes\mask\munster_000061_000019.png,streetViewData\validation\cityscapes\img\munster_000061_000019.png
2389,validation,cityscapes,streetViewData\validation\cityscapes\mask\munster_000062_000019.png,streetViewData\validation\cityscapes\img\munster_000062_000019.png
2390,validation,cityscapes,streetViewData\validation\cityscapes\mask\munster_000063_000019.png,streetViewData\validation\cityscapes\img\munster_000063_000019.png
2391,validation,cityscapes,streetViewData\validation\cityscapes\mask\munster_000064_000019.png,streetViewData\validation\cityscapes\img\munster_000064_000019.png
2392,validation,cityscapes,streetViewData\validation\cityscapes\mask\munster_000065_000019.png,streetViewData\validation\cityscapes\img\munster_000065_000019.png
2393,validation,cityscapes,streetViewData\validation\cityscapes\mask\munster_000066_000019.png,streetViewData\validation\cityscapes\img\munster_000066_000019.png
2394,validation,cityscapes,streetViewData\validation\cityscapes\mask\munster_000067_000019.png,streetViewData\validation\cityscapes\img\munster_000067_000019.png
2395,validation,cityscapes,streetViewData\validation\cityscapes\mask\munster_000068_000019.png,streetViewData\validation\cityscapes\img\munster_000068_000019.png
2396,validation,cityscapes,streetViewData\validation\cityscapes\mask\munster_000069_000019.png,streetViewData\validation\cityscapes\img\munster_000069_000019.png
2397,validation,cityscapes,streetViewData\validation\cityscapes\mask\munster_000070_000019.png,streetViewData\validation\cityscapes\img\munster_000070_000019.png
2398,validation,cityscapes,streetViewData\validation\cityscapes\mask\munster_000071_000019.png,streetViewData\validation\cityscapes\img\munster_000071_000019.png
2399,validation,cityscapes,streetViewData\validation\cityscapes\mask\munster_000072_000019.png,streetViewData\validation\cityscapes\img\munster_000072_000019.png
2400,validation,cityscapes,streetViewData\validation\cityscapes\mask\munster_000073_000019.png,streetViewData\validation\cityscapes\img\munster_000073_000019.png
2401,validation,cityscapes,streetViewData\validation\cityscapes\mask\munster_000074_000019.png,streetViewData\validation\cityscapes\img\munster_000074_000019.png
2402,validation,cityscapes,streetViewData\validation\cityscapes\mask\munster_000075_000019.png,streetViewData\validation\cityscapes\img\munster_000075_000019.png
2403,validation,cityscapes,streetViewData\validation\cityscapes\mask\munster_000076_000019.png,streetViewData\validation\cityscapes\img\munster_000076_000019.png
2404,validation,cityscapes,streetViewData\validation\cityscapes\mask\munster_000077_000019.png,streetViewData\validation\cityscapes\img\munster_000077_000019.png
2405,validation,cityscapes,streetViewData\validation\cityscapes\mask\munster_000078_000019.png,streetViewData\validation\cityscapes\img\munster_000078_000019.png
2406,validation,cityscapes,streetViewData\validation\cityscapes\mask\munster_000079_000019.png,streetViewData\validation\cityscapes\img\munster_000079_000019.png
2407,validation,cityscapes,streetViewData\validation\cityscapes\mask\munster_000080_000019.png,streetViewData\validation\cityscapes\img\munster_000080_000019.png
2408,validation,cityscapes,streetViewData\validation\cityscapes\mask\munster_000081_000019.png,streetViewData\validation\cityscapes\img\munster_000081_000019.png
2409,validation,cityscapes,streetViewData\validation\cityscapes\mask\munster_000082_000019.png,streetViewData\validation\cityscapes\img\munster_000082_000019.png
2410,validation,cityscapes,streetViewData\validation\cityscapes\mask\munster_000083_000019.png,streetViewData\validation\cityscapes\img\munster_000083_000019.png
2411,validation,cityscapes,streetViewData\validation\cityscapes\mask\munster_000084_000019.png,streetViewData\validation\cityscapes\img\munster_000084_000019.png
2412,validation,cityscapes,streetViewData\validation\cityscapes\mask\munster_000085_000019.png,streetViewData\validation\cityscapes\img\munster_000085_000019.png
2413,validation,cityscapes,streetViewData\validation\cityscapes\mask\munster_000086_000019.png,streetViewData\validation\cityscapes\img\munster_000086_000019.png
2414,validation,cityscapes,streetViewData\validation\cityscapes\mask\munster_000087_000019.png,streetViewData\validation\cityscapes\img\munster_000087_000019.png
2415,validation,cityscapes,streetViewData\validation\cityscapes\mask\munster_000088_000019.png,streetViewData\validation\cityscapes\img\munster_000088_000019.png
2416,validation,cityscapes,streetViewData\validation\cityscapes\mask\munster_000089_000019.png,streetViewData\validation\cityscapes\img\munster_000089_000019.png
2417,validation,cityscapes,streetViewData\validation\cityscapes\mask\munster_000090_000019.png,streetViewData\validation\cityscapes\img\munster_000090_000019.png
2418,validation,cityscapes,streetViewData\validation\cityscapes\mask\munster_000091_000019.png,streetViewData\validation\cityscapes\img\munster_000091_000019.png
2419,validation,cityscapes,streetViewData\validation\cityscapes\mask\munster_000092_000019.png,streetViewData\validation\cityscapes\img\munster_000092_000019.png
2420,validation,cityscapes,streetViewData\validation\cityscapes\mask\munster_000093_000019.png,streetViewData\validation\cityscapes\img\munster_000093_000019.png
2421,validation,cityscapes,streetViewData\validation\cityscapes\mask\munster_000094_000019.png,streetViewData\validation\cityscapes\img\munster_000094_000019.png
2422,validation,cityscapes,streetViewData\validation\cityscapes\mask\munster_000095_000019.png,streetViewData\validation\cityscapes\img\munster_000095_000019.png
2423,validation,cityscapes,streetViewData\validation\cityscapes\mask\munster_000096_000019.png,streetViewData\validation\cityscapes\img\munster_000096_000019.png
2424,validation,cityscapes,streetViewData\validation\cityscapes\mask\munster_000097_000019.png,streetViewData\validation\cityscapes\img\munster_000097_000019.png
2425,validation,cityscapes,streetViewData\validation\cityscapes\mask\munster_000098_000019.png,streetViewData\validation\cityscapes\img\munster_000098_000019.png
2426,validation,cityscapes,streetViewData\validation\cityscapes\mask\munster_000099_000019.png,streetViewData\validation\cityscapes\img\munster_000099_000019.png
2427,validation,cityscapes,streetViewData\validation\cityscapes\mask\munster_000100_000019.png,streetViewData\validation\cityscapes\img\munster_000100_000019.png
2428,validation,cityscapes,streetViewData\validation\cityscapes\mask\munster_000101_000019.png,streetViewData\validation\cityscapes\img\munster_000101_000019.png
2429,validation,cityscapes,streetViewData\validation\cityscapes\mask\munster_000102_000019.png,streetViewData\validation\cityscapes\img\munster_000102_000019.png
2430,validation,cityscapes,streetViewData\validation\cityscapes\mask\munster_000103_000019.png,streetViewData\validation\cityscapes\img\munster_000103_000019.png
2431,validation,cityscapes,streetViewData\validation\cityscapes\mask\munster_000104_000019.png,streetViewData\validation\cityscapes\img\munster_000104_000019.png
2432,validation,cityscapes,streetViewData\validation\cityscapes\mask\munster_000105_000019.png,streetViewData\validation\cityscapes\img\munster_000105_000019.png
2433,validation,cityscapes,streetViewData\validation\cityscapes\mask\munster_000106_000019.png,streetViewData\validation\cityscapes\img\munster_000106_000019.png
2434,validation,cityscapes,streetViewData\validation\cityscapes\mask\munster_000107_000019.png,streetViewData\validation\cityscapes\img\munster_000107_000019.png
2435,validation,cityscapes,streetViewData\validation\cityscapes\mask\munster_000108_000019.png,streetViewData\validation\cityscapes\img\munster_000108_000019.png
2436,validation,cityscapes,streetViewData\validation\cityscapes\mask\munster_000109_000019.png,streetViewData\validation\cityscapes\img\munster_000109_000019.png
2437,validation,cityscapes,streetViewData\validation\cityscapes\mask\munster_000110_000019.png,streetViewData\validation\cityscapes\img\munster_000110_000019.png
2438,validation,cityscapes,streetViewData\validation\cityscapes\mask\munster_000111_000019.png,streetViewData\validation\cityscapes\img\munster_000111_000019.png
2439,validation,cityscapes,streetViewData\validation\cityscapes\mask\munster_000112_000019.png,streetViewData\validation\cityscapes\img\munster_000112_000019.png
2440,validation,cityscapes,streetViewData\validation\cityscapes\mask\munster_000113_000019.png,streetViewData\validation\cityscapes\img\munster_000113_000019.png
2441,validation,cityscapes,streetViewData\validation\cityscapes\mask\munster_000114_000019.png,streetViewData\validation\cityscapes\img\munster_000114_000019.png
2442,validation,cityscapes,streetViewData\validation\cityscapes\mask\munster_000115_000019.png,streetViewData\validation\cityscapes\img\munster_000115_000019.png
2443,validation,cityscapes,streetViewData\validation\cityscapes\mask\munster_000116_000019.png,streetViewData\validation\cityscapes\img\munster_000116_000019.png
2444,validation,cityscapes,streetViewData\validation\cityscapes\mask\munster_000117_000019.png,streetViewData\validation\cityscapes\img\munster_000117_000019.png
2445,validation,cityscapes,streetViewData\validation\cityscapes\mask\munster_000118_000019.png,streetViewData\validation\cityscapes\img\munster_000118_000019.png
2446,validation,cityscapes,streetViewData\validation\cityscapes\mask\munster_000119_000019.png,streetViewData\validation\cityscapes\img\munster_000119_000019.png
2447,validation,cityscapes,streetViewData\validation\cityscapes\mask\munster_000120_000019.png,streetViewData\validation\cityscapes\img\munster_000120_000019.png
2448,validation,cityscapes,streetViewData\validation\cityscapes\mask\munster_000121_000019.png,streetViewData\validation\cityscapes\img\munster_000121_000019.png
2449,validation,cityscapes,streetViewData\validation\cityscapes\mask\munster_000122_000019.png,streetViewData\validation\cityscapes\img\munster_000122_000019.png
2450,validation,cityscapes,streetViewData\validation\cityscapes\mask\munster_000123_000019.png,streetViewData\validation\cityscapes\img\munster_000123_000019.png
2451,validation,cityscapes,streetViewData\validation\cityscapes\mask\munster_000124_000019.png,streetViewData\validation\cityscapes\img\munster_000124_000019.png
2452,validation,cityscapes,streetViewData\validation\cityscapes\mask\munster_000125_000019.png,streetViewData\validation\cityscapes\img\munster_000125_000019.png
2453,validation,cityscapes,streetViewData\validation\cityscapes\mask\munster_000126_000019.png,streetViewData\validation\cityscapes\img\munster_000126_000019.png
2454,validation,cityscapes,streetViewData\validation\cityscapes\mask\munster_000127_000019.png,streetViewData\validation\cityscapes\img\munster_000127_000019.png
2455,validation,cityscapes,streetViewData\validation\cityscapes\mask\munster_000128_000019.png,streetViewData\validation\cityscapes\img\munster_000128_000019.png
2456,validation,cityscapes,streetViewData\validation\cityscapes\mask\munster_000129_000019.png,streetViewData\validation\cityscapes\img\munster_000129_000019.png
2457,validation,cityscapes,streetViewData\validation\cityscapes\mask\munster_000130_000019.png,streetViewData\validation\cityscapes\img\munster_000130_000019.png
2458,validation,cityscapes,streetViewData\validation\cityscapes\mask\munster_000131_000019.png,streetViewData\validation\cityscapes\img\munster_000131_000019.png
2459,validation,cityscapes,streetViewData\validation\cityscapes\mask\munster_000132_000019.png,streetViewData\validation\cityscapes\img\munster_000132_000019.png
2460,validation,cityscapes,streetViewData\validation\cityscapes\mask\munster_000133_000019.png,streetViewData\validation\cityscapes\img\munster_000133_000019.png
2461,validation,cityscapes,streetViewData\validation\cityscapes\mask\munster_000134_000019.png,streetViewData\validation\cityscapes\img\munster_000134_000019.png
2462,validation,cityscapes,streetViewData\validation\cityscapes\mask\munster_000135_000019.png,streetViewData\validation\cityscapes\img\munster_000135_000019.png
2463,validation,cityscapes,streetViewData\validation\cityscapes\mask\munster_000136_000019.png,streetViewData\validation\cityscapes\img\munster_000136_000019.png
2464,validation,cityscapes,streetViewData\validation\cityscapes\mask\munster_000137_000019.png,streetViewData\validation\cityscapes\img\munster_000137_000019.png
2465,validation,cityscapes,streetViewData\validation\cityscapes\mask\munster_000138_000019.png,streetViewData\validation\cityscapes\img\munster_000138_000019.png
2466,validation,cityscapes,streetViewData\validation\cityscapes\mask\munster_000139_000019.png,streetViewData\validation\cityscapes\img\munster_000139_000019.png
2467,validation,cityscapes,streetViewData\validation\cityscapes\mask\munster_000140_000019.png,streetViewData\validation\cityscapes\img\munster_000140_000019.png
2468,validation,cityscapes,streetViewData\validation\cityscapes\mask\munster_000141_000019.png,streetViewData\validation\cityscapes\img\munster_000141_000019.png
2469,validation,cityscapes,streetViewData\validation\cityscapes\mask\munster_000142_000019.png,streetViewData\validation\cityscapes\img\munster_000142_000019.png
2470,validation,cityscapes,streetViewData\validation\cityscapes\mask\munster_000143_000019.png,streetViewData\validation\cityscapes\img\munster_000143_000019.png
2471,validation,cityscapes,streetViewData\validation\cityscapes\mask\munster_000144_000019.png,streetViewData\validation\cityscapes\img\munster_000144_000019.png
2472,validation,cityscapes,streetViewData\validation\cityscapes\mask\munster_000145_000019.png,streetViewData\validation\cityscapes\img\munster_000145_000019.png
2473,validation,cityscapes,streetViewData\validation\cityscapes\mask\munster_000146_000019.png,streetViewData\validation\cityscapes\img\munster_000146_000019.png
2474,validation,cityscapes,streetViewData\validation\cityscapes\mask\munster_000147_000019.png,streetViewData\validation\cityscapes\img\munster_000147_000019.png
2475,validation,cityscapes,streetViewData\validation\cityscapes\mask\munster_000148_000019.png,streetViewData\validation\cityscapes\img\munster_000148_000019.png
2476,validation,cityscapes,streetViewData\validation\cityscapes\mask\munster_000149_000019.png,streetViewData\validation\cityscapes\img\munster_000149_000019.png
2477,validation,cityscapes,streetViewData\validation\cityscapes\mask\munster_000150_000019.png,streetViewData\validation\cityscapes\img\munster_000150_000019.png
2478,validation,cityscapes,streetViewData\validation\cityscapes\mask\munster_000151_000019.png,streetViewData\validation\cityscapes\img\munster_000151_000019.png
2479,validation,cityscapes,streetViewData\validation\cityscapes\mask\munster_000152_000019.png,streetViewData\validation\cityscapes\img\munster_000152_000019.png
2480,validation,cityscapes,streetViewData\validation\cityscapes\mask\munster_000153_000019.png,streetViewData\validation\cityscapes\img\munster_000153_000019.png
2481,validation,cityscapes,streetViewData\validation\cityscapes\mask\munster_000154_000019.png,streetViewData\validation\cityscapes\img\munster_000154_000019.png
2482,validation,cityscapes,streetViewData\validation\cityscapes\mask\munster_000155_000019.png,streetViewData\validation\cityscapes\img\munster_000155_000019.png
2483,validation,cityscapes,streetViewData\validation\cityscapes\mask\munster_000156_000019.png,streetViewData\validation\cityscapes\img\munster_000156_000019.png
2484,validation,cityscapes,streetViewData\validation\cityscapes\mask\munster_000157_000019.png,streetViewData\validation\cityscapes\img\munster_000157_000019.png
2485,validation,cityscapes,streetViewData\validation\cityscapes\mask\munster_000158_000019.png,streetViewData\validation\cityscapes\img\munster_000158_000019.png
2486,validation,cityscapes,streetViewData\validation\cityscapes\mask\munster_000159_000019.png,streetViewData\validation\cityscapes\img\munster_000159_000019.png
2487,validation,cityscapes,streetViewData\validation\cityscapes\mask\munster_000160_000019.png,streetViewData\validation\cityscapes\img\munster_000160_000019.png
2488,validation,cityscapes,streetViewData\validation\cityscapes\mask\munster_000161_000019.png,streetViewData\validation\cityscapes\img\munster_000161_000019.png
2489,validation,cityscapes,streetViewData\validation\cityscapes\mask\munster_000162_000019.png,streetViewData\validation\cityscapes\img\munster_000162_000019.png
2490,validation,cityscapes,streetViewData\validation\cityscapes\mask\munster_000163_000019.png,streetViewData\validation\cityscapes\img\munster_000163_000019.png
2491,validation,cityscapes,streetViewData\validation\cityscapes\mask\munster_000164_000019.png,streetViewData\validation\cityscapes\img\munster_000164_000019.png
2492,validation,cityscapes,streetViewData\validation\cityscapes\mask\munster_000165_000019.png,streetViewData\validation\cityscapes\img\munster_000165_000019.png
2493,validation,cityscapes,streetViewData\validation\cityscapes\mask\munster_000166_000019.png,streetViewData\validation\cityscapes\img\munster_000166_000019.png
2494,validation,cityscapes,streetViewData\validation\cityscapes\mask\munster_000167_000019.png,streetViewData\validation\cityscapes\img\munster_000167_000019.png
2495,validation,cityscapes,streetViewData\validation\cityscapes\mask\munster_000168_000019.png,streetViewData\validation\cityscapes\img\munster_000168_000019.png
2496,validation,cityscapes,streetViewData\validation\cityscapes\mask\munster_000169_000019.png,streetViewData\validation\cityscapes\img\munster_000169_000019.png
2497,validation,cityscapes,streetViewData\validation\cityscapes\mask\munster_000170_000019.png,streetViewData\validation\cityscapes\img\munster_000170_000019.png
2498,validation,cityscapes,streetViewData\validation\cityscapes\mask\munster_000171_000019.png,streetViewData\validation\cityscapes\img\munster_000171_000019.png
2499,validation,cityscapes,streetViewData\validation\cityscapes\mask\munster_000172_000019.png,streetViewData\validation\cityscapes\img\munster_000172_000019.png
2500,validation,cityscapes,streetViewData\validation\cityscapes\mask\munster_000173_000019.png,streetViewData\validation\cityscapes\img\munster_000173_000019.png
2501,test,cityscapes,streetViewData\test\cityscapes\mask\aachen_000000_000019.png,streetViewData\test\cityscapes\img\aachen_000000_000019.png
2502,test,cityscapes,streetViewData\test\cityscapes\mask\aachen_000001_000019.png,streetViewData\test\cityscapes\img\aachen_000001_000019.png
2503,test,cityscapes,streetViewData\test\cityscapes\mask\aachen_000002_000019.png,streetViewData\test\cityscapes\img\aachen_000002_000019.png
2504,test,cityscapes,streetViewData\test\cityscapes\mask\aachen_000003_000019.png,streetViewData\test\cityscapes\img\aachen_000003_000019.png
2505,test,cityscapes,streetViewData\test\cityscapes\mask\aachen_000004_000019.png,streetViewData\test\cityscapes\img\aachen_000004_000019.png
2506,test,cityscapes,streetViewData\test\cityscapes\mask\aachen_000005_000019.png,streetViewData\test\cityscapes\img\aachen_000005_000019.png
2507,test,cityscapes,streetViewData\test\cityscapes\mask\aachen_000006_000019.png,streetViewData\test\cityscapes\img\aachen_000006_000019.png
2508,test,cityscapes,streetViewData\test\cityscapes\mask\aachen_000007_000019.png,streetViewData\test\cityscapes\img\aachen_000007_000019.png
2509,test,cityscapes,streetViewData\test\cityscapes\mask\aachen_000008_000019.png,streetViewData\test\cityscapes\img\aachen_000008_000019.png
2510,test,cityscapes,streetViewData\test\cityscapes\mask\aachen_000009_000019.png,streetViewData\test\cityscapes\img\aachen_000009_000019.png
2511,test,cityscapes,streetViewData\test\cityscapes\mask\aachen_000010_000019.png,streetViewData\test\cityscapes\img\aachen_000010_000019.png
2512,test,cityscapes,streetViewData\test\cityscapes\mask\aachen_000011_000019.png,streetViewData\test\cityscapes\img\aachen_000011_000019.png
2513,test,cityscapes,streetViewData\test\cityscapes\mask\aachen_000012_000019.png,streetViewData\test\cityscapes\img\aachen_000012_000019.png
2514,test,cityscapes,streetViewData\test\cityscapes\mask\aachen_000013_000019.png,streetViewData\test\cityscapes\img\aachen_000013_000019.png
2515,test,cityscapes,streetViewData\test\cityscapes\mask\aachen_000014_000019.png,streetViewData\test\cityscapes\img\aachen_000014_000019.png
2516,test,cityscapes,streetViewData\test\cityscapes\mask\aachen_000015_000019.png,streetViewData\test\cityscapes\img\aachen_000015_000019.png
2517,test,cityscapes,streetViewData\test\cityscapes\mask\aachen_000016_000019.png,streetViewData\test\cityscapes\img\aachen_000016_000019.png
2518,test,cityscapes,streetViewData\test\cityscapes\mask\aachen_000017_000019.png,streetViewData\test\cityscapes\img\aachen_000017_000019.png
2519,test,cityscapes,streetViewData\test\cityscapes\mask\aachen_000018_000019.png,streetViewData\test\cityscapes\img\aachen_000018_000019.png
2520,test,cityscapes,streetViewData\test\cityscapes\mask\aachen_000019_000019.png,streetViewData\test\cityscapes\img\aachen_000019_000019.png
2521,test,cityscapes,streetViewData\test\cityscapes\mask\aachen_000020_000019.png,streetViewData\test\cityscapes\img\aachen_000020_000019.png
2522,test,cityscapes,streetViewData\test\cityscapes\mask\aachen_000021_000019.png,streetViewData\test\cityscapes\img\aachen_000021_000019.png
2523,test,cityscapes,streetViewData\test\cityscapes\mask\aachen_000022_000019.png,streetViewData\test\cityscapes\img\aachen_000022_000019.png
2524,test,cityscapes,streetViewData\test\cityscapes\mask\aachen_000023_000019.png,streetViewData\test\cityscapes\img\aachen_000023_000019.png
2525,test,cityscapes,streetViewData\test\cityscapes\mask\aachen_000024_000019.png,streetViewData\test\cityscapes\img\aachen_000024_000019.png
2526,test,cityscapes,streetViewData\test\cityscapes\mask\aachen_000025_000019.png,streetViewData\test\cityscapes\img\aachen_000025_000019.png
2527,test,cityscapes,streetViewData\test\cityscapes\mask\aachen_000026_000019.png,streetViewData\test\cityscapes\img\aachen_000026_000019.png
2528,test,cityscapes,streetViewData\test\cityscapes\mask\aachen_000027_000019.png,streetViewData\test\cityscapes\img\aachen_000027_000019.png
2529,test,cityscapes,streetViewData\test\cityscapes\mask\aachen_000028_000019.png,streetViewData\test\cityscapes\img\aachen_000028_000019.png
2530,test,cityscapes,streetViewData\test\cityscapes\mask\aachen_000029_000019.png,streetViewData\test\cityscapes\img\aachen_000029_000019.png
2531,test,cityscapes,streetViewData\test\cityscapes\mask\aachen_000030_000019.png,streetViewData\test\cityscapes\img\aachen_000030_000019.png
2532,test,cityscapes,streetViewData\test\cityscapes\mask\aachen_000031_000019.png,streetViewData\test\cityscapes\img\aachen_000031_000019.png
2533,test,cityscapes,streetViewData\test\cityscapes\mask\aachen_000032_000019.png,streetViewData\test\cityscapes\img\aachen_000032_000019.png
2534,test,cityscapes,streetViewData\test\cityscapes\mask\aachen_000033_000019.png,streetViewData\test\cityscapes\img\aachen_000033_000019.png
2535,test,cityscapes,streetViewData\test\cityscapes\mask\aachen_000034_000019.png,streetViewData\test\cityscapes\img\aachen_000034_000019.png
2536,test,cityscapes,streetViewData\test\cityscapes\mask\aachen_000035_000019.png,streetViewData\test\cityscapes\img\aachen_000035_000019.png
2537,test,cityscapes,streetViewData\test\cityscapes\mask\aachen_000036_000019.png,streetViewData\test\cityscapes\img\aachen_000036_000019.png
2538,test,cityscapes,streetViewData\test\cityscapes\mask\aachen_000037_000019.png,streetViewData\test\cityscapes\img\aachen_000037_000019.png
2539,test,cityscapes,streetViewData\test\cityscapes\mask\aachen_000038_000019.png,streetViewData\test\cityscapes\img\aachen_000038_000019.png
2540,test,cityscapes,streetViewData\test\cityscapes\mask\aachen_000039_000019.png,streetViewData\test\cityscapes\img\aachen_000039_000019.png
2541,test,cityscapes,streetViewData\test\cityscapes\mask\aachen_000040_000019.png,streetViewData\test\cityscapes\img\aachen_000040_000019.png
2542,test,cityscapes,streetViewData\test\cityscapes\mask\aachen_000041_000019.png,streetViewData\test\cityscapes\img\aachen_000041_000019.png
2543,test,cityscapes,streetViewData\test\cityscapes\mask\aachen_000042_000019.png,streetViewData\test\cityscapes\img\aachen_000042_000019.png
2544,test,cityscapes,streetViewData\test\cityscapes\mask\aachen_000043_000019.png,streetViewData\test\cityscapes\img\aachen_000043_000019.png
2545,test,cityscapes,streetViewData\test\cityscapes\mask\aachen_000044_000019.png,streetViewData\test\cityscapes\img\aachen_000044_000019.png
2546,test,cityscapes,streetViewData\test\cityscapes\mask\aachen_000045_000019.png,streetViewData\test\cityscapes\img\aachen_000045_000019.png
2547,test,cityscapes,streetViewData\test\cityscapes\mask\aachen_000046_000019.png,streetViewData\test\cityscapes\img\aachen_000046_000019.png
2548,test,cityscapes,streetViewData\test\cityscapes\mask\aachen_000047_000019.png,streetViewData\test\cityscapes\img\aachen_000047_000019.png
2549,test,cityscapes,streetViewData\test\cityscapes\mask\aachen_000048_000019.png,streetViewData\test\cityscapes\img\aachen_000048_000019.png
2550,test,cityscapes,streetViewData\test\cityscapes\mask\aachen_000049_000019.png,streetViewData\test\cityscapes\img\aachen_000049_000019.png
2551,test,cityscapes,streetViewData\test\cityscapes\mask\aachen_000050_000019.png,streetViewData\test\cityscapes\img\aachen_000050_000019.png
2552,test,cityscapes,streetViewData\test\cityscapes\mask\aachen_000051_000019.png,streetViewData\test\cityscapes\img\aachen_000051_000019.png
2553,test,cityscapes,streetViewData\test\cityscapes\mask\aachen_000052_000019.png,streetViewData\test\cityscapes\img\aachen_000052_000019.png
2554,test,cityscapes,streetViewData\test\cityscapes\mask\aachen_000053_000019.png,streetViewData\test\cityscapes\img\aachen_000053_000019.png
2555,test,cityscapes,streetViewData\test\cityscapes\mask\aachen_000054_000019.png,streetViewData\test\cityscapes\img\aachen_000054_000019.png
2556,test,cityscapes,streetViewData\test\cityscapes\mask\aachen_000055_000019.png,streetViewData\test\cityscapes\img\aachen_000055_000019.png
2557,test,cityscapes,streetViewData\test\cityscapes\mask\aachen_000056_000019.png,streetViewData\test\cityscapes\img\aachen_000056_000019.png
2558,test,cityscapes,streetViewData\test\cityscapes\mask\aachen_000057_000019.png,streetViewData\test\cityscapes\img\aachen_000057_000019.png
2559,test,cityscapes,streetViewData\test\cityscapes\mask\aachen_000058_000019.png,streetViewData\test\cityscapes\img\aachen_000058_000019.png
2560,test,cityscapes,streetViewData\test\cityscapes\mask\aachen_000059_000019.png,streetViewData\test\cityscapes\img\aachen_000059_000019.png
2561,test,cityscapes,streetViewData\test\cityscapes\mask\aachen_000060_000019.png,streetViewData\test\cityscapes\img\aachen_000060_000019.png
2562,test,cityscapes,streetViewData\test\cityscapes\mask\aachen_000061_000019.png,streetViewData\test\cityscapes\img\aachen_000061_000019.png
2563,test,cityscapes,streetViewData\test\cityscapes\mask\aachen_000062_000019.png,streetViewData\test\cityscapes\img\aachen_000062_000019.png
2564,test,cityscapes,streetViewData\test\cityscapes\mask\aachen_000063_000019.png,streetViewData\test\cityscapes\img\aachen_000063_000019.png
2565,test,cityscapes,streetViewData\test\cityscapes\mask\aachen_000064_000019.png,streetViewData\test\cityscapes\img\aachen_000064_000019.png
2566,test,cityscapes,streetViewData\test\cityscapes\mask\aachen_000065_000019.png,streetViewData\test\cityscapes\img\aachen_000065_000019.png
2567,test,cityscapes,streetViewData\test\cityscapes\mask\aachen_000066_000019.png,streetViewData\test\cityscapes\img\aachen_000066_000019.png
2568,test,cityscapes,streetViewData\test\cityscapes\mask\aachen_000067_000019.png,streetViewData\test\cityscapes\img\aachen_000067_000019.png
2569,test,cityscapes,streetViewData\test\cityscapes\mask\aachen_000068_000019.png,streetViewData\test\cityscapes\img\aachen_000068_000019.png
2570,test,cityscapes,streetViewData\test\cityscapes\mask\aachen_000069_000019.png,streetViewData\test\cityscapes\img\aachen_000069_000019.png
2571,test,cityscapes,streetViewData\test\cityscapes\mask\aachen_000070_000019.png,streetViewData\test\cityscapes\img\aachen_000070_000019.png
2572,test,cityscapes,streetViewData\test\cityscapes\mask\aachen_000071_000019.png,streetViewData\test\cityscapes\img\aachen_000071_000019.png
2573,test,cityscapes,streetViewData\test\cityscapes\mask\aachen_000072_000019.png,streetViewData\test\cityscapes\img\aachen_000072_000019.png
2574,test,cityscapes,streetViewData\test\cityscapes\mask\aachen_000073_000019.png,streetViewData\test\cityscapes\img\aachen_000073_000019.png
2575,test,cityscapes,streetViewData\test\cityscapes\mask\aachen_000074_000019.png,streetViewData\test\cityscapes\img\aachen_000074_000019.png
2576,test,cityscapes,streetViewData\test\cityscapes\mask\aachen_000075_000019.png,streetViewData\test\cityscapes\img\aachen_000075_000019.png
2577,test,cityscapes,streetViewData\test\cityscapes\mask\aachen_000076_000019.png,streetViewData\test\cityscapes\img\aachen_000076_000019.png
2578,test,cityscapes,streetViewData\test\cityscapes\mask\aachen_000077_000019.png,streetViewData\test\cityscapes\img\aachen_000077_000019.png
2579,test,cityscapes,streetViewData\test\cityscapes\mask\aachen_000078_000019.png,streetViewData\test\cityscapes\img\aachen_000078_000019.png
2580,test,cityscapes,streetViewData\test\cityscapes\mask\aachen_000079_000019.png,streetViewData\test\cityscapes\img\aachen_000079_000019.png
2581,test,cityscapes,streetViewData\test\cityscapes\mask\aachen_000080_000019.png,streetViewData\test\cityscapes\img\aachen_000080_000019.png
2582,test,cityscapes,streetViewData\test\cityscapes\mask\aachen_000081_000019.png,streetViewData\test\cityscapes\img\aachen_000081_000019.png
2583,test,cityscapes,streetViewData\test\cityscapes\mask\aachen_000082_000019.png,streetViewData\test\cityscapes\img\aachen_000082_000019.png
2584,test,cityscapes,streetViewData\test\cityscapes\mask\aachen_000083_000019.png,streetViewData\test\cityscapes\img\aachen_000083_000019.png
2585,test,cityscapes,streetViewData\test\cityscapes\mask\aachen_000084_000019.png,streetViewData\test\cityscapes\img\aachen_000084_000019.png
2586,test,cityscapes,streetViewData\test\cityscapes\mask\aachen_000085_000019.png,streetViewData\test\cityscapes\img\aachen_000085_000019.png
2587,test,cityscapes,streetViewData\test\cityscapes\mask\aachen_000086_000019.png,streetViewData\test\cityscapes\img\aachen_000086_000019.png
2588,test,cityscapes,streetViewData\test\cityscapes\mask\aachen_000087_000019.png,streetViewData\test\cityscapes\img\aachen_000087_000019.png
2589,test,cityscapes,streetViewData\test\cityscapes\mask\aachen_000088_000019.png,streetViewData\test\cityscapes\img\aachen_000088_000019.png
2590,test,cityscapes,streetViewData\test\cityscapes\mask\aachen_000089_000019.png,streetViewData\test\cityscapes\img\aachen_000089_000019.png
2591,test,cityscapes,streetViewData\test\cityscapes\mask\aachen_000090_000019.png,streetViewData\test\cityscapes\img\aachen_000090_000019.png
2592,test,cityscapes,streetViewData\test\cityscapes\mask\aachen_000091_000019.png,streetViewData\test\cityscapes\img\aachen_000091_000019.png
2593,test,cityscapes,streetViewData\test\cityscapes\mask\aachen_000092_000019.png,streetViewData\test\cityscapes\img\aachen_000092_000019.png
2594,test,cityscapes,streetViewData\test\cityscapes\mask\aachen_000093_000019.png,streetViewData\test\cityscapes\img\aachen_000093_000019.png
2595,test,cityscapes,streetViewData\test\cityscapes\mask\aachen_000094_000019.png,streetViewData\test\cityscapes\img\aachen_000094_000019.png
2596,test,cityscapes,streetViewData\test\cityscapes\mask\aachen_000095_000019.png,streetViewData\test\cityscapes\img\aachen_000095_000019.png
2597,test,cityscapes,streetViewData\test\cityscapes\mask\aachen_000096_000019.png,streetViewData\test\cityscapes\img\aachen_000096_000019.png
2598,test,cityscapes,streetViewData\test\cityscapes\mask\aachen_000097_000019.png,streetViewData\test\cityscapes\img\aachen_000097_000019.png
2599,test,cityscapes,streetViewData\test\cityscapes\mask\aachen_000098_000019.png,streetViewData\test\cityscapes\img\aachen_000098_000019.png
2600,test,cityscapes,streetViewData\test\cityscapes\mask\aachen_000099_000019.png,streetViewData\test\cityscapes\img\aachen_000099_000019.png
2601,test,cityscapes,streetViewData\test\cityscapes\mask\aachen_000100_000019.png,streetViewData\test\cityscapes\img\aachen_000100_000019.png
2602,test,cityscapes,streetViewData\test\cityscapes\mask\aachen_000101_000019.png,streetViewData\test\cityscapes\img\aachen_000101_000019.png
2603,test,cityscapes,streetViewData\test\cityscapes\mask\aachen_000102_000019.png,streetViewData\test\cityscapes\img\aachen_000102_000019.png
2604,test,cityscapes,streetViewData\test\cityscapes\mask\aachen_000103_000019.png,streetViewData\test\cityscapes\img\aachen_000103_000019.png
2605,test,cityscapes,streetViewData\test\cityscapes\mask\aachen_000104_000019.png,streetViewData\test\cityscapes\img\aachen_000104_000019.png
2606,test,cityscapes,streetViewData\test\cityscapes\mask\aachen_000105_000019.png,streetViewData\test\cityscapes\img\aachen_000105_000019.png
2607,test,cityscapes,streetViewData\test\cityscapes\mask\aachen_000106_000019.png,streetViewData\test\cityscapes\img\aachen_000106_000019.png
2608,test,cityscapes,streetViewData\test\cityscapes\mask\aachen_000107_000019.png,streetViewData\test\cityscapes\img\aachen_000107_000019.png
2609,test,cityscapes,streetViewData\test\cityscapes\mask\aachen_000108_000019.png,streetViewData\test\cityscapes\img\aachen_000108_000019.png
2610,test,cityscapes,streetViewData\test\cityscapes\mask\aachen_000109_000019.png,streetViewData\test\cityscapes\img\aachen_000109_000019.png
2611,test,cityscapes,streetViewData\test\cityscapes\mask\aachen_000110_000019.png,streetViewData\test\cityscapes\img\aachen_000110_000019.png
2612,test,cityscapes,streetViewData\test\cityscapes\mask\aachen_000111_000019.png,streetViewData\test\cityscapes\img\aachen_000111_000019.png
2613,test,cityscapes,streetViewData\test\cityscapes\mask\aachen_000112_000019.png,streetViewData\test\cityscapes\img\aachen_000112_000019.png
2614,test,cityscapes,streetViewData\test\cityscapes\mask\aachen_000113_000019.png,streetViewData\test\cityscapes\img\aachen_000113_000019.png
2615,test,cityscapes,streetViewData\test\cityscapes\mask\aachen_000114_000019.png,streetViewData\test\cityscapes\img\aachen_000114_000019.png
2616,test,cityscapes,streetViewData\test\cityscapes\mask\aachen_000115_000019.png,streetViewData\test\cityscapes\img\aachen_000115_000019.png
2617,test,cityscapes,streetViewData\test\cityscapes\mask\aachen_000116_000019.png,streetViewData\test\cityscapes\img\aachen_000116_000019.png
2618,test,cityscapes,streetViewData\test\cityscapes\mask\aachen_000117_000019.png,streetViewData\test\cityscapes\img\aachen_000117_000019.png
2619,test,cityscapes,streetViewData\test\cityscapes\mask\aachen_000118_000019.png,streetViewData\test\cityscapes\img\aachen_000118_000019.png
2620,test,cityscapes,streetViewData\test\cityscapes\mask\aachen_000119_000019.png,streetViewData\test\cityscapes\img\aachen_000119_000019.png
2621,test,cityscapes,streetViewData\test\cityscapes\mask\aachen_000120_000019.png,streetViewData\test\cityscapes\img\aachen_000120_000019.png
2622,test,cityscapes,streetViewData\test\cityscapes\mask\aachen_000121_000019.png,streetViewData\test\cityscapes\img\aachen_000121_000019.png
2623,test,cityscapes,streetViewData\test\cityscapes\mask\aachen_000122_000019.png,streetViewData\test\cityscapes\img\aachen_000122_000019.png
2624,test,cityscapes,streetViewData\test\cityscapes\mask\aachen_000123_000019.png,streetViewData\test\cityscapes\img\aachen_000123_000019.png
2625,test,cityscapes,streetViewData\test\cityscapes\mask\aachen_000124_000019.png,streetViewData\test\cityscapes\img\aachen_000124_000019.png
2626,test,cityscapes,streetViewData\test\cityscapes\mask\aachen_000125_000019.png,streetViewData\test\cityscapes\img\aachen_000125_000019.png
2627,test,cityscapes,streetViewData\test\cityscapes\mask\aachen_000126_000019.png,streetViewData\test\cityscapes\img\aachen_000126_000019.png
2628,test,cityscapes,streetViewData\test\cityscapes\mask\aachen_000127_000019.png,streetViewData\test\cityscapes\img\aachen_000127_000019.png
2629,test,cityscapes,streetViewData\test\cityscapes\mask\aachen_000128_000019.png,streetViewData\test\cityscapes\img\aachen_000128_000019.png
2630,test,cityscapes,streetViewData\test\cityscapes\mask\aachen_000129_000019.png,streetViewData\test\cityscapes\img\aachen_000129_000019.png
2631,test,cityscapes,streetViewData\test\cityscapes\mask\aachen_000130_000019.png,streetViewData\test\cityscapes\img\aachen_000130_000019.png
2632,test,cityscapes,streetViewData\test\cityscapes\mask\aachen_000131_000019.png,streetViewData\test\cityscapes\img\aachen_000131_000019.png
2633,test,cityscapes,streetViewData\test\cityscapes\mask\aachen_000132_000019.png,streetViewData\test\cityscapes\img\aachen_000132_000019.png
2634,test,cityscapes,streetViewData\test\cityscapes\mask\aachen_000133_000019.png,streetViewData\test\cityscapes\img\aachen_000133_000019.png
2635,test,cityscapes,streetViewData\test\cityscapes\mask\aachen_000134_000019.png,streetViewData\test\cityscapes\img\aachen_000134_000019.png
2636,test,cityscapes,streetViewData\test\cityscapes\mask\aachen_000135_000019.png,streetViewData\test\cityscapes\img\aachen_000135_000019.png
2637,test,cityscapes,streetViewData\test\cityscapes\mask\aachen_000136_000019.png,streetViewData\test\cityscapes\img\aachen_000136_000019.png
2638,test,cityscapes,streetViewData\test\cityscapes\mask\aachen_000137_000019.png,streetViewData\test\cityscapes\img\aachen_000137_000019.png
2639,test,cityscapes,streetViewData\test\cityscapes\mask\aachen_000138_000019.png,streetViewData\test\cityscapes\img\aachen_000138_000019.png
2640,test,cityscapes,streetViewData\test\cityscapes\mask\aachen_000139_000019.png,streetViewData\test\cityscapes\img\aachen_000139_000019.png
2641,test,cityscapes,streetViewData\test\cityscapes\mask\aachen_000140_000019.png,streetViewData\test\cityscapes\img\aachen_000140_000019.png
2642,test,cityscapes,streetViewData\test\cityscapes\mask\aachen_000141_000019.png,streetViewData\test\cityscapes\img\aachen_000141_000019.png
2643,test,cityscapes,streetViewData\test\cityscapes\mask\aachen_000142_000019.png,streetViewData\test\cityscapes\img\aachen_000142_000019.png
2644,test,cityscapes,streetViewData\test\cityscapes\mask\aachen_000143_000019.png,streetViewData\test\cityscapes\img\aachen_000143_000019.png
2645,test,cityscapes,streetViewData\test\cityscapes\mask\aachen_000144_000019.png,streetViewData\test\cityscapes\img\aachen_000144_000019.png
2646,test,cityscapes,streetViewData\test\cityscapes\mask\aachen_000145_000019.png,streetViewData\test\cityscapes\img\aachen_000145_000019.png
2647,test,cityscapes,streetViewData\test\cityscapes\mask\aachen_000146_000019.png,streetViewData\test\cityscapes\img\aachen_000146_000019.png
2648,test,cityscapes,streetViewData\test\cityscapes\mask\aachen_000147_000019.png,streetViewData\test\cityscapes\img\aachen_000147_000019.png
2649,test,cityscapes,streetViewData\test\cityscapes\mask\aachen_000148_000019.png,streetViewData\test\cityscapes\img\aachen_000148_000019.png
2650,test,cityscapes,streetViewData\test\cityscapes\mask\aachen_000149_000019.png,streetViewData\test\cityscapes\img\aachen_000149_000019.png
2651,test,cityscapes,streetViewData\test\cityscapes\mask\aachen_000150_000019.png,streetViewData\test\cityscapes\img\aachen_000150_000019.png
2652,test,cityscapes,streetViewData\test\cityscapes\mask\aachen_000151_000019.png,streetViewData\test\cityscapes\img\aachen_000151_000019.png
2653,test,cityscapes,streetViewData\test\cityscapes\mask\aachen_000152_000019.png,streetViewData\test\cityscapes\img\aachen_000152_000019.png
2654,test,cityscapes,streetViewData\test\cityscapes\mask\aachen_000153_000019.png,streetViewData\test\cityscapes\img\aachen_000153_000019.png
2655,test,cityscapes,streetViewData\test\cityscapes\mask\aachen_000154_000019.png,streetViewData\test\cityscapes\img\aachen_000154_000019.png
2656,test,cityscapes,streetViewData\test\cityscapes\mask\aachen_000155_000019.png,streetViewData\test\cityscapes\img\aachen_000155_000019.png
2657,test,cityscapes,streetViewData\test\cityscapes\mask\aachen_000156_000019.png,streetViewData\test\cityscapes\img\aachen_000156_000019.png
2658,test,cityscapes,streetViewData\test\cityscapes\mask\aachen_000157_000019.png,streetViewData\test\cityscapes\img\aachen_000157_000019.png
2659,test,cityscapes,streetViewData\test\cityscapes\mask\aachen_000158_000019.png,streetViewData\test\cityscapes\img\aachen_000158_000019.png
2660,test,cityscapes,streetViewData\test\cityscapes\mask\aachen_000159_000019.png,streetViewData\test\cityscapes\img\aachen_000159_000019.png
2661,test,cityscapes,streetViewData\test\cityscapes\mask\aachen_000160_000019.png,streetViewData\test\cityscapes\img\aachen_000160_000019.png
2662,test,cityscapes,streetViewData\test\cityscapes\mask\aachen_000161_000019.png,streetViewData\test\cityscapes\img\aachen_000161_000019.png
2663,test,cityscapes,streetViewData\test\cityscapes\mask\aachen_000162_000019.png,streetViewData\test\cityscapes\img\aachen_000162_000019.png
2664,test,cityscapes,streetViewData\test\cityscapes\mask\aachen_000163_000019.png,streetViewData\test\cityscapes\img\aachen_000163_000019.png
2665,test,cityscapes,streetViewData\test\cityscapes\mask\aachen_000164_000019.png,streetViewData\test\cityscapes\img\aachen_000164_000019.png
2666,test,cityscapes,streetViewData\test\cityscapes\mask\aachen_000165_000019.png,streetViewData\test\cityscapes\img\aachen_000165_000019.png
2667,test,cityscapes,streetViewData\test\cityscapes\mask\aachen_000166_000019.png,streetViewData\test\cityscapes\img\aachen_000166_000019.png
2668,test,cityscapes,streetViewData\test\cityscapes\mask\aachen_000167_000019.png,streetViewData\test\cityscapes\img\aachen_000167_000019.png
2669,test,cityscapes,streetViewData\test\cityscapes\mask\aachen_000168_000019.png,streetViewData\test\cityscapes\img\aachen_000168_000019.png
2670,test,cityscapes,streetViewData\test\cityscapes\mask\aachen_000169_000019.png,streetViewData\test\cityscapes\img\aachen_000169_000019.png
2671,test,cityscapes,streetViewData\test\cityscapes\mask\aachen_000170_000019.png,streetViewData\test\cityscapes\img\aachen_000170_000019.png
2672,test,cityscapes,streetViewData\test\cityscapes\mask\aachen_000171_000019.png,streetViewData\test\cityscapes\img\aachen_000171_000019.png
2673,test,cityscapes,streetViewData\test\cityscapes\mask\aachen_000172_000019.png,streetViewData\test\cityscapes\img\aachen_000172_000019.png
2674,test,cityscapes,streetViewData\test\cityscapes\mask\aachen_000173_000019.png,streetViewData\test\cityscapes\img\aachen_000173_000019.png
2675,test,cityscapes,streetViewData\test\cityscapes\mask\bremen_000000_000019.png,streetViewData\test\cityscapes\img\bremen_000000_000019.png
2676,test,cityscapes,streetViewData\test\cityscapes\mask\bremen_000001_000019.png,streetViewData\test\cityscapes\img\bremen_000001_000019.png
2677,test,cityscapes,streetViewData\test\cityscapes\mask\bremen_000002_000019.png,streetViewData\test\cityscapes\img\bremen_000002_000019.png
2678,test,cityscapes,streetViewData\test\cityscapes\mask\bremen_000003_000019.png,streetViewData\test\cityscapes\img\bremen_000003_000019.png
2679,test,cityscapes,streetViewData\test\cityscapes\mask\bremen_000004_000019.png,streetViewData\test\cityscapes\img\bremen_000004_000019.png
2680,test,cityscapes,streetViewData\test\cityscapes\mask\bremen_000005_000019.png,streetViewData\test\cityscapes\img\bremen_000005_000019.png
2681,test,cityscapes,streetViewData\test\cityscapes\mask\bremen_000006_000019.png,streetViewData\test\cityscapes\img\bremen_000006_000019.png
2682,test,cityscapes,streetViewData\test\cityscapes\mask\bremen_000007_000019.png,streetViewData\test\cityscapes\img\bremen_000007_000019.png
2683,test,cityscapes,streetViewData\test\cityscapes\mask\bremen_000008_000019.png,streetViewData\test\cityscapes\img\bremen_000008_000019.png
2684,test,cityscapes,streetViewData\test\cityscapes\mask\bremen_000009_000019.png,streetViewData\test\cityscapes\img\bremen_000009_000019.png
2685,test,cityscapes,streetViewData\test\cityscapes\mask\bremen_000010_000019.png,streetViewData\test\cityscapes\img\bremen_000010_000019.png
2686,test,cityscapes,streetViewData\test\cityscapes\mask\bremen_000011_000019.png,streetViewData\test\cityscapes\img\bremen_000011_000019.png
2687,test,cityscapes,streetViewData\test\cityscapes\mask\bremen_000012_000019.png,streetViewData\test\cityscapes\img\bremen_000012_000019.png
2688,test,cityscapes,streetViewData\test\cityscapes\mask\bremen_000013_000019.png,streetViewData\test\cityscapes\img\bremen_000013_000019.png
2689,test,cityscapes,streetViewData\test\cityscapes\mask\bremen_000014_000019.png,streetViewData\test\cityscapes\img\bremen_000014_000019.png
2690,test,cityscapes,streetViewData\test\cityscapes\mask\bremen_000015_000019.png,streetViewData\test\cityscapes\img\bremen_000015_000019.png
2691,test,cityscapes,streetViewData\test\cityscapes\mask\bremen_000016_000019.png,streetViewData\test\cityscapes\img\bremen_000016_000019.png
2692,test,cityscapes,streetViewData\test\cityscapes\mask\bremen_000017_000019.png,streetViewData\test\cityscapes\img\bremen_000017_000019.png
2693,test,cityscapes,streetViewData\test\cityscapes\mask\bremen_000018_000019.png,streetViewData\test\cityscapes\img\bremen_000018_000019.png
2694,test,cityscapes,streetViewData\test\cityscapes\mask\bremen_000019_000019.png,streetViewData\test\cityscapes\img\bremen_000019_000019.png
2695,test,cityscapes,streetViewData\test\cityscapes\mask\bremen_000020_000019.png,streetViewData\test\cityscapes\img\bremen_000020_000019.png
2696,test,cityscapes,streetViewData\test\cityscapes\mask\bremen_000021_000019.png,streetViewData\test\cityscapes\img\bremen_000021_000019.png
2697,test,cityscapes,streetViewData\test\cityscapes\mask\bremen_000022_000019.png,streetViewData\test\cityscapes\img\bremen_000022_000019.png
2698,test,cityscapes,streetViewData\test\cityscapes\mask\bremen_000023_000019.png,streetViewData\test\cityscapes\img\bremen_000023_000019.png
2699,test,cityscapes,streetViewData\test\cityscapes\mask\bremen_000024_000019.png,streetViewData\test\cityscapes\img\bremen_000024_000019.png
2700,test,cityscapes,streetViewData\test\cityscapes\mask\bremen_000025_000019.png,streetViewData\test\cityscapes\img\bremen_000025_000019.png
2701,test,cityscapes,streetViewData\test\cityscapes\mask\bremen_000026_000019.png,streetViewData\test\cityscapes\img\bremen_000026_000019.png
2702,test,cityscapes,streetViewData\test\cityscapes\mask\bremen_000027_000019.png,streetViewData\test\cityscapes\img\bremen_000027_000019.png
2703,test,cityscapes,streetViewData\test\cityscapes\mask\bremen_000028_000019.png,streetViewData\test\cityscapes\img\bremen_000028_000019.png
2704,test,cityscapes,streetViewData\test\cityscapes\mask\bremen_000029_000019.png,streetViewData\test\cityscapes\img\bremen_000029_000019.png
2705,test,cityscapes,streetViewData\test\cityscapes\mask\bremen_000030_000019.png,streetViewData\test\cityscapes\img\bremen_000030_000019.png
2706,test,cityscapes,streetViewData\test\cityscapes\mask\bremen_000031_000019.png,streetViewData\test\cityscapes\img\bremen_000031_000019.png
2707,test,cityscapes,streetViewData\test\cityscapes\mask\bremen_000032_000019.png,streetViewData\test\cityscapes\img\bremen_000032_000019.png
2708,test,cityscapes,streetViewData\test\cityscapes\mask\bremen_000033_000019.png,streetViewData\test\cityscapes\img\bremen_000033_000019.png
2709,test,cityscapes,streetViewData\test\cityscapes\mask\bremen_000034_000019.png,streetViewData\test\cityscapes\img\bremen_000034_000019.png
2710,test,cityscapes,streetViewData\test\cityscapes\mask\bremen_000035_000019.png,streetViewData\test\cityscapes\img\bremen_000035_000019.png
2711,test,cityscapes,streetViewData\test\cityscapes\mask\bremen_000036_000019.png,streetViewData\test\cityscapes\img\bremen_000036_000019.png
2712,test,cityscapes,streetViewData\test\cityscapes\mask\bremen_000037_000019.png,streetViewData\test\cityscapes\img\bremen_000037_000019.png
2713,test,cityscapes,streetViewData\test\cityscapes\mask\bremen_000038_000019.png,streetViewData\test\cityscapes\img\bremen_000038_000019.png
2714,test,cityscapes,streetViewData\test\cityscapes\mask\bremen_000039_000019.png,streetViewData\test\cityscapes\img\bremen_000039_000019.png
2715,test,cityscapes,streetViewData\test\cityscapes\mask\bremen_000040_000019.png,streetViewData\test\cityscapes\img\bremen_000040_000019.png
2716,test,cityscapes,streetViewData\test\cityscapes\mask\bremen_000041_000019.png,streetViewData\test\cityscapes\img\bremen_000041_000019.png
2717,test,cityscapes,streetViewData\test\cityscapes\mask\bremen_000042_000019.png,streetViewData\test\cityscapes\img\bremen_000042_000019.png
2718,test,cityscapes,streetViewData\test\cityscapes\mask\bremen_000043_000019.png,streetViewData\test\cityscapes\img\bremen_000043_000019.png
2719,test,cityscapes,streetViewData\test\cityscapes\mask\bremen_000044_000019.png,streetViewData\test\cityscapes\img\bremen_000044_000019.png
2720,test,cityscapes,streetViewData\test\cityscapes\mask\bremen_000045_000019.png,streetViewData\test\cityscapes\img\bremen_000045_000019.png
2721,test,cityscapes,streetViewData\test\cityscapes\mask\bremen_000046_000019.png,streetViewData\test\cityscapes\img\bremen_000046_000019.png
2722,test,cityscapes,streetViewData\test\cityscapes\mask\bremen_000047_000019.png,streetViewData\test\cityscapes\img\bremen_000047_000019.png
2723,test,cityscapes,streetViewData\test\cityscapes\mask\bremen_000048_000019.png,streetViewData\test\cityscapes\img\bremen_000048_000019.png
2724,test,cityscapes,streetViewData\test\cityscapes\mask\bremen_000049_000019.png,streetViewData\test\cityscapes\img\bremen_000049_000019.png
2725,test,cityscapes,streetViewData\test\cityscapes\mask\bremen_000050_000019.png,streetViewData\test\cityscapes\img\bremen_000050_000019.png
2726,test,cityscapes,streetViewData\test\cityscapes\mask\bremen_000051_000019.png,streetViewData\test\cityscapes\img\bremen_000051_000019.png
2727,test,cityscapes,streetViewData\test\cityscapes\mask\bremen_000052_000019.png,streetViewData\test\cityscapes\img\bremen_000052_000019.png
2728,test,cityscapes,streetViewData\test\cityscapes\mask\bremen_000053_000019.png,streetViewData\test\cityscapes\img\bremen_000053_000019.png
2729,test,cityscapes,streetViewData\test\cityscapes\mask\bremen_000054_000019.png,streetViewData\test\cityscapes\img\bremen_000054_000019.png
2730,test,cityscapes,streetViewData\test\cityscapes\mask\bremen_000055_000019.png,streetViewData\test\cityscapes\img\bremen_000055_000019.png
2731,test,cityscapes,streetViewData\test\cityscapes\mask\bremen_000056_000019.png,streetViewData\test\cityscapes\img\bremen_000056_000019.png
2732,test,cityscapes,streetViewData\test\cityscapes\mask\bremen_000057_000019.png,streetViewData\test\cityscapes\img\bremen_000057_000019.png
2733,test,cityscapes,streetViewData\test\cityscapes\mask\bremen_000058_000019.png,streetViewData\test\cityscapes\img\bremen_000058_000019.png
2734,test,cityscapes,streetViewData\test\cityscapes\mask\bremen_000059_000019.png,streetViewData\test\cityscapes\img\bremen_000059_000019.png
2735,test,cityscapes,streetViewData\test\cityscapes\mask\bremen_000060_000019.png,streetViewData\test\cityscapes\img\bremen_000060_000019.png
2736,test,cityscapes,streetViewData\test\cityscapes\mask\bremen_000061_000019.png,streetViewData\test\cityscapes\img\bremen_000061_000019.png
2737,test,cityscapes,streetViewData\test\cityscapes\mask\bremen_000062_000019.png,streetViewData\test\cityscapes\img\bremen_000062_000019.png
2738,test,cityscapes,streetViewData\test\cityscapes\mask\bremen_000063_000019.png,streetViewData\test\cityscapes\img\bremen_000063_000019.png
2739,test,cityscapes,streetViewData\test\cityscapes\mask\bremen_000064_000019.png,streetViewData\test\cityscapes\img\bremen_000064_000019.png
2740,test,cityscapes,streetViewData\test\cityscapes\mask\bremen_000065_000019.png,streetViewData\test\cityscapes\img\bremen_000065_000019.png
2741,test,cityscapes,streetViewData\test\cityscapes\mask\bremen_000066_000019.png,streetViewData\test\cityscapes\img\bremen_000066_000019.png
2742,test,cityscapes,streetViewData\test\cityscapes\mask\bremen_000067_000019.png,streetViewData\test\cityscapes\img\bremen_000067_000019.png
2743,test,cityscapes,streetViewData\test\cityscapes\mask\bremen_000068_000019.png,streetViewData\test\cityscapes\img\bremen_000068_000019.png
2744,test,cityscapes,streetViewData\test\cityscapes\mask\bremen_000069_000019.png,streetViewData\test\cityscapes\img\bremen_000069_000019.png
2745,test,cityscapes,streetViewData\test\cityscapes\mask\bremen_000070_000019.png,streetViewData\test\cityscapes\img\bremen_000070_000019.png
2746,test,cityscapes,streetViewData\test\cityscapes\mask\bremen_000071_000019.png,streetViewData\test\cityscapes\img\bremen_000071_000019.png
2747,test,cityscapes,streetViewData\test\cityscapes\mask\bremen_000072_000019.png,streetViewData\test\cityscapes\img\bremen_000072_000019.png
2748,test,cityscapes,streetViewData\test\cityscapes\mask\bremen_000073_000019.png,streetViewData\test\cityscapes\img\bremen_000073_000019.png
2749,test,cityscapes,streetViewData\test\cityscapes\mask\bremen_000074_000019.png,streetViewData\test\cityscapes\img\bremen_000074_000019.png
2750,test,cityscapes,streetViewData\test\cityscapes\mask\bremen_000075_000019.png,streetViewData\test\cityscapes\img\bremen_000075_000019.png
2751,test,cityscapes,streetViewData\test\cityscapes\mask\bremen_000076_000019.png,streetViewData\test\cityscapes\img\bremen_000076_000019.png
2752,test,cityscapes,streetViewData\test\cityscapes\mask\bremen_000077_000019.png,streetViewData\test\cityscapes\img\bremen_000077_000019.png
2753,test,cityscapes,streetViewData\test\cityscapes\mask\bremen_000078_000019.png,streetViewData\test\cityscapes\img\bremen_000078_000019.png
2754,test,cityscapes,streetViewData\test\cityscapes\mask\bremen_000079_000019.png,streetViewData\test\cityscapes\img\bremen_000079_000019.png
2755,test,cityscapes,streetViewData\test\cityscapes\mask\bremen_000080_000019.png,streetViewData\test\cityscapes\img\bremen_000080_000019.png
2756,test,cityscapes,streetViewData\test\cityscapes\mask\bremen_000081_000019.png,streetViewData\test\cityscapes\img\bremen_000081_000019.png
2757,test,cityscapes,streetViewData\test\cityscapes\mask\bremen_000082_000019.png,streetViewData\test\cityscapes\img\bremen_000082_000019.png
2758,test,cityscapes,streetViewData\test\cityscapes\mask\bremen_000083_000019.png,streetViewData\test\cityscapes\img\bremen_000083_000019.png
2759,test,cityscapes,streetViewData\test\cityscapes\mask\bremen_000084_000019.png,streetViewData\test\cityscapes\img\bremen_000084_000019.png
2760,test,cityscapes,streetViewData\test\cityscapes\mask\bremen_000085_000019.png,streetViewData\test\cityscapes\img\bremen_000085_000019.png
2761,test,cityscapes,streetViewData\test\cityscapes\mask\bremen_000086_000019.png,streetViewData\test\cityscapes\img\bremen_000086_000019.png
2762,test,cityscapes,streetViewData\test\cityscapes\mask\bremen_000087_000019.png,streetViewData\test\cityscapes\img\bremen_000087_000019.png
2763,test,cityscapes,streetViewData\test\cityscapes\mask\bremen_000088_000019.png,streetViewData\test\cityscapes\img\bremen_000088_000019.png
2764,test,cityscapes,streetViewData\test\cityscapes\mask\bremen_000089_000019.png,streetViewData\test\cityscapes\img\bremen_000089_000019.png
2765,test,cityscapes,streetViewData\test\cityscapes\mask\bremen_000090_000019.png,streetViewData\test\cityscapes\img\bremen_000090_000019.png
2766,test,cityscapes,streetViewData\test\cityscapes\mask\bremen_000091_000019.png,streetViewData\test\cityscapes\img\bremen_000091_000019.png
2767,test,cityscapes,streetViewData\test\cityscapes\mask\bremen_000092_000019.png,streetViewData\test\cityscapes\img\bremen_000092_000019.png
2768,test,cityscapes,streetViewData\test\cityscapes\mask\bremen_000093_000019.png,streetViewData\test\cityscapes\img\bremen_000093_000019.png
2769,test,cityscapes,streetViewData\test\cityscapes\mask\bremen_000094_000019.png,streetViewData\test\cityscapes\img\bremen_000094_000019.png
2770,test,cityscapes,streetViewData\test\cityscapes\mask\bremen_000095_000019.png,streetViewData\test\cityscapes\img\bremen_000095_000019.png
2771,test,cityscapes,streetViewData\test\cityscapes\mask\bremen_000096_000019.png,streetViewData\test\cityscapes\img\bremen_000096_000019.png
2772,test,cityscapes,streetViewData\test\cityscapes\mask\bremen_000097_000019.png,streetViewData\test\cityscapes\img\bremen_000097_000019.png
2773,test,cityscapes,streetViewData\test\cityscapes\mask\bremen_000098_000019.png,streetViewData\test\cityscapes\img\bremen_000098_000019.png
2774,test,cityscapes,streetViewData\test\cityscapes\mask\bremen_000099_000019.png,streetViewData\test\cityscapes\img\bremen_000099_000019.png
2775,test,cityscapes,streetViewData\test\cityscapes\mask\bremen_000100_000019.png,streetViewData\test\cityscapes\img\bremen_000100_000019.png
2776,test,cityscapes,streetViewData\test\cityscapes\mask\bremen_000101_000019.png,streetViewData\test\cityscapes\img\bremen_000101_000019.png
2777,test,cityscapes,streetViewData\test\cityscapes\mask\bremen_000102_000019.png,streetViewData\test\cityscapes\img\bremen_000102_000019.png
2778,test,cityscapes,streetViewData\test\cityscapes\mask\bremen_000103_000019.png,streetViewData\test\cityscapes\img\bremen_000103_000019.png
2779,test,cityscapes,streetViewData\test\cityscapes\mask\bremen_000104_000019.png,streetViewData\test\cityscapes\img\bremen_000104_000019.png
2780,test,cityscapes,streetViewData\test\cityscapes\mask\bremen_000105_000019.png,streetViewData\test\cityscapes\img\bremen_000105_000019.png
2781,test,cityscapes,streetViewData\test\cityscapes\mask\bremen_000106_000019.png,streetViewData\test\cityscapes\img\bremen_000106_000019.png
2782,test,cityscapes,streetViewData\test\cityscapes\mask\bremen_000107_000019.png,streetViewData\test\cityscapes\img\bremen_000107_000019.png
2783,test,cityscapes,streetViewData\test\cityscapes\mask\bremen_000108_000019.png,streetViewData\test\cityscapes\img\bremen_000108_000019.png
2784,test,cityscapes,streetViewData\test\cityscapes\mask\bremen_000109_000019.png,streetViewData\test\cityscapes\img\bremen_000109_000019.png
2785,test,cityscapes,streetViewData\test\cityscapes\mask\bremen_000110_000019.png,streetViewData\test\cityscapes\img\bremen_000110_000019.png
2786,test,cityscapes,streetViewData\test\cityscapes\mask\bremen_000111_000019.png,streetViewData\test\cityscapes\img\bremen_000111_000019.png
2787,test,cityscapes,streetViewData\test\cityscapes\mask\bremen_000112_000019.png,streetViewData\test\cityscapes\img\bremen_000112_000019.png
2788,test,cityscapes,streetViewData\test\cityscapes\mask\bremen_000113_000019.png,streetViewData\test\cityscapes\img\bremen_000113_000019.png
2789,test,cityscapes,streetViewData\test\cityscapes\mask\bremen_000114_000019.png,streetViewData\test\cityscapes\img\bremen_000114_000019.png
2790,test,cityscapes,streetViewData\test\cityscapes\mask\bremen_000115_000019.png,streetViewData\test\cityscapes\img\bremen_000115_000019.png
2791,test,cityscapes,streetViewData\test\cityscapes\mask\bremen_000116_000019.png,streetViewData\test\cityscapes\img\bremen_000116_000019.png
2792,test,cityscapes,streetViewData\test\cityscapes\mask\bremen_000117_000019.png,streetViewData\test\cityscapes\img\bremen_000117_000019.png
2793,test,cityscapes,streetViewData\test\cityscapes\mask\bremen_000118_000019.png,streetViewData\test\cityscapes\img\bremen_000118_000019.png
2794,test,cityscapes,streetViewData\test\cityscapes\mask\bremen_000119_000019.png,streetViewData\test\cityscapes\img\bremen_000119_000019.png
2795,test,cityscapes,streetViewData\test\cityscapes\mask\bremen_000120_000019.png,streetViewData\test\cityscapes\img\bremen_000120_000019.png
2796,test,cityscapes,streetViewData\test\cityscapes\mask\bremen_000121_000019.png,streetViewData\test\cityscapes\img\bremen_000121_000019.png
2797,test,cityscapes,streetViewData\test\cityscapes\mask\bremen_000122_000019.png,streetViewData\test\cityscapes\img\bremen_000122_000019.png
2798,test,cityscapes,streetViewData\test\cityscapes\mask\bremen_000123_000019.png,streetViewData\test\cityscapes\img\bremen_000123_000019.png
2799,test,cityscapes,streetViewData\test\cityscapes\mask\bremen_000124_000019.png,streetViewData\test\cityscapes\img\bremen_000124_000019.png
2800,test,cityscapes,streetViewData\test\cityscapes\mask\bremen_000125_000019.png,streetViewData\test\cityscapes\img\bremen_000125_000019.png
2801,test,cityscapes,streetViewData\test\cityscapes\mask\bremen_000126_000019.png,streetViewData\test\cityscapes\img\bremen_000126_000019.png
2802,test,cityscapes,streetViewData\test\cityscapes\mask\bremen_000127_000019.png,streetViewData\test\cityscapes\img\bremen_000127_000019.png
2803,test,cityscapes,streetViewData\test\cityscapes\mask\bremen_000128_000019.png,streetViewData\test\cityscapes\img\bremen_000128_000019.png
2804,test,cityscapes,streetViewData\test\cityscapes\mask\bremen_000129_000019.png,streetViewData\test\cityscapes\img\bremen_000129_000019.png
2805,test,cityscapes,streetViewData\test\cityscapes\mask\bremen_000130_000019.png,streetViewData\test\cityscapes\img\bremen_000130_000019.png
2806,test,cityscapes,streetViewData\test\cityscapes\mask\bremen_000131_000019.png,streetViewData\test\cityscapes\img\bremen_000131_000019.png
2807,test,cityscapes,streetViewData\test\cityscapes\mask\bremen_000132_000019.png,streetViewData\test\cityscapes\img\bremen_000132_000019.png
2808,test,cityscapes,streetViewData\test\cityscapes\mask\bremen_000133_000019.png,streetViewData\test\cityscapes\img\bremen_000133_000019.png
2809,test,cityscapes,streetViewData\test\cityscapes\mask\bremen_000134_000019.png,streetViewData\test\cityscapes\img\bremen_000134_000019.png
2810,test,cityscapes,streetViewData\test\cityscapes\mask\bremen_000135_000019.png,streetViewData\test\cityscapes\img\bremen_000135_000019.png
2811,test,cityscapes,streetViewData\test\cityscapes\mask\bremen_000136_000019.png,streetViewData\test\cityscapes\img\bremen_000136_000019.png
2812,test,cityscapes,streetViewData\test\cityscapes\mask\bremen_000137_000019.png,streetViewData\test\cityscapes\img\bremen_000137_000019.png
2813,test,cityscapes,streetViewData\test\cityscapes\mask\bremen_000138_000019.png,streetViewData\test\cityscapes\img\bremen_000138_000019.png
2814,test,cityscapes,streetViewData\test\cityscapes\mask\bremen_000139_000019.png,streetViewData\test\cityscapes\img\bremen_000139_000019.png
2815,test,cityscapes,streetViewData\test\cityscapes\mask\bremen_000140_000019.png,streetViewData\test\cityscapes\img\bremen_000140_000019.png
2816,test,cityscapes,streetViewData\test\cityscapes\mask\bremen_000141_000019.png,streetViewData\test\cityscapes\img\bremen_000141_000019.png
2817,test,cityscapes,streetViewData\test\cityscapes\mask\bremen_000142_000019.png,streetViewData\test\cityscapes\img\bremen_000142_000019.png
2818,test,cityscapes,streetViewData\test\cityscapes\mask\bremen_000143_000019.png,streetViewData\test\cityscapes\img\bremen_000143_000019.png
2819,test,cityscapes,streetViewData\test\cityscapes\mask\bremen_000144_000019.png,streetViewData\test\cityscapes\img\bremen_000144_000019.png
2820,test,cityscapes,streetViewData\test\cityscapes\mask\bremen_000145_000019.png,streetViewData\test\cityscapes\img\bremen_000145_000019.png
2821,test,cityscapes,streetViewData\test\cityscapes\mask\bremen_000146_000019.png,streetViewData\test\cityscapes\img\bremen_000146_000019.png
2822,test,cityscapes,streetViewData\test\cityscapes\mask\bremen_000147_000019.png,streetViewData\test\cityscapes\img\bremen_000147_000019.png
2823,test,cityscapes,streetViewData\test\cityscapes\mask\bremen_000148_000019.png,streetViewData\test\cityscapes\img\bremen_000148_000019.png
2824,test,cityscapes,streetViewData\test\cityscapes\mask\bremen_000149_000019.png,streetViewData\test\cityscapes\img\bremen_000149_000019.png
2825,test,cityscapes,streetViewData\test\cityscapes\mask\bremen_000150_000019.png,streetViewData\test\cityscapes\img\bremen_000150_000019.png
2826,test,cityscapes,streetViewData\test\cityscapes\mask\bremen_000151_000019.png,streetViewData\test\cityscapes\img\bremen_000151_000019.png
2827,test,cityscapes,streetViewData\test\cityscapes\mask\bremen_000152_000019.png,streetViewData\test\cityscapes\img\bremen_000152_000019.png
2828,test,cityscapes,streetViewData\test\cityscapes\mask\bremen_000153_000019.png,streetViewData\test\cityscapes\img\bremen_000153_000019.png
2829,test,cityscapes,streetViewData\test\cityscapes\mask\bremen_000154_000019.png,streetViewData\test\cityscapes\img\bremen_000154_000019.png
2830,test,cityscapes,streetViewData\test\cityscapes\mask\bremen_000155_000019.png,streetViewData\test\cityscapes\img\bremen_000155_000019.png
2831,test,cityscapes,streetViewData\test\cityscapes\mask\bremen_000156_000019.png,streetViewData\test\cityscapes\img\bremen_000156_000019.png
2832,test,cityscapes,streetViewData\test\cityscapes\mask\bremen_000157_000019.png,streetViewData\test\cityscapes\img\bremen_000157_000019.png
2833,test,cityscapes,streetViewData\test\cityscapes\mask\bremen_000158_000019.png,streetViewData\test\cityscapes\img\bremen_000158_000019.png
2834,test,cityscapes,streetViewData\test\cityscapes\mask\bremen_000159_000019.png,streetViewData\test\cityscapes\img\bremen_000159_000019.png
2835,test,cityscapes,streetViewData\test\cityscapes\mask\bremen_000160_000019.png,streetViewData\test\cityscapes\img\bremen_000160_000019.png
2836,test,cityscapes,streetViewData\test\cityscapes\mask\bremen_000161_000019.png,streetViewData\test\cityscapes\img\bremen_000161_000019.png
2837,test,cityscapes,streetViewData\test\cityscapes\mask\bremen_000162_000019.png,streetViewData\test\cityscapes\img\bremen_000162_000019.png
2838,test,cityscapes,streetViewData\test\cityscapes\mask\bremen_000163_000019.png,streetViewData\test\cityscapes\img\bremen_000163_000019.png
2839,test,cityscapes,streetViewData\test\cityscapes\mask\bremen_000164_000019.png,streetViewData\test\cityscapes\img\bremen_000164_000019.png
2840,test,cityscapes,streetViewData\test\cityscapes\mask\bremen_000165_000019.png,streetViewData\test\cityscapes\img\bremen_000165_000019.png
2841,test,cityscapes,streetViewData\test\cityscapes\mask\bremen_000166_000019.png,streetViewData\test\cityscapes\img\bremen_000166_000019.png
2842,test,cityscapes,streetViewData\test\cityscapes\mask\bremen_000167_000019.png,streetViewData\test\cityscapes\img\bremen_000167_000019.png
2843,test,cityscapes,streetViewData\test\cityscapes\mask\bremen_000168_000019.png,streetViewData\test\cityscapes\img\bremen_000168_000019.png
2844,test,cityscapes,streetViewData\test\cityscapes\mask\bremen_000169_000019.png,streetViewData\test\cityscapes\img\bremen_000169_000019.png
2845,test,cityscapes,streetViewData\test\cityscapes\mask\bremen_000170_000019.png,streetViewData\test\cityscapes\img\bremen_000170_000019.png
2846,test,cityscapes,streetViewData\test\cityscapes\mask\bremen_000171_000019.png,streetViewData\test\cityscapes\img\bremen_000171_000019.png
2847,test,cityscapes,streetViewData\test\cityscapes\mask\bremen_000172_000019.png,streetViewData\test\cityscapes\img\bremen_000172_000019.png
2848,test,cityscapes,streetViewData\test\cityscapes\mask\bremen_000173_000019.png,streetViewData\test\cityscapes\img\bremen_000173_000019.png
2849,test,cityscapes,streetViewData\test\cityscapes\mask\bremen_000174_000019.png,streetViewData\test\cityscapes\img\bremen_000174_000019.png
2850,test,cityscapes,streetViewData\test\cityscapes\mask\bremen_000175_000019.png,streetViewData\test\cityscapes\img\bremen_000175_000019.png
2851,test,cityscapes,streetViewData\test\cityscapes\mask\bremen_000176_000019.png,streetViewData\test\cityscapes\img\bremen_000176_000019.png
2852,test,cityscapes,streetViewData\test\cityscapes\mask\bremen_000177_000019.png,streetViewData\test\cityscapes\img\bremen_000177_000019.png
2853,test,cityscapes,streetViewData\test\cityscapes\mask\bremen_000178_000019.png,streetViewData\test\cityscapes\img\bremen_000178_000019.png
2854,test,cityscapes,streetViewData\test\cityscapes\mask\bremen_000179_000019.png,streetViewData\test\cityscapes\img\bremen_000179_000019.png
2855,test,cityscapes,streetViewData\test\cityscapes\mask\bremen_000180_000019.png,streetViewData\test\cityscapes\img\bremen_000180_000019.png
2856,test,cityscapes,streetViewData\test\cityscapes\mask\bremen_000181_000019.png,streetViewData\test\cityscapes\img\bremen_000181_000019.png
2857,test,cityscapes,streetViewData\test\cityscapes\mask\bremen_000182_000019.png,streetViewData\test\cityscapes\img\bremen_000182_000019.png
2858,test,cityscapes,streetViewData\test\cityscapes\mask\bremen_000183_000019.png,streetViewData\test\cityscapes\img\bremen_000183_000019.png
2859,test,cityscapes,streetViewData\test\cityscapes\mask\bremen_000184_000019.png,streetViewData\test\cityscapes\img\bremen_000184_000019.png
2860,test,cityscapes,streetViewData\test\cityscapes\mask\bremen_000185_000019.png,streetViewData\test\cityscapes\img\bremen_000185_000019.png
2861,test,cityscapes,streetViewData\test\cityscapes\mask\bremen_000186_000019.png,streetViewData\test\cityscapes\img\bremen_000186_000019.png
2862,test,cityscapes,streetViewData\test\cityscapes\mask\bremen_000187_000019.png,streetViewData\test\cityscapes\img\bremen_000187_000019.png
2863,test,cityscapes,streetViewData\test\cityscapes\mask\bremen_000188_000019.png,streetViewData\test\cityscapes\img\bremen_000188_000019.png
2864,test,cityscapes,streetViewData\test\cityscapes\mask\bremen_000189_000019.png,streetViewData\test\cityscapes\img\bremen_000189_000019.png
2865,test,cityscapes,streetViewData\test\cityscapes\mask\bremen_000190_000019.png,streetViewData\test\cityscapes\img\bremen_000190_000019.png
2866,test,cityscapes,streetViewData\test\cityscapes\mask\bremen_000191_000019.png,streetViewData\test\cityscapes\img\bremen_000191_000019.png
2867,test,cityscapes,streetViewData\test\cityscapes\mask\bremen_000192_000019.png,streetViewData\test\cityscapes\img\bremen_000192_000019.png
2868,test,cityscapes,streetViewData\test\cityscapes\mask\bremen_000193_000019.png,streetViewData\test\cityscapes\img\bremen_000193_000019.png
2869,test,cityscapes,streetViewData\test\cityscapes\mask\bremen_000194_000019.png,streetViewData\test\cityscapes\img\bremen_000194_000019.png
2870,test,cityscapes,streetViewData\test\cityscapes\mask\bremen_000195_000019.png,streetViewData\test\cityscapes\img\bremen_000195_000019.png
2871,test,cityscapes,streetViewData\test\cityscapes\mask\bremen_000196_000019.png,streetViewData\test\cityscapes\img\bremen_000196_000019.png
2872,test,cityscapes,streetViewData\test\cityscapes\mask\bremen_000197_000019.png,streetViewData\test\cityscapes\img\bremen_000197_000019.png
2873,test,cityscapes,streetViewData\test\cityscapes\mask\bremen_000198_000019.png,streetViewData\test\cityscapes\img\bremen_000198_000019.png
2874,test,cityscapes,streetViewData\test\cityscapes\mask\bremen_000199_000019.png,streetViewData\test\cityscapes\img\bremen_000199_000019.png
2875,test,cityscapes,streetViewData\test\cityscapes\mask\bremen_000200_000019.png,streetViewData\test\cityscapes\img\bremen_000200_000019.png
2876,test,cityscapes,streetViewData\test\cityscapes\mask\bremen_000201_000019.png,streetViewData\test\cityscapes\img\bremen_000201_000019.png
2877,test,cityscapes,streetViewData\test\cityscapes\mask\bremen_000202_000019.png,streetViewData\test\cityscapes\img\bremen_000202_000019.png
2878,test,cityscapes,streetViewData\test\cityscapes\mask\bremen_000203_000019.png,streetViewData\test\cityscapes\img\bremen_000203_000019.png
2879,test,cityscapes,streetViewData\test\cityscapes\mask\bremen_000204_000019.png,streetViewData\test\cityscapes\img\bremen_000204_000019.png
2880,test,cityscapes,streetViewData\test\cityscapes\mask\bremen_000205_000019.png,streetViewData\test\cityscapes\img\bremen_000205_000019.png
2881,test,cityscapes,streetViewData\test\cityscapes\mask\bremen_000206_000019.png,streetViewData\test\cityscapes\img\bremen_000206_000019.png
2882,test,cityscapes,streetViewData\test\cityscapes\mask\bremen_000207_000019.png,streetViewData\test\cityscapes\img\bremen_000207_000019.png
2883,test,cityscapes,streetViewData\test\cityscapes\mask\bremen_000208_000019.png,streetViewData\test\cityscapes\img\bremen_000208_000019.png
2884,test,cityscapes,streetViewData\test\cityscapes\mask\bremen_000209_000019.png,streetViewData\test\cityscapes\img\bremen_000209_000019.png
2885,test,cityscapes,streetViewData\test\cityscapes\mask\bremen_000210_000019.png,streetViewData\test\cityscapes\img\bremen_000210_000019.png
2886,test,cityscapes,streetViewData\test\cityscapes\mask\bremen_000211_000019.png,streetViewData\test\cityscapes\img\bremen_000211_000019.png
2887,test,cityscapes,streetViewData\test\cityscapes\mask\bremen_000212_000019.png,streetViewData\test\cityscapes\img\bremen_000212_000019.png
2888,test,cityscapes,streetViewData\test\cityscapes\mask\bremen_000213_000019.png,streetViewData\test\cityscapes\img\bremen_000213_000019.png
2889,test,cityscapes,streetViewData\test\cityscapes\mask\bremen_000214_000019.png,streetViewData\test\cityscapes\img\bremen_000214_000019.png
2890,test,cityscapes,streetViewData\test\cityscapes\mask\bremen_000215_000019.png,streetViewData\test\cityscapes\img\bremen_000215_000019.png
2891,test,cityscapes,streetViewData\test\cityscapes\mask\bremen_000216_000019.png,streetViewData\test\cityscapes\img\bremen_000216_000019.png
2892,test,cityscapes,streetViewData\test\cityscapes\mask\bremen_000217_000019.png,streetViewData\test\cityscapes\img\bremen_000217_000019.png
2893,test,cityscapes,streetViewData\test\cityscapes\mask\bremen_000218_000019.png,streetViewData\test\cityscapes\img\bremen_000218_000019.png
2894,test,cityscapes,streetViewData\test\cityscapes\mask\bremen_000219_000019.png,streetViewData\test\cityscapes\img\bremen_000219_000019.png
2895,test,cityscapes,streetViewData\test\cityscapes\mask\bremen_000220_000019.png,streetViewData\test\cityscapes\img\bremen_000220_000019.png
2896,test,cityscapes,streetViewData\test\cityscapes\mask\bremen_000221_000019.png,streetViewData\test\cityscapes\img\bremen_000221_000019.png
2897,test,cityscapes,streetViewData\test\cityscapes\mask\bremen_000222_000019.png,streetViewData\test\cityscapes\img\bremen_000222_000019.png
2898,test,cityscapes,streetViewData\test\cityscapes\mask\bremen_000223_000019.png,streetViewData\test\cityscapes\img\bremen_000223_000019.png
2899,test,cityscapes,streetViewData\test\cityscapes\mask\bremen_000224_000019.png,streetViewData\test\cityscapes\img\bremen_000224_000019.png
2900,test,cityscapes,streetViewData\test\cityscapes\mask\bremen_000225_000019.png,streetViewData\test\cityscapes\img\bremen_000225_000019.png
2901,test,cityscapes,streetViewData\test\cityscapes\mask\bremen_000226_000019.png,streetViewData\test\cityscapes\img\bremen_000226_000019.png
2902,test,cityscapes,streetViewData\test\cityscapes\mask\bremen_000227_000019.png,streetViewData\test\cityscapes\img\bremen_000227_000019.png
2903,test,cityscapes,streetViewData\test\cityscapes\mask\bremen_000228_000019.png,streetViewData\test\cityscapes\img\bremen_000228_000019.png
2904,test,cityscapes,streetViewData\test\cityscapes\mask\bremen_000229_000019.png,streetViewData\test\cityscapes\img\bremen_000229_000019.png
2905,test,cityscapes,streetViewData\test\cityscapes\mask\bremen_000230_000019.png,streetViewData\test\cityscapes\img\bremen_000230_000019.png
2906,test,cityscapes,streetViewData\test\cityscapes\mask\bremen_000231_000019.png,streetViewData\test\cityscapes\img\bremen_000231_000019.png
2907,test,cityscapes,streetViewData\test\cityscapes\mask\bremen_000232_000019.png,streetViewData\test\cityscapes\img\bremen_000232_000019.png
2908,test,cityscapes,streetViewData\test\cityscapes\mask\bremen_000233_000019.png,streetViewData\test\cityscapes\img\bremen_000233_000019.png
2909,test,cityscapes,streetViewData\test\cityscapes\mask\bremen_000234_000019.png,streetViewData\test\cityscapes\img\bremen_000234_000019.png
2910,test,cityscapes,streetViewData\test\cityscapes\mask\bremen_000235_000019.png,streetViewData\test\cityscapes\img\bremen_000235_000019.png
2911,test,cityscapes,streetViewData\test\cityscapes\mask\bremen_000236_000019.png,streetViewData\test\cityscapes\img\bremen_000236_000019.png
2912,test,cityscapes,streetViewData\test\cityscapes\mask\bremen_000237_000019.png,streetViewData\test\cityscapes\img\bremen_000237_000019.png
2913,test,cityscapes,streetViewData\test\cityscapes\mask\bremen_000238_000019.png,streetViewData\test\cityscapes\img\bremen_000238_000019.png
2914,test,cityscapes,streetViewData\test\cityscapes\mask\bremen_000239_000019.png,streetViewData\test\cityscapes\img\bremen_000239_000019.png
2915,test,cityscapes,streetViewData\test\cityscapes\mask\bremen_000240_000019.png,streetViewData\test\cityscapes\img\bremen_000240_000019.png
2916,test,cityscapes,streetViewData\test\cityscapes\mask\bremen_000241_000019.png,streetViewData\test\cityscapes\img\bremen_000241_000019.png
2917,test,cityscapes,streetViewData\test\cityscapes\mask\bremen_000242_000019.png,streetViewData\test\cityscapes\img\bremen_000242_000019.png
2918,test,cityscapes,streetViewData\test\cityscapes\mask\bremen_000243_000019.png,streetViewData\test\cityscapes\img\bremen_000243_000019.png
2919,test,cityscapes,streetViewData\test\cityscapes\mask\bremen_000244_000019.png,streetViewData\test\cityscapes\img\bremen_000244_000019.png
2920,test,cityscapes,streetViewData\test\cityscapes\mask\bremen_000245_000019.png,streetViewData\test\cityscapes\img\bremen_000245_000019.png
2921,test,cityscapes,streetViewData\test\cityscapes\mask\bremen_000246_000019.png,streetViewData\test\cityscapes\img\bremen_000246_000019.png
2922,test,cityscapes,streetViewData\test\cityscapes\mask\bremen_000247_000019.png,streetViewData\test\cityscapes\img\bremen_000247_000019.png
2923,test,cityscapes,streetViewData\test\cityscapes\mask\bremen_000248_000019.png,streetViewData\test\cityscapes\img\bremen_000248_000019.png
2924,test,cityscapes,streetViewData\test\cityscapes\mask\bremen_000249_000019.png,streetViewData\test\cityscapes\img\bremen_000249_000019.png
2925,test,cityscapes,streetViewData\test\cityscapes\mask\bremen_000250_000019.png,streetViewData\test\cityscapes\img\bremen_000250_000019.png
2926,test,cityscapes,streetViewData\test\cityscapes\mask\bremen_000251_000019.png,streetViewData\test\cityscapes\img\bremen_000251_000019.png
2927,test,cityscapes,streetViewData\test\cityscapes\mask\bremen_000252_000019.png,streetViewData\test\cityscapes\img\bremen_000252_000019.png
2928,test,cityscapes,streetViewData\test\cityscapes\mask\bremen_000253_000019.png,streetViewData\test\cityscapes\img\bremen_000253_000019.png
2929,test,cityscapes,streetViewData\test\cityscapes\mask\bremen_000254_000019.png,streetViewData\test\cityscapes\img\bremen_000254_000019.png
2930,test,cityscapes,streetViewData\test\cityscapes\mask\bremen_000255_000019.png,streetViewData\test\cityscapes\img\bremen_000255_000019.png
2931,test,cityscapes,streetViewData\test\cityscapes\mask\bremen_000256_000019.png,streetViewData\test\cityscapes\img\bremen_000256_000019.png
2932,test,cityscapes,streetViewData\test\cityscapes\mask\bremen_000257_000019.png,streetViewData\test\cityscapes\img\bremen_000257_000019.png
2933,test,cityscapes,streetViewData\test\cityscapes\mask\bremen_000258_000019.png,streetViewData\test\cityscapes\img\bremen_000258_000019.png
2934,test,cityscapes,streetViewData\test\cityscapes\mask\bremen_000259_000019.png,streetViewData\test\cityscapes\img\bremen_000259_000019.png
2935,test,cityscapes,streetViewData\test\cityscapes\mask\bremen_000260_000019.png,streetViewData\test\cityscapes\img\bremen_000260_000019.png
2936,test,cityscapes,streetViewData\test\cityscapes\mask\bremen_000261_000019.png,streetViewData\test\cityscapes\img\bremen_000261_000019.png
2937,test,cityscapes,streetViewData\test\cityscapes\mask\bremen_000262_000019.png,streetViewData\test\cityscapes\img\bremen_000262_000019.png
2938,test,cityscapes,streetViewData\test\cityscapes\mask\bremen_000263_000019.png,streetViewData\test\cityscapes\img\bremen_000263_000019.png
2939,test,cityscapes,streetViewData\test\cityscapes\mask\bremen_000264_000019.png,streetViewData\test\cityscapes\img\bremen_000264_000019.png
2940,test,cityscapes,streetViewData\test\cityscapes\mask\bremen_000265_000019.png,streetViewData\test\cityscapes\img\bremen_000265_000019.png
2941,test,cityscapes,streetViewData\test\cityscapes\mask\bremen_000266_000019.png,streetViewData\test\cityscapes\img\bremen_000266_000019.png
2942,test,cityscapes,streetViewData\test\cityscapes\mask\bremen_000267_000019.png,streetViewData\test\cityscapes\img\bremen_000267_000019.png
2943,test,cityscapes,streetViewData\test\cityscapes\mask\bremen_000268_000019.png,streetViewData\test\cityscapes\img\bremen_000268_000019.png
2944,test,cityscapes,streetViewData\test\cityscapes\mask\bremen_000269_000019.png,streetViewData\test\cityscapes\img\bremen_000269_000019.png
2945,test,cityscapes,streetViewData\test\cityscapes\mask\bremen_000270_000019.png,streetViewData\test\cityscapes\img\bremen_000270_000019.png
2946,test,cityscapes,streetViewData\test\cityscapes\mask\bremen_000271_000019.png,streetViewData\test\cityscapes\img\bremen_000271_000019.png
2947,test,cityscapes,streetViewData\test\cityscapes\mask\bremen_000272_000019.png,streetViewData\test\cityscapes\img\bremen_000272_000019.png
2948,test,cityscapes,streetViewData\test\cityscapes\mask\bremen_000273_000019.png,streetViewData\test\cityscapes\img\bremen_000273_000019.png
2949,test,cityscapes,streetViewData\test\cityscapes\mask\bremen_000274_000019.png,streetViewData\test\cityscapes\img\bremen_000274_000019.png
2950,test,cityscapes,streetViewData\test\cityscapes\mask\bremen_000275_000019.png,streetViewData\test\cityscapes\img\bremen_000275_000019.png
2951,test,cityscapes,streetViewData\test\cityscapes\mask\bremen_000276_000019.png,streetViewData\test\cityscapes\img\bremen_000276_000019.png
2952,test,cityscapes,streetViewData\test\cityscapes\mask\bremen_000277_000019.png,streetViewData\test\cityscapes\img\bremen_000277_000019.png
2953,test,cityscapes,streetViewData\test\cityscapes\mask\bremen_000278_000019.png,streetViewData\test\cityscapes\img\bremen_000278_000019.png
2954,test,cityscapes,streetViewData\test\cityscapes\mask\bremen_000279_000019.png,streetViewData\test\cityscapes\img\bremen_000279_000019.png
2955,test,cityscapes,streetViewData\test\cityscapes\mask\bremen_000280_000019.png,streetViewData\test\cityscapes\img\bremen_000280_000019.png
2956,test,cityscapes,streetViewData\test\cityscapes\mask\bremen_000281_000019.png,streetViewData\test\cityscapes\img\bremen_000281_000019.png
2957,test,cityscapes,streetViewData\test\cityscapes\mask\bremen_000282_000019.png,streetViewData\test\cityscapes\img\bremen_000282_000019.png
2958,test,cityscapes,streetViewData\test\cityscapes\mask\bremen_000283_000019.png,streetViewData\test\cityscapes\img\bremen_000283_000019.png
2959,test,cityscapes,streetViewData\test\cityscapes\mask\bremen_000284_000019.png,streetViewData\test\cityscapes\img\bremen_000284_000019.png
2960,test,cityscapes,streetViewData\test\cityscapes\mask\bremen_000285_000019.png,streetViewData\test\cityscapes\img\bremen_000285_000019.png
2961,test,cityscapes,streetViewData\test\cityscapes\mask\bremen_000286_000019.png,streetViewData\test\cityscapes\img\bremen_000286_000019.png
2962,test,cityscapes,streetViewData\test\cityscapes\mask\bremen_000287_000019.png,streetViewData\test\cityscapes\img\bremen_000287_000019.png
2963,test,cityscapes,streetViewData\test\cityscapes\mask\bremen_000288_000019.png,streetViewData\test\cityscapes\img\bremen_000288_000019.png
2964,test,cityscapes,streetViewData\test\cityscapes\mask\bremen_000289_000019.png,streetViewData\test\cityscapes\img\bremen_000289_000019.png
2965,test,cityscapes,streetViewData\test\cityscapes\mask\bremen_000290_000019.png,streetViewData\test\cityscapes\img\bremen_000290_000019.png
2966,test,cityscapes,streetViewData\test\cityscapes\mask\bremen_000291_000019.png,streetViewData\test\cityscapes\img\bremen_000291_000019.png
2967,test,cityscapes,streetViewData\test\cityscapes\mask\bremen_000292_000019.png,streetViewData\test\cityscapes\img\bremen_000292_000019.png
2968,test,cityscapes,streetViewData\test\cityscapes\mask\bremen_000293_000019.png,streetViewData\test\cityscapes\img\bremen_000293_000019.png
2969,test,cityscapes,streetViewData\test\cityscapes\mask\bremen_000294_000019.png,streetViewData\test\cityscapes\img\bremen_000294_000019.png
2970,test,cityscapes,streetViewData\test\cityscapes\mask\bremen_000295_000019.png,streetViewData\test\cityscapes\img\bremen_000295_000019.png
2971,test,cityscapes,streetViewData\test\cityscapes\mask\bremen_000296_000019.png,streetViewData\test\cityscapes\img\bremen_000296_000019.png
2972,test,cityscapes,streetViewData\test\cityscapes\mask\bremen_000297_000019.png,streetViewData\test\cityscapes\img\bremen_000297_000019.png
2973,test,cityscapes,streetViewData\test\cityscapes\mask\bremen_000298_000019.png,streetViewData\test\cityscapes\img\bremen_000298_000019.png
2974,test,cityscapes,streetViewData\test\cityscapes\mask\bremen_000299_000019.png,streetViewData\test\cityscapes\img\bremen_000299_000019.png
2975,test,cityscapes,streetViewData\test\cityscapes\mask\bremen_000300_000019.png,streetViewData\test\cityscapes\img\bremen_000300_000019.png
2976,test,cityscapes,streetViewData\test\cityscapes\mask\bremen_000301_000019.png,streetViewData\test\cityscapes\img\bremen_000301_000019.png
2977,test,cityscapes,streetViewData\test\cityscapes\mask\bremen_000302_000019.png,streetViewData\test\cityscapes\img\bremen_000302_000019.png
2978,test,cityscapes,streetViewData\test\cityscapes\mask\bremen_000303_000019.png,streetViewData\test\cityscapes\img\bremen_000303_000019.png
2979,test,cityscapes,streetViewData\test\cityscapes\mask\bremen_000304_000019.png,streetViewData\test\cityscapes\img\bremen_000304_000019.png
2980,test,cityscapes,streetViewData\test\cityscapes\mask\bremen_000305_000019.png,streetViewData\test\cityscapes\img\bremen_000305_000019.png
2981,test,cityscapes,streetViewData\test\cityscapes\mask\bremen_000306_000019.png,streetViewData\test\cityscapes\img\bremen_000306_000019.png
2982,test,cityscapes,streetViewData\test\cityscapes\mask\bremen_000307_000019.png,streetViewData\test\cityscapes\img\bremen_000307_000019.png
2983,test,cityscapes,streetViewData\test\cityscapes\mask\bremen_000308_000019.png,streetViewData\test\cityscapes\img\bremen_000308_000019.png
2984,test,cityscapes,streetViewData\test\cityscapes\mask\bremen_000309_000019.png,streetViewData\test\cityscapes\img\bremen_000309_000019.png
2985,test,cityscapes,streetViewData\test\cityscapes\mask\bremen_000310_000019.png,streetViewData\test\cityscapes\img\bremen_000310_000019.png
2986,test,cityscapes,streetViewData\test\cityscapes\mask\bremen_000311_000019.png,streetViewData\test\cityscapes\img\bremen_000311_000019.png
2987,test,cityscapes,streetViewData\test\cityscapes\mask\bremen_000312_000019.png,streetViewData\test\cityscapes\img\bremen_000312_000019.png
2988,test,cityscapes,streetViewData\test\cityscapes\mask\bremen_000313_000019.png,streetViewData\test\cityscapes\img\bremen_000313_000019.png
2989,test,cityscapes,streetViewData\test\cityscapes\mask\bremen_000314_000019.png,streetViewData\test\cityscapes\img\bremen_000314_000019.png
2990,test,cityscapes,streetViewData\test\cityscapes\mask\bremen_000315_000019.png,streetViewData\test\cityscapes\img\bremen_000315_000019.png
2991,test,cityscapes,streetViewData\test\cityscapes\mask\dusseldorf_000000_000019.png,streetViewData\test\cityscapes\img\dusseldorf_000000_000019.png
2992,test,cityscapes,streetViewData\test\cityscapes\mask\dusseldorf_000001_000019.png,streetViewData\test\cityscapes\img\dusseldorf_000001_000019.png
2993,test,cityscapes,streetViewData\test\cityscapes\mask\dusseldorf_000002_000019.png,streetViewData\test\cityscapes\img\dusseldorf_000002_000019.png
2994,test,cityscapes,streetViewData\test\cityscapes\mask\dusseldorf_000003_000019.png,streetViewData\test\cityscapes\img\dusseldorf_000003_000019.png
2995,test,cityscapes,streetViewData\test\cityscapes\mask\dusseldorf_000004_000019.png,streetViewData\test\cityscapes\img\dusseldorf_000004_000019.png
2996,test,cityscapes,streetViewData\test\cityscapes\mask\dusseldorf_000005_000019.png,streetViewData\test\cityscapes\img\dusseldorf_000005_000019.png
2997,test,cityscapes,streetViewData\test\cityscapes\mask\dusseldorf_000006_000019.png,streetViewData\test\cityscapes\img\dusseldorf_000006_000019.png
2998,test,cityscapes,streetViewData\test\cityscapes\mask\dusseldorf_000007_000019.png,streetViewData\test\cityscapes\img\dusseldorf_000007_000019.png
2999,test,cityscapes,streetViewData\test\cityscapes\mask\dusseldorf_000008_000019.png,streetViewData\test\cityscapes\img\dusseldorf_000008_000019.png
3000,test,cityscapes,streetViewData\test\cityscapes\mask\dusseldorf_000009_000019.png,streetViewData\test\cityscapes\img\dusseldorf_000009_000019.png
3001,test,cityscapes,streetViewData\test\cityscapes\mask\dusseldorf_000010_000019.png,streetViewData\test\cityscapes\img\dusseldorf_000010_000019.png
3002,test,cityscapes,streetViewData\test\cityscapes\mask\dusseldorf_000011_000019.png,streetViewData\test\cityscapes\img\dusseldorf_000011_000019.png
3003,test,cityscapes,streetViewData\test\cityscapes\mask\dusseldorf_000012_000019.png,streetViewData\test\cityscapes\img\dusseldorf_000012_000019.png
3004,test,cityscapes,streetViewData\test\cityscapes\mask\dusseldorf_000013_000019.png,streetViewData\test\cityscapes\img\dusseldorf_000013_000019.png
3005,test,cityscapes,streetViewData\test\cityscapes\mask\dusseldorf_000014_000019.png,streetViewData\test\cityscapes\img\dusseldorf_000014_000019.png
3006,test,cityscapes,streetViewData\test\cityscapes\mask\dusseldorf_000015_000019.png,streetViewData\test\cityscapes\img\dusseldorf_000015_000019.png
3007,test,cityscapes,streetViewData\test\cityscapes\mask\dusseldorf_000016_000019.png,streetViewData\test\cityscapes\img\dusseldorf_000016_000019.png
3008,test,cityscapes,streetViewData\test\cityscapes\mask\dusseldorf_000017_000019.png,streetViewData\test\cityscapes\img\dusseldorf_000017_000019.png
3009,test,cityscapes,streetViewData\test\cityscapes\mask\dusseldorf_000018_000019.png,streetViewData\test\cityscapes\img\dusseldorf_000018_000019.png
3010,test,cityscapes,streetViewData\test\cityscapes\mask\dusseldorf_000019_000019.png,streetViewData\test\cityscapes\img\dusseldorf_000019_000019.png
3011,test,cityscapes,streetViewData\test\cityscapes\mask\dusseldorf_000020_000019.png,streetViewData\test\cityscapes\img\dusseldorf_000020_000019.png
3012,test,cityscapes,streetViewData\test\cityscapes\mask\dusseldorf_000021_000019.png,streetViewData\test\cityscapes\img\dusseldorf_000021_000019.png
3013,test,cityscapes,streetViewData\test\cityscapes\mask\dusseldorf_000022_000019.png,streetViewData\test\cityscapes\img\dusseldorf_000022_000019.png
3014,test,cityscapes,streetViewData\test\cityscapes\mask\dusseldorf_000023_000019.png,streetViewData\test\cityscapes\img\dusseldorf_000023_000019.png
3015,test,cityscapes,streetViewData\test\cityscapes\mask\dusseldorf_000024_000019.png,streetViewData\test\cityscapes\img\dusseldorf_000024_000019.png
3016,test,cityscapes,streetViewData\test\cityscapes\mask\dusseldorf_000025_000019.png,streetViewData\test\cityscapes\img\dusseldorf_000025_000019.png
3017,test,cityscapes,streetViewData\test\cityscapes\mask\dusseldorf_000026_000019.png,streetViewData\test\cityscapes\img\dusseldorf_000026_000019.png
3018,test,cityscapes,streetViewData\test\cityscapes\mask\dusseldorf_000027_000019.png,streetViewData\test\cityscapes\img\dusseldorf_000027_000019.png
3019,test,cityscapes,streetViewData\test\cityscapes\mask\dusseldorf_000028_000019.png,streetViewData\test\cityscapes\img\dusseldorf_000028_000019.png
3020,test,cityscapes,streetViewData\test\cityscapes\mask\dusseldorf_000029_000019.png,streetViewData\test\cityscapes\img\dusseldorf_000029_000019.png
3021,test,cityscapes,streetViewData\test\cityscapes\mask\dusseldorf_000030_000019.png,streetViewData\test\cityscapes\img\dusseldorf_000030_000019.png
3022,test,cityscapes,streetViewData\test\cityscapes\mask\dusseldorf_000031_000019.png,streetViewData\test\cityscapes\img\dusseldorf_000031_000019.png
3023,test,cityscapes,streetViewData\test\cityscapes\mask\dusseldorf_000032_000019.png,streetViewData\test\cityscapes\img\dusseldorf_000032_000019.png
3024,test,cityscapes,streetViewData\test\cityscapes\mask\dusseldorf_000033_000019.png,streetViewData\test\cityscapes\img\dusseldorf_000033_000019.png
3025,test,cityscapes,streetViewData\test\cityscapes\mask\dusseldorf_000034_000019.png,streetViewData\test\cityscapes\img\dusseldorf_000034_000019.png
3026,test,cityscapes,streetViewData\test\cityscapes\mask\dusseldorf_000035_000019.png,streetViewData\test\cityscapes\img\dusseldorf_000035_000019.png
3027,test,cityscapes,streetViewData\test\cityscapes\mask\dusseldorf_000036_000019.png,streetViewData\test\cityscapes\img\dusseldorf_000036_000019.png
3028,test,cityscapes,streetViewData\test\cityscapes\mask\dusseldorf_000037_000019.png,streetViewData\test\cityscapes\img\dusseldorf_000037_000019.png
3029,test,cityscapes,streetViewData\test\cityscapes\mask\dusseldorf_000038_000019.png,streetViewData\test\cityscapes\img\dusseldorf_000038_000019.png
3030,test,cityscapes,streetViewData\test\cityscapes\mask\dusseldorf_000039_000019.png,streetViewData\test\cityscapes\img\dusseldorf_000039_000019.png
3031,test,cityscapes,streetViewData\test\cityscapes\mask\dusseldorf_000040_000019.png,streetViewData\test\cityscapes\img\dusseldorf_000040_000019.png
3032,test,cityscapes,streetViewData\test\cityscapes\mask\dusseldorf_000041_000019.png,streetViewData\test\cityscapes\img\dusseldorf_000041_000019.png
3033,test,cityscapes,streetViewData\test\cityscapes\mask\dusseldorf_000042_000019.png,streetViewData\test\cityscapes\img\dusseldorf_000042_000019.png
3034,test,cityscapes,streetViewData\test\cityscapes\mask\dusseldorf_000043_000019.png,streetViewData\test\cityscapes\img\dusseldorf_000043_000019.png
3035,test,cityscapes,streetViewData\test\cityscapes\mask\dusseldorf_000044_000019.png,streetViewData\test\cityscapes\img\dusseldorf_000044_000019.png
3036,test,cityscapes,streetViewData\test\cityscapes\mask\dusseldorf_000045_000019.png,streetViewData\test\cityscapes\img\dusseldorf_000045_000019.png
3037,test,cityscapes,streetViewData\test\cityscapes\mask\dusseldorf_000046_000019.png,streetViewData\test\cityscapes\img\dusseldorf_000046_000019.png
3038,test,cityscapes,streetViewData\test\cityscapes\mask\dusseldorf_000047_000019.png,streetViewData\test\cityscapes\img\dusseldorf_000047_000019.png
3039,test,cityscapes,streetViewData\test\cityscapes\mask\dusseldorf_000048_000019.png,streetViewData\test\cityscapes\img\dusseldorf_000048_000019.png
3040,test,cityscapes,streetViewData\test\cityscapes\mask\dusseldorf_000049_000019.png,streetViewData\test\cityscapes\img\dusseldorf_000049_000019.png
3041,test,cityscapes,streetViewData\test\cityscapes\mask\dusseldorf_000050_000019.png,streetViewData\test\cityscapes\img\dusseldorf_000050_000019.png
3042,test,cityscapes,streetViewData\test\cityscapes\mask\dusseldorf_000051_000019.png,streetViewData\test\cityscapes\img\dusseldorf_000051_000019.png
3043,test,cityscapes,streetViewData\test\cityscapes\mask\dusseldorf_000052_000019.png,streetViewData\test\cityscapes\img\dusseldorf_000052_000019.png
3044,test,cityscapes,streetViewData\test\cityscapes\mask\dusseldorf_000053_000019.png,streetViewData\test\cityscapes\img\dusseldorf_000053_000019.png
3045,test,cityscapes,streetViewData\test\cityscapes\mask\dusseldorf_000054_000019.png,streetViewData\test\cityscapes\img\dusseldorf_000054_000019.png
3046,test,cityscapes,streetViewData\test\cityscapes\mask\dusseldorf_000055_000019.png,streetViewData\test\cityscapes\img\dusseldorf_000055_000019.png
3047,test,cityscapes,streetViewData\test\cityscapes\mask\dusseldorf_000056_000019.png,streetViewData\test\cityscapes\img\dusseldorf_000056_000019.png
3048,test,cityscapes,streetViewData\test\cityscapes\mask\dusseldorf_000057_000019.png,streetViewData\test\cityscapes\img\dusseldorf_000057_000019.png
3049,test,cityscapes,streetViewData\test\cityscapes\mask\dusseldorf_000058_000019.png,streetViewData\test\cityscapes\img\dusseldorf_000058_000019.png
3050,test,cityscapes,streetViewData\test\cityscapes\mask\dusseldorf_000059_000019.png,streetViewData\test\cityscapes\img\dusseldorf_000059_000019.png
3051,test,cityscapes,streetViewData\test\cityscapes\mask\dusseldorf_000060_000019.png,streetViewData\test\cityscapes\img\dusseldorf_000060_000019.png
3052,test,cityscapes,streetViewData\test\cityscapes\mask\dusseldorf_000061_000019.png,streetViewData\test\cityscapes\img\dusseldorf_000061_000019.png
3053,test,cityscapes,streetViewData\test\cityscapes\mask\dusseldorf_000062_000019.png,streetViewData\test\cityscapes\img\dusseldorf_000062_000019.png
3054,test,cityscapes,streetViewData\test\cityscapes\mask\dusseldorf_000063_000019.png,streetViewData\test\cityscapes\img\dusseldorf_000063_000019.png
3055,test,cityscapes,streetViewData\test\cityscapes\mask\dusseldorf_000064_000019.png,streetViewData\test\cityscapes\img\dusseldorf_000064_000019.png
3056,test,cityscapes,streetViewData\test\cityscapes\mask\dusseldorf_000065_000019.png,streetViewData\test\cityscapes\img\dusseldorf_000065_000019.png
3057,test,cityscapes,streetViewData\test\cityscapes\mask\dusseldorf_000066_000019.png,streetViewData\test\cityscapes\img\dusseldorf_000066_000019.png
3058,test,cityscapes,streetViewData\test\cityscapes\mask\dusseldorf_000067_000019.png,streetViewData\test\cityscapes\img\dusseldorf_000067_000019.png
3059,test,cityscapes,streetViewData\test\cityscapes\mask\dusseldorf_000068_000019.png,streetViewData\test\cityscapes\img\dusseldorf_000068_000019.png
3060,test,cityscapes,streetViewData\test\cityscapes\mask\dusseldorf_000069_000019.png,streetViewData\test\cityscapes\img\dusseldorf_000069_000019.png
3061,test,cityscapes,streetViewData\test\cityscapes\mask\dusseldorf_000070_000019.png,streetViewData\test\cityscapes\img\dusseldorf_000070_000019.png
3062,test,cityscapes,streetViewData\test\cityscapes\mask\dusseldorf_000071_000019.png,streetViewData\test\cityscapes\img\dusseldorf_000071_000019.png
3063,test,cityscapes,streetViewData\test\cityscapes\mask\dusseldorf_000072_000019.png,streetViewData\test\cityscapes\img\dusseldorf_000072_000019.png
3064,test,cityscapes,streetViewData\test\cityscapes\mask\dusseldorf_000073_000019.png,streetViewData\test\cityscapes\img\dusseldorf_000073_000019.png
3065,test,cityscapes,streetViewData\test\cityscapes\mask\dusseldorf_000074_000019.png,streetViewData\test\cityscapes\img\dusseldorf_000074_000019.png
3066,test,cityscapes,streetViewData\test\cityscapes\mask\dusseldorf_000075_000019.png,streetViewData\test\cityscapes\img\dusseldorf_000075_000019.png
3067,test,cityscapes,streetViewData\test\cityscapes\mask\dusseldorf_000076_000019.png,streetViewData\test\cityscapes\img\dusseldorf_000076_000019.png
3068,test,cityscapes,streetViewData\test\cityscapes\mask\dusseldorf_000077_000019.png,streetViewData\test\cityscapes\img\dusseldorf_000077_000019.png
3069,test,cityscapes,streetViewData\test\cityscapes\mask\dusseldorf_000078_000019.png,streetViewData\test\cityscapes\img\dusseldorf_000078_000019.png
3070,test,cityscapes,streetViewData\test\cityscapes\mask\dusseldorf_000079_000019.png,streetViewData\test\cityscapes\img\dusseldorf_000079_000019.png
3071,test,cityscapes,streetViewData\test\cityscapes\mask\dusseldorf_000080_000019.png,streetViewData\test\cityscapes\img\dusseldorf_000080_000019.png
3072,test,cityscapes,streetViewData\test\cityscapes\mask\dusseldorf_000081_000019.png,streetViewData\test\cityscapes\img\dusseldorf_000081_000019.png
3073,test,cityscapes,streetViewData\test\cityscapes\mask\dusseldorf_000082_000019.png,streetViewData\test\cityscapes\img\dusseldorf_000082_000019.png
3074,test,cityscapes,streetViewData\test\cityscapes\mask\dusseldorf_000083_000019.png,streetViewData\test\cityscapes\img\dusseldorf_000083_000019.png
3075,test,cityscapes,streetViewData\test\cityscapes\mask\dusseldorf_000084_000019.png,streetViewData\test\cityscapes\img\dusseldorf_000084_000019.png
3076,test,cityscapes,streetViewData\test\cityscapes\mask\dusseldorf_000085_000019.png,streetViewData\test\cityscapes\img\dusseldorf_000085_000019.png
3077,test,cityscapes,streetViewData\test\cityscapes\mask\dusseldorf_000086_000019.png,streetViewData\test\cityscapes\img\dusseldorf_000086_000019.png
3078,test,cityscapes,streetViewData\test\cityscapes\mask\dusseldorf_000087_000019.png,streetViewData\test\cityscapes\img\dusseldorf_000087_000019.png
3079,test,cityscapes,streetViewData\test\cityscapes\mask\dusseldorf_000088_000019.png,streetViewData\test\cityscapes\img\dusseldorf_000088_000019.png
3080,test,cityscapes,streetViewData\test\cityscapes\mask\dusseldorf_000089_000019.png,streetViewData\test\cityscapes\img\dusseldorf_000089_000019.png
3081,test,cityscapes,streetViewData\test\cityscapes\mask\dusseldorf_000090_000019.png,streetViewData\test\cityscapes\img\dusseldorf_000090_000019.png
3082,test,cityscapes,streetViewData\test\cityscapes\mask\dusseldorf_000091_000019.png,streetViewData\test\cityscapes\img\dusseldorf_000091_000019.png
3083,test,cityscapes,streetViewData\test\cityscapes\mask\dusseldorf_000092_000019.png,streetViewData\test\cityscapes\img\dusseldorf_000092_000019.png
3084,test,cityscapes,streetViewData\test\cityscapes\mask\dusseldorf_000093_000019.png,streetViewData\test\cityscapes\img\dusseldorf_000093_000019.png
3085,test,cityscapes,streetViewData\test\cityscapes\mask\dusseldorf_000094_000019.png,streetViewData\test\cityscapes\img\dusseldorf_000094_000019.png
3086,test,cityscapes,streetViewData\test\cityscapes\mask\dusseldorf_000095_000019.png,streetViewData\test\cityscapes\img\dusseldorf_000095_000019.png
3087,test,cityscapes,streetViewData\test\cityscapes\mask\dusseldorf_000096_000019.png,streetViewData\test\cityscapes\img\dusseldorf_000096_000019.png
3088,test,cityscapes,streetViewData\test\cityscapes\mask\dusseldorf_000097_000019.png,streetViewData\test\cityscapes\img\dusseldorf_000097_000019.png
3089,test,cityscapes,streetViewData\test\cityscapes\mask\dusseldorf_000098_000019.png,streetViewData\test\cityscapes\img\dusseldorf_000098_000019.png
3090,test,cityscapes,streetViewData\test\cityscapes\mask\dusseldorf_000099_000019.png,streetViewData\test\cityscapes\img\dusseldorf_000099_000019.png
3091,test,cityscapes,streetViewData\test\cityscapes\mask\dusseldorf_000100_000019.png,streetViewData\test\cityscapes\img\dusseldorf_000100_000019.png
3092,test,cityscapes,streetViewData\test\cityscapes\mask\dusseldorf_000101_000019.png,streetViewData\test\cityscapes\img\dusseldorf_000101_000019.png
3093,test,cityscapes,streetViewData\test\cityscapes\mask\dusseldorf_000102_000019.png,streetViewData\test\cityscapes\img\dusseldorf_000102_000019.png
3094,test,cityscapes,streetViewData\test\cityscapes\mask\dusseldorf_000103_000019.png,streetViewData\test\cityscapes\img\dusseldorf_000103_000019.png
3095,test,cityscapes,streetViewData\test\cityscapes\mask\dusseldorf_000104_000019.png,streetViewData\test\cityscapes\img\dusseldorf_000104_000019.png
3096,test,cityscapes,streetViewData\test\cityscapes\mask\dusseldorf_000105_000019.png,streetViewData\test\cityscapes\img\dusseldorf_000105_000019.png
3097,test,cityscapes,streetViewData\test\cityscapes\mask\dusseldorf_000106_000019.png,streetViewData\test\cityscapes\img\dusseldorf_000106_000019.png
3098,test,cityscapes,streetViewData\test\cityscapes\mask\dusseldorf_000107_000019.png,streetViewData\test\cityscapes\img\dusseldorf_000107_000019.png
3099,test,cityscapes,streetViewData\test\cityscapes\mask\dusseldorf_000108_000019.png,streetViewData\test\cityscapes\img\dusseldorf_000108_000019.png
3100,test,cityscapes,streetViewData\test\cityscapes\mask\dusseldorf_000109_000019.png,streetViewData\test\cityscapes\img\dusseldorf_000109_000019.png
3101,test,cityscapes,streetViewData\test\cityscapes\mask\dusseldorf_000110_000019.png,streetViewData\test\cityscapes\img\dusseldorf_000110_000019.png
3102,test,cityscapes,streetViewData\test\cityscapes\mask\dusseldorf_000111_000019.png,streetViewData\test\cityscapes\img\dusseldorf_000111_000019.png
3103,test,cityscapes,streetViewData\test\cityscapes\mask\dusseldorf_000112_000019.png,streetViewData\test\cityscapes\img\dusseldorf_000112_000019.png
3104,test,cityscapes,streetViewData\test\cityscapes\mask\dusseldorf_000113_000019.png,streetViewData\test\cityscapes\img\dusseldorf_000113_000019.png
3105,test,cityscapes,streetViewData\test\cityscapes\mask\dusseldorf_000114_000019.png,streetViewData\test\cityscapes\img\dusseldorf_000114_000019.png
3106,test,cityscapes,streetViewData\test\cityscapes\mask\dusseldorf_000115_000019.png,streetViewData\test\cityscapes\img\dusseldorf_000115_000019.png
3107,test,cityscapes,streetViewData\test\cityscapes\mask\dusseldorf_000116_000019.png,streetViewData\test\cityscapes\img\dusseldorf_000116_000019.png
3108,test,cityscapes,streetViewData\test\cityscapes\mask\dusseldorf_000117_000019.png,streetViewData\test\cityscapes\img\dusseldorf_000117_000019.png
3109,test,cityscapes,streetViewData\test\cityscapes\mask\dusseldorf_000118_000019.png,streetViewData\test\cityscapes\img\dusseldorf_000118_000019.png
3110,test,cityscapes,streetViewData\test\cityscapes\mask\dusseldorf_000119_000019.png,streetViewData\test\cityscapes\img\dusseldorf_000119_000019.png
3111,test,cityscapes,streetViewData\test\cityscapes\mask\dusseldorf_000120_000019.png,streetViewData\test\cityscapes\img\dusseldorf_000120_000019.png
3112,test,cityscapes,streetViewData\test\cityscapes\mask\dusseldorf_000121_000019.png,streetViewData\test\cityscapes\img\dusseldorf_000121_000019.png
3113,test,cityscapes,streetViewData\test\cityscapes\mask\dusseldorf_000122_000019.png,streetViewData\test\cityscapes\img\dusseldorf_000122_000019.png
3114,test,cityscapes,streetViewData\test\cityscapes\mask\dusseldorf_000123_000019.png,streetViewData\test\cityscapes\img\dusseldorf_000123_000019.png
3115,test,cityscapes,streetViewData\test\cityscapes\mask\dusseldorf_000124_000019.png,streetViewData\test\cityscapes\img\dusseldorf_000124_000019.png
3116,test,cityscapes,streetViewData\test\cityscapes\mask\dusseldorf_000125_000019.png,streetViewData\test\cityscapes\img\dusseldorf_000125_000019.png
3117,test,cityscapes,streetViewData\test\cityscapes\mask\dusseldorf_000126_000019.png,streetViewData\test\cityscapes\img\dusseldorf_000126_000019.png
3118,test,cityscapes,streetViewData\test\cityscapes\mask\dusseldorf_000127_000019.png,streetViewData\test\cityscapes\img\dusseldorf_000127_000019.png
3119,test,cityscapes,streetViewData\test\cityscapes\mask\dusseldorf_000128_000019.png,streetViewData\test\cityscapes\img\dusseldorf_000128_000019.png
3120,test,cityscapes,streetViewData\test\cityscapes\mask\dusseldorf_000129_000019.png,streetViewData\test\cityscapes\img\dusseldorf_000129_000019.png
3121,test,cityscapes,streetViewData\test\cityscapes\mask\dusseldorf_000130_000019.png,streetViewData\test\cityscapes\img\dusseldorf_000130_000019.png
3122,test,cityscapes,streetViewData\test\cityscapes\mask\dusseldorf_000131_000019.png,streetViewData\test\cityscapes\img\dusseldorf_000131_000019.png
3123,test,cityscapes,streetViewData\test\cityscapes\mask\dusseldorf_000132_000019.png,streetViewData\test\cityscapes\img\dusseldorf_000132_000019.png
3124,test,cityscapes,streetViewData\test\cityscapes\mask\dusseldorf_000133_000019.png,streetViewData\test\cityscapes\img\dusseldorf_000133_000019.png
3125,test,cityscapes,streetViewData\test\cityscapes\mask\dusseldorf_000134_000019.png,streetViewData\test\cityscapes\img\dusseldorf_000134_000019.png
3126,test,cityscapes,streetViewData\test\cityscapes\mask\dusseldorf_000135_000019.png,streetViewData\test\cityscapes\img\dusseldorf_000135_000019.png
3127,test,cityscapes,streetViewData\test\cityscapes\mask\dusseldorf_000136_000019.png,streetViewData\test\cityscapes\img\dusseldorf_000136_000019.png
3128,test,cityscapes,streetViewData\test\cityscapes\mask\dusseldorf_000137_000019.png,streetViewData\test\cityscapes\img\dusseldorf_000137_000019.png
3129,test,cityscapes,streetViewData\test\cityscapes\mask\dusseldorf_000138_000019.png,streetViewData\test\cityscapes\img\dusseldorf_000138_000019.png
3130,test,cityscapes,streetViewData\test\cityscapes\mask\dusseldorf_000139_000019.png,streetViewData\test\cityscapes\img\dusseldorf_000139_000019.png
3131,test,cityscapes,streetViewData\test\cityscapes\mask\dusseldorf_000140_000019.png,streetViewData\test\cityscapes\img\dusseldorf_000140_000019.png
3132,test,cityscapes,streetViewData\test\cityscapes\mask\dusseldorf_000141_000019.png,streetViewData\test\cityscapes\img\dusseldorf_000141_000019.png
3133,test,cityscapes,streetViewData\test\cityscapes\mask\dusseldorf_000142_000019.png,streetViewData\test\cityscapes\img\dusseldorf_000142_000019.png
3134,test,cityscapes,streetViewData\test\cityscapes\mask\dusseldorf_000143_000019.png,streetViewData\test\cityscapes\img\dusseldorf_000143_000019.png
3135,test,cityscapes,streetViewData\test\cityscapes\mask\dusseldorf_000144_000019.png,streetViewData\test\cityscapes\img\dusseldorf_000144_000019.png
3136,test,cityscapes,streetViewData\test\cityscapes\mask\dusseldorf_000145_000019.png,streetViewData\test\cityscapes\img\dusseldorf_000145_000019.png
3137,test,cityscapes,streetViewData\test\cityscapes\mask\dusseldorf_000146_000019.png,streetViewData\test\cityscapes\img\dusseldorf_000146_000019.png
3138,test,cityscapes,streetViewData\test\cityscapes\mask\dusseldorf_000147_000019.png,streetViewData\test\cityscapes\img\dusseldorf_000147_000019.png
3139,test,cityscapes,streetViewData\test\cityscapes\mask\dusseldorf_000148_000019.png,streetViewData\test\cityscapes\img\dusseldorf_000148_000019.png
3140,test,cityscapes,streetViewData\test\cityscapes\mask\dusseldorf_000149_000019.png,streetViewData\test\cityscapes\img\dusseldorf_000149_000019.png
3141,test,cityscapes,streetViewData\test\cityscapes\mask\dusseldorf_000150_000019.png,streetViewData\test\cityscapes\img\dusseldorf_000150_000019.png
3142,test,cityscapes,streetViewData\test\cityscapes\mask\dusseldorf_000151_000019.png,streetViewData\test\cityscapes\img\dusseldorf_000151_000019.png
3143,test,cityscapes,streetViewData\test\cityscapes\mask\dusseldorf_000152_000019.png,streetViewData\test\cityscapes\img\dusseldorf_000152_000019.png
3144,test,cityscapes,streetViewData\test\cityscapes\mask\dusseldorf_000153_000019.png,streetViewData\test\cityscapes\img\dusseldorf_000153_000019.png
3145,test,cityscapes,streetViewData\test\cityscapes\mask\dusseldorf_000154_000019.png,streetViewData\test\cityscapes\img\dusseldorf_000154_000019.png
3146,test,cityscapes,streetViewData\test\cityscapes\mask\dusseldorf_000155_000019.png,streetViewData\test\cityscapes\img\dusseldorf_000155_000019.png
3147,test,cityscapes,streetViewData\test\cityscapes\mask\dusseldorf_000156_000019.png,streetViewData\test\cityscapes\img\dusseldorf_000156_000019.png
3148,test,cityscapes,streetViewData\test\cityscapes\mask\dusseldorf_000157_000019.png,streetViewData\test\cityscapes\img\dusseldorf_000157_000019.png
3149,test,cityscapes,streetViewData\test\cityscapes\mask\dusseldorf_000158_000019.png,streetViewData\test\cityscapes\img\dusseldorf_000158_000019.png
3150,test,cityscapes,streetViewData\test\cityscapes\mask\dusseldorf_000159_000019.png,streetViewData\test\cityscapes\img\dusseldorf_000159_000019.png
3151,test,cityscapes,streetViewData\test\cityscapes\mask\dusseldorf_000160_000019.png,streetViewData\test\cityscapes\img\dusseldorf_000160_000019.png
3152,test,cityscapes,streetViewData\test\cityscapes\mask\dusseldorf_000161_000019.png,streetViewData\test\cityscapes\img\dusseldorf_000161_000019.png
3153,test,cityscapes,streetViewData\test\cityscapes\mask\dusseldorf_000162_000019.png,streetViewData\test\cityscapes\img\dusseldorf_000162_000019.png
3154,test,cityscapes,streetViewData\test\cityscapes\mask\dusseldorf_000163_000019.png,streetViewData\test\cityscapes\img\dusseldorf_000163_000019.png
3155,test,cityscapes,streetViewData\test\cityscapes\mask\dusseldorf_000164_000019.png,streetViewData\test\cityscapes\img\dusseldorf_000164_000019.png
3156,test,cityscapes,streetViewData\test\cityscapes\mask\dusseldorf_000165_000019.png,streetViewData\test\cityscapes\img\dusseldorf_000165_000019.png
3157,test,cityscapes,streetViewData\test\cityscapes\mask\dusseldorf_000166_000019.png,streetViewData\test\cityscapes\img\dusseldorf_000166_000019.png
3158,test,cityscapes,streetViewData\test\cityscapes\mask\dusseldorf_000167_000019.png,streetViewData\test\cityscapes\img\dusseldorf_000167_000019.png
3159,test,cityscapes,streetViewData\test\cityscapes\mask\dusseldorf_000168_000019.png,streetViewData\test\cityscapes\img\dusseldorf_000168_000019.png
3160,test,cityscapes,streetViewData\test\cityscapes\mask\dusseldorf_000169_000019.png,streetViewData\test\cityscapes\img\dusseldorf_000169_000019.png
3161,test,cityscapes,streetViewData\test\cityscapes\mask\dusseldorf_000170_000019.png,streetViewData\test\cityscapes\img\dusseldorf_000170_000019.png
3162,test,cityscapes,streetViewData\test\cityscapes\mask\dusseldorf_000171_000019.png,streetViewData\test\cityscapes\img\dusseldorf_000171_000019.png
3163,test,cityscapes,streetViewData\test\cityscapes\mask\dusseldorf_000172_000019.png,streetViewData\test\cityscapes\img\dusseldorf_000172_000019.png
3164,test,cityscapes,streetViewData\test\cityscapes\mask\dusseldorf_000173_000019.png,streetViewData\test\cityscapes\img\dusseldorf_000173_000019.png
3165,test,cityscapes,streetViewData\test\cityscapes\mask\dusseldorf_000174_000019.png,streetViewData\test\cityscapes\img\dusseldorf_000174_000019.png
3166,test,cityscapes,streetViewData\test\cityscapes\mask\dusseldorf_000175_000019.png,streetViewData\test\cityscapes\img\dusseldorf_000175_000019.png
3167,test,cityscapes,streetViewData\test\cityscapes\mask\dusseldorf_000176_000019.png,streetViewData\test\cityscapes\img\dusseldorf_000176_000019.png
3168,test,cityscapes,streetViewData\test\cityscapes\mask\dusseldorf_000177_000019.png,streetViewData\test\cityscapes\img\dusseldorf_000177_000019.png
3169,test,cityscapes,streetViewData\test\cityscapes\mask\dusseldorf_000178_000019.png,streetViewData\test\cityscapes\img\dusseldorf_000178_000019.png
3170,test,cityscapes,streetViewData\test\cityscapes\mask\dusseldorf_000179_000019.png,streetViewData\test\cityscapes\img\dusseldorf_000179_000019.png
3171,test,cityscapes,streetViewData\test\cityscapes\mask\dusseldorf_000180_000019.png,streetViewData\test\cityscapes\img\dusseldorf_000180_000019.png
3172,test,cityscapes,streetViewData\test\cityscapes\mask\dusseldorf_000181_000019.png,streetViewData\test\cityscapes\img\dusseldorf_000181_000019.png
3173,test,cityscapes,streetViewData\test\cityscapes\mask\dusseldorf_000182_000019.png,streetViewData\test\cityscapes\img\dusseldorf_000182_000019.png
3174,test,cityscapes,streetViewData\test\cityscapes\mask\dusseldorf_000183_000019.png,streetViewData\test\cityscapes\img\dusseldorf_000183_000019.png
3175,test,cityscapes,streetViewData\test\cityscapes\mask\dusseldorf_000184_000019.png,streetViewData\test\cityscapes\img\dusseldorf_000184_000019.png
3176,test,cityscapes,streetViewData\test\cityscapes\mask\dusseldorf_000185_000019.png,streetViewData\test\cityscapes\img\dusseldorf_000185_000019.png
3177,test,cityscapes,streetViewData\test\cityscapes\mask\dusseldorf_000186_000019.png,streetViewData\test\cityscapes\img\dusseldorf_000186_000019.png
3178,test,cityscapes,streetViewData\test\cityscapes\mask\dusseldorf_000187_000019.png,streetViewData\test\cityscapes\img\dusseldorf_000187_000019.png
3179,test,cityscapes,streetViewData\test\cityscapes\mask\dusseldorf_000188_000019.png,streetViewData\test\cityscapes\img\dusseldorf_000188_000019.png
3180,test,cityscapes,streetViewData\test\cityscapes\mask\dusseldorf_000189_000019.png,streetViewData\test\cityscapes\img\dusseldorf_000189_000019.png
3181,test,cityscapes,streetViewData\test\cityscapes\mask\dusseldorf_000190_000019.png,streetViewData\test\cityscapes\img\dusseldorf_000190_000019.png
3182,test,cityscapes,streetViewData\test\cityscapes\mask\dusseldorf_000191_000019.png,streetViewData\test\cityscapes\img\dusseldorf_000191_000019.png
3183,test,cityscapes,streetViewData\test\cityscapes\mask\dusseldorf_000192_000019.png,streetViewData\test\cityscapes\img\dusseldorf_000192_000019.png
3184,test,cityscapes,streetViewData\test\cityscapes\mask\dusseldorf_000193_000019.png,streetViewData\test\cityscapes\img\dusseldorf_000193_000019.png
3185,test,cityscapes,streetViewData\test\cityscapes\mask\dusseldorf_000194_000019.png,streetViewData\test\cityscapes\img\dusseldorf_000194_000019.png
3186,test,cityscapes,streetViewData\test\cityscapes\mask\dusseldorf_000195_000019.png,streetViewData\test\cityscapes\img\dusseldorf_000195_000019.png
3187,test,cityscapes,streetViewData\test\cityscapes\mask\dusseldorf_000196_000019.png,streetViewData\test\cityscapes\img\dusseldorf_000196_000019.png
3188,test,cityscapes,streetViewData\test\cityscapes\mask\dusseldorf_000197_000019.png,streetViewData\test\cityscapes\img\dusseldorf_000197_000019.png
3189,test,cityscapes,streetViewData\test\cityscapes\mask\dusseldorf_000198_000019.png,streetViewData\test\cityscapes\img\dusseldorf_000198_000019.png
3190,test,cityscapes,streetViewData\test\cityscapes\mask\dusseldorf_000199_000019.png,streetViewData\test\cityscapes\img\dusseldorf_000199_000019.png
3191,test,cityscapes,streetViewData\test\cityscapes\mask\dusseldorf_000200_000019.png,streetViewData\test\cityscapes\img\dusseldorf_000200_000019.png
3192,test,cityscapes,streetViewData\test\cityscapes\mask\dusseldorf_000201_000019.png,streetViewData\test\cityscapes\img\dusseldorf_000201_000019.png
3193,test,cityscapes,streetViewData\test\cityscapes\mask\dusseldorf_000202_000019.png,streetViewData\test\cityscapes\img\dusseldorf_000202_000019.png
3194,test,cityscapes,streetViewData\test\cityscapes\mask\dusseldorf_000203_000019.png,streetViewData\test\cityscapes\img\dusseldorf_000203_000019.png
3195,test,cityscapes,streetViewData\test\cityscapes\mask\dusseldorf_000204_000019.png,streetViewData\test\cityscapes\img\dusseldorf_000204_000019.png
3196,test,cityscapes,streetViewData\test\cityscapes\mask\dusseldorf_000205_000019.png,streetViewData\test\cityscapes\img\dusseldorf_000205_000019.png
3197,test,cityscapes,streetViewData\test\cityscapes\mask\dusseldorf_000206_000019.png,streetViewData\test\cityscapes\img\dusseldorf_000206_000019.png
3198,test,cityscapes,streetViewData\test\cityscapes\mask\dusseldorf_000207_000019.png,streetViewData\test\cityscapes\img\dusseldorf_000207_000019.png
3199,test,cityscapes,streetViewData\test\cityscapes\mask\dusseldorf_000208_000019.png,streetViewData\test\cityscapes\img\dusseldorf_000208_000019.png
3200,test,cityscapes,streetViewData\test\cityscapes\mask\dusseldorf_000209_000019.png,streetViewData\test\cityscapes\img\dusseldorf_000209_000019.png
3201,test,cityscapes,streetViewData\test\cityscapes\mask\dusseldorf_000210_000019.png,streetViewData\test\cityscapes\img\dusseldorf_000210_000019.png
3202,test,cityscapes,streetViewData\test\cityscapes\mask\dusseldorf_000211_000019.png,streetViewData\test\cityscapes\img\dusseldorf_000211_000019.png
3203,test,cityscapes,streetViewData\test\cityscapes\mask\dusseldorf_000212_000019.png,streetViewData\test\cityscapes\img\dusseldorf_000212_000019.png
3204,test,cityscapes,streetViewData\test\cityscapes\mask\dusseldorf_000213_000019.png,streetViewData\test\cityscapes\img\dusseldorf_000213_000019.png
3205,test,cityscapes,streetViewData\test\cityscapes\mask\dusseldorf_000214_000019.png,streetViewData\test\cityscapes\img\dusseldorf_000214_000019.png
3206,test,cityscapes,streetViewData\test\cityscapes\mask\dusseldorf_000215_000019.png,streetViewData\test\cityscapes\img\dusseldorf_000215_000019.png
3207,test,cityscapes,streetViewData\test\cityscapes\mask\dusseldorf_000216_000019.png,streetViewData\test\cityscapes\img\dusseldorf_000216_000019.png
3208,test,cityscapes,streetViewData\test\cityscapes\mask\dusseldorf_000217_000019.png,streetViewData\test\cityscapes\img\dusseldorf_000217_000019.png
3209,test,cityscapes,streetViewData\test\cityscapes\mask\dusseldorf_000218_000019.png,streetViewData\test\cityscapes\img\dusseldorf_000218_000019.png
3210,test,cityscapes,streetViewData\test\cityscapes\mask\dusseldorf_000219_000019.png,streetViewData\test\cityscapes\img\dusseldorf_000219_000019.png
3211,test,cityscapes,streetViewData\test\cityscapes\mask\dusseldorf_000220_000019.png,streetViewData\test\cityscapes\img\dusseldorf_000220_000019.png
3212,test,cityscapes,streetViewData\test\cityscapes\mask\weimar_000000_000019.png,streetViewData\test\cityscapes\img\weimar_000000_000019.png
3213,test,cityscapes,streetViewData\test\cityscapes\mask\weimar_000001_000019.png,streetViewData\test\cityscapes\img\weimar_000001_000019.png
3214,test,cityscapes,streetViewData\test\cityscapes\mask\weimar_000002_000019.png,streetViewData\test\cityscapes\img\weimar_000002_000019.png
3215,test,cityscapes,streetViewData\test\cityscapes\mask\weimar_000003_000019.png,streetViewData\test\cityscapes\img\weimar_000003_000019.png
3216,test,cityscapes,streetViewData\test\cityscapes\mask\weimar_000004_000019.png,streetViewData\test\cityscapes\img\weimar_000004_000019.png
3217,test,cityscapes,streetViewData\test\cityscapes\mask\weimar_000005_000019.png,streetViewData\test\cityscapes\img\weimar_000005_000019.png
3218,test,cityscapes,streetViewData\test\cityscapes\mask\weimar_000006_000019.png,streetViewData\test\cityscapes\img\weimar_000006_000019.png
3219,test,cityscapes,streetViewData\test\cityscapes\mask\weimar_000007_000019.png,streetViewData\test\cityscapes\img\weimar_000007_000019.png
3220,test,cityscapes,streetViewData\test\cityscapes\mask\weimar_000008_000019.png,streetViewData\test\cityscapes\img\weimar_000008_000019.png
3221,test,cityscapes,streetViewData\test\cityscapes\mask\weimar_000009_000019.png,streetViewData\test\cityscapes\img\weimar_000009_000019.png
3222,test,cityscapes,streetViewData\test\cityscapes\mask\weimar_000010_000019.png,streetViewData\test\cityscapes\img\weimar_000010_000019.png
3223,test,cityscapes,streetViewData\test\cityscapes\mask\weimar_000011_000019.png,streetViewData\test\cityscapes\img\weimar_000011_000019.png
3224,test,cityscapes,streetViewData\test\cityscapes\mask\weimar_000012_000019.png,streetViewData\test\cityscapes\img\weimar_000012_000019.png
3225,test,cityscapes,streetViewData\test\cityscapes\mask\weimar_000013_000019.png,streetViewData\test\cityscapes\img\weimar_000013_000019.png
3226,test,cityscapes,streetViewData\test\cityscapes\mask\weimar_000014_000019.png,streetViewData\test\cityscapes\img\weimar_000014_000019.png
3227,test,cityscapes,streetViewData\test\cityscapes\mask\weimar_000015_000019.png,streetViewData\test\cityscapes\img\weimar_000015_000019.png
3228,test,cityscapes,streetViewData\test\cityscapes\mask\weimar_000016_000019.png,streetViewData\test\cityscapes\img\weimar_000016_000019.png
3229,test,cityscapes,streetViewData\test\cityscapes\mask\weimar_000017_000019.png,streetViewData\test\cityscapes\img\weimar_000017_000019.png
3230,test,cityscapes,streetViewData\test\cityscapes\mask\weimar_000018_000019.png,streetViewData\test\cityscapes\img\weimar_000018_000019.png
3231,test,cityscapes,streetViewData\test\cityscapes\mask\weimar_000019_000019.png,streetViewData\test\cityscapes\img\weimar_000019_000019.png
3232,test,cityscapes,streetViewData\test\cityscapes\mask\weimar_000020_000019.png,streetViewData\test\cityscapes\img\weimar_000020_000019.png
3233,test,cityscapes,streetViewData\test\cityscapes\mask\weimar_000021_000019.png,streetViewData\test\cityscapes\img\weimar_000021_000019.png
3234,test,cityscapes,streetViewData\test\cityscapes\mask\weimar_000022_000019.png,streetViewData\test\cityscapes\img\weimar_000022_000019.png
3235,test,cityscapes,streetViewData\test\cityscapes\mask\weimar_000023_000019.png,streetViewData\test\cityscapes\img\weimar_000023_000019.png
3236,test,cityscapes,streetViewData\test\cityscapes\mask\weimar_000024_000019.png,streetViewData\test\cityscapes\img\weimar_000024_000019.png
3237,test,cityscapes,streetViewData\test\cityscapes\mask\weimar_000025_000019.png,streetViewData\test\cityscapes\img\weimar_000025_000019.png
3238,test,cityscapes,streetViewData\test\cityscapes\mask\weimar_000026_000019.png,streetViewData\test\cityscapes\img\weimar_000026_000019.png
3239,test,cityscapes,streetViewData\test\cityscapes\mask\weimar_000027_000019.png,streetViewData\test\cityscapes\img\weimar_000027_000019.png
3240,test,cityscapes,streetViewData\test\cityscapes\mask\weimar_000028_000019.png,streetViewData\test\cityscapes\img\weimar_000028_000019.png
3241,test,cityscapes,streetViewData\test\cityscapes\mask\weimar_000029_000019.png,streetViewData\test\cityscapes\img\weimar_000029_000019.png
3242,test,cityscapes,streetViewData\test\cityscapes\mask\weimar_000030_000019.png,streetViewData\test\cityscapes\img\weimar_000030_000019.png
3243,test,cityscapes,streetViewData\test\cityscapes\mask\weimar_000031_000019.png,streetViewData\test\cityscapes\img\weimar_000031_000019.png
3244,test,cityscapes,streetViewData\test\cityscapes\mask\weimar_000032_000019.png,streetViewData\test\cityscapes\img\weimar_000032_000019.png
3245,test,cityscapes,streetViewData\test\cityscapes\mask\weimar_000033_000019.png,streetViewData\test\cityscapes\img\weimar_000033_000019.png
3246,test,cityscapes,streetViewData\test\cityscapes\mask\weimar_000034_000019.png,streetViewData\test\cityscapes\img\weimar_000034_000019.png
3247,test,cityscapes,streetViewData\test\cityscapes\mask\weimar_000035_000019.png,streetViewData\test\cityscapes\img\weimar_000035_000019.png
3248,test,cityscapes,streetViewData\test\cityscapes\mask\weimar_000036_000019.png,streetViewData\test\cityscapes\img\weimar_000036_000019.png
3249,test,cityscapes,streetViewData\test\cityscapes\mask\weimar_000037_000019.png,streetViewData\test\cityscapes\img\weimar_000037_000019.png
3250,test,cityscapes,streetViewData\test\cityscapes\mask\weimar_000038_000019.png,streetViewData\test\cityscapes\img\weimar_000038_000019.png
3251,test,cityscapes,streetViewData\test\cityscapes\mask\weimar_000039_000019.png,streetViewData\test\cityscapes\img\weimar_000039_000019.png
3252,test,cityscapes,streetViewData\test\cityscapes\mask\weimar_000040_000019.png,streetViewData\test\cityscapes\img\weimar_000040_000019.png
3253,test,cityscapes,streetViewData\test\cityscapes\mask\weimar_000041_000019.png,streetViewData\test\cityscapes\img\weimar_000041_000019.png
3254,test,cityscapes,streetViewData\test\cityscapes\mask\weimar_000042_000019.png,streetViewData\test\cityscapes\img\weimar_000042_000019.png
3255,test,cityscapes,streetViewData\test\cityscapes\mask\weimar_000043_000019.png,streetViewData\test\cityscapes\img\weimar_000043_000019.png
3256,test,cityscapes,streetViewData\test\cityscapes\mask\weimar_000044_000019.png,streetViewData\test\cityscapes\img\weimar_000044_000019.png
3257,test,cityscapes,streetViewData\test\cityscapes\mask\weimar_000045_000019.png,streetViewData\test\cityscapes\img\weimar_000045_000019.png
3258,test,cityscapes,streetViewData\test\cityscapes\mask\weimar_000046_000019.png,streetViewData\test\cityscapes\img\weimar_000046_000019.png
3259,test,cityscapes,streetViewData\test\cityscapes\mask\weimar_000047_000019.png,streetViewData\test\cityscapes\img\weimar_000047_000019.png
3260,test,cityscapes,streetViewData\test\cityscapes\mask\weimar_000048_000019.png,streetViewData\test\cityscapes\img\weimar_000048_000019.png
3261,test,cityscapes,streetViewData\test\cityscapes\mask\weimar_000049_000019.png,streetViewData\test\cityscapes\img\weimar_000049_000019.png
3262,test,cityscapes,streetViewData\test\cityscapes\mask\weimar_000050_000019.png,streetViewData\test\cityscapes\img\weimar_000050_000019.png
3263,test,cityscapes,streetViewData\test\cityscapes\mask\weimar_000051_000019.png,streetViewData\test\cityscapes\img\weimar_000051_000019.png
3264,test,cityscapes,streetViewData\test\cityscapes\mask\weimar_000052_000019.png,streetViewData\test\cityscapes\img\weimar_000052_000019.png
3265,test,cityscapes,streetViewData\test\cityscapes\mask\weimar_000053_000019.png,streetViewData\test\cityscapes\img\weimar_000053_000019.png
3266,test,cityscapes,streetViewData\test\cityscapes\mask\weimar_000054_000019.png,streetViewData\test\cityscapes\img\weimar_000054_000019.png
3267,test,cityscapes,streetViewData\test\cityscapes\mask\weimar_000055_000019.png,streetViewData\test\cityscapes\img\weimar_000055_000019.png
3268,test,cityscapes,streetViewData\test\cityscapes\mask\weimar_000056_000019.png,streetViewData\test\cityscapes\img\weimar_000056_000019.png
3269,test,cityscapes,streetViewData\test\cityscapes\mask\weimar_000057_000019.png,streetViewData\test\cityscapes\img\weimar_000057_000019.png
3270,test,cityscapes,streetViewData\test\cityscapes\mask\weimar_000058_000019.png,streetViewData\test\cityscapes\img\weimar_000058_000019.png
3271,test,cityscapes,streetViewData\test\cityscapes\mask\weimar_000059_000019.png,streetViewData\test\cityscapes\img\weimar_000059_000019.png
3272,test,cityscapes,streetViewData\test\cityscapes\mask\weimar_000060_000019.png,streetViewData\test\cityscapes\img\weimar_000060_000019.png
3273,test,cityscapes,streetViewData\test\cityscapes\mask\weimar_000061_000019.png,streetViewData\test\cityscapes\img\weimar_000061_000019.png
3274,test,cityscapes,streetViewData\test\cityscapes\mask\weimar_000062_000019.png,streetViewData\test\cityscapes\img\weimar_000062_000019.png
3275,test,cityscapes,streetViewData\test\cityscapes\mask\weimar_000063_000019.png,streetViewData\test\cityscapes\img\weimar_000063_000019.png
3276,test,cityscapes,streetViewData\test\cityscapes\mask\weimar_000064_000019.png,streetViewData\test\cityscapes\img\weimar_000064_000019.png
3277,test,cityscapes,streetViewData\test\cityscapes\mask\weimar_000065_000019.png,streetViewData\test\cityscapes\img\weimar_000065_000019.png
3278,test,cityscapes,streetViewData\test\cityscapes\mask\weimar_000066_000019.png,streetViewData\test\cityscapes\img\weimar_000066_000019.png
3279,test,cityscapes,streetViewData\test\cityscapes\mask\weimar_000067_000019.png,streetViewData\test\cityscapes\img\weimar_000067_000019.png
3280,test,cityscapes,streetViewData\test\cityscapes\mask\weimar_000068_000019.png,streetViewData\test\cityscapes\img\weimar_000068_000019.png
3281,test,cityscapes,streetViewData\test\cityscapes\mask\weimar_000069_000019.png,streetViewData\test\cityscapes\img\weimar_000069_000019.png
3282,test,cityscapes,streetViewData\test\cityscapes\mask\weimar_000070_000019.png,streetViewData\test\cityscapes\img\weimar_000070_000019.png
3283,test,cityscapes,streetViewData\test\cityscapes\mask\weimar_000071_000019.png,streetViewData\test\cityscapes\img\weimar_000071_000019.png
3284,test,cityscapes,streetViewData\test\cityscapes\mask\weimar_000072_000019.png,streetViewData\test\cityscapes\img\weimar_000072_000019.png
3285,test,cityscapes,streetViewData\test\cityscapes\mask\weimar_000073_000019.png,streetViewData\test\cityscapes\img\weimar_000073_000019.png
3286,test,cityscapes,streetViewData\test\cityscapes\mask\weimar_000074_000019.png,streetViewData\test\cityscapes\img\weimar_000074_000019.png
3287,test,cityscapes,streetViewData\test\cityscapes\mask\weimar_000075_000019.png,streetViewData\test\cityscapes\img\weimar_000075_000019.png
3288,test,cityscapes,streetViewData\test\cityscapes\mask\weimar_000076_000019.png,streetViewData\test\cityscapes\img\weimar_000076_000019.png
3289,test,cityscapes,streetViewData\test\cityscapes\mask\weimar_000077_000019.png,streetViewData\test\cityscapes\img\weimar_000077_000019.png
3290,test,cityscapes,streetViewData\test\cityscapes\mask\weimar_000078_000019.png,streetViewData\test\cityscapes\img\weimar_000078_000019.png
3291,test,cityscapes,streetViewData\test\cityscapes\mask\weimar_000079_000019.png,streetViewData\test\cityscapes\img\weimar_000079_000019.png
3292,test,cityscapes,streetViewData\test\cityscapes\mask\weimar_000080_000019.png,streetViewData\test\cityscapes\img\weimar_000080_000019.png
3293,test,cityscapes,streetViewData\test\cityscapes\mask\weimar_000081_000019.png,streetViewData\test\cityscapes\img\weimar_000081_000019.png
3294,test,cityscapes,streetViewData\test\cityscapes\mask\weimar_000082_000019.png,streetViewData\test\cityscapes\img\weimar_000082_000019.png
3295,test,cityscapes,streetViewData\test\cityscapes\mask\weimar_000083_000019.png,streetViewData\test\cityscapes\img\weimar_000083_000019.png
3296,test,cityscapes,streetViewData\test\cityscapes\mask\weimar_000084_000019.png,streetViewData\test\cityscapes\img\weimar_000084_000019.png
3297,test,cityscapes,streetViewData\test\cityscapes\mask\weimar_000085_000019.png,streetViewData\test\cityscapes\img\weimar_000085_000019.png
3298,test,cityscapes,streetViewData\test\cityscapes\mask\weimar_000086_000019.png,streetViewData\test\cityscapes\img\weimar_000086_000019.png
3299,test,cityscapes,streetViewData\test\cityscapes\mask\weimar_000087_000019.png,streetViewData\test\cityscapes\img\weimar_000087_000019.png
3300,test,cityscapes,streetViewData\test\cityscapes\mask\weimar_000088_000019.png,streetViewData\test\cityscapes\img\weimar_000088_000019.png
3301,test,cityscapes,streetViewData\test\cityscapes\mask\weimar_000089_000019.png,streetViewData\test\cityscapes\img\weimar_000089_000019.png
3302,test,cityscapes,streetViewData\test\cityscapes\mask\weimar_000090_000019.png,streetViewData\test\cityscapes\img\weimar_000090_000019.png
3303,test,cityscapes,streetViewData\test\cityscapes\mask\weimar_000091_000019.png,streetViewData\test\cityscapes\img\weimar_000091_000019.png
3304,test,cityscapes,streetViewData\test\cityscapes\mask\weimar_000092_000019.png,streetViewData\test\cityscapes\img\weimar_000092_000019.png
3305,test,cityscapes,streetViewData\test\cityscapes\mask\weimar_000093_000019.png,streetViewData\test\cityscapes\img\weimar_000093_000019.png
3306,test,cityscapes,streetViewData\test\cityscapes\mask\weimar_000094_000019.png,streetViewData\test\cityscapes\img\weimar_000094_000019.png
3307,test,cityscapes,streetViewData\test\cityscapes\mask\weimar_000095_000019.png,streetViewData\test\cityscapes\img\weimar_000095_000019.png
3308,test,cityscapes,streetViewData\test\cityscapes\mask\weimar_000096_000019.png,streetViewData\test\cityscapes\img\weimar_000096_000019.png
3309,test,cityscapes,streetViewData\test\cityscapes\mask\weimar_000097_000019.png,streetViewData\test\cityscapes\img\weimar_000097_000019.png
3310,test,cityscapes,streetViewData\test\cityscapes\mask\weimar_000098_000019.png,streetViewData\test\cityscapes\img\weimar_000098_000019.png
3311,test,cityscapes,streetViewData\test\cityscapes\mask\weimar_000099_000019.png,streetViewData\test\cityscapes\img\weimar_000099_000019.png
3312,test,cityscapes,streetViewData\test\cityscapes\mask\weimar_000100_000019.png,streetViewData\test\cityscapes\img\weimar_000100_000019.png
3313,test,cityscapes,streetViewData\test\cityscapes\mask\weimar_000101_000019.png,streetViewData\test\cityscapes\img\weimar_000101_000019.png
3314,test,cityscapes,streetViewData\test\cityscapes\mask\weimar_000102_000019.png,streetViewData\test\cityscapes\img\weimar_000102_000019.png
3315,test,cityscapes,streetViewData\test\cityscapes\mask\weimar_000103_000019.png,streetViewData\test\cityscapes\img\weimar_000103_000019.png
3316,test,cityscapes,streetViewData\test\cityscapes\mask\weimar_000104_000019.png,streetViewData\test\cityscapes\img\weimar_000104_000019.png
3317,test,cityscapes,streetViewData\test\cityscapes\mask\weimar_000105_000019.png,streetViewData\test\cityscapes\img\weimar_000105_000019.png
3318,test,cityscapes,streetViewData\test\cityscapes\mask\weimar_000106_000019.png,streetViewData\test\cityscapes\img\weimar_000106_000019.png
3319,test,cityscapes,streetViewData\test\cityscapes\mask\weimar_000107_000019.png,streetViewData\test\cityscapes\img\weimar_000107_000019.png
3320,test,cityscapes,streetViewData\test\cityscapes\mask\weimar_000108_000019.png,streetViewData\test\cityscapes\img\weimar_000108_000019.png
3321,test,cityscapes,streetViewData\test\cityscapes\mask\weimar_000109_000019.png,streetViewData\test\cityscapes\img\weimar_000109_000019.png
3322,test,cityscapes,streetViewData\test\cityscapes\mask\weimar_000110_000019.png,streetViewData\test\cityscapes\img\weimar_000110_000019.png
3323,test,cityscapes,streetViewData\test\cityscapes\mask\weimar_000111_000019.png,streetViewData\test\cityscapes\img\weimar_000111_000019.png
3324,test,cityscapes,streetViewData\test\cityscapes\mask\weimar_000112_000019.png,streetViewData\test\cityscapes\img\weimar_000112_000019.png
3325,test,cityscapes,streetViewData\test\cityscapes\mask\weimar_000113_000019.png,streetViewData\test\cityscapes\img\weimar_000113_000019.png
3326,test,cityscapes,streetViewData\test\cityscapes\mask\weimar_000114_000019.png,streetViewData\test\cityscapes\img\weimar_000114_000019.png
3327,test,cityscapes,streetViewData\test\cityscapes\mask\weimar_000115_000019.png,streetViewData\test\cityscapes\img\weimar_000115_000019.png
3328,test,cityscapes,streetViewData\test\cityscapes\mask\weimar_000116_000019.png,streetViewData\test\cityscapes\img\weimar_000116_000019.png
3329,test,cityscapes,streetViewData\test\cityscapes\mask\weimar_000117_000019.png,streetViewData\test\cityscapes\img\weimar_000117_000019.png
3330,test,cityscapes,streetViewData\test\cityscapes\mask\weimar_000118_000019.png,streetViewData\test\cityscapes\img\weimar_000118_000019.png
3331,test,cityscapes,streetViewData\test\cityscapes\mask\weimar_000119_000019.png,streetViewData\test\cityscapes\img\weimar_000119_000019.png
3332,test,cityscapes,streetViewData\test\cityscapes\mask\weimar_000120_000019.png,streetViewData\test\cityscapes\img\weimar_000120_000019.png
3333,test,cityscapes,streetViewData\test\cityscapes\mask\weimar_000121_000019.png,streetViewData\test\cityscapes\img\weimar_000121_000019.png
3334,test,cityscapes,streetViewData\test\cityscapes\mask\weimar_000122_000019.png,streetViewData\test\cityscapes\img\weimar_000122_000019.png
3335,test,cityscapes,streetViewData\test\cityscapes\mask\weimar_000123_000019.png,streetViewData\test\cityscapes\img\weimar_000123_000019.png
3336,test,cityscapes,streetViewData\test\cityscapes\mask\weimar_000124_000019.png,streetViewData\test\cityscapes\img\weimar_000124_000019.png
3337,test,cityscapes,streetViewData\test\cityscapes\mask\weimar_000125_000019.png,streetViewData\test\cityscapes\img\weimar_000125_000019.png
3338,test,cityscapes,streetViewData\test\cityscapes\mask\weimar_000126_000019.png,streetViewData\test\cityscapes\img\weimar_000126_000019.png
3339,test,cityscapes,streetViewData\test\cityscapes\mask\weimar_000127_000019.png,streetViewData\test\cityscapes\img\weimar_000127_000019.png
3340,test,cityscapes,streetViewData\test\cityscapes\mask\weimar_000128_000019.png,streetViewData\test\cityscapes\img\weimar_000128_000019.png
3341,test,cityscapes,streetViewData\test\cityscapes\mask\weimar_000129_000019.png,streetViewData\test\cityscapes\img\weimar_000129_000019.png
3342,test,cityscapes,streetViewData\test\cityscapes\mask\weimar_000130_000019.png,streetViewData\test\cityscapes\img\weimar_000130_000019.png
3343,test,cityscapes,streetViewData\test\cityscapes\mask\weimar_000131_000019.png,streetViewData\test\cityscapes\img\weimar_000131_000019.png
3344,test,cityscapes,streetViewData\test\cityscapes\mask\weimar_000132_000019.png,streetViewData\test\cityscapes\img\weimar_000132_000019.png
3345,test,cityscapes,streetViewData\test\cityscapes\mask\weimar_000133_000019.png,streetViewData\test\cityscapes\img\weimar_000133_000019.png
3346,test,cityscapes,streetViewData\test\cityscapes\mask\weimar_000134_000019.png,streetViewData\test\cityscapes\img\weimar_000134_000019.png
3347,test,cityscapes,streetViewData\test\cityscapes\mask\weimar_000135_000019.png,streetViewData\test\cityscapes\img\weimar_000135_000019.png
3348,test,cityscapes,streetViewData\test\cityscapes\mask\weimar_000136_000019.png,streetViewData\test\cityscapes\img\weimar_000136_000019.png
3349,test,cityscapes,streetViewData\test\cityscapes\mask\weimar_000137_000019.png,streetViewData\test\cityscapes\img\weimar_000137_000019.png
3350,test,cityscapes,streetViewData\test\cityscapes\mask\weimar_000138_000019.png,streetViewData\test\cityscapes\img\weimar_000138_000019.png
3351,test,cityscapes,streetViewData\test\cityscapes\mask\weimar_000139_000019.png,streetViewData\test\cityscapes\img\weimar_000139_000019.png
3352,test,cityscapes,streetViewData\test\cityscapes\mask\weimar_000140_000019.png,streetViewData\test\cityscapes\img\weimar_000140_000019.png
3353,test,cityscapes,streetViewData\test\cityscapes\mask\weimar_000141_000019.png,streetViewData\test\cityscapes\img\weimar_000141_000019.png
3354,test,cityscapes,streetViewData\test\cityscapes\mask\zurich_000000_000019.png,streetViewData\test\cityscapes\img\zurich_000000_000019.png
3355,test,cityscapes,streetViewData\test\cityscapes\mask\zurich_000001_000019.png,streetViewData\test\cityscapes\img\zurich_000001_000019.png
3356,test,cityscapes,streetViewData\test\cityscapes\mask\zurich_000002_000019.png,streetViewData\test\cityscapes\img\zurich_000002_000019.png
3357,test,cityscapes,streetViewData\test\cityscapes\mask\zurich_000003_000019.png,streetViewData\test\cityscapes\img\zurich_000003_000019.png
3358,test,cityscapes,streetViewData\test\cityscapes\mask\zurich_000004_000019.png,streetViewData\test\cityscapes\img\zurich_000004_000019.png
3359,test,cityscapes,streetViewData\test\cityscapes\mask\zurich_000005_000019.png,streetViewData\test\cityscapes\img\zurich_000005_000019.png
3360,test,cityscapes,streetViewData\test\cityscapes\mask\zurich_000006_000019.png,streetViewData\test\cityscapes\img\zurich_000006_000019.png
3361,test,cityscapes,streetViewData\test\cityscapes\mask\zurich_000007_000019.png,streetViewData\test\cityscapes\img\zurich_000007_000019.png
3362,test,cityscapes,streetViewData\test\cityscapes\mask\zurich_000008_000019.png,streetViewData\test\cityscapes\img\zurich_000008_000019.png
3363,test,cityscapes,streetViewData\test\cityscapes\mask\zurich_000009_000019.png,streetViewData\test\cityscapes\img\zurich_000009_000019.png
3364,test,cityscapes,streetViewData\test\cityscapes\mask\zurich_000010_000019.png,streetViewData\test\cityscapes\img\zurich_000010_000019.png
3365,test,cityscapes,streetViewData\test\cityscapes\mask\zurich_000011_000019.png,streetViewData\test\cityscapes\img\zurich_000011_000019.png
3366,test,cityscapes,streetViewData\test\cityscapes\mask\zurich_000012_000019.png,streetViewData\test\cityscapes\img\zurich_000012_000019.png
3367,test,cityscapes,streetViewData\test\cityscapes\mask\zurich_000013_000019.png,streetViewData\test\cityscapes\img\zurich_000013_000019.png
3368,test,cityscapes,streetViewData\test\cityscapes\mask\zurich_000014_000019.png,streetViewData\test\cityscapes\img\zurich_000014_000019.png
3369,test,cityscapes,streetViewData\test\cityscapes\mask\zurich_000015_000019.png,streetViewData\test\cityscapes\img\zurich_000015_000019.png
3370,test,cityscapes,streetViewData\test\cityscapes\mask\zurich_000016_000019.png,streetViewData\test\cityscapes\img\zurich_000016_000019.png
3371,test,cityscapes,streetViewData\test\cityscapes\mask\zurich_000017_000019.png,streetViewData\test\cityscapes\img\zurich_000017_000019.png
3372,test,cityscapes,streetViewData\test\cityscapes\mask\zurich_000018_000019.png,streetViewData\test\cityscapes\img\zurich_000018_000019.png
3373,test,cityscapes,streetViewData\test\cityscapes\mask\zurich_000019_000019.png,streetViewData\test\cityscapes\img\zurich_000019_000019.png
3374,test,cityscapes,streetViewData\test\cityscapes\mask\zurich_000020_000019.png,streetViewData\test\cityscapes\img\zurich_000020_000019.png
3375,test,cityscapes,streetViewData\test\cityscapes\mask\zurich_000021_000019.png,streetViewData\test\cityscapes\img\zurich_000021_000019.png
3376,test,cityscapes,streetViewData\test\cityscapes\mask\zurich_000022_000019.png,streetViewData\test\cityscapes\img\zurich_000022_000019.png
3377,test,cityscapes,streetViewData\test\cityscapes\mask\zurich_000023_000019.png,streetViewData\test\cityscapes\img\zurich_000023_000019.png
3378,test,cityscapes,streetViewData\test\cityscapes\mask\zurich_000024_000019.png,streetViewData\test\cityscapes\img\zurich_000024_000019.png
3379,test,cityscapes,streetViewData\test\cityscapes\mask\zurich_000025_000019.png,streetViewData\test\cityscapes\img\zurich_000025_000019.png
3380,test,cityscapes,streetViewData\test\cityscapes\mask\zurich_000026_000019.png,streetViewData\test\cityscapes\img\zurich_000026_000019.png
3381,test,cityscapes,streetViewData\test\cityscapes\mask\zurich_000027_000019.png,streetViewData\test\cityscapes\img\zurich_000027_000019.png
3382,test,cityscapes,streetViewData\test\cityscapes\mask\zurich_000028_000019.png,streetViewData\test\cityscapes\img\zurich_000028_000019.png
3383,test,cityscapes,streetViewData\test\cityscapes\mask\zurich_000029_000019.png,streetViewData\test\cityscapes\img\zurich_000029_000019.png
3384,test,cityscapes,streetViewData\test\cityscapes\mask\zurich_000030_000019.png,streetViewData\test\cityscapes\img\zurich_000030_000019.png
3385,test,cityscapes,streetViewData\test\cityscapes\mask\zurich_000031_000019.png,streetViewData\test\cityscapes\img\zurich_000031_000019.png
3386,test,cityscapes,streetViewData\test\cityscapes\mask\zurich_000032_000019.png,streetViewData\test\cityscapes\img\zurich_000032_000019.png
3387,test,cityscapes,streetViewData\test\cityscapes\mask\zurich_000033_000019.png,streetViewData\test\cityscapes\img\zurich_000033_000019.png
3388,test,cityscapes,streetViewData\test\cityscapes\mask\zurich_000034_000019.png,streetViewData\test\cityscapes\img\zurich_000034_000019.png
3389,test,cityscapes,streetViewData\test\cityscapes\mask\zurich_000035_000019.png,streetViewData\test\cityscapes\img\zurich_000035_000019.png
3390,test,cityscapes,streetViewData\test\cityscapes\mask\zurich_000036_000019.png,streetViewData\test\cityscapes\img\zurich_000036_000019.png
3391,test,cityscapes,streetViewData\test\cityscapes\mask\zurich_000037_000019.png,streetViewData\test\cityscapes\img\zurich_000037_000019.png
3392,test,cityscapes,streetViewData\test\cityscapes\mask\zurich_000038_000019.png,streetViewData\test\cityscapes\img\zurich_000038_000019.png
3393,test,cityscapes,streetViewData\test\cityscapes\mask\zurich_000039_000019.png,streetViewData\test\cityscapes\img\zurich_000039_000019.png
3394,test,cityscapes,streetViewData\test\cityscapes\mask\zurich_000040_000019.png,streetViewData\test\cityscapes\img\zurich_000040_000019.png
3395,test,cityscapes,streetViewData\test\cityscapes\mask\zurich_000041_000019.png,streetViewData\test\cityscapes\img\zurich_000041_000019.png
3396,test,cityscapes,streetViewData\test\cityscapes\mask\zurich_000042_000019.png,streetViewData\test\cityscapes\img\zurich_000042_000019.png
3397,test,cityscapes,streetViewData\test\cityscapes\mask\zurich_000043_000019.png,streetViewData\test\cityscapes\img\zurich_000043_000019.png
3398,test,cityscapes,streetViewData\test\cityscapes\mask\zurich_000044_000019.png,streetViewData\test\cityscapes\img\zurich_000044_000019.png
3399,test,cityscapes,streetViewData\test\cityscapes\mask\zurich_000045_000019.png,streetViewData\test\cityscapes\img\zurich_000045_000019.png
3400,test,cityscapes,streetViewData\test\cityscapes\mask\zurich_000046_000019.png,streetViewData\test\cityscapes\img\zurich_000046_000019.png
3401,test,cityscapes,streetViewData\test\cityscapes\mask\zurich_000047_000019.png,streetViewData\test\cityscapes\img\zurich_000047_000019.png
3402,test,cityscapes,streetViewData\test\cityscapes\mask\zurich_000048_000019.png,streetViewData\test\cityscapes\img\zurich_000048_000019.png
3403,test,cityscapes,streetViewData\test\cityscapes\mask\zurich_000049_000019.png,streetViewData\test\cityscapes\img\zurich_000049_000019.png
3404,test,cityscapes,streetViewData\test\cityscapes\mask\zurich_000050_000019.png,streetViewData\test\cityscapes\img\zurich_000050_000019.png
3405,test,cityscapes,streetViewData\test\cityscapes\mask\zurich_000051_000019.png,streetViewData\test\cityscapes\img\zurich_000051_000019.png
3406,test,cityscapes,streetViewData\test\cityscapes\mask\zurich_000052_000019.png,streetViewData\test\cityscapes\img\zurich_000052_000019.png
3407,test,cityscapes,streetViewData\test\cityscapes\mask\zurich_000053_000019.png,streetViewData\test\cityscapes\img\zurich_000053_000019.png
3408,test,cityscapes,streetViewData\test\cityscapes\mask\zurich_000054_000019.png,streetViewData\test\cityscapes\img\zurich_000054_000019.png
3409,test,cityscapes,streetViewData\test\cityscapes\mask\zurich_000055_000019.png,streetViewData\test\cityscapes\img\zurich_000055_000019.png
3410,test,cityscapes,streetViewData\test\cityscapes\mask\zurich_000056_000019.png,streetViewData\test\cityscapes\img\zurich_000056_000019.png
3411,test,cityscapes,streetViewData\test\cityscapes\mask\zurich_000057_000019.png,streetViewData\test\cityscapes\img\zurich_000057_000019.png
3412,test,cityscapes,streetViewData\test\cityscapes\mask\zurich_000058_000019.png,streetViewData\test\cityscapes\img\zurich_000058_000019.png
3413,test,cityscapes,streetViewData\test\cityscapes\mask\zurich_000059_000019.png,streetViewData\test\cityscapes\img\zurich_000059_000019.png
3414,test,cityscapes,streetViewData\test\cityscapes\mask\zurich_000060_000019.png,streetViewData\test\cityscapes\img\zurich_000060_000019.png
3415,test,cityscapes,streetViewData\test\cityscapes\mask\zurich_000061_000019.png,streetViewData\test\cityscapes\img\zurich_000061_000019.png
3416,test,cityscapes,streetViewData\test\cityscapes\mask\zurich_000062_000019.png,streetViewData\test\cityscapes\img\zurich_000062_000019.png
3417,test,cityscapes,streetViewData\test\cityscapes\mask\zurich_000063_000019.png,streetViewData\test\cityscapes\img\zurich_000063_000019.png
3418,test,cityscapes,streetViewData\test\cityscapes\mask\zurich_000064_000019.png,streetViewData\test\cityscapes\img\zurich_000064_000019.png
3419,test,cityscapes,streetViewData\test\cityscapes\mask\zurich_000065_000019.png,streetViewData\test\cityscapes\img\zurich_000065_000019.png
3420,test,cityscapes,streetViewData\test\cityscapes\mask\zurich_000066_000019.png,streetViewData\test\cityscapes\img\zurich_000066_000019.png
3421,test,cityscapes,streetViewData\test\cityscapes\mask\zurich_000067_000019.png,streetViewData\test\cityscapes\img\zurich_000067_000019.png
3422,test,cityscapes,streetViewData\test\cityscapes\mask\zurich_000068_000019.png,streetViewData\test\cityscapes\img\zurich_000068_000019.png
3423,test,cityscapes,streetViewData\test\cityscapes\mask\zurich_000069_000019.png,streetViewData\test\cityscapes\img\zurich_000069_000019.png
3424,test,cityscapes,streetViewData\test\cityscapes\mask\zurich_000070_000019.png,streetViewData\test\cityscapes\img\zurich_000070_000019.png
3425,test,cityscapes,streetViewData\test\cityscapes\mask\zurich_000071_000019.png,streetViewData\test\cityscapes\img\zurich_000071_000019.png
3426,test,cityscapes,streetViewData\test\cityscapes\mask\zurich_000072_000019.png,streetViewData\test\cityscapes\img\zurich_000072_000019.png
3427,test,cityscapes,streetViewData\test\cityscapes\mask\zurich_000073_000019.png,streetViewData\test\cityscapes\img\zurich_000073_000019.png
3428,test,cityscapes,streetViewData\test\cityscapes\mask\zurich_000074_000019.png,streetViewData\test\cityscapes\img\zurich_000074_000019.png
3429,test,cityscapes,streetViewData\test\cityscapes\mask\zurich_000075_000019.png,streetViewData\test\cityscapes\img\zurich_000075_000019.png
3430,test,cityscapes,streetViewData\test\cityscapes\mask\zurich_000076_000019.png,streetViewData\test\cityscapes\img\zurich_000076_000019.png
3431,test,cityscapes,streetViewData\test\cityscapes\mask\zurich_000077_000019.png,streetViewData\test\cityscapes\img\zurich_000077_000019.png
3432,test,cityscapes,streetViewData\test\cityscapes\mask\zurich_000078_000019.png,streetViewData\test\cityscapes\img\zurich_000078_000019.png
3433,test,cityscapes,streetViewData\test\cityscapes\mask\zurich_000079_000019.png,streetViewData\test\cityscapes\img\zurich_000079_000019.png
3434,test,cityscapes,streetViewData\test\cityscapes\mask\zurich_000080_000019.png,streetViewData\test\cityscapes\img\zurich_000080_000019.png
3435,test,cityscapes,streetViewData\test\cityscapes\mask\zurich_000081_000019.png,streetViewData\test\cityscapes\img\zurich_000081_000019.png
3436,test,cityscapes,streetViewData\test\cityscapes\mask\zurich_000082_000019.png,streetViewData\test\cityscapes\img\zurich_000082_000019.png
3437,test,cityscapes,streetViewData\test\cityscapes\mask\zurich_000083_000019.png,streetViewData\test\cityscapes\img\zurich_000083_000019.png
3438,test,cityscapes,streetViewData\test\cityscapes\mask\zurich_000084_000019.png,streetViewData\test\cityscapes\img\zurich_000084_000019.png
3439,test,cityscapes,streetViewData\test\cityscapes\mask\zurich_000085_000019.png,streetViewData\test\cityscapes\img\zurich_000085_000019.png
3440,test,cityscapes,streetViewData\test\cityscapes\mask\zurich_000086_000019.png,streetViewData\test\cityscapes\img\zurich_000086_000019.png
3441,test,cityscapes,streetViewData\test\cityscapes\mask\zurich_000087_000019.png,streetViewData\test\cityscapes\img\zurich_000087_000019.png
3442,test,cityscapes,streetViewData\test\cityscapes\mask\zurich_000088_000019.png,streetViewData\test\cityscapes\img\zurich_000088_000019.png
3443,test,cityscapes,streetViewData\test\cityscapes\mask\zurich_000089_000019.png,streetViewData\test\cityscapes\img\zurich_000089_000019.png
3444,test,cityscapes,streetViewData\test\cityscapes\mask\zurich_000090_000019.png,streetViewData\test\cityscapes\img\zurich_000090_000019.png
3445,test,cityscapes,streetViewData\test\cityscapes\mask\zurich_000091_000019.png,streetViewData\test\cityscapes\img\zurich_000091_000019.png
3446,test,cityscapes,streetViewData\test\cityscapes\mask\zurich_000092_000019.png,streetViewData\test\cityscapes\img\zurich_000092_000019.png
3447,test,cityscapes,streetViewData\test\cityscapes\mask\zurich_000093_000019.png,streetViewData\test\cityscapes\img\zurich_000093_000019.png
3448,test,cityscapes,streetViewData\test\cityscapes\mask\zurich_000094_000019.png,streetViewData\test\cityscapes\img\zurich_000094_000019.png
3449,test,cityscapes,streetViewData\test\cityscapes\mask\zurich_000095_000019.png,streetViewData\test\cityscapes\img\zurich_000095_000019.png
3450,test,cityscapes,streetViewData\test\cityscapes\mask\zurich_000096_000019.png,streetViewData\test\cityscapes\img\zurich_000096_000019.png
3451,test,cityscapes,streetViewData\test\cityscapes\mask\zurich_000097_000019.png,streetViewData\test\cityscapes\img\zurich_000097_000019.png
3452,test,cityscapes,streetViewData\test\cityscapes\mask\zurich_000098_000019.png,streetViewData\test\cityscapes\img\zurich_000098_000019.png
3453,test,cityscapes,streetViewData\test\cityscapes\mask\zurich_000099_000019.png,streetViewData\test\cityscapes\img\zurich_000099_000019.png
3454,test,cityscapes,streetViewData\test\cityscapes\mask\zurich_000100_000019.png,streetViewData\test\cityscapes\img\zurich_000100_000019.png
3455,test,cityscapes,streetViewData\test\cityscapes\mask\zurich_000101_000019.png,streetViewData\test\cityscapes\img\zurich_000101_000019.png
3456,test,cityscapes,streetViewData\test\cityscapes\mask\zurich_000102_000019.png,streetViewData\test\cityscapes\img\zurich_000102_000019.png
3457,test,cityscapes,streetViewData\test\cityscapes\mask\zurich_000103_000019.png,streetViewData\test\cityscapes\img\zurich_000103_000019.png
3458,test,cityscapes,streetViewData\test\cityscapes\mask\zurich_000104_000019.png,streetViewData\test\cityscapes\img\zurich_000104_000019.png
3459,test,cityscapes,streetViewData\test\cityscapes\mask\zurich_000105_000019.png,streetViewData\test\cityscapes\img\zurich_000105_000019.png
3460,test,cityscapes,streetViewData\test\cityscapes\mask\zurich_000106_000019.png,streetViewData\test\cityscapes\img\zurich_000106_000019.png
3461,test,cityscapes,streetViewData\test\cityscapes\mask\zurich_000107_000019.png,streetViewData\test\cityscapes\img\zurich_000107_000019.png
3462,test,cityscapes,streetViewData\test\cityscapes\mask\zurich_000108_000019.png,streetViewData\test\cityscapes\img\zurich_000108_000019.png
3463,test,cityscapes,streetViewData\test\cityscapes\mask\zurich_000109_000019.png,streetViewData\test\cityscapes\img\zurich_000109_000019.png
3464,test,cityscapes,streetViewData\test\cityscapes\mask\zurich_000110_000019.png,streetViewData\test\cityscapes\img\zurich_000110_000019.png
3465,test,cityscapes,streetViewData\test\cityscapes\mask\zurich_000111_000019.png,streetViewData\test\cityscapes\img\zurich_000111_000019.png
3466,test,cityscapes,streetViewData\test\cityscapes\mask\zurich_000112_000019.png,streetViewData\test\cityscapes\img\zurich_000112_000019.png
3467,test,cityscapes,streetViewData\test\cityscapes\mask\zurich_000113_000019.png,streetViewData\test\cityscapes\img\zurich_000113_000019.png
3468,test,cityscapes,streetViewData\test\cityscapes\mask\zurich_000114_000019.png,streetViewData\test\cityscapes\img\zurich_000114_000019.png
3469,test,cityscapes,streetViewData\test\cityscapes\mask\zurich_000115_000019.png,streetViewData\test\cityscapes\img\zurich_000115_000019.png
3470,test,cityscapes,streetViewData\test\cityscapes\mask\zurich_000116_000019.png,streetViewData\test\cityscapes\img\zurich_000116_000019.png
3471,test,cityscapes,streetViewData\test\cityscapes\mask\zurich_000117_000019.png,streetViewData\test\cityscapes\img\zurich_000117_000019.png
3472,test,cityscapes,streetViewData\test\cityscapes\mask\zurich_000118_000019.png,streetViewData\test\cityscapes\img\zurich_000118_000019.png
3473,test,cityscapes,streetViewData\test\cityscapes\mask\zurich_000119_000019.png,streetViewData\test\cityscapes\img\zurich_000119_000019.png
3474,test,cityscapes,streetViewData\test\cityscapes\mask\zurich_000120_000019.png,streetViewData\test\cityscapes\img\zurich_000120_000019.png
3475,test,cityscapes,streetViewData\test\cityscapes\mask\zurich_000121_000019.png,streetViewData\test\cityscapes\img\zurich_000121_000019.png
