sample_id,split,source_dataset,mask_path,img_path
1,train,cityscapes,streetViewData\train\cityscapes\mask\strasbourg_000000_029339.png,streetViewData\train\cityscapes\img\strasbourg_000000_029339.png
2,train,cityscapes,streetViewData\train\cityscapes\mask\cologne_000132_000019.png,streetViewData\train\cityscapes\img\cologne_000132_000019.png
3,train,cityscapes,streetViewData\train\cityscapes\mask\bochum_000000_021070.png,streetViewData\train\cityscapes\img\bochum_000000_021070.png
4,train,cityscapes,streetViewData\train\cityscapes\mask\strasbourg_000001_052050.png,streetViewData\train\cityscapes\img\strasbourg_000001_052050.png
5,train,cityscapes,streetViewData\train\cityscapes\mask\hamburg_000000_059339.png,streetViewData\train\cityscapes\img\hamburg_000000_059339.png
6,train,cityscapes,streetViewData\train\cityscapes\mask\hamburg_000000_036427.png,streetViewData\train\cityscapes\img\hamburg_000000_036427.png
7,train,cityscapes,streetViewData\train\cityscapes\mask\hamburg_000000_008221.png,streetViewData\train\cityscapes\img\hamburg_000000_008221.png
8,train,cityscapes,streetViewData\train\cityscapes\mask\darmstadt_000035_000019.png,streetViewData\train\cityscapes\img\darmstadt_000035_000019.png
9,train,cityscapes,streetViewData\train\cityscapes\mask\strasbourg_000001_049776.png,streetViewData\train\cityscapes\img\strasbourg_000001_049776.png
10,train,cityscapes,streetViewData\train\cityscapes\mask\cologne_000113_000019.png,streetViewData\train\cityscapes\img\cologne_000113_000019.png
11,train,cityscapes,streetViewData\train\cityscapes\mask\strasbourg_000001_009618.png,streetViewData\train\cityscapes\img\strasbourg_000001_009618.png
12,train,cityscapes,streetViewData\train\cityscapes\mask\strasbourg_000001_051877.png,streetViewData\train\cityscapes\img\strasbourg_000001_051877.png
13,train,cityscapes,streetViewData\train\cityscapes\mask\tubingen_000066_000019.png,streetViewData\train\cityscapes\img\tubingen_000066_000019.png
14,train,cityscapes,streetViewData\train\cityscapes\mask\monchengladbach_000000_005686.png,streetViewData\train\cityscapes\img\monchengladbach_000000_005686.png
15,train,cityscapes,streetViewData\train\cityscapes\mask\cologne_000082_000019.png,streetViewData\train\cityscapes\img\cologne_000082_000019.png
16,train,cityscapes,streetViewData\train\cityscapes\mask\strasbourg_000000_004248.png,streetViewData\train\cityscapes\img\strasbourg_000000_004248.png
17,train,cityscapes,streetViewData\train\cityscapes\mask\hanover_000000_051536.png,streetViewData\train\cityscapes\img\hanover_000000_051536.png
18,train,cityscapes,streetViewData\train\cityscapes\mask\bochum_000000_024717.png,streetViewData\train\cityscapes\img\bochum_000000_024717.png
19,train,cityscapes,streetViewData\train\cityscapes\mask\bochum_000000_023648.png,streetViewData\train\cityscapes\img\bochum_000000_023648.png
20,train,cityscapes,streetViewData\train\cityscapes\mask\cologne_000095_000019.png,streetViewData\train\cityscapes\img\cologne_000095_000019.png
21,train,cityscapes,streetViewData\train\cityscapes\mask\hamburg_000000_001613.png,streetViewData\train\cityscapes\img\hamburg_000000_001613.png
22,train,cityscapes,streetViewData\train\cityscapes\mask\hamburg_000000_022524.png,streetViewData\train\cityscapes\img\hamburg_000000_022524.png
23,train,cityscapes,streetViewData\train\cityscapes\mask\krefeld_000000_011655.png,streetViewData\train\cityscapes\img\krefeld_000000_011655.png
24,train,cityscapes,streetViewData\train\cityscapes\mask\strasbourg_000000_011225.png,streetViewData\train\cityscapes\img\strasbourg_000000_011225.png
25,train,cityscapes,streetViewData\train\cityscapes\mask\bochum_000000_021479.png,streetViewData\train\cityscapes\img\bochum_000000_021479.png
26,train,cityscapes,streetViewData\train\cityscapes\mask\monchengladbach_000000_019682.png,streetViewData\train\cityscapes\img\monchengladbach_000000_019682.png
27,train,cityscapes,streetViewData\train\cityscapes\mask\erfurt_000072_000019.png,streetViewData\train\cityscapes\img\erfurt_000072_000019.png
28,train,cityscapes,streetViewData\train\cityscapes\mask\strasbourg_000001_036232.png,streetViewData\train\cityscapes\img\strasbourg_000001_036232.png
29,train,cityscapes,streetViewData\train\cityscapes\mask\strasbourg_000000_033129.png,streetViewData\train\cityscapes\img\strasbourg_000000_033129.png
30,train,cityscapes,streetViewData\train\cityscapes\mask\strasbourg_000001_027097.png,streetViewData\train\cityscapes\img\strasbourg_000001_027097.png
31,train,cityscapes,streetViewData\train\cityscapes\mask\ulm_000081_000019.png,streetViewData\train\cityscapes\img\ulm_000081_000019.png
32,train,cityscapes,streetViewData\train\cityscapes\mask\hanover_000000_050228.png,streetViewData\train\cityscapes\img\hanover_000000_050228.png
33,train,cityscapes,streetViewData\train\cityscapes\mask\hamburg_000000_003904.png,streetViewData\train\cityscapes\img\hamburg_000000_003904.png
34,train,cityscapes,streetViewData\train\cityscapes\mask\jena_000031_000019.png,streetViewData\train\cityscapes\img\jena_000031_000019.png
35,train,cityscapes,streetViewData\train\cityscapes\mask\strasbourg_000000_003632.png,streetViewData\train\cityscapes\img\strasbourg_000000_003632.png
36,train,cityscapes,streetViewData\train\cityscapes\mask\hamburg_000000_061468.png,streetViewData\train\cityscapes\img\hamburg_000000_061468.png
37,train,cityscapes,streetViewData\train\cityscapes\mask\stuttgart_000092_000019.png,streetViewData\train\cityscapes\img\stuttgart_000092_000019.png
38,train,cityscapes,streetViewData\train\cityscapes\mask\tubingen_000019_000019.png,streetViewData\train\cityscapes\img\tubingen_000019_000019.png
39,train,cityscapes,streetViewData\train\cityscapes\mask\bochum_000000_004748.png,streetViewData\train\cityscapes\img\bochum_000000_004748.png
40,train,cityscapes,streetViewData\train\cityscapes\mask\strasbourg_000001_061472.png,streetViewData\train\cityscapes\img\strasbourg_000001_061472.png
41,train,cityscapes,streetViewData\train\cityscapes\mask\stuttgart_000085_000019.png,streetViewData\train\cityscapes\img\stuttgart_000085_000019.png
42,train,cityscapes,streetViewData\train\cityscapes\mask\darmstadt_000076_000019.png,streetViewData\train\cityscapes\img\darmstadt_000076_000019.png
43,train,cityscapes,streetViewData\train\cityscapes\mask\strasbourg_000001_024701.png,streetViewData\train\cityscapes\img\strasbourg_000001_024701.png
44,train,cityscapes,streetViewData\train\cityscapes\mask\hanover_000000_051842.png,streetViewData\train\cityscapes\img\hanover_000000_051842.png
45,train,cityscapes,streetViewData\train\cityscapes\mask\hanover_000000_001620.png,streetViewData\train\cityscapes\img\hanover_000000_001620.png
46,train,cityscapes,streetViewData\train\cityscapes\mask\ulm_000059_000019.png,streetViewData\train\cityscapes\img\ulm_000059_000019.png
47,train,cityscapes,streetViewData\train\cityscapes\mask\darmstadt_000068_000019.png,streetViewData\train\cityscapes\img\darmstadt_000068_000019.png
48,train,cityscapes,streetViewData\train\cityscapes\mask\erfurt_000105_000019.png,streetViewData\train\cityscapes\img\erfurt_000105_000019.png
49,train,cityscapes,streetViewData\train\cityscapes\mask\strasbourg_000001_065214.png,streetViewData\train\cityscapes\img\strasbourg_000001_065214.png
50,train,cityscapes,streetViewData\train\cityscapes\mask\hamburg_000000_105464.png,streetViewData\train\cityscapes\img\hamburg_000000_105464.png
51,train,cityscapes,streetViewData\train\cityscapes\mask\ulm_000085_000019.png,streetViewData\train\cityscapes\img\ulm_000085_000019.png
52,train,cityscapes,streetViewData\train\cityscapes\mask\cologne_000093_000019.png,streetViewData\train\cityscapes\img\cologne_000093_000019.png
53,train,cityscapes,streetViewData\train\cityscapes\mask\hanover_000000_028460.png,streetViewData\train\cityscapes\img\hanover_000000_028460.png
54,train,cityscapes,streetViewData\train\cityscapes\mask\cologne_000102_000019.png,streetViewData\train\cityscapes\img\cologne_000102_000019.png
55,train,cityscapes,streetViewData\train\cityscapes\mask\hanover_000000_015587.png,streetViewData\train\cityscapes\img\hanover_000000_015587.png
56,train,cityscapes,streetViewData\train\cityscapes\mask\stuttgart_000170_000019.png,streetViewData\train\cityscapes\img\stuttgart_000170_000019.png
57,train,cityscapes,streetViewData\train\cityscapes\mask\hanover_000000_004646.png,streetViewData\train\cityscapes\img\hanover_000000_004646.png
58,train,cityscapes,streetViewData\train\cityscapes\mask\strasbourg_000000_013223.png,streetViewData\train\cityscapes\img\strasbourg_000000_013223.png
59,train,cityscapes,streetViewData\train\cityscapes\mask\hamburg_000000_050160.png,streetViewData\train\cityscapes\img\hamburg_000000_050160.png
60,train,cityscapes,streetViewData\train\cityscapes\mask\stuttgart_000087_000019.png,streetViewData\train\cityscapes\img\stuttgart_000087_000019.png
61,train,cityscapes,streetViewData\train\cityscapes\mask\bochum_000000_034936.png,streetViewData\train\cityscapes\img\bochum_000000_034936.png
62,train,cityscapes,streetViewData\train\cityscapes\mask\strasbourg_000001_044219.png,streetViewData\train\cityscapes\img\strasbourg_000001_044219.png
63,train,cityscapes,streetViewData\train\cityscapes\mask\jena_000052_000019.png,streetViewData\train\cityscapes\img\jena_000052_000019.png
64,train,cityscapes,streetViewData\train\cityscapes\mask\krefeld_000000_033478.png,streetViewData\train\cityscapes\img\krefeld_000000_033478.png
65,train,cityscapes,streetViewData\train\cityscapes\mask\darmstadt_000005_000019.png,streetViewData\train\cityscapes\img\darmstadt_000005_000019.png
66,train,cityscapes,streetViewData\train\cityscapes\mask\tubingen_000127_000019.png,streetViewData\train\cityscapes\img\tubingen_000127_000019.png
67,train,cityscapes,streetViewData\train\cityscapes\mask\hanover_000000_027766.png,streetViewData\train\cityscapes\img\hanover_000000_027766.png
68,train,cityscapes,streetViewData\train\cityscapes\mask\cologne_000065_000019.png,streetViewData\train\cityscapes\img\cologne_000065_000019.png
69,train,cityscapes,streetViewData\train\cityscapes\mask\monchengladbach_000000_010860.png,streetViewData\train\cityscapes\img\monchengladbach_000000_010860.png
70,train,cityscapes,streetViewData\train\cityscapes\mask\hamburg_000000_071675.png,streetViewData\train\cityscapes\img\hamburg_000000_071675.png
71,train,cityscapes,streetViewData\train\cityscapes\mask\stuttgart_000133_000019.png,streetViewData\train\cityscapes\img\stuttgart_000133_000019.png
72,train,cityscapes,streetViewData\train\cityscapes\mask\strasbourg_000000_025351.png,streetViewData\train\cityscapes\img\strasbourg_000000_025351.png
73,train,cityscapes,streetViewData\train\cityscapes\mask\strasbourg_000000_018358.png,streetViewData\train\cityscapes\img\strasbourg_000000_018358.png
74,train,cityscapes,streetViewData\train\cityscapes\mask\tubingen_000052_000019.png,streetViewData\train\cityscapes\img\tubingen_000052_000019.png
75,train,cityscapes,streetViewData\train\cityscapes\mask\tubingen_000003_000019.png,streetViewData\train\cityscapes\img\tubingen_000003_000019.png
76,train,cityscapes,streetViewData\train\cityscapes\mask\hanover_000000_018213.png,streetViewData\train\cityscapes\img\hanover_000000_018213.png
77,train,cityscapes,streetViewData\train\cityscapes\mask\monchengladbach_000000_033454.png,streetViewData\train\cityscapes\img\monchengladbach_000000_033454.png
78,train,cityscapes,streetViewData\train\cityscapes\mask\erfurt_000058_000019.png,streetViewData\train\cityscapes\img\erfurt_000058_000019.png
79,train,cityscapes,streetViewData\train\cityscapes\mask\strasbourg_000001_030120.png,streetViewData\train\cityscapes\img\strasbourg_000001_030120.png
80,train,cityscapes,streetViewData\train\cityscapes\mask\cologne_000046_000019.png,streetViewData\train\cityscapes\img\cologne_000046_000019.png
81,train,cityscapes,streetViewData\train\cityscapes\mask\bochum_000000_037829.png,streetViewData\train\cityscapes\img\bochum_000000_037829.png
82,train,cityscapes,streetViewData\train\cityscapes\mask\strasbourg_000001_002354.png,streetViewData\train\cityscapes\img\strasbourg_000001_002354.png
83,train,cityscapes,streetViewData\train\cityscapes\mask\hamburg_000000_016928.png,streetViewData\train\cityscapes\img\hamburg_000000_016928.png
84,train,cityscapes,streetViewData\train\cityscapes\mask\stuttgart_000018_000019.png,streetViewData\train\cityscapes\img\stuttgart_000018_000019.png
85,train,cityscapes,streetViewData\train\cityscapes\mask\hamburg_000000_069096.png,streetViewData\train\cityscapes\img\hamburg_000000_069096.png
86,train,cityscapes,streetViewData\train\cityscapes\mask\cologne_000067_000019.png,streetViewData\train\cityscapes\img\cologne_000067_000019.png
87,train,cityscapes,streetViewData\train\cityscapes\mask\stuttgart_000186_000019.png,streetViewData\train\cityscapes\img\stuttgart_000186_000019.png
88,train,cityscapes,streetViewData\train\cityscapes\mask\ulm_000073_000019.png,streetViewData\train\cityscapes\img\ulm_000073_000019.png
89,train,cityscapes,streetViewData\train\cityscapes\mask\tubingen_000013_000019.png,streetViewData\train\cityscapes\img\tubingen_000013_000019.png
90,train,cityscapes,streetViewData\train\cityscapes\mask\cologne_000110_000019.png,streetViewData\train\cityscapes\img\cologne_000110_000019.png
91,train,cityscapes,streetViewData\train\cityscapes\mask\ulm_000042_000019.png,streetViewData\train\cityscapes\img\ulm_000042_000019.png
92,train,cityscapes,streetViewData\train\cityscapes\mask\ulm_000049_000019.png,streetViewData\train\cityscapes\img\ulm_000049_000019.png
93,train,cityscapes,streetViewData\train\cityscapes\mask\jena_000040_000019.png,streetViewData\train\cityscapes\img\jena_000040_000019.png
94,train,cityscapes,streetViewData\train\cityscapes\mask\strasbourg_000000_028556.png,streetViewData\train\cityscapes\img\strasbourg_000000_028556.png
95,train,cityscapes,streetViewData\train\cityscapes\mask\stuttgart_000143_000019.png,streetViewData\train\cityscapes\img\stuttgart_000143_000019.png
96,train,cityscapes,streetViewData\train\cityscapes\mask\hanover_000000_019938.png,streetViewData\train\cityscapes\img\hanover_000000_019938.png
97,train,cityscapes,streetViewData\train\cityscapes\mask\darmstadt_000083_000019.png,streetViewData\train\cityscapes\img\darmstadt_000083_000019.png
98,train,cityscapes,streetViewData\train\cityscapes\mask\hanover_000000_024276.png,streetViewData\train\cityscapes\img\hanover_000000_024276.png
99,train,cityscapes,streetViewData\train\cityscapes\mask\hanover_000000_012675.png,streetViewData\train\cityscapes\img\hanover_000000_012675.png
100,train,cityscapes,streetViewData\train\cityscapes\mask\erfurt_000094_000019.png,streetViewData\train\cityscapes\img\erfurt_000094_000019.png
101,train,cityscapes,streetViewData\train\cityscapes\mask\strasbourg_000001_006562.png,streetViewData\train\cityscapes\img\strasbourg_000001_006562.png
102,train,cityscapes,streetViewData\train\cityscapes\mask\hamburg_000000_053486.png,streetViewData\train\cityscapes\img\hamburg_000000_053486.png
103,train,cityscapes,streetViewData\train\cityscapes\mask\strasbourg_000001_028379.png,streetViewData\train\cityscapes\img\strasbourg_000001_028379.png
104,train,cityscapes,streetViewData\train\cityscapes\mask\strasbourg_000001_014258.png,streetViewData\train\cityscapes\img\strasbourg_000001_014258.png
105,train,cityscapes,streetViewData\train\cityscapes\mask\strasbourg_000000_032346.png,streetViewData\train\cityscapes\img\strasbourg_000000_032346.png
106,train,cityscapes,streetViewData\train\cityscapes\mask\cologne_000050_000019.png,streetViewData\train\cityscapes\img\cologne_000050_000019.png
107,train,cityscapes,streetViewData\train\cityscapes\mask\strasbourg_000000_014584.png,streetViewData\train\cityscapes\img\strasbourg_000000_014584.png
108,train,cityscapes,streetViewData\train\cityscapes\mask\strasbourg_000000_028240.png,streetViewData\train\cityscapes\img\strasbourg_000000_028240.png
109,train,cityscapes,streetViewData\train\cityscapes\mask\erfurt_000015_000019.png,streetViewData\train\cityscapes\img\erfurt_000015_000019.png
110,train,cityscapes,streetViewData\train\cityscapes\mask\krefeld_000000_030701.png,streetViewData\train\cityscapes\img\krefeld_000000_030701.png
111,train,cityscapes,streetViewData\train\cityscapes\mask\strasbourg_000001_043886.png,streetViewData\train\cityscapes\img\strasbourg_000001_043886.png
112,train,cityscapes,streetViewData\train\cityscapes\mask\ulm_000089_000019.png,streetViewData\train\cityscapes\img\ulm_000089_000019.png
113,train,cityscapes,streetViewData\train\cityscapes\mask\darmstadt_000084_000019.png,streetViewData\train\cityscapes\img\darmstadt_000084_000019.png
114,train,cityscapes,streetViewData\train\cityscapes\mask\jena_000058_000019.png,streetViewData\train\cityscapes\img\jena_000058_000019.png
115,train,cityscapes,streetViewData\train\cityscapes\mask\hanover_000000_028202.png,streetViewData\train\cityscapes\img\hanover_000000_028202.png
116,train,cityscapes,streetViewData\train\cityscapes\mask\hamburg_000000_054555.png,streetViewData\train\cityscapes\img\hamburg_000000_054555.png
117,train,cityscapes,streetViewData\train\cityscapes\mask\strasbourg_000000_029400.png,streetViewData\train\cityscapes\img\strasbourg_000000_029400.png
118,train,cityscapes,streetViewData\train\cityscapes\mask\strasbourg_000001_017540.png,streetViewData\train\cityscapes\img\strasbourg_000001_017540.png
119,train,cityscapes,streetViewData\train\cityscapes\mask\monchengladbach_000000_015928.png,streetViewData\train\cityscapes\img\monchengladbach_000000_015928.png
120,train,cityscapes,streetViewData\train\cityscapes\mask\hamburg_000000_002338.png,streetViewData\train\cityscapes\img\hamburg_000000_002338.png
121,train,cityscapes,streetViewData\train\cityscapes\mask\strasbourg_000001_015605.png,streetViewData\train\cityscapes\img\strasbourg_000001_015605.png
122,train,cityscapes,streetViewData\train\cityscapes\mask\hamburg_000000_095561.png,streetViewData\train\cityscapes\img\hamburg_000000_095561.png
123,train,cityscapes,streetViewData\train\cityscapes\mask\stuttgart_000161_000019.png,streetViewData\train\cityscapes\img\stuttgart_000161_000019.png
124,train,cityscapes,streetViewData\train\cityscapes\mask\stuttgart_000008_000019.png,streetViewData\train\cityscapes\img\stuttgart_000008_000019.png
125,train,cityscapes,streetViewData\train\cityscapes\mask\stuttgart_000024_000019.png,streetViewData\train\cityscapes\img\stuttgart_000024_000019.png
126,train,cityscapes,streetViewData\train\cityscapes\mask\cologne_000018_000019.png,streetViewData\train\cityscapes\img\cologne_000018_000019.png
127,train,cityscapes,streetViewData\train\cityscapes\mask\hamburg_000000_019373.png,streetViewData\train\cityscapes\img\hamburg_000000_019373.png
128,train,cityscapes,streetViewData\train\cityscapes\mask\stuttgart_000118_000019.png,streetViewData\train\cityscapes\img\stuttgart_000118_000019.png
129,train,cityscapes,streetViewData\train\cityscapes\mask\ulm_000077_000019.png,streetViewData\train\cityscapes\img\ulm_000077_000019.png
130,train,cityscapes,streetViewData\train\cityscapes\mask\stuttgart_000083_000019.png,streetViewData\train\cityscapes\img\stuttgart_000083_000019.png
131,train,cityscapes,streetViewData\train\cityscapes\mask\hamburg_000000_088627.png,streetViewData\train\cityscapes\img\hamburg_000000_088627.png
132,train,cityscapes,streetViewData\train\cityscapes\mask\hanover_000000_041232.png,streetViewData\train\cityscapes\img\hanover_000000_041232.png
133,train,cityscapes,streetViewData\train\cityscapes\mask\hamburg_000000_053776.png,streetViewData\train\cityscapes\img\hamburg_000000_053776.png
134,train,cityscapes,streetViewData\train\cityscapes\mask\cologne_000039_000019.png,streetViewData\train\cityscapes\img\cologne_000039_000019.png
135,train,cityscapes,streetViewData\train\cityscapes\mask\erfurt_000097_000019.png,streetViewData\train\cityscapes\img\erfurt_000097_000019.png
136,train,cityscapes,streetViewData\train\cityscapes\mask\monchengladbach_000000_023856.png,streetViewData\train\cityscapes\img\monchengladbach_000000_023856.png
137,train,cityscapes,streetViewData\train\cityscapes\mask\tubingen_000033_000019.png,streetViewData\train\cityscapes\img\tubingen_000033_000019.png
138,train,cityscapes,streetViewData\train\cityscapes\mask\strasbourg_000001_037090.png,streetViewData\train\cityscapes\img\strasbourg_000001_037090.png
139,train,cityscapes,streetViewData\train\cityscapes\mask\hamburg_000000_088054.png,streetViewData\train\cityscapes\img\hamburg_000000_088054.png
140,train,cityscapes,streetViewData\train\cityscapes\mask\erfurt_000100_000019.png,streetViewData\train\cityscapes\img\erfurt_000100_000019.png
141,train,cityscapes,streetViewData\train\cityscapes\mask\strasbourg_000000_035942.png,streetViewData\train\cityscapes\img\strasbourg_000000_035942.png
142,train,cityscapes,streetViewData\train\cityscapes\mask\krefeld_000000_006686.png,streetViewData\train\cityscapes\img\krefeld_000000_006686.png
143,train,cityscapes,streetViewData\train\cityscapes\mask\hanover_000000_038773.png,streetViewData\train\cityscapes\img\hanover_000000_038773.png
144,train,cityscapes,streetViewData\train\cityscapes\mask\tubingen_000050_000019.png,streetViewData\train\cityscapes\img\tubingen_000050_000019.png
145,train,cityscapes,streetViewData\train\cityscapes\mask\strasbourg_000000_030017.png,streetViewData\train\cityscapes\img\strasbourg_000000_030017.png
146,train,cityscapes,streetViewData\train\cityscapes\mask\jena_000051_000019.png,streetViewData\train\cityscapes\img\jena_000051_000019.png
147,train,cityscapes,streetViewData\train\cityscapes\mask\darmstadt_000042_000019.png,streetViewData\train\cityscapes\img\darmstadt_000042_000019.png
148,train,cityscapes,streetViewData\train\cityscapes\mask\hamburg_000000_051855.png,streetViewData\train\cityscapes\img\hamburg_000000_051855.png
149,train,cityscapes,streetViewData\train\cityscapes\mask\ulm_000087_000019.png,streetViewData\train\cityscapes\img\ulm_000087_000019.png
150,train,cityscapes,streetViewData\train\cityscapes\mask\hamburg_000000_037279.png,streetViewData\train\cityscapes\img\hamburg_000000_037279.png
151,train,cityscapes,streetViewData\train\cityscapes\mask\strasbourg_000001_052979.png,streetViewData\train\cityscapes\img\strasbourg_000001_052979.png
152,train,cityscapes,streetViewData\train\cityscapes\mask\ulm_000069_000019.png,streetViewData\train\cityscapes\img\ulm_000069_000019.png
153,train,cityscapes,streetViewData\train\cityscapes\mask\krefeld_000000_035124.png,streetViewData\train\cityscapes\img\krefeld_000000_035124.png
154,train,cityscapes,streetViewData\train\cityscapes\mask\hamburg_000000_048750.png,streetViewData\train\cityscapes\img\hamburg_000000_048750.png
155,train,cityscapes,streetViewData\train\cityscapes\mask\strasbourg_000001_054275.png,streetViewData\train\cityscapes\img\strasbourg_000001_054275.png
156,train,cityscapes,streetViewData\train\cityscapes\mask\monchengladbach_000001_001936.png,streetViewData\train\cityscapes\img\monchengladbach_000001_001936.png
157,train,cityscapes,streetViewData\train\cityscapes\mask\hanover_000000_055592.png,streetViewData\train\cityscapes\img\hanover_000000_055592.png
158,train,cityscapes,streetViewData\train\cityscapes\mask\tubingen_000077_000019.png,streetViewData\train\cityscapes\img\tubingen_000077_000019.png
159,train,cityscapes,streetViewData\train\cityscapes\mask\monchengladbach_000001_000876.png,streetViewData\train\cityscapes\img\monchengladbach_000001_000876.png
160,train,cityscapes,streetViewData\train\cityscapes\mask\hanover_000000_040221.png,streetViewData\train\cityscapes\img\hanover_000000_040221.png
161,train,cityscapes,streetViewData\train\cityscapes\mask\hanover_000000_018546.png,streetViewData\train\cityscapes\img\hanover_000000_018546.png
162,train,cityscapes,streetViewData\train\cityscapes\mask\tubingen_000119_000019.png,streetViewData\train\cityscapes\img\tubingen_000119_000019.png
163,train,cityscapes,streetViewData\train\cityscapes\mask\darmstadt_000033_000019.png,streetViewData\train\cityscapes\img\darmstadt_000033_000019.png
164,train,cityscapes,streetViewData\train\cityscapes\mask\krefeld_000000_015116.png,streetViewData\train\cityscapes\img\krefeld_000000_015116.png
165,train,cityscapes,streetViewData\train\cityscapes\mask\krefeld_000000_000926.png,streetViewData\train\cityscapes\img\krefeld_000000_000926.png
166,train,cityscapes,streetViewData\train\cityscapes\mask\cologne_000090_000019.png,streetViewData\train\cityscapes\img\cologne_000090_000019.png
167,train,cityscapes,streetViewData\train\cityscapes\mask\strasbourg_000001_059675.png,streetViewData\train\cityscapes\img\strasbourg_000001_059675.png
168,train,cityscapes,streetViewData\train\cityscapes\mask\cologne_000000_000019.png,streetViewData\train\cityscapes\img\cologne_000000_000019.png
169,train,cityscapes,streetViewData\train\cityscapes\mask\tubingen_000002_000019.png,streetViewData\train\cityscapes\img\tubingen_000002_000019.png
170,train,cityscapes,streetViewData\train\cityscapes\mask\cologne_000128_000019.png,streetViewData\train\cityscapes\img\cologne_000128_000019.png
171,train,cityscapes,streetViewData\train\cityscapes\mask\darmstadt_000063_000019.png,streetViewData\train\cityscapes\img\darmstadt_000063_000019.png
172,train,cityscapes,streetViewData\train\cityscapes\mask\strasbourg_000000_025089.png,streetViewData\train\cityscapes\img\strasbourg_000000_025089.png
173,train,cityscapes,streetViewData\train\cityscapes\mask\darmstadt_000077_000019.png,streetViewData\train\cityscapes\img\darmstadt_000077_000019.png
174,train,cityscapes,streetViewData\train\cityscapes\mask\stuttgart_000057_000019.png,streetViewData\train\cityscapes\img\stuttgart_000057_000019.png
175,train,cityscapes,streetViewData\train\cityscapes\mask\strasbourg_000001_011990.png,streetViewData\train\cityscapes\img\strasbourg_000001_011990.png
176,train,cityscapes,streetViewData\train\cityscapes\mask\ulm_000078_000019.png,streetViewData\train\cityscapes\img\ulm_000078_000019.png
177,train,cityscapes,streetViewData\train\cityscapes\mask\strasbourg_000000_007441.png,streetViewData\train\cityscapes\img\strasbourg_000000_007441.png
178,train,cityscapes,streetViewData\train\cityscapes\mask\cologne_000034_000019.png,streetViewData\train\cityscapes\img\cologne_000034_000019.png
179,train,cityscapes,streetViewData\train\cityscapes\mask\hanover_000000_030889.png,streetViewData\train\cityscapes\img\hanover_000000_030889.png
180,train,cityscapes,streetViewData\train\cityscapes\mask\hanover_000000_029404.png,streetViewData\train\cityscapes\img\hanover_000000_029404.png
181,train,cityscapes,streetViewData\train\cityscapes\mask\strasbourg_000000_006995.png,streetViewData\train\cityscapes\img\strasbourg_000000_006995.png
182,train,cityscapes,streetViewData\train\cityscapes\mask\jena_000070_000019.png,streetViewData\train\cityscapes\img\jena_000070_000019.png
183,train,cityscapes,streetViewData\train\cityscapes\mask\krefeld_000000_027596.png,streetViewData\train\cityscapes\img\krefeld_000000_027596.png
184,train,cityscapes,streetViewData\train\cityscapes\mask\hamburg_000000_040021.png,streetViewData\train\cityscapes\img\hamburg_000000_040021.png
185,train,cityscapes,streetViewData\train\cityscapes\mask\monchengladbach_000000_012672.png,streetViewData\train\cityscapes\img\monchengladbach_000000_012672.png
186,train,cityscapes,streetViewData\train\cityscapes\mask\tubingen_000001_000019.png,streetViewData\train\cityscapes\img\tubingen_000001_000019.png
187,train,cityscapes,streetViewData\train\cityscapes\mask\bochum_000000_008448.png,streetViewData\train\cityscapes\img\bochum_000000_008448.png
188,train,cityscapes,streetViewData\train\cityscapes\mask\tubingen_000064_000019.png,streetViewData\train\cityscapes\img\tubingen_000064_000019.png
189,train,cityscapes,streetViewData\train\cityscapes\mask\strasbourg_000001_039231.png,streetViewData\train\cityscapes\img\strasbourg_000001_039231.png
190,train,cityscapes,streetViewData\train\cityscapes\mask\cologne_000138_000019.png,streetViewData\train\cityscapes\img\cologne_000138_000019.png
191,train,cityscapes,streetViewData\train\cityscapes\mask\strasbourg_000001_013767.png,streetViewData\train\cityscapes\img\strasbourg_000001_013767.png
192,train,cityscapes,streetViewData\train\cityscapes\mask\krefeld_000000_034156.png,streetViewData\train\cityscapes\img\krefeld_000000_034156.png
193,train,cityscapes,streetViewData\train\cityscapes\mask\strasbourg_000001_056857.png,streetViewData\train\cityscapes\img\strasbourg_000001_056857.png
194,train,cityscapes,streetViewData\train\cityscapes\mask\tubingen_000137_000019.png,streetViewData\train\cityscapes\img\tubingen_000137_000019.png
195,train,cityscapes,streetViewData\train\cityscapes\mask\stuttgart_000009_000019.png,streetViewData\train\cityscapes\img\stuttgart_000009_000019.png
196,train,cityscapes,streetViewData\train\cityscapes\mask\strasbourg_000000_029577.png,streetViewData\train\cityscapes\img\strasbourg_000000_029577.png
197,train,cityscapes,streetViewData\train\cityscapes\mask\ulm_000050_000019.png,streetViewData\train\cityscapes\img\ulm_000050_000019.png
198,train,cityscapes,streetViewData\train\cityscapes\mask\ulm_000093_000019.png,streetViewData\train\cityscapes\img\ulm_000093_000019.png
199,train,cityscapes,streetViewData\train\cityscapes\mask\hamburg_000000_071942.png,streetViewData\train\cityscapes\img\hamburg_000000_071942.png
200,train,cityscapes,streetViewData\train\cityscapes\mask\jena_000002_000019.png,streetViewData\train\cityscapes\img\jena_000002_000019.png
201,train,cityscapes,streetViewData\train\cityscapes\mask\darmstadt_000073_000019.png,streetViewData\train\cityscapes\img\darmstadt_000073_000019.png
202,train,cityscapes,streetViewData\train\cityscapes\mask\jena_000041_000019.png,streetViewData\train\cityscapes\img\jena_000041_000019.png
203,train,cityscapes,streetViewData\train\cityscapes\mask\bochum_000000_002293.png,streetViewData\train\cityscapes\img\bochum_000000_002293.png
204,train,cityscapes,streetViewData\train\cityscapes\mask\strasbourg_000001_039446.png,streetViewData\train\cityscapes\img\strasbourg_000001_039446.png
205,train,cityscapes,streetViewData\train\cityscapes\mask\tubingen_000032_000019.png,streetViewData\train\cityscapes\img\tubingen_000032_000019.png
206,train,cityscapes,streetViewData\train\cityscapes\mask\strasbourg_000001_037906.png,streetViewData\train\cityscapes\img\strasbourg_000001_037906.png
207,train,cityscapes,streetViewData\train\cityscapes\mask\hamburg_000000_048960.png,streetViewData\train\cityscapes\img\hamburg_000000_048960.png
208,train,cityscapes,streetViewData\train\cityscapes\mask\krefeld_000000_008305.png,streetViewData\train\cityscapes\img\krefeld_000000_008305.png
209,train,cityscapes,streetViewData\train\cityscapes\mask\strasbourg_000001_063808.png,streetViewData\train\cityscapes\img\strasbourg_000001_063808.png
210,train,cityscapes,streetViewData\train\cityscapes\mask\erfurt_000030_000019.png,streetViewData\train\cityscapes\img\erfurt_000030_000019.png
211,train,cityscapes,streetViewData\train\cityscapes\mask\krefeld_000000_013766.png,streetViewData\train\cityscapes\img\krefeld_000000_013766.png
212,train,cityscapes,streetViewData\train\cityscapes\mask\cologne_000121_000019.png,streetViewData\train\cityscapes\img\cologne_000121_000019.png
213,train,cityscapes,streetViewData\train\cityscapes\mask\tubingen_000021_000019.png,streetViewData\train\cityscapes\img\tubingen_000021_000019.png
214,train,cityscapes,streetViewData\train\cityscapes\mask\strasbourg_000000_023064.png,streetViewData\train\cityscapes\img\strasbourg_000000_023064.png
215,train,cityscapes,streetViewData\train\cityscapes\mask\hamburg_000000_074545.png,streetViewData\train\cityscapes\img\hamburg_000000_074545.png
216,train,cityscapes,streetViewData\train\cityscapes\mask\stuttgart_000158_000019.png,streetViewData\train\cityscapes\img\stuttgart_000158_000019.png
217,train,cityscapes,streetViewData\train\cityscapes\mask\strasbourg_000000_029281.png,streetViewData\train\cityscapes\img\strasbourg_000000_029281.png
218,train,cityscapes,streetViewData\train\cityscapes\mask\tubingen_000028_000019.png,streetViewData\train\cityscapes\img\tubingen_000028_000019.png
219,train,cityscapes,streetViewData\train\cityscapes\mask\tubingen_000132_000019.png,streetViewData\train\cityscapes\img\tubingen_000132_000019.png
220,train,cityscapes,streetViewData\train\cityscapes\mask\ulm_000068_000019.png,streetViewData\train\cityscapes\img\ulm_000068_000019.png
221,train,cityscapes,streetViewData\train\cityscapes\mask\tubingen_000068_000019.png,streetViewData\train\cityscapes\img\tubingen_000068_000019.png
222,train,cityscapes,streetViewData\train\cityscapes\mask\hanover_000000_026183.png,streetViewData\train\cityscapes\img\hanover_000000_026183.png
223,train,cityscapes,streetViewData\train\cityscapes\mask\strasbourg_000001_064224.png,streetViewData\train\cityscapes\img\strasbourg_000001_064224.png
224,train,cityscapes,streetViewData\train\cityscapes\mask\darmstadt_000080_000019.png,streetViewData\train\cityscapes\img\darmstadt_000080_000019.png
225,train,cityscapes,streetViewData\train\cityscapes\mask\krefeld_000000_035398.png,streetViewData\train\cityscapes\img\krefeld_000000_035398.png
226,train,cityscapes,streetViewData\train\cityscapes\mask\stuttgart_000029_000019.png,streetViewData\train\cityscapes\img\stuttgart_000029_000019.png
227,train,cityscapes,streetViewData\train\cityscapes\mask\krefeld_000000_028638.png,streetViewData\train\cityscapes\img\krefeld_000000_028638.png
228,train,cityscapes,streetViewData\train\cityscapes\mask\bochum_000000_000600.png,streetViewData\train\cityscapes\img\bochum_000000_000600.png
229,train,cityscapes,streetViewData\train\cityscapes\mask\strasbourg_000000_008784.png,streetViewData\train\cityscapes\img\strasbourg_000000_008784.png
230,train,cityscapes,streetViewData\train\cityscapes\mask\hamburg_000000_094717.png,streetViewData\train\cityscapes\img\hamburg_000000_094717.png
231,train,cityscapes,streetViewData\train\cityscapes\mask\jena_000112_000019.png,streetViewData\train\cityscapes\img\jena_000112_000019.png
232,train,cityscapes,streetViewData\train\cityscapes\mask\bochum_000000_015880.png,streetViewData\train\cityscapes\img\bochum_000000_015880.png
233,train,cityscapes,streetViewData\train\cityscapes\mask\cologne_000133_000019.png,streetViewData\train\cityscapes\img\cologne_000133_000019.png
234,train,cityscapes,streetViewData\train\cityscapes\mask\hanover_000000_019116.png,streetViewData\train\cityscapes\img\hanover_000000_019116.png
235,train,cityscapes,streetViewData\train\cityscapes\mask\stuttgart_000138_000019.png,streetViewData\train\cityscapes\img\stuttgart_000138_000019.png
236,train,cityscapes,streetViewData\train\cityscapes\mask\ulm_000035_000019.png,streetViewData\train\cityscapes\img\ulm_000035_000019.png
237,train,cityscapes,streetViewData\train\cityscapes\mask\hamburg_000000_082187.png,streetViewData\train\cityscapes\img\hamburg_000000_082187.png
238,train,cityscapes,streetViewData\train\cityscapes\mask\hamburg_000000_030279.png,streetViewData\train\cityscapes\img\hamburg_000000_030279.png
239,train,cityscapes,streetViewData\train\cityscapes\mask\cologne_000022_000019.png,streetViewData\train\cityscapes\img\cologne_000022_000019.png
240,train,cityscapes,streetViewData\train\cityscapes\mask\hamburg_000000_032266.png,streetViewData\train\cityscapes\img\hamburg_000000_032266.png
241,train,cityscapes,streetViewData\train\cityscapes\mask\tubingen_000103_000019.png,streetViewData\train\cityscapes\img\tubingen_000103_000019.png
242,train,cityscapes,streetViewData\train\cityscapes\mask\ulm_000027_000019.png,streetViewData\train\cityscapes\img\ulm_000027_000019.png
243,train,cityscapes,streetViewData\train\cityscapes\mask\cologne_000079_000019.png,streetViewData\train\cityscapes\img\cologne_000079_000019.png
244,train,cityscapes,streetViewData\train\cityscapes\mask\strasbourg_000001_046324.png,streetViewData\train\cityscapes\img\strasbourg_000001_046324.png
245,train,cityscapes,streetViewData\train\cityscapes\mask\jena_000107_000019.png,streetViewData\train\cityscapes\img\jena_000107_000019.png
246,train,cityscapes,streetViewData\train\cityscapes\mask\stuttgart_000106_000019.png,streetViewData\train\cityscapes\img\stuttgart_000106_000019.png
247,train,cityscapes,streetViewData\train\cityscapes\mask\cologne_000045_000019.png,streetViewData\train\cityscapes\img\cologne_000045_000019.png
248,train,cityscapes,streetViewData\train\cityscapes\mask\strasbourg_000001_062542.png,streetViewData\train\cityscapes\img\strasbourg_000001_062542.png
249,train,cityscapes,streetViewData\train\cityscapes\mask\krefeld_000000_030221.png,streetViewData\train\cityscapes\img\krefeld_000000_030221.png
250,train,cityscapes,streetViewData\train\cityscapes\mask\stuttgart_000003_000019.png,streetViewData\train\cityscapes\img\stuttgart_000003_000019.png
251,train,cityscapes,streetViewData\train\cityscapes\mask\darmstadt_000007_000019.png,streetViewData\train\cityscapes\img\darmstadt_000007_000019.png
252,train,cityscapes,streetViewData\train\cityscapes\mask\darmstadt_000012_000019.png,streetViewData\train\cityscapes\img\darmstadt_000012_000019.png
253,train,cityscapes,streetViewData\train\cityscapes\mask\strasbourg_000001_001901.png,streetViewData\train\cityscapes\img\strasbourg_000001_001901.png
254,train,cityscapes,streetViewData\train\cityscapes\mask\jena_000085_000019.png,streetViewData\train\cityscapes\img\jena_000085_000019.png
255,train,cityscapes,streetViewData\train\cityscapes\mask\monchengladbach_000000_009690.png,streetViewData\train\cityscapes\img\monchengladbach_000000_009690.png
256,train,cityscapes,streetViewData\train\cityscapes\mask\erfurt_000003_000019.png,streetViewData\train\cityscapes\img\erfurt_000003_000019.png
257,train,cityscapes,streetViewData\train\cityscapes\mask\tubingen_000091_000019.png,streetViewData\train\cityscapes\img\tubingen_000091_000019.png
258,train,cityscapes,streetViewData\train\cityscapes\mask\krefeld_000000_026580.png,streetViewData\train\cityscapes\img\krefeld_000000_026580.png
259,train,cityscapes,streetViewData\train\cityscapes\mask\strasbourg_000000_014066.png,streetViewData\train\cityscapes\img\strasbourg_000000_014066.png
260,train,cityscapes,streetViewData\train\cityscapes\mask\hanover_000000_052013.png,streetViewData\train\cityscapes\img\hanover_000000_052013.png
261,train,cityscapes,streetViewData\train\cityscapes\mask\erfurt_000098_000019.png,streetViewData\train\cityscapes\img\erfurt_000098_000019.png
262,train,cityscapes,streetViewData\train\cityscapes\mask\tubingen_000014_000019.png,streetViewData\train\cityscapes\img\tubingen_000014_000019.png
263,train,cityscapes,streetViewData\train\cityscapes\mask\strasbourg_000001_059433.png,streetViewData\train\cityscapes\img\strasbourg_000001_059433.png
264,train,cityscapes,streetViewData\train\cityscapes\mask\ulm_000033_000019.png,streetViewData\train\cityscapes\img\ulm_000033_000019.png
265,train,cityscapes,streetViewData\train\cityscapes\mask\strasbourg_000001_018155.png,streetViewData\train\cityscapes\img\strasbourg_000001_018155.png
266,train,cityscapes,streetViewData\train\cityscapes\mask\erfurt_000076_000019.png,streetViewData\train\cityscapes\img\erfurt_000076_000019.png
267,train,cityscapes,streetViewData\train\cityscapes\mask\strasbourg_000001_034494.png,streetViewData\train\cityscapes\img\strasbourg_000001_034494.png
268,train,cityscapes,streetViewData\train\cityscapes\mask\hamburg_000000_085645.png,streetViewData\train\cityscapes\img\hamburg_000000_085645.png
269,train,cityscapes,streetViewData\train\cityscapes\mask\tubingen_000079_000019.png,streetViewData\train\cityscapes\img\tubingen_000079_000019.png
270,train,cityscapes,streetViewData\train\cityscapes\mask\strasbourg_000001_007524.png,streetViewData\train\cityscapes\img\strasbourg_000001_007524.png
271,train,cityscapes,streetViewData\train\cityscapes\mask\ulm_000066_000019.png,streetViewData\train\cityscapes\img\ulm_000066_000019.png
272,train,cityscapes,streetViewData\train\cityscapes\mask\hanover_000000_026014.png,streetViewData\train\cityscapes\img\hanover_000000_026014.png
273,train,cityscapes,streetViewData\train\cityscapes\mask\jena_000009_000019.png,streetViewData\train\cityscapes\img\jena_000009_000019.png
274,train,cityscapes,streetViewData\train\cityscapes\mask\krefeld_000000_020033.png,streetViewData\train\cityscapes\img\krefeld_000000_020033.png
275,train,cityscapes,streetViewData\train\cityscapes\mask\jena_000036_000019.png,streetViewData\train\cityscapes\img\jena_000036_000019.png
276,train,cityscapes,streetViewData\train\cityscapes\mask\cologne_000151_000019.png,streetViewData\train\cityscapes\img\cologne_000151_000019.png
277,train,cityscapes,streetViewData\train\cityscapes\mask\hamburg_000000_038446.png,streetViewData\train\cityscapes\img\hamburg_000000_038446.png
278,train,cityscapes,streetViewData\train\cityscapes\mask\hamburg_000000_013577.png,streetViewData\train\cityscapes\img\hamburg_000000_013577.png
279,train,cityscapes,streetViewData\train\cityscapes\mask\cologne_000035_000019.png,streetViewData\train\cityscapes\img\cologne_000035_000019.png
280,train,cityscapes,streetViewData\train\cityscapes\mask\hanover_000000_000164.png,streetViewData\train\cityscapes\img\hanover_000000_000164.png
281,train,cityscapes,streetViewData\train\cityscapes\mask\bochum_000000_016758.png,streetViewData\train\cityscapes\img\bochum_000000_016758.png
282,train,cityscapes,streetViewData\train\cityscapes\mask\strasbourg_000000_002183.png,streetViewData\train\cityscapes\img\strasbourg_000000_002183.png
283,train,cityscapes,streetViewData\train\cityscapes\mask\monchengladbach_000000_013228.png,streetViewData\train\cityscapes\img\monchengladbach_000000_013228.png
284,train,cityscapes,streetViewData\train\cityscapes\mask\hamburg_000000_019892.png,streetViewData\train\cityscapes\img\hamburg_000000_019892.png
285,train,cityscapes,streetViewData\train\cityscapes\mask\strasbourg_000000_002553.png,streetViewData\train\cityscapes\img\strasbourg_000000_002553.png
286,train,cityscapes,streetViewData\train\cityscapes\mask\ulm_000062_000019.png,streetViewData\train\cityscapes\img\ulm_000062_000019.png
287,train,cityscapes,streetViewData\train\cityscapes\mask\bochum_000000_005537.png,streetViewData\train\cityscapes\img\bochum_000000_005537.png
288,train,cityscapes,streetViewData\train\cityscapes\mask\cologne_000049_000019.png,streetViewData\train\cityscapes\img\cologne_000049_000019.png
289,train,cityscapes,streetViewData\train\cityscapes\mask\strasbourg_000001_031272.png,streetViewData\train\cityscapes\img\strasbourg_000001_031272.png
290,train,cityscapes,streetViewData\train\cityscapes\mask\strasbourg_000000_026575.png,streetViewData\train\cityscapes\img\strasbourg_000000_026575.png
291,train,cityscapes,streetViewData\train\cityscapes\mask\cologne_000024_000019.png,streetViewData\train\cityscapes\img\cologne_000024_000019.png
292,train,cityscapes,streetViewData\train\cityscapes\mask\hamburg_000000_018878.png,streetViewData\train\cityscapes\img\hamburg_000000_018878.png
293,train,cityscapes,streetViewData\train\cityscapes\mask\cologne_000042_000019.png,streetViewData\train\cityscapes\img\cologne_000042_000019.png
294,train,cityscapes,streetViewData\train\cityscapes\mask\bochum_000000_024524.png,streetViewData\train\cityscapes\img\bochum_000000_024524.png
295,train,cityscapes,streetViewData\train\cityscapes\mask\hamburg_000000_100300.png,streetViewData\train\cityscapes\img\hamburg_000000_100300.png
296,train,cityscapes,streetViewData\train\cityscapes\mask\stuttgart_000147_000019.png,streetViewData\train\cityscapes\img\stuttgart_000147_000019.png
297,train,cityscapes,streetViewData\train\cityscapes\mask\krefeld_000000_018004.png,streetViewData\train\cityscapes\img\krefeld_000000_018004.png
298,train,cityscapes,streetViewData\train\cityscapes\mask\hamburg_000000_029144.png,streetViewData\train\cityscapes\img\hamburg_000000_029144.png
299,train,cityscapes,streetViewData\train\cityscapes\mask\hamburg_000000_061790.png,streetViewData\train\cityscapes\img\hamburg_000000_061790.png
300,train,cityscapes,streetViewData\train\cityscapes\mask\strasbourg_000001_006153.png,streetViewData\train\cityscapes\img\strasbourg_000001_006153.png
301,train,cityscapes,streetViewData\train\cityscapes\mask\jena_000106_000019.png,streetViewData\train\cityscapes\img\jena_000106_000019.png
302,train,cityscapes,streetViewData\train\cityscapes\mask\erfurt_000103_000019.png,streetViewData\train\cityscapes\img\erfurt_000103_000019.png
303,train,cityscapes,streetViewData\train\cityscapes\mask\stuttgart_000173_000019.png,streetViewData\train\cityscapes\img\stuttgart_000173_000019.png
304,train,cityscapes,streetViewData\train\cityscapes\mask\darmstadt_000020_000019.png,streetViewData\train\cityscapes\img\darmstadt_000020_000019.png
305,train,cityscapes,streetViewData\train\cityscapes\mask\strasbourg_000001_040564.png,streetViewData\train\cityscapes\img\strasbourg_000001_040564.png
306,train,cityscapes,streetViewData\train\cityscapes\mask\monchengladbach_000000_026908.png,streetViewData\train\cityscapes\img\monchengladbach_000000_026908.png
307,train,cityscapes,streetViewData\train\cityscapes\mask\monchengladbach_000000_031623.png,streetViewData\train\cityscapes\img\monchengladbach_000000_031623.png
308,train,cityscapes,streetViewData\train\cityscapes\mask\jena_000080_000019.png,streetViewData\train\cityscapes\img\jena_000080_000019.png
309,train,cityscapes,streetViewData\train\cityscapes\mask\hamburg_000000_033506.png,streetViewData\train\cityscapes\img\hamburg_000000_033506.png
310,train,cityscapes,streetViewData\train\cityscapes\mask\stuttgart_000041_000019.png,streetViewData\train\cityscapes\img\stuttgart_000041_000019.png
311,train,cityscapes,streetViewData\train\cityscapes\mask\stuttgart_000127_000019.png,streetViewData\train\cityscapes\img\stuttgart_000127_000019.png
312,train,cityscapes,streetViewData\train\cityscapes\mask\stuttgart_000088_000019.png,streetViewData\train\cityscapes\img\stuttgart_000088_000019.png
313,train,cityscapes,streetViewData\train\cityscapes\mask\hanover_000000_043822.png,streetViewData\train\cityscapes\img\hanover_000000_043822.png
314,train,cityscapes,streetViewData\train\cityscapes\mask\erfurt_000054_000019.png,streetViewData\train\cityscapes\img\erfurt_000054_000019.png
315,train,cityscapes,streetViewData\train\cityscapes\mask\cologne_000097_000019.png,streetViewData\train\cityscapes\img\cologne_000097_000019.png
316,train,cityscapes,streetViewData\train\cityscapes\mask\ulm_000041_000019.png,streetViewData\train\cityscapes\img\ulm_000041_000019.png
317,train,cityscapes,streetViewData\train\cityscapes\mask\strasbourg_000001_001449.png,streetViewData\train\cityscapes\img\strasbourg_000001_001449.png
318,train,cityscapes,streetViewData\train\cityscapes\mask\hanover_000000_056457.png,streetViewData\train\cityscapes\img\hanover_000000_056457.png
319,train,cityscapes,streetViewData\train\cityscapes\mask\hanover_000000_011971.png,streetViewData\train\cityscapes\img\hanover_000000_011971.png
320,train,cityscapes,streetViewData\train\cityscapes\mask\hanover_000000_052512.png,streetViewData\train\cityscapes\img\hanover_000000_052512.png
321,train,cityscapes,streetViewData\train\cityscapes\mask\hanover_000000_045657.png,streetViewData\train\cityscapes\img\hanover_000000_045657.png
322,train,cityscapes,streetViewData\train\cityscapes\mask\jena_000068_000019.png,streetViewData\train\cityscapes\img\jena_000068_000019.png
323,train,cityscapes,streetViewData\train\cityscapes\mask\tubingen_000128_000019.png,streetViewData\train\cityscapes\img\tubingen_000128_000019.png
324,train,cityscapes,streetViewData\train\cityscapes\mask\cologne_000014_000019.png,streetViewData\train\cityscapes\img\cologne_000014_000019.png
325,train,cityscapes,streetViewData\train\cityscapes\mask\strasbourg_000001_008576.png,streetViewData\train\cityscapes\img\strasbourg_000001_008576.png
326,train,cityscapes,streetViewData\train\cityscapes\mask\strasbourg_000000_035008.png,streetViewData\train\cityscapes\img\strasbourg_000000_035008.png
327,train,cityscapes,streetViewData\train\cityscapes\mask\strasbourg_000000_031223.png,streetViewData\train\cityscapes\img\strasbourg_000000_031223.png
328,train,cityscapes,streetViewData\train\cityscapes\mask\cologne_000105_000019.png,streetViewData\train\cityscapes\img\cologne_000105_000019.png
329,train,cityscapes,streetViewData\train\cityscapes\mask\cologne_000028_000019.png,streetViewData\train\cityscapes\img\cologne_000028_000019.png
330,train,cityscapes,streetViewData\train\cityscapes\mask\hanover_000000_042255.png,streetViewData\train\cityscapes\img\hanover_000000_042255.png
331,train,cityscapes,streetViewData\train\cityscapes\mask\strasbourg_000001_043080.png,streetViewData\train\cityscapes\img\strasbourg_000001_043080.png
332,train,cityscapes,streetViewData\train\cityscapes\mask\hanover_000000_000712.png,streetViewData\train\cityscapes\img\hanover_000000_000712.png
333,train,cityscapes,streetViewData\train\cityscapes\mask\stuttgart_000074_000019.png,streetViewData\train\cityscapes\img\stuttgart_000074_000019.png
334,train,cityscapes,streetViewData\train\cityscapes\mask\cologne_000127_000019.png,streetViewData\train\cityscapes\img\cologne_000127_000019.png
335,train,cityscapes,streetViewData\train\cityscapes\mask\hamburg_000000_038729.png,streetViewData\train\cityscapes\img\hamburg_000000_038729.png
336,train,cityscapes,streetViewData\train\cityscapes\mask\erfurt_000057_000019.png,streetViewData\train\cityscapes\img\erfurt_000057_000019.png
337,train,cityscapes,streetViewData\train\cityscapes\mask\stuttgart_000121_000019.png,streetViewData\train\cityscapes\img\stuttgart_000121_000019.png
338,train,cityscapes,streetViewData\train\cityscapes\mask\ulm_000031_000019.png,streetViewData\train\cityscapes\img\ulm_000031_000019.png
339,train,cityscapes,streetViewData\train\cityscapes\mask\jena_000030_000019.png,streetViewData\train\cityscapes\img\jena_000030_000019.png
340,train,cityscapes,streetViewData\train\cityscapes\mask\darmstadt_000037_000019.png,streetViewData\train\cityscapes\img\darmstadt_000037_000019.png
341,train,cityscapes,streetViewData\train\cityscapes\mask\tubingen_000063_000019.png,streetViewData\train\cityscapes\img\tubingen_000063_000019.png
342,train,cityscapes,streetViewData\train\cityscapes\mask\erfurt_000040_000019.png,streetViewData\train\cityscapes\img\erfurt_000040_000019.png
343,train,cityscapes,streetViewData\train\cityscapes\mask\stuttgart_000136_000019.png,streetViewData\train\cityscapes\img\stuttgart_000136_000019.png
344,train,cityscapes,streetViewData\train\cityscapes\mask\jena_000059_000019.png,streetViewData\train\cityscapes\img\jena_000059_000019.png
345,train,cityscapes,streetViewData\train\cityscapes\mask\hamburg_000000_039264.png,streetViewData\train\cityscapes\img\hamburg_000000_039264.png
346,train,cityscapes,streetViewData\train\cityscapes\mask\cologne_000058_000019.png,streetViewData\train\cityscapes\img\cologne_000058_000019.png
347,train,cityscapes,streetViewData\train\cityscapes\mask\jena_000019_000019.png,streetViewData\train\cityscapes\img\jena_000019_000019.png
348,train,cityscapes,streetViewData\train\cityscapes\mask\monchengladbach_000000_010280.png,streetViewData\train\cityscapes\img\monchengladbach_000000_010280.png
349,train,cityscapes,streetViewData\train\cityscapes\mask\cologne_000104_000019.png,streetViewData\train\cityscapes\img\cologne_000104_000019.png
350,train,cityscapes,streetViewData\train\cityscapes\mask\cologne_000007_000019.png,streetViewData\train\cityscapes\img\cologne_000007_000019.png
351,train,cityscapes,streetViewData\train\cityscapes\mask\strasbourg_000000_034097.png,streetViewData\train\cityscapes\img\strasbourg_000000_034097.png
352,train,cityscapes,streetViewData\train\cityscapes\mask\monchengladbach_000000_000383.png,streetViewData\train\cityscapes\img\monchengladbach_000000_000383.png
353,train,cityscapes,streetViewData\train\cityscapes\mask\bochum_000000_011711.png,streetViewData\train\cityscapes\img\bochum_000000_011711.png
354,train,cityscapes,streetViewData\train\cityscapes\mask\ulm_000075_000019.png,streetViewData\train\cityscapes\img\ulm_000075_000019.png
355,train,cityscapes,streetViewData\train\cityscapes\mask\strasbourg_000001_058105.png,streetViewData\train\cityscapes\img\strasbourg_000001_058105.png
356,train,cityscapes,streetViewData\train\cityscapes\mask\hamburg_000000_028056.png,streetViewData\train\cityscapes\img\hamburg_000000_028056.png
357,train,cityscapes,streetViewData\train\cityscapes\mask\erfurt_000005_000019.png,streetViewData\train\cityscapes\img\erfurt_000005_000019.png
358,train,cityscapes,streetViewData\train\cityscapes\mask\hanover_000000_043653.png,streetViewData\train\cityscapes\img\hanover_000000_043653.png
359,train,cityscapes,streetViewData\train\cityscapes\mask\stuttgart_000134_000019.png,streetViewData\train\cityscapes\img\stuttgart_000134_000019.png
360,train,cityscapes,streetViewData\train\cityscapes\mask\jena_000097_000019.png,streetViewData\train\cityscapes\img\jena_000097_000019.png
361,train,cityscapes,streetViewData\train\cityscapes\mask\erfurt_000102_000019.png,streetViewData\train\cityscapes\img\erfurt_000102_000019.png
362,train,cityscapes,streetViewData\train\cityscapes\mask\tubingen_000107_000019.png,streetViewData\train\cityscapes\img\tubingen_000107_000019.png
363,train,cityscapes,streetViewData\train\cityscapes\mask\stuttgart_000144_000019.png,streetViewData\train\cityscapes\img\stuttgart_000144_000019.png
364,train,cityscapes,streetViewData\train\cityscapes\mask\erfurt_000002_000019.png,streetViewData\train\cityscapes\img\erfurt_000002_000019.png
365,train,cityscapes,streetViewData\train\cityscapes\mask\hanover_000000_027998.png,streetViewData\train\cityscapes\img\hanover_000000_027998.png
366,train,cityscapes,streetViewData\train\cityscapes\mask\bochum_000000_001519.png,streetViewData\train\cityscapes\img\bochum_000000_001519.png
367,train,cityscapes,streetViewData\train\cityscapes\mask\hanover_000000_034560.png,streetViewData\train\cityscapes\img\hanover_000000_034560.png
368,train,cityscapes,streetViewData\train\cityscapes\mask\hamburg_000000_052122.png,streetViewData\train\cityscapes\img\hamburg_000000_052122.png
369,train,cityscapes,streetViewData\train\cityscapes\mask\stuttgart_000040_000019.png,streetViewData\train\cityscapes\img\stuttgart_000040_000019.png
370,train,cityscapes,streetViewData\train\cityscapes\mask\stuttgart_000042_000019.png,streetViewData\train\cityscapes\img\stuttgart_000042_000019.png
371,train,cityscapes,streetViewData\train\cityscapes\mask\jena_000043_000019.png,streetViewData\train\cityscapes\img\jena_000043_000019.png
372,train,cityscapes,streetViewData\train\cityscapes\mask\hamburg_000000_066706.png,streetViewData\train\cityscapes\img\hamburg_000000_066706.png
373,train,cityscapes,streetViewData\train\cityscapes\mask\stuttgart_000175_000019.png,streetViewData\train\cityscapes\img\stuttgart_000175_000019.png
374,train,cityscapes,streetViewData\train\cityscapes\mask\strasbourg_000001_023515.png,streetViewData\train\cityscapes\img\strasbourg_000001_023515.png
375,train,cityscapes,streetViewData\train\cityscapes\mask\strasbourg_000001_045481.png,streetViewData\train\cityscapes\img\strasbourg_000001_045481.png
376,train,cityscapes,streetViewData\train\cityscapes\mask\stuttgart_000039_000019.png,streetViewData\train\cityscapes\img\stuttgart_000039_000019.png
377,train,cityscapes,streetViewData\train\cityscapes\mask\monchengladbach_000000_015561.png,streetViewData\train\cityscapes\img\monchengladbach_000000_015561.png
378,train,cityscapes,streetViewData\train\cityscapes\mask\strasbourg_000001_002519.png,streetViewData\train\cityscapes\img\strasbourg_000001_002519.png
379,train,cityscapes,streetViewData\train\cityscapes\mask\strasbourg_000001_037645.png,streetViewData\train\cityscapes\img\strasbourg_000001_037645.png
380,train,cityscapes,streetViewData\train\cityscapes\mask\jena_000108_000019.png,streetViewData\train\cityscapes\img\jena_000108_000019.png
381,train,cityscapes,streetViewData\train\cityscapes\mask\darmstadt_000067_000019.png,streetViewData\train\cityscapes\img\darmstadt_000067_000019.png
382,train,cityscapes,streetViewData\train\cityscapes\mask\erfurt_000053_000019.png,streetViewData\train\cityscapes\img\erfurt_000053_000019.png
383,train,cityscapes,streetViewData\train\cityscapes\mask\hamburg_000000_073999.png,streetViewData\train\cityscapes\img\hamburg_000000_073999.png
384,train,cityscapes,streetViewData\train\cityscapes\mask\hamburg_000000_000629.png,streetViewData\train\cityscapes\img\hamburg_000000_000629.png
385,train,cityscapes,streetViewData\train\cityscapes\mask\cologne_000023_000019.png,streetViewData\train\cityscapes\img\cologne_000023_000019.png
386,train,cityscapes,streetViewData\train\cityscapes\mask\monchengladbach_000000_034930.png,streetViewData\train\cityscapes\img\monchengladbach_000000_034930.png
387,train,cityscapes,streetViewData\train\cityscapes\mask\strasbourg_000001_049143.png,streetViewData\train\cityscapes\img\strasbourg_000001_049143.png
388,train,cityscapes,streetViewData\train\cityscapes\mask\monchengladbach_000000_002255.png,streetViewData\train\cityscapes\img\monchengladbach_000000_002255.png
389,train,cityscapes,streetViewData\train\cityscapes\mask\stuttgart_000189_000019.png,streetViewData\train\cityscapes\img\stuttgart_000189_000019.png
390,train,cityscapes,streetViewData\train\cityscapes\mask\strasbourg_000001_055273.png,streetViewData\train\cityscapes\img\strasbourg_000001_055273.png
391,train,cityscapes,streetViewData\train\cityscapes\mask\hamburg_000000_087216.png,streetViewData\train\cityscapes\img\hamburg_000000_087216.png
392,train,cityscapes,streetViewData\train\cityscapes\mask\cologne_000021_000019.png,streetViewData\train\cityscapes\img\cologne_000021_000019.png
393,train,cityscapes,streetViewData\train\cityscapes\mask\cologne_000006_000019.png,streetViewData\train\cityscapes\img\cologne_000006_000019.png
394,train,cityscapes,streetViewData\train\cityscapes\mask\monchengladbach_000001_001531.png,streetViewData\train\cityscapes\img\monchengladbach_000001_001531.png
395,train,cityscapes,streetViewData\train\cityscapes\mask\jena_000088_000019.png,streetViewData\train\cityscapes\img\jena_000088_000019.png
396,train,cityscapes,streetViewData\train\cityscapes\mask\krefeld_000000_009926.png,streetViewData\train\cityscapes\img\krefeld_000000_009926.png
397,train,cityscapes,streetViewData\train\cityscapes\mask\krefeld_000000_029050.png,streetViewData\train\cityscapes\img\krefeld_000000_029050.png
398,train,cityscapes,streetViewData\train\cityscapes\mask\darmstadt_000072_000019.png,streetViewData\train\cityscapes\img\darmstadt_000072_000019.png
399,train,cityscapes,streetViewData\train\cityscapes\mask\cologne_000020_000019.png,streetViewData\train\cityscapes\img\cologne_000020_000019.png
400,train,cityscapes,streetViewData\train\cityscapes\mask\krefeld_000000_014146.png,streetViewData\train\cityscapes\img\krefeld_000000_014146.png
401,train,cityscapes,streetViewData\train\cityscapes\mask\cologne_000068_000019.png,streetViewData\train\cityscapes\img\cologne_000068_000019.png
402,train,cityscapes,streetViewData\train\cityscapes\mask\erfurt_000045_000019.png,streetViewData\train\cityscapes\img\erfurt_000045_000019.png
403,train,cityscapes,streetViewData\train\cityscapes\mask\cologne_000044_000019.png,streetViewData\train\cityscapes\img\cologne_000044_000019.png
404,train,cityscapes,streetViewData\train\cityscapes\mask\strasbourg_000000_006483.png,streetViewData\train\cityscapes\img\strasbourg_000000_006483.png
405,train,cityscapes,streetViewData\train\cityscapes\mask\cologne_000043_000019.png,streetViewData\train\cityscapes\img\cologne_000043_000019.png
406,train,cityscapes,streetViewData\train\cityscapes\mask\strasbourg_000001_009246.png,streetViewData\train\cityscapes\img\strasbourg_000001_009246.png
407,train,cityscapes,streetViewData\train\cityscapes\mask\hamburg_000000_026675.png,streetViewData\train\cityscapes\img\hamburg_000000_026675.png
408,train,cityscapes,streetViewData\train\cityscapes\mask\hanover_000000_042581.png,streetViewData\train\cityscapes\img\hanover_000000_042581.png
409,train,cityscapes,streetViewData\train\cityscapes\mask\cologne_000149_000019.png,streetViewData\train\cityscapes\img\cologne_000149_000019.png
410,train,cityscapes,streetViewData\train\cityscapes\mask\monchengladbach_000000_026006.png,streetViewData\train\cityscapes\img\monchengladbach_000000_026006.png
411,train,cityscapes,streetViewData\train\cityscapes\mask\hamburg_000000_037161.png,streetViewData\train\cityscapes\img\hamburg_000000_037161.png
412,train,cityscapes,streetViewData\train\cityscapes\mask\monchengladbach_000000_034621.png,streetViewData\train\cityscapes\img\monchengladbach_000000_034621.png
413,train,cityscapes,streetViewData\train\cityscapes\mask\strasbourg_000000_006264.png,streetViewData\train\cityscapes\img\strasbourg_000000_006264.png
414,train,cityscapes,streetViewData\train\cityscapes\mask\bochum_000000_031687.png,streetViewData\train\cityscapes\img\bochum_000000_031687.png
415,train,cityscapes,streetViewData\train\cityscapes\mask\strasbourg_000000_018874.png,streetViewData\train\cityscapes\img\strasbourg_000000_018874.png
416,train,cityscapes,streetViewData\train\cityscapes\mask\cologne_000071_000019.png,streetViewData\train\cityscapes\img\cologne_000071_000019.png
417,train,cityscapes,streetViewData\train\cityscapes\mask\hanover_000000_049465.png,streetViewData\train\cityscapes\img\hanover_000000_049465.png
418,train,cityscapes,streetViewData\train\cityscapes\mask\strasbourg_000001_000710.png,streetViewData\train\cityscapes\img\strasbourg_000001_000710.png
419,train,cityscapes,streetViewData\train\cityscapes\mask\tubingen_000080_000019.png,streetViewData\train\cityscapes\img\tubingen_000080_000019.png
420,train,cityscapes,streetViewData\train\cityscapes\mask\monchengladbach_000000_022748.png,streetViewData\train\cityscapes\img\monchengladbach_000000_022748.png
421,train,cityscapes,streetViewData\train\cityscapes\mask\krefeld_000000_023338.png,streetViewData\train\cityscapes\img\krefeld_000000_023338.png
422,train,cityscapes,streetViewData\train\cityscapes\mask\hamburg_000000_088783.png,streetViewData\train\cityscapes\img\hamburg_000000_088783.png
423,train,cityscapes,streetViewData\train\cityscapes\mask\hamburg_000000_047220.png,streetViewData\train\cityscapes\img\hamburg_000000_047220.png
424,train,cityscapes,streetViewData\train\cityscapes\mask\erfurt_000083_000019.png,streetViewData\train\cityscapes\img\erfurt_000083_000019.png
425,train,cityscapes,streetViewData\train\cityscapes\mask\strasbourg_000001_006386.png,streetViewData\train\cityscapes\img\strasbourg_000001_006386.png
426,train,cityscapes,streetViewData\train\cityscapes\mask\ulm_000067_000019.png,streetViewData\train\cityscapes\img\ulm_000067_000019.png
427,train,cityscapes,streetViewData\train\cityscapes\mask\hamburg_000000_087822.png,streetViewData\train\cityscapes\img\hamburg_000000_087822.png
428,train,cityscapes,streetViewData\train\cityscapes\mask\hamburg_000000_029378.png,streetViewData\train\cityscapes\img\hamburg_000000_029378.png
429,train,cityscapes,streetViewData\train\cityscapes\mask\stuttgart_000067_000019.png,streetViewData\train\cityscapes\img\stuttgart_000067_000019.png
430,train,cityscapes,streetViewData\train\cityscapes\mask\tubingen_000096_000019.png,streetViewData\train\cityscapes\img\tubingen_000096_000019.png
431,train,cityscapes,streetViewData\train\cityscapes\mask\darmstadt_000018_000019.png,streetViewData\train\cityscapes\img\darmstadt_000018_000019.png
432,train,cityscapes,streetViewData\train\cityscapes\mask\stuttgart_000165_000019.png,streetViewData\train\cityscapes\img\stuttgart_000165_000019.png
433,train,cityscapes,streetViewData\train\cityscapes\mask\strasbourg_000000_030941.png,streetViewData\train\cityscapes\img\strasbourg_000000_030941.png
434,train,cityscapes,streetViewData\train\cityscapes\mask\hamburg_000000_076966.png,streetViewData\train\cityscapes\img\hamburg_000000_076966.png
435,train,cityscapes,streetViewData\train\cityscapes\mask\jena_000048_000019.png,streetViewData\train\cityscapes\img\jena_000048_000019.png
436,train,cityscapes,streetViewData\train\cityscapes\mask\stuttgart_000013_000019.png,streetViewData\train\cityscapes\img\stuttgart_000013_000019.png
437,train,cityscapes,streetViewData\train\cityscapes\mask\strasbourg_000001_057191.png,streetViewData\train\cityscapes\img\strasbourg_000001_057191.png
438,train,cityscapes,streetViewData\train\cityscapes\mask\cologne_000052_000019.png,streetViewData\train\cityscapes\img\cologne_000052_000019.png
439,train,cityscapes,streetViewData\train\cityscapes\mask\bochum_000000_007150.png,streetViewData\train\cityscapes\img\bochum_000000_007150.png
440,train,cityscapes,streetViewData\train\cityscapes\mask\jena_000050_000019.png,streetViewData\train\cityscapes\img\jena_000050_000019.png
441,train,cityscapes,streetViewData\train\cityscapes\mask\strasbourg_000000_019617.png,streetViewData\train\cityscapes\img\strasbourg_000000_019617.png
442,train,cityscapes,streetViewData\train\cityscapes\mask\monchengladbach_000000_020856.png,streetViewData\train\cityscapes\img\monchengladbach_000000_020856.png
443,train,cityscapes,streetViewData\train\cityscapes\mask\cologne_000108_000019.png,streetViewData\train\cityscapes\img\cologne_000108_000019.png
444,train,cityscapes,streetViewData\train\cityscapes\mask\cologne_000054_000019.png,streetViewData\train\cityscapes\img\cologne_000054_000019.png
445,train,cityscapes,streetViewData\train\cityscapes\mask\krefeld_000000_034389.png,streetViewData\train\cityscapes\img\krefeld_000000_034389.png
446,train,cityscapes,streetViewData\train\cityscapes\mask\erfurt_000101_000019.png,streetViewData\train\cityscapes\img\erfurt_000101_000019.png
447,train,cityscapes,streetViewData\train\cityscapes\mask\krefeld_000000_012505.png,streetViewData\train\cityscapes\img\krefeld_000000_012505.png
448,train,cityscapes,streetViewData\train\cityscapes\mask\stuttgart_000006_000019.png,streetViewData\train\cityscapes\img\stuttgart_000006_000019.png
449,train,cityscapes,streetViewData\train\cityscapes\mask\darmstadt_000021_000019.png,streetViewData\train\cityscapes\img\darmstadt_000021_000019.png
450,train,cityscapes,streetViewData\train\cityscapes\mask\hanover_000000_007780.png,streetViewData\train\cityscapes\img\hanover_000000_007780.png
451,train,cityscapes,streetViewData\train\cityscapes\mask\stuttgart_000032_000019.png,streetViewData\train\cityscapes\img\stuttgart_000032_000019.png
452,train,cityscapes,streetViewData\train\cityscapes\mask\hamburg_000000_036003.png,streetViewData\train\cityscapes\img\hamburg_000000_036003.png
453,train,cityscapes,streetViewData\train\cityscapes\mask\hanover_000000_023975.png,streetViewData\train\cityscapes\img\hanover_000000_023975.png
454,train,cityscapes,streetViewData\train\cityscapes\mask\hamburg_000000_066424.png,streetViewData\train\cityscapes\img\hamburg_000000_066424.png
455,train,cityscapes,streetViewData\train\cityscapes\mask\tubingen_000038_000019.png,streetViewData\train\cityscapes\img\tubingen_000038_000019.png
456,train,cityscapes,streetViewData\train\cityscapes\mask\stuttgart_000162_000019.png,streetViewData\train\cityscapes\img\stuttgart_000162_000019.png
457,train,cityscapes,streetViewData\train\cityscapes\mask\monchengladbach_000000_002972.png,streetViewData\train\cityscapes\img\monchengladbach_000000_002972.png
458,train,cityscapes,streetViewData\train\cityscapes\mask\strasbourg_000001_029696.png,streetViewData\train\cityscapes\img\strasbourg_000001_029696.png
459,train,cityscapes,streetViewData\train\cityscapes\mask\hamburg_000000_078407.png,streetViewData\train\cityscapes\img\hamburg_000000_078407.png
460,train,cityscapes,streetViewData\train\cityscapes\mask\strasbourg_000000_015602.png,streetViewData\train\cityscapes\img\strasbourg_000000_015602.png
461,train,cityscapes,streetViewData\train\cityscapes\mask\strasbourg_000000_035255.png,streetViewData\train\cityscapes\img\strasbourg_000000_035255.png
462,train,cityscapes,streetViewData\train\cityscapes\mask\tubingen_000056_000019.png,streetViewData\train\cityscapes\img\tubingen_000056_000019.png
463,train,cityscapes,streetViewData\train\cityscapes\mask\bochum_000000_006026.png,streetViewData\train\cityscapes\img\bochum_000000_006026.png
464,train,cityscapes,streetViewData\train\cityscapes\mask\strasbourg_000001_005289.png,streetViewData\train\cityscapes\img\strasbourg_000001_005289.png
465,train,cityscapes,streetViewData\train\cityscapes\mask\monchengladbach_000000_013352.png,streetViewData\train\cityscapes\img\monchengladbach_000000_013352.png
466,train,cityscapes,streetViewData\train\cityscapes\mask\hamburg_000000_076392.png,streetViewData\train\cityscapes\img\hamburg_000000_076392.png
467,train,cityscapes,streetViewData\train\cityscapes\mask\strasbourg_000001_003159.png,streetViewData\train\cityscapes\img\strasbourg_000001_003159.png
468,train,cityscapes,streetViewData\train\cityscapes\mask\cologne_000116_000019.png,streetViewData\train\cityscapes\img\cologne_000116_000019.png
469,train,cityscapes,streetViewData\train\cityscapes\mask\darmstadt_000025_000019.png,streetViewData\train\cityscapes\img\darmstadt_000025_000019.png
470,train,cityscapes,streetViewData\train\cityscapes\mask\ulm_000036_000019.png,streetViewData\train\cityscapes\img\ulm_000036_000019.png
471,train,cityscapes,streetViewData\train\cityscapes\mask\cologne_000140_000019.png,streetViewData\train\cityscapes\img\cologne_000140_000019.png
472,train,cityscapes,streetViewData\train\cityscapes\mask\cologne_000123_000019.png,streetViewData\train\cityscapes\img\cologne_000123_000019.png
473,train,cityscapes,streetViewData\train\cityscapes\mask\strasbourg_000001_052297.png,streetViewData\train\cityscapes\img\strasbourg_000001_052297.png
474,train,cityscapes,streetViewData\train\cityscapes\mask\tubingen_000054_000019.png,streetViewData\train\cityscapes\img\tubingen_000054_000019.png
475,train,cityscapes,streetViewData\train\cityscapes\mask\ulm_000048_000019.png,streetViewData\train\cityscapes\img\ulm_000048_000019.png
476,train,cityscapes,streetViewData\train\cityscapes\mask\hamburg_000000_056229.png,streetViewData\train\cityscapes\img\hamburg_000000_056229.png
477,train,cityscapes,streetViewData\train\cityscapes\mask\hamburg_000000_064269.png,streetViewData\train\cityscapes\img\hamburg_000000_064269.png
478,train,cityscapes,streetViewData\train\cityscapes\mask\strasbourg_000000_013574.png,streetViewData\train\cityscapes\img\strasbourg_000000_013574.png
479,train,cityscapes,streetViewData\train\cityscapes\mask\erfurt_000096_000019.png,streetViewData\train\cityscapes\img\erfurt_000096_000019.png
480,train,cityscapes,streetViewData\train\cityscapes\mask\strasbourg_000001_036937.png,streetViewData\train\cityscapes\img\strasbourg_000001_036937.png
481,train,cityscapes,streetViewData\train\cityscapes\mask\hanover_000000_003853.png,streetViewData\train\cityscapes\img\hanover_000000_003853.png
482,train,cityscapes,streetViewData\train\cityscapes\mask\erfurt_000081_000019.png,streetViewData\train\cityscapes\img\erfurt_000081_000019.png
483,train,cityscapes,streetViewData\train\cityscapes\mask\strasbourg_000001_016681.png,streetViewData\train\cityscapes\img\strasbourg_000001_016681.png
484,train,cityscapes,streetViewData\train\cityscapes\mask\strasbourg_000000_027233.png,streetViewData\train\cityscapes\img\strasbourg_000000_027233.png
485,train,cityscapes,streetViewData\train\cityscapes\mask\hamburg_000000_049558.png,streetViewData\train\cityscapes\img\hamburg_000000_049558.png
486,train,cityscapes,streetViewData\train\cityscapes\mask\krefeld_000000_012353.png,streetViewData\train\cityscapes\img\krefeld_000000_012353.png
487,train,cityscapes,streetViewData\train\cityscapes\mask\tubingen_000008_000019.png,streetViewData\train\cityscapes\img\tubingen_000008_000019.png
488,train,cityscapes,streetViewData\train\cityscapes\mask\tubingen_000055_000019.png,streetViewData\train\cityscapes\img\tubingen_000055_000019.png
489,train,cityscapes,streetViewData\train\cityscapes\mask\cologne_000008_000019.png,streetViewData\train\cityscapes\img\cologne_000008_000019.png
490,train,cityscapes,streetViewData\train\cityscapes\mask\ulm_000043_000019.png,streetViewData\train\cityscapes\img\ulm_000043_000019.png
491,train,cityscapes,streetViewData\train\cityscapes\mask\strasbourg_000000_027771.png,streetViewData\train\cityscapes\img\strasbourg_000000_027771.png
492,train,cityscapes,streetViewData\train\cityscapes\mask\stuttgart_000115_000019.png,streetViewData\train\cityscapes\img\stuttgart_000115_000019.png
493,train,cityscapes,streetViewData\train\cityscapes\mask\hamburg_000000_060586.png,streetViewData\train\cityscapes\img\hamburg_000000_060586.png
494,train,cityscapes,streetViewData\train\cityscapes\mask\bochum_000000_036606.png,streetViewData\train\cityscapes\img\bochum_000000_036606.png
495,train,cityscapes,streetViewData\train\cityscapes\mask\bochum_000000_002562.png,streetViewData\train\cityscapes\img\bochum_000000_002562.png
496,train,cityscapes,streetViewData\train\cityscapes\mask\hamburg_000000_103541.png,streetViewData\train\cityscapes\img\hamburg_000000_103541.png
497,train,cityscapes,streetViewData\train\cityscapes\mask\darmstadt_000017_000019.png,streetViewData\train\cityscapes\img\darmstadt_000017_000019.png
498,train,cityscapes,streetViewData\train\cityscapes\mask\strasbourg_000000_028912.png,streetViewData\train\cityscapes\img\strasbourg_000000_028912.png
499,train,cityscapes,streetViewData\train\cityscapes\mask\hamburg_000000_048138.png,streetViewData\train\cityscapes\img\hamburg_000000_048138.png
500,train,cityscapes,streetViewData\train\cityscapes\mask\tubingen_000015_000019.png,streetViewData\train\cityscapes\img\tubingen_000015_000019.png
501,train,gtaV,streetViewData\train\gtaV\mask\02045.png,streetViewData\train\gtaV\img\02045.png
502,train,gtaV,streetViewData\train\gtaV\mask\01431.png,streetViewData\train\gtaV\img\01431.png
503,train,gtaV,streetViewData\train\gtaV\mask\01656.png,streetViewData\train\gtaV\img\01656.png
504,train,gtaV,streetViewData\train\gtaV\mask\01972.png,streetViewData\train\gtaV\img\01972.png
505,train,gtaV,streetViewData\train\gtaV\mask\01402.png,streetViewData\train\gtaV\img\01402.png
506,train,gtaV,streetViewData\train\gtaV\mask\01675.png,streetViewData\train\gtaV\img\01675.png
507,train,gtaV,streetViewData\train\gtaV\mask\00022.png,streetViewData\train\gtaV\img\00022.png
508,train,gtaV,streetViewData\train\gtaV\mask\00452.png,streetViewData\train\gtaV\img\00452.png
509,train,gtaV,streetViewData\train\gtaV\mask\00372.png,streetViewData\train\gtaV\img\00372.png
510,train,gtaV,streetViewData\train\gtaV\mask\02462.png,streetViewData\train\gtaV\img\02462.png
511,train,gtaV,streetViewData\train\gtaV\mask\02335.png,streetViewData\train\gtaV\img\02335.png
512,train,gtaV,streetViewData\train\gtaV\mask\01942.png,streetViewData\train\gtaV\img\01942.png
513,train,gtaV,streetViewData\train\gtaV\mask\02378.png,streetViewData\train\gtaV\img\02378.png
514,train,gtaV,streetViewData\train\gtaV\mask\00528.png,streetViewData\train\gtaV\img\00528.png
515,train,gtaV,streetViewData\train\gtaV\mask\01644.png,streetViewData\train\gtaV\img\01644.png
516,train,gtaV,streetViewData\train\gtaV\mask\00109.png,streetViewData\train\gtaV\img\00109.png
517,train,gtaV,streetViewData\train\gtaV\mask\02236.png,streetViewData\train\gtaV\img\02236.png
518,train,gtaV,streetViewData\train\gtaV\mask\01267.png,streetViewData\train\gtaV\img\01267.png
519,train,gtaV,streetViewData\train\gtaV\mask\01719.png,streetViewData\train\gtaV\img\01719.png
520,train,gtaV,streetViewData\train\gtaV\mask\01658.png,streetViewData\train\gtaV\img\01658.png
521,train,gtaV,streetViewData\train\gtaV\mask\00526.png,streetViewData\train\gtaV\img\00526.png
522,train,gtaV,streetViewData\train\gtaV\mask\01407.png,streetViewData\train\gtaV\img\01407.png
523,train,gtaV,streetViewData\train\gtaV\mask\00484.png,streetViewData\train\gtaV\img\00484.png
524,train,gtaV,streetViewData\train\gtaV\mask\00121.png,streetViewData\train\gtaV\img\00121.png
525,train,gtaV,streetViewData\train\gtaV\mask\01142.png,streetViewData\train\gtaV\img\01142.png
526,train,gtaV,streetViewData\train\gtaV\mask\01257.png,streetViewData\train\gtaV\img\01257.png
527,train,gtaV,streetViewData\train\gtaV\mask\02368.png,streetViewData\train\gtaV\img\02368.png
528,train,gtaV,streetViewData\train\gtaV\mask\02437.png,streetViewData\train\gtaV\img\02437.png
529,train,gtaV,streetViewData\train\gtaV\mask\02157.png,streetViewData\train\gtaV\img\02157.png
530,train,gtaV,streetViewData\train\gtaV\mask\02289.png,streetViewData\train\gtaV\img\02289.png
531,train,gtaV,streetViewData\train\gtaV\mask\00117.png,streetViewData\train\gtaV\img\00117.png
532,train,gtaV,streetViewData\train\gtaV\mask\02367.png,streetViewData\train\gtaV\img\02367.png
533,train,gtaV,streetViewData\train\gtaV\mask\01243.png,streetViewData\train\gtaV\img\01243.png
534,train,gtaV,streetViewData\train\gtaV\mask\00941.png,streetViewData\train\gtaV\img\00941.png
535,train,gtaV,streetViewData\train\gtaV\mask\01923.png,streetViewData\train\gtaV\img\01923.png
536,train,gtaV,streetViewData\train\gtaV\mask\01022.png,streetViewData\train\gtaV\img\01022.png
537,train,gtaV,streetViewData\train\gtaV\mask\01892.png,streetViewData\train\gtaV\img\01892.png
538,train,gtaV,streetViewData\train\gtaV\mask\00433.png,streetViewData\train\gtaV\img\00433.png
539,train,gtaV,streetViewData\train\gtaV\mask\01235.png,streetViewData\train\gtaV\img\01235.png
540,train,gtaV,streetViewData\train\gtaV\mask\02124.png,streetViewData\train\gtaV\img\02124.png
541,train,gtaV,streetViewData\train\gtaV\mask\01673.png,streetViewData\train\gtaV\img\01673.png
542,train,gtaV,streetViewData\train\gtaV\mask\02337.png,streetViewData\train\gtaV\img\02337.png
543,train,gtaV,streetViewData\train\gtaV\mask\02318.png,streetViewData\train\gtaV\img\02318.png
544,train,gtaV,streetViewData\train\gtaV\mask\01359.png,streetViewData\train\gtaV\img\01359.png
545,train,gtaV,streetViewData\train\gtaV\mask\01798.png,streetViewData\train\gtaV\img\01798.png
546,train,gtaV,streetViewData\train\gtaV\mask\02061.png,streetViewData\train\gtaV\img\02061.png
547,train,gtaV,streetViewData\train\gtaV\mask\00703.png,streetViewData\train\gtaV\img\00703.png
548,train,gtaV,streetViewData\train\gtaV\mask\02422.png,streetViewData\train\gtaV\img\02422.png
549,train,gtaV,streetViewData\train\gtaV\mask\02431.png,streetViewData\train\gtaV\img\02431.png
550,train,gtaV,streetViewData\train\gtaV\mask\00995.png,streetViewData\train\gtaV\img\00995.png
551,train,gtaV,streetViewData\train\gtaV\mask\02297.png,streetViewData\train\gtaV\img\02297.png
552,train,gtaV,streetViewData\train\gtaV\mask\00824.png,streetViewData\train\gtaV\img\00824.png
553,train,gtaV,streetViewData\train\gtaV\mask\02165.png,streetViewData\train\gtaV\img\02165.png
554,train,gtaV,streetViewData\train\gtaV\mask\02187.png,streetViewData\train\gtaV\img\02187.png
555,train,gtaV,streetViewData\train\gtaV\mask\00854.png,streetViewData\train\gtaV\img\00854.png
556,train,gtaV,streetViewData\train\gtaV\mask\02332.png,streetViewData\train\gtaV\img\02332.png
557,train,gtaV,streetViewData\train\gtaV\mask\01371.png,streetViewData\train\gtaV\img\01371.png
558,train,gtaV,streetViewData\train\gtaV\mask\00086.png,streetViewData\train\gtaV\img\00086.png
559,train,gtaV,streetViewData\train\gtaV\mask\00859.png,streetViewData\train\gtaV\img\00859.png
560,train,gtaV,streetViewData\train\gtaV\mask\02035.png,streetViewData\train\gtaV\img\02035.png
561,train,gtaV,streetViewData\train\gtaV\mask\02420.png,streetViewData\train\gtaV\img\02420.png
562,train,gtaV,streetViewData\train\gtaV\mask\01191.png,streetViewData\train\gtaV\img\01191.png
563,train,gtaV,streetViewData\train\gtaV\mask\02129.png,streetViewData\train\gtaV\img\02129.png
564,train,gtaV,streetViewData\train\gtaV\mask\02433.png,streetViewData\train\gtaV\img\02433.png
565,train,gtaV,streetViewData\train\gtaV\mask\01370.png,streetViewData\train\gtaV\img\01370.png
566,train,gtaV,streetViewData\train\gtaV\mask\02169.png,streetViewData\train\gtaV\img\02169.png
567,train,gtaV,streetViewData\train\gtaV\mask\01898.png,streetViewData\train\gtaV\img\01898.png
568,train,gtaV,streetViewData\train\gtaV\mask\02296.png,streetViewData\train\gtaV\img\02296.png
569,train,gtaV,streetViewData\train\gtaV\mask\02032.png,streetViewData\train\gtaV\img\02032.png
570,train,gtaV,streetViewData\train\gtaV\mask\02473.png,streetViewData\train\gtaV\img\02473.png
571,train,gtaV,streetViewData\train\gtaV\mask\01019.png,streetViewData\train\gtaV\img\01019.png
572,train,gtaV,streetViewData\train\gtaV\mask\01057.png,streetViewData\train\gtaV\img\01057.png
573,train,gtaV,streetViewData\train\gtaV\mask\00713.png,streetViewData\train\gtaV\img\00713.png
574,train,gtaV,streetViewData\train\gtaV\mask\02139.png,streetViewData\train\gtaV\img\02139.png
575,train,gtaV,streetViewData\train\gtaV\mask\01963.png,streetViewData\train\gtaV\img\01963.png
576,train,gtaV,streetViewData\train\gtaV\mask\00444.png,streetViewData\train\gtaV\img\00444.png
577,train,gtaV,streetViewData\train\gtaV\mask\01294.png,streetViewData\train\gtaV\img\01294.png
578,train,gtaV,streetViewData\train\gtaV\mask\02313.png,streetViewData\train\gtaV\img\02313.png
579,train,gtaV,streetViewData\train\gtaV\mask\00115.png,streetViewData\train\gtaV\img\00115.png
580,train,gtaV,streetViewData\train\gtaV\mask\02285.png,streetViewData\train\gtaV\img\02285.png
581,train,gtaV,streetViewData\train\gtaV\mask\01490.png,streetViewData\train\gtaV\img\01490.png
582,train,gtaV,streetViewData\train\gtaV\mask\00966.png,streetViewData\train\gtaV\img\00966.png
583,train,gtaV,streetViewData\train\gtaV\mask\00900.png,streetViewData\train\gtaV\img\00900.png
584,train,gtaV,streetViewData\train\gtaV\mask\02199.png,streetViewData\train\gtaV\img\02199.png
585,train,gtaV,streetViewData\train\gtaV\mask\02407.png,streetViewData\train\gtaV\img\02407.png
586,train,gtaV,streetViewData\train\gtaV\mask\01469.png,streetViewData\train\gtaV\img\01469.png
587,train,gtaV,streetViewData\train\gtaV\mask\01227.png,streetViewData\train\gtaV\img\01227.png
588,train,gtaV,streetViewData\train\gtaV\mask\01136.png,streetViewData\train\gtaV\img\01136.png
589,train,gtaV,streetViewData\train\gtaV\mask\02207.png,streetViewData\train\gtaV\img\02207.png
590,train,gtaV,streetViewData\train\gtaV\mask\02155.png,streetViewData\train\gtaV\img\02155.png
591,train,gtaV,streetViewData\train\gtaV\mask\02311.png,streetViewData\train\gtaV\img\02311.png
592,train,gtaV,streetViewData\train\gtaV\mask\00977.png,streetViewData\train\gtaV\img\00977.png
593,train,gtaV,streetViewData\train\gtaV\mask\00967.png,streetViewData\train\gtaV\img\00967.png
594,train,gtaV,streetViewData\train\gtaV\mask\00084.png,streetViewData\train\gtaV\img\00084.png
595,train,gtaV,streetViewData\train\gtaV\mask\01878.png,streetViewData\train\gtaV\img\01878.png
596,train,gtaV,streetViewData\train\gtaV\mask\00887.png,streetViewData\train\gtaV\img\00887.png
597,train,gtaV,streetViewData\train\gtaV\mask\01327.png,streetViewData\train\gtaV\img\01327.png
598,train,gtaV,streetViewData\train\gtaV\mask\01183.png,streetViewData\train\gtaV\img\01183.png
599,train,gtaV,streetViewData\train\gtaV\mask\01081.png,streetViewData\train\gtaV\img\01081.png
600,train,gtaV,streetViewData\train\gtaV\mask\02476.png,streetViewData\train\gtaV\img\02476.png
601,train,gtaV,streetViewData\train\gtaV\mask\00360.png,streetViewData\train\gtaV\img\00360.png
602,train,gtaV,streetViewData\train\gtaV\mask\02110.png,streetViewData\train\gtaV\img\02110.png
603,train,gtaV,streetViewData\train\gtaV\mask\01082.png,streetViewData\train\gtaV\img\01082.png
604,train,gtaV,streetViewData\train\gtaV\mask\01230.png,streetViewData\train\gtaV\img\01230.png
605,train,gtaV,streetViewData\train\gtaV\mask\01840.png,streetViewData\train\gtaV\img\01840.png
606,train,gtaV,streetViewData\train\gtaV\mask\01570.png,streetViewData\train\gtaV\img\01570.png
607,train,gtaV,streetViewData\train\gtaV\mask\01329.png,streetViewData\train\gtaV\img\01329.png
608,train,gtaV,streetViewData\train\gtaV\mask\01918.png,streetViewData\train\gtaV\img\01918.png
609,train,gtaV,streetViewData\train\gtaV\mask\02254.png,streetViewData\train\gtaV\img\02254.png
610,train,gtaV,streetViewData\train\gtaV\mask\01625.png,streetViewData\train\gtaV\img\01625.png
611,train,gtaV,streetViewData\train\gtaV\mask\01189.png,streetViewData\train\gtaV\img\01189.png
612,train,gtaV,streetViewData\train\gtaV\mask\00092.png,streetViewData\train\gtaV\img\00092.png
613,train,gtaV,streetViewData\train\gtaV\mask\00459.png,streetViewData\train\gtaV\img\00459.png
614,train,gtaV,streetViewData\train\gtaV\mask\02323.png,streetViewData\train\gtaV\img\02323.png
615,train,gtaV,streetViewData\train\gtaV\mask\01045.png,streetViewData\train\gtaV\img\01045.png
616,train,gtaV,streetViewData\train\gtaV\mask\00857.png,streetViewData\train\gtaV\img\00857.png
617,train,gtaV,streetViewData\train\gtaV\mask\01716.png,streetViewData\train\gtaV\img\01716.png
618,train,gtaV,streetViewData\train\gtaV\mask\01054.png,streetViewData\train\gtaV\img\01054.png
619,train,gtaV,streetViewData\train\gtaV\mask\00114.png,streetViewData\train\gtaV\img\00114.png
620,train,gtaV,streetViewData\train\gtaV\mask\00445.png,streetViewData\train\gtaV\img\00445.png
621,train,gtaV,streetViewData\train\gtaV\mask\01748.png,streetViewData\train\gtaV\img\01748.png
622,train,gtaV,streetViewData\train\gtaV\mask\01416.png,streetViewData\train\gtaV\img\01416.png
623,train,gtaV,streetViewData\train\gtaV\mask\01218.png,streetViewData\train\gtaV\img\01218.png
624,train,gtaV,streetViewData\train\gtaV\mask\02019.png,streetViewData\train\gtaV\img\02019.png
625,train,gtaV,streetViewData\train\gtaV\mask\02137.png,streetViewData\train\gtaV\img\02137.png
626,train,gtaV,streetViewData\train\gtaV\mask\01153.png,streetViewData\train\gtaV\img\01153.png
627,train,gtaV,streetViewData\train\gtaV\mask\01420.png,streetViewData\train\gtaV\img\01420.png
628,train,gtaV,streetViewData\train\gtaV\mask\01768.png,streetViewData\train\gtaV\img\01768.png
629,train,gtaV,streetViewData\train\gtaV\mask\01574.png,streetViewData\train\gtaV\img\01574.png
630,train,gtaV,streetViewData\train\gtaV\mask\02414.png,streetViewData\train\gtaV\img\02414.png
631,train,gtaV,streetViewData\train\gtaV\mask\01299.png,streetViewData\train\gtaV\img\01299.png
632,train,gtaV,streetViewData\train\gtaV\mask\02369.png,streetViewData\train\gtaV\img\02369.png
633,train,gtaV,streetViewData\train\gtaV\mask\01707.png,streetViewData\train\gtaV\img\01707.png
634,train,gtaV,streetViewData\train\gtaV\mask\00881.png,streetViewData\train\gtaV\img\00881.png
635,train,gtaV,streetViewData\train\gtaV\mask\01032.png,streetViewData\train\gtaV\img\01032.png
636,train,gtaV,streetViewData\train\gtaV\mask\00126.png,streetViewData\train\gtaV\img\00126.png
637,train,gtaV,streetViewData\train\gtaV\mask\01978.png,streetViewData\train\gtaV\img\01978.png
638,train,gtaV,streetViewData\train\gtaV\mask\02400.png,streetViewData\train\gtaV\img\02400.png
639,train,gtaV,streetViewData\train\gtaV\mask\00006.png,streetViewData\train\gtaV\img\00006.png
640,train,gtaV,streetViewData\train\gtaV\mask\01591.png,streetViewData\train\gtaV\img\01591.png
641,train,gtaV,streetViewData\train\gtaV\mask\02178.png,streetViewData\train\gtaV\img\02178.png
642,train,gtaV,streetViewData\train\gtaV\mask\01629.png,streetViewData\train\gtaV\img\01629.png
643,train,gtaV,streetViewData\train\gtaV\mask\01933.png,streetViewData\train\gtaV\img\01933.png
644,train,gtaV,streetViewData\train\gtaV\mask\02000.png,streetViewData\train\gtaV\img\02000.png
645,train,gtaV,streetViewData\train\gtaV\mask\02046.png,streetViewData\train\gtaV\img\02046.png
646,train,gtaV,streetViewData\train\gtaV\mask\02036.png,streetViewData\train\gtaV\img\02036.png
647,train,gtaV,streetViewData\train\gtaV\mask\01900.png,streetViewData\train\gtaV\img\01900.png
648,train,gtaV,streetViewData\train\gtaV\mask\00895.png,streetViewData\train\gtaV\img\00895.png
649,train,gtaV,streetViewData\train\gtaV\mask\01256.png,streetViewData\train\gtaV\img\01256.png
650,train,gtaV,streetViewData\train\gtaV\mask\01410.png,streetViewData\train\gtaV\img\01410.png
651,train,gtaV,streetViewData\train\gtaV\mask\00361.png,streetViewData\train\gtaV\img\00361.png
652,train,gtaV,streetViewData\train\gtaV\mask\01887.png,streetViewData\train\gtaV\img\01887.png
653,train,gtaV,streetViewData\train\gtaV\mask\01187.png,streetViewData\train\gtaV\img\01187.png
654,train,gtaV,streetViewData\train\gtaV\mask\01803.png,streetViewData\train\gtaV\img\01803.png
655,train,gtaV,streetViewData\train\gtaV\mask\02401.png,streetViewData\train\gtaV\img\02401.png
656,train,gtaV,streetViewData\train\gtaV\mask\01885.png,streetViewData\train\gtaV\img\01885.png
657,train,gtaV,streetViewData\train\gtaV\mask\02263.png,streetViewData\train\gtaV\img\02263.png
658,train,gtaV,streetViewData\train\gtaV\mask\00478.png,streetViewData\train\gtaV\img\00478.png
659,train,gtaV,streetViewData\train\gtaV\mask\02001.png,streetViewData\train\gtaV\img\02001.png
660,train,gtaV,streetViewData\train\gtaV\mask\01126.png,streetViewData\train\gtaV\img\01126.png
661,train,gtaV,streetViewData\train\gtaV\mask\01565.png,streetViewData\train\gtaV\img\01565.png
662,train,gtaV,streetViewData\train\gtaV\mask\01144.png,streetViewData\train\gtaV\img\01144.png
663,train,gtaV,streetViewData\train\gtaV\mask\02490.png,streetViewData\train\gtaV\img\02490.png
664,train,gtaV,streetViewData\train\gtaV\mask\01363.png,streetViewData\train\gtaV\img\01363.png
665,train,gtaV,streetViewData\train\gtaV\mask\01179.png,streetViewData\train\gtaV\img\01179.png
666,train,gtaV,streetViewData\train\gtaV\mask\01351.png,streetViewData\train\gtaV\img\01351.png
667,train,gtaV,streetViewData\train\gtaV\mask\01954.png,streetViewData\train\gtaV\img\01954.png
668,train,gtaV,streetViewData\train\gtaV\mask\01116.png,streetViewData\train\gtaV\img\01116.png
669,train,gtaV,streetViewData\train\gtaV\mask\01662.png,streetViewData\train\gtaV\img\01662.png
670,train,gtaV,streetViewData\train\gtaV\mask\00483.png,streetViewData\train\gtaV\img\00483.png
671,train,gtaV,streetViewData\train\gtaV\mask\00884.png,streetViewData\train\gtaV\img\00884.png
672,train,gtaV,streetViewData\train\gtaV\mask\01388.png,streetViewData\train\gtaV\img\01388.png
673,train,gtaV,streetViewData\train\gtaV\mask\01888.png,streetViewData\train\gtaV\img\01888.png
674,train,gtaV,streetViewData\train\gtaV\mask\01287.png,streetViewData\train\gtaV\img\01287.png
675,train,gtaV,streetViewData\train\gtaV\mask\01914.png,streetViewData\train\gtaV\img\01914.png
676,train,gtaV,streetViewData\train\gtaV\mask\02059.png,streetViewData\train\gtaV\img\02059.png
677,train,gtaV,streetViewData\train\gtaV\mask\00848.png,streetViewData\train\gtaV\img\00848.png
678,train,gtaV,streetViewData\train\gtaV\mask\01787.png,streetViewData\train\gtaV\img\01787.png
679,train,gtaV,streetViewData\train\gtaV\mask\01692.png,streetViewData\train\gtaV\img\01692.png
680,train,gtaV,streetViewData\train\gtaV\mask\01127.png,streetViewData\train\gtaV\img\01127.png
681,train,gtaV,streetViewData\train\gtaV\mask\01358.png,streetViewData\train\gtaV\img\01358.png
682,train,gtaV,streetViewData\train\gtaV\mask\01649.png,streetViewData\train\gtaV\img\01649.png
683,train,gtaV,streetViewData\train\gtaV\mask\02234.png,streetViewData\train\gtaV\img\02234.png
684,train,gtaV,streetViewData\train\gtaV\mask\00003.png,streetViewData\train\gtaV\img\00003.png
685,train,gtaV,streetViewData\train\gtaV\mask\01133.png,streetViewData\train\gtaV\img\01133.png
686,train,gtaV,streetViewData\train\gtaV\mask\01098.png,streetViewData\train\gtaV\img\01098.png
687,train,gtaV,streetViewData\train\gtaV\mask\02493.png,streetViewData\train\gtaV\img\02493.png
688,train,gtaV,streetViewData\train\gtaV\mask\02505.png,streetViewData\train\gtaV\img\02505.png
689,train,gtaV,streetViewData\train\gtaV\mask\02136.png,streetViewData\train\gtaV\img\02136.png
690,train,gtaV,streetViewData\train\gtaV\mask\01714.png,streetViewData\train\gtaV\img\01714.png
691,train,gtaV,streetViewData\train\gtaV\mask\01769.png,streetViewData\train\gtaV\img\01769.png
692,train,gtaV,streetViewData\train\gtaV\mask\01867.png,streetViewData\train\gtaV\img\01867.png
693,train,gtaV,streetViewData\train\gtaV\mask\01170.png,streetViewData\train\gtaV\img\01170.png
694,train,gtaV,streetViewData\train\gtaV\mask\01479.png,streetViewData\train\gtaV\img\01479.png
695,train,gtaV,streetViewData\train\gtaV\mask\02525.png,streetViewData\train\gtaV\img\02525.png
696,train,gtaV,streetViewData\train\gtaV\mask\01432.png,streetViewData\train\gtaV\img\01432.png
697,train,gtaV,streetViewData\train\gtaV\mask\01910.png,streetViewData\train\gtaV\img\01910.png
698,train,gtaV,streetViewData\train\gtaV\mask\00948.png,streetViewData\train\gtaV\img\00948.png
699,train,gtaV,streetViewData\train\gtaV\mask\01573.png,streetViewData\train\gtaV\img\01573.png
700,train,gtaV,streetViewData\train\gtaV\mask\01496.png,streetViewData\train\gtaV\img\01496.png
701,train,gtaV,streetViewData\train\gtaV\mask\02152.png,streetViewData\train\gtaV\img\02152.png
702,train,gtaV,streetViewData\train\gtaV\mask\02498.png,streetViewData\train\gtaV\img\02498.png
703,train,gtaV,streetViewData\train\gtaV\mask\02034.png,streetViewData\train\gtaV\img\02034.png
704,train,gtaV,streetViewData\train\gtaV\mask\00839.png,streetViewData\train\gtaV\img\00839.png
705,train,gtaV,streetViewData\train\gtaV\mask\01876.png,streetViewData\train\gtaV\img\01876.png
706,train,gtaV,streetViewData\train\gtaV\mask\00396.png,streetViewData\train\gtaV\img\00396.png
707,train,gtaV,streetViewData\train\gtaV\mask\01092.png,streetViewData\train\gtaV\img\01092.png
708,train,gtaV,streetViewData\train\gtaV\mask\01582.png,streetViewData\train\gtaV\img\01582.png
709,train,gtaV,streetViewData\train\gtaV\mask\01886.png,streetViewData\train\gtaV\img\01886.png
710,train,gtaV,streetViewData\train\gtaV\mask\01823.png,streetViewData\train\gtaV\img\01823.png
711,train,gtaV,streetViewData\train\gtaV\mask\01795.png,streetViewData\train\gtaV\img\01795.png
712,train,gtaV,streetViewData\train\gtaV\mask\01197.png,streetViewData\train\gtaV\img\01197.png
713,train,gtaV,streetViewData\train\gtaV\mask\00414.png,streetViewData\train\gtaV\img\00414.png
714,train,gtaV,streetViewData\train\gtaV\mask\02203.png,streetViewData\train\gtaV\img\02203.png
715,train,gtaV,streetViewData\train\gtaV\mask\02065.png,streetViewData\train\gtaV\img\02065.png
716,train,gtaV,streetViewData\train\gtaV\mask\00992.png,streetViewData\train\gtaV\img\00992.png
717,train,gtaV,streetViewData\train\gtaV\mask\01904.png,streetViewData\train\gtaV\img\01904.png
718,train,gtaV,streetViewData\train\gtaV\mask\01146.png,streetViewData\train\gtaV\img\01146.png
719,train,gtaV,streetViewData\train\gtaV\mask\00971.png,streetViewData\train\gtaV\img\00971.png
720,train,gtaV,streetViewData\train\gtaV\mask\02386.png,streetViewData\train\gtaV\img\02386.png
721,train,gtaV,streetViewData\train\gtaV\mask\00899.png,streetViewData\train\gtaV\img\00899.png
722,train,gtaV,streetViewData\train\gtaV\mask\00524.png,streetViewData\train\gtaV\img\00524.png
723,train,gtaV,streetViewData\train\gtaV\mask\02469.png,streetViewData\train\gtaV\img\02469.png
724,train,gtaV,streetViewData\train\gtaV\mask\00130.png,streetViewData\train\gtaV\img\00130.png
725,train,gtaV,streetViewData\train\gtaV\mask\01012.png,streetViewData\train\gtaV\img\01012.png
726,train,gtaV,streetViewData\train\gtaV\mask\01500.png,streetViewData\train\gtaV\img\01500.png
727,train,gtaV,streetViewData\train\gtaV\mask\01778.png,streetViewData\train\gtaV\img\01778.png
728,train,gtaV,streetViewData\train\gtaV\mask\02267.png,streetViewData\train\gtaV\img\02267.png
729,train,gtaV,streetViewData\train\gtaV\mask\02100.png,streetViewData\train\gtaV\img\02100.png
730,train,gtaV,streetViewData\train\gtaV\mask\00367.png,streetViewData\train\gtaV\img\00367.png
731,train,gtaV,streetViewData\train\gtaV\mask\01459.png,streetViewData\train\gtaV\img\01459.png
732,train,gtaV,streetViewData\train\gtaV\mask\01375.png,streetViewData\train\gtaV\img\01375.png
733,train,gtaV,streetViewData\train\gtaV\mask\01816.png,streetViewData\train\gtaV\img\01816.png
734,train,gtaV,streetViewData\train\gtaV\mask\01705.png,streetViewData\train\gtaV\img\01705.png
735,train,gtaV,streetViewData\train\gtaV\mask\00890.png,streetViewData\train\gtaV\img\00890.png
736,train,gtaV,streetViewData\train\gtaV\mask\01998.png,streetViewData\train\gtaV\img\01998.png
737,train,gtaV,streetViewData\train\gtaV\mask\01953.png,streetViewData\train\gtaV\img\01953.png
738,train,gtaV,streetViewData\train\gtaV\mask\01297.png,streetViewData\train\gtaV\img\01297.png
739,train,gtaV,streetViewData\train\gtaV\mask\01539.png,streetViewData\train\gtaV\img\01539.png
740,train,gtaV,streetViewData\train\gtaV\mask\02466.png,streetViewData\train\gtaV\img\02466.png
741,train,gtaV,streetViewData\train\gtaV\mask\01010.png,streetViewData\train\gtaV\img\01010.png
742,train,gtaV,streetViewData\train\gtaV\mask\00525.png,streetViewData\train\gtaV\img\00525.png
743,train,gtaV,streetViewData\train\gtaV\mask\01870.png,streetViewData\train\gtaV\img\01870.png
744,train,gtaV,streetViewData\train\gtaV\mask\01935.png,streetViewData\train\gtaV\img\01935.png
745,train,gtaV,streetViewData\train\gtaV\mask\00014.png,streetViewData\train\gtaV\img\00014.png
746,train,gtaV,streetViewData\train\gtaV\mask\02064.png,streetViewData\train\gtaV\img\02064.png
747,train,gtaV,streetViewData\train\gtaV\mask\02104.png,streetViewData\train\gtaV\img\02104.png
748,train,gtaV,streetViewData\train\gtaV\mask\00441.png,streetViewData\train\gtaV\img\00441.png
749,train,gtaV,streetViewData\train\gtaV\mask\02121.png,streetViewData\train\gtaV\img\02121.png
750,train,gtaV,streetViewData\train\gtaV\mask\01397.png,streetViewData\train\gtaV\img\01397.png
751,train,gtaV,streetViewData\train\gtaV\mask\00959.png,streetViewData\train\gtaV\img\00959.png
752,train,gtaV,streetViewData\train\gtaV\mask\00852.png,streetViewData\train\gtaV\img\00852.png
753,train,gtaV,streetViewData\train\gtaV\mask\02173.png,streetViewData\train\gtaV\img\02173.png
754,train,gtaV,streetViewData\train\gtaV\mask\01952.png,streetViewData\train\gtaV\img\01952.png
755,train,gtaV,streetViewData\train\gtaV\mask\01587.png,streetViewData\train\gtaV\img\01587.png
756,train,gtaV,streetViewData\train\gtaV\mask\01478.png,streetViewData\train\gtaV\img\01478.png
757,train,gtaV,streetViewData\train\gtaV\mask\00138.png,streetViewData\train\gtaV\img\00138.png
758,train,gtaV,streetViewData\train\gtaV\mask\01668.png,streetViewData\train\gtaV\img\01668.png
759,train,gtaV,streetViewData\train\gtaV\mask\01021.png,streetViewData\train\gtaV\img\01021.png
760,train,gtaV,streetViewData\train\gtaV\mask\02264.png,streetViewData\train\gtaV\img\02264.png
761,train,gtaV,streetViewData\train\gtaV\mask\00471.png,streetViewData\train\gtaV\img\00471.png
762,train,gtaV,streetViewData\train\gtaV\mask\01461.png,streetViewData\train\gtaV\img\01461.png
763,train,gtaV,streetViewData\train\gtaV\mask\00496.png,streetViewData\train\gtaV\img\00496.png
764,train,gtaV,streetViewData\train\gtaV\mask\02168.png,streetViewData\train\gtaV\img\02168.png
765,train,gtaV,streetViewData\train\gtaV\mask\02271.png,streetViewData\train\gtaV\img\02271.png
766,train,gtaV,streetViewData\train\gtaV\mask\01894.png,streetViewData\train\gtaV\img\01894.png
767,train,gtaV,streetViewData\train\gtaV\mask\01614.png,streetViewData\train\gtaV\img\01614.png
768,train,gtaV,streetViewData\train\gtaV\mask\01671.png,streetViewData\train\gtaV\img\01671.png
769,train,gtaV,streetViewData\train\gtaV\mask\01746.png,streetViewData\train\gtaV\img\01746.png
770,train,gtaV,streetViewData\train\gtaV\mask\01160.png,streetViewData\train\gtaV\img\01160.png
771,train,gtaV,streetViewData\train\gtaV\mask\02073.png,streetViewData\train\gtaV\img\02073.png
772,train,gtaV,streetViewData\train\gtaV\mask\01433.png,streetViewData\train\gtaV\img\01433.png
773,train,gtaV,streetViewData\train\gtaV\mask\01781.png,streetViewData\train\gtaV\img\01781.png
774,train,gtaV,streetViewData\train\gtaV\mask\02196.png,streetViewData\train\gtaV\img\02196.png
775,train,gtaV,streetViewData\train\gtaV\mask\02383.png,streetViewData\train\gtaV\img\02383.png
776,train,gtaV,streetViewData\train\gtaV\mask\01560.png,streetViewData\train\gtaV\img\01560.png
777,train,gtaV,streetViewData\train\gtaV\mask\01400.png,streetViewData\train\gtaV\img\01400.png
778,train,gtaV,streetViewData\train\gtaV\mask\02228.png,streetViewData\train\gtaV\img\02228.png
779,train,gtaV,streetViewData\train\gtaV\mask\02345.png,streetViewData\train\gtaV\img\02345.png
780,train,gtaV,streetViewData\train\gtaV\mask\01440.png,streetViewData\train\gtaV\img\01440.png
781,train,gtaV,streetViewData\train\gtaV\mask\00712.png,streetViewData\train\gtaV\img\00712.png
782,train,gtaV,streetViewData\train\gtaV\mask\02050.png,streetViewData\train\gtaV\img\02050.png
783,train,gtaV,streetViewData\train\gtaV\mask\01499.png,streetViewData\train\gtaV\img\01499.png
784,train,gtaV,streetViewData\train\gtaV\mask\01448.png,streetViewData\train\gtaV\img\01448.png
785,train,gtaV,streetViewData\train\gtaV\mask\01041.png,streetViewData\train\gtaV\img\01041.png
786,train,gtaV,streetViewData\train\gtaV\mask\02066.png,streetViewData\train\gtaV\img\02066.png
787,train,gtaV,streetViewData\train\gtaV\mask\01017.png,streetViewData\train\gtaV\img\01017.png
788,train,gtaV,streetViewData\train\gtaV\mask\01832.png,streetViewData\train\gtaV\img\01832.png
789,train,gtaV,streetViewData\train\gtaV\mask\01078.png,streetViewData\train\gtaV\img\01078.png
790,train,gtaV,streetViewData\train\gtaV\mask\02095.png,streetViewData\train\gtaV\img\02095.png
791,train,gtaV,streetViewData\train\gtaV\mask\02119.png,streetViewData\train\gtaV\img\02119.png
792,train,gtaV,streetViewData\train\gtaV\mask\01594.png,streetViewData\train\gtaV\img\01594.png
793,train,gtaV,streetViewData\train\gtaV\mask\01519.png,streetViewData\train\gtaV\img\01519.png
794,train,gtaV,streetViewData\train\gtaV\mask\01810.png,streetViewData\train\gtaV\img\01810.png
795,train,gtaV,streetViewData\train\gtaV\mask\01000.png,streetViewData\train\gtaV\img\01000.png
796,train,gtaV,streetViewData\train\gtaV\mask\01073.png,streetViewData\train\gtaV\img\01073.png
797,train,gtaV,streetViewData\train\gtaV\mask\01427.png,streetViewData\train\gtaV\img\01427.png
798,train,gtaV,streetViewData\train\gtaV\mask\00376.png,streetViewData\train\gtaV\img\00376.png
799,train,gtaV,streetViewData\train\gtaV\mask\01988.png,streetViewData\train\gtaV\img\01988.png
800,train,gtaV,streetViewData\train\gtaV\mask\01096.png,streetViewData\train\gtaV\img\01096.png
801,train,gtaV,streetViewData\train\gtaV\mask\00991.png,streetViewData\train\gtaV\img\00991.png
802,train,gtaV,streetViewData\train\gtaV\mask\01067.png,streetViewData\train\gtaV\img\01067.png
803,train,gtaV,streetViewData\train\gtaV\mask\01198.png,streetViewData\train\gtaV\img\01198.png
804,train,gtaV,streetViewData\train\gtaV\mask\01165.png,streetViewData\train\gtaV\img\01165.png
805,train,gtaV,streetViewData\train\gtaV\mask\01633.png,streetViewData\train\gtaV\img\01633.png
806,train,gtaV,streetViewData\train\gtaV\mask\00383.png,streetViewData\train\gtaV\img\00383.png
807,train,gtaV,streetViewData\train\gtaV\mask\00506.png,streetViewData\train\gtaV\img\00506.png
808,train,gtaV,streetViewData\train\gtaV\mask\00695.png,streetViewData\train\gtaV\img\00695.png
809,train,gtaV,streetViewData\train\gtaV\mask\00984.png,streetViewData\train\gtaV\img\00984.png
810,train,gtaV,streetViewData\train\gtaV\mask\01295.png,streetViewData\train\gtaV\img\01295.png
811,train,gtaV,streetViewData\train\gtaV\mask\01948.png,streetViewData\train\gtaV\img\01948.png
812,train,gtaV,streetViewData\train\gtaV\mask\00699.png,streetViewData\train\gtaV\img\00699.png
813,train,gtaV,streetViewData\train\gtaV\mask\01973.png,streetViewData\train\gtaV\img\01973.png
814,train,gtaV,streetViewData\train\gtaV\mask\00949.png,streetViewData\train\gtaV\img\00949.png
815,train,gtaV,streetViewData\train\gtaV\mask\00349.png,streetViewData\train\gtaV\img\00349.png
816,train,gtaV,streetViewData\train\gtaV\mask\01376.png,streetViewData\train\gtaV\img\01376.png
817,train,gtaV,streetViewData\train\gtaV\mask\01361.png,streetViewData\train\gtaV\img\01361.png
818,train,gtaV,streetViewData\train\gtaV\mask\01188.png,streetViewData\train\gtaV\img\01188.png
819,train,gtaV,streetViewData\train\gtaV\mask\01638.png,streetViewData\train\gtaV\img\01638.png
820,train,gtaV,streetViewData\train\gtaV\mask\01481.png,streetViewData\train\gtaV\img\01481.png
821,train,gtaV,streetViewData\train\gtaV\mask\01378.png,streetViewData\train\gtaV\img\01378.png
822,train,gtaV,streetViewData\train\gtaV\mask\00345.png,streetViewData\train\gtaV\img\00345.png
823,train,gtaV,streetViewData\train\gtaV\mask\00934.png,streetViewData\train\gtaV\img\00934.png
824,train,gtaV,streetViewData\train\gtaV\mask\01387.png,streetViewData\train\gtaV\img\01387.png
825,train,gtaV,streetViewData\train\gtaV\mask\01308.png,streetViewData\train\gtaV\img\01308.png
826,train,gtaV,streetViewData\train\gtaV\mask\02103.png,streetViewData\train\gtaV\img\02103.png
827,train,gtaV,streetViewData\train\gtaV\mask\01723.png,streetViewData\train\gtaV\img\01723.png
828,train,gtaV,streetViewData\train\gtaV\mask\01951.png,streetViewData\train\gtaV\img\01951.png
829,train,gtaV,streetViewData\train\gtaV\mask\00076.png,streetViewData\train\gtaV\img\00076.png
830,train,gtaV,streetViewData\train\gtaV\mask\02094.png,streetViewData\train\gtaV\img\02094.png
831,train,gtaV,streetViewData\train\gtaV\mask\01706.png,streetViewData\train\gtaV\img\01706.png
832,train,gtaV,streetViewData\train\gtaV\mask\01290.png,streetViewData\train\gtaV\img\01290.png
833,train,gtaV,streetViewData\train\gtaV\mask\01503.png,streetViewData\train\gtaV\img\01503.png
834,train,gtaV,streetViewData\train\gtaV\mask\00015.png,streetViewData\train\gtaV\img\00015.png
835,train,gtaV,streetViewData\train\gtaV\mask\01231.png,streetViewData\train\gtaV\img\01231.png
836,train,gtaV,streetViewData\train\gtaV\mask\01122.png,streetViewData\train\gtaV\img\01122.png
837,train,gtaV,streetViewData\train\gtaV\mask\02070.png,streetViewData\train\gtaV\img\02070.png
838,train,gtaV,streetViewData\train\gtaV\mask\01309.png,streetViewData\train\gtaV\img\01309.png
839,train,gtaV,streetViewData\train\gtaV\mask\01385.png,streetViewData\train\gtaV\img\01385.png
840,train,gtaV,streetViewData\train\gtaV\mask\02385.png,streetViewData\train\gtaV\img\02385.png
841,train,gtaV,streetViewData\train\gtaV\mask\02057.png,streetViewData\train\gtaV\img\02057.png
842,train,gtaV,streetViewData\train\gtaV\mask\02031.png,streetViewData\train\gtaV\img\02031.png
843,train,gtaV,streetViewData\train\gtaV\mask\01645.png,streetViewData\train\gtaV\img\01645.png
844,train,gtaV,streetViewData\train\gtaV\mask\02474.png,streetViewData\train\gtaV\img\02474.png
845,train,gtaV,streetViewData\train\gtaV\mask\01762.png,streetViewData\train\gtaV\img\01762.png
846,train,gtaV,streetViewData\train\gtaV\mask\00962.png,streetViewData\train\gtaV\img\00962.png
847,train,gtaV,streetViewData\train\gtaV\mask\01526.png,streetViewData\train\gtaV\img\01526.png
848,train,gtaV,streetViewData\train\gtaV\mask\00960.png,streetViewData\train\gtaV\img\00960.png
849,train,gtaV,streetViewData\train\gtaV\mask\01069.png,streetViewData\train\gtaV\img\01069.png
850,train,gtaV,streetViewData\train\gtaV\mask\01419.png,streetViewData\train\gtaV\img\01419.png
851,train,gtaV,streetViewData\train\gtaV\mask\01521.png,streetViewData\train\gtaV\img\01521.png
852,train,gtaV,streetViewData\train\gtaV\mask\00095.png,streetViewData\train\gtaV\img\00095.png
853,train,gtaV,streetViewData\train\gtaV\mask\01307.png,streetViewData\train\gtaV\img\01307.png
854,train,gtaV,streetViewData\train\gtaV\mask\01199.png,streetViewData\train\gtaV\img\01199.png
855,train,gtaV,streetViewData\train\gtaV\mask\01896.png,streetViewData\train\gtaV\img\01896.png
856,train,gtaV,streetViewData\train\gtaV\mask\01917.png,streetViewData\train\gtaV\img\01917.png
857,train,gtaV,streetViewData\train\gtaV\mask\02161.png,streetViewData\train\gtaV\img\02161.png
858,train,gtaV,streetViewData\train\gtaV\mask\01355.png,streetViewData\train\gtaV\img\01355.png
859,train,gtaV,streetViewData\train\gtaV\mask\02010.png,streetViewData\train\gtaV\img\02010.png
860,train,gtaV,streetViewData\train\gtaV\mask\00830.png,streetViewData\train\gtaV\img\00830.png
861,train,gtaV,streetViewData\train\gtaV\mask\01484.png,streetViewData\train\gtaV\img\01484.png
862,train,gtaV,streetViewData\train\gtaV\mask\02504.png,streetViewData\train\gtaV\img\02504.png
863,train,gtaV,streetViewData\train\gtaV\mask\01801.png,streetViewData\train\gtaV\img\01801.png
864,train,gtaV,streetViewData\train\gtaV\mask\01620.png,streetViewData\train\gtaV\img\01620.png
865,train,gtaV,streetViewData\train\gtaV\mask\00091.png,streetViewData\train\gtaV\img\00091.png
866,train,gtaV,streetViewData\train\gtaV\mask\01317.png,streetViewData\train\gtaV\img\01317.png
867,train,gtaV,streetViewData\train\gtaV\mask\01739.png,streetViewData\train\gtaV\img\01739.png
868,train,gtaV,streetViewData\train\gtaV\mask\01682.png,streetViewData\train\gtaV\img\01682.png
869,train,gtaV,streetViewData\train\gtaV\mask\01884.png,streetViewData\train\gtaV\img\01884.png
870,train,gtaV,streetViewData\train\gtaV\mask\02162.png,streetViewData\train\gtaV\img\02162.png
871,train,gtaV,streetViewData\train\gtaV\mask\00394.png,streetViewData\train\gtaV\img\00394.png
872,train,gtaV,streetViewData\train\gtaV\mask\01843.png,streetViewData\train\gtaV\img\01843.png
873,train,gtaV,streetViewData\train\gtaV\mask\01404.png,streetViewData\train\gtaV\img\01404.png
874,train,gtaV,streetViewData\train\gtaV\mask\00500.png,streetViewData\train\gtaV\img\00500.png
875,train,gtaV,streetViewData\train\gtaV\mask\01472.png,streetViewData\train\gtaV\img\01472.png
876,train,gtaV,streetViewData\train\gtaV\mask\00864.png,streetViewData\train\gtaV\img\00864.png
877,train,gtaV,streetViewData\train\gtaV\mask\02270.png,streetViewData\train\gtaV\img\02270.png
878,train,gtaV,streetViewData\train\gtaV\mask\01043.png,streetViewData\train\gtaV\img\01043.png
879,train,gtaV,streetViewData\train\gtaV\mask\02353.png,streetViewData\train\gtaV\img\02353.png
880,train,gtaV,streetViewData\train\gtaV\mask\01181.png,streetViewData\train\gtaV\img\01181.png
881,train,gtaV,streetViewData\train\gtaV\mask\00944.png,streetViewData\train\gtaV\img\00944.png
882,train,gtaV,streetViewData\train\gtaV\mask\01458.png,streetViewData\train\gtaV\img\01458.png
883,train,gtaV,streetViewData\train\gtaV\mask\01180.png,streetViewData\train\gtaV\img\01180.png
884,train,gtaV,streetViewData\train\gtaV\mask\01202.png,streetViewData\train\gtaV\img\01202.png
885,train,gtaV,streetViewData\train\gtaV\mask\02085.png,streetViewData\train\gtaV\img\02085.png
886,train,gtaV,streetViewData\train\gtaV\mask\02148.png,streetViewData\train\gtaV\img\02148.png
887,train,gtaV,streetViewData\train\gtaV\mask\01080.png,streetViewData\train\gtaV\img\01080.png
888,train,gtaV,streetViewData\train\gtaV\mask\02067.png,streetViewData\train\gtaV\img\02067.png
889,train,gtaV,streetViewData\train\gtaV\mask\01390.png,streetViewData\train\gtaV\img\01390.png
890,train,gtaV,streetViewData\train\gtaV\mask\01027.png,streetViewData\train\gtaV\img\01027.png
891,train,gtaV,streetViewData\train\gtaV\mask\00390.png,streetViewData\train\gtaV\img\00390.png
892,train,gtaV,streetViewData\train\gtaV\mask\02446.png,streetViewData\train\gtaV\img\02446.png
893,train,gtaV,streetViewData\train\gtaV\mask\00075.png,streetViewData\train\gtaV\img\00075.png
894,train,gtaV,streetViewData\train\gtaV\mask\02481.png,streetViewData\train\gtaV\img\02481.png
895,train,gtaV,streetViewData\train\gtaV\mask\01631.png,streetViewData\train\gtaV\img\01631.png
896,train,gtaV,streetViewData\train\gtaV\mask\00142.png,streetViewData\train\gtaV\img\00142.png
897,train,gtaV,streetViewData\train\gtaV\mask\02440.png,streetViewData\train\gtaV\img\02440.png
898,train,gtaV,streetViewData\train\gtaV\mask\00970.png,streetViewData\train\gtaV\img\00970.png
899,train,gtaV,streetViewData\train\gtaV\mask\01858.png,streetViewData\train\gtaV\img\01858.png
900,train,gtaV,streetViewData\train\gtaV\mask\00358.png,streetViewData\train\gtaV\img\00358.png
901,train,gtaV,streetViewData\train\gtaV\mask\02126.png,streetViewData\train\gtaV\img\02126.png
902,train,gtaV,streetViewData\train\gtaV\mask\01861.png,streetViewData\train\gtaV\img\01861.png
903,train,gtaV,streetViewData\train\gtaV\mask\00118.png,streetViewData\train\gtaV\img\00118.png
904,train,gtaV,streetViewData\train\gtaV\mask\02071.png,streetViewData\train\gtaV\img\02071.png
905,train,gtaV,streetViewData\train\gtaV\mask\00099.png,streetViewData\train\gtaV\img\00099.png
906,train,gtaV,streetViewData\train\gtaV\mask\02240.png,streetViewData\train\gtaV\img\02240.png
907,train,gtaV,streetViewData\train\gtaV\mask\02444.png,streetViewData\train\gtaV\img\02444.png
908,train,gtaV,streetViewData\train\gtaV\mask\00077.png,streetViewData\train\gtaV\img\00077.png
909,train,gtaV,streetViewData\train\gtaV\mask\01799.png,streetViewData\train\gtaV\img\01799.png
910,train,gtaV,streetViewData\train\gtaV\mask\02215.png,streetViewData\train\gtaV\img\02215.png
911,train,gtaV,streetViewData\train\gtaV\mask\00999.png,streetViewData\train\gtaV\img\00999.png
912,train,gtaV,streetViewData\train\gtaV\mask\00481.png,streetViewData\train\gtaV\img\00481.png
913,train,gtaV,streetViewData\train\gtaV\mask\02327.png,streetViewData\train\gtaV\img\02327.png
914,train,gtaV,streetViewData\train\gtaV\mask\02460.png,streetViewData\train\gtaV\img\02460.png
915,train,gtaV,streetViewData\train\gtaV\mask\00457.png,streetViewData\train\gtaV\img\00457.png
916,train,gtaV,streetViewData\train\gtaV\mask\02159.png,streetViewData\train\gtaV\img\02159.png
917,train,gtaV,streetViewData\train\gtaV\mask\00957.png,streetViewData\train\gtaV\img\00957.png
918,train,gtaV,streetViewData\train\gtaV\mask\02333.png,streetViewData\train\gtaV\img\02333.png
919,train,gtaV,streetViewData\train\gtaV\mask\01959.png,streetViewData\train\gtaV\img\01959.png
920,train,gtaV,streetViewData\train\gtaV\mask\01035.png,streetViewData\train\gtaV\img\01035.png
921,train,gtaV,streetViewData\train\gtaV\mask\02097.png,streetViewData\train\gtaV\img\02097.png
922,train,gtaV,streetViewData\train\gtaV\mask\01266.png,streetViewData\train\gtaV\img\01266.png
923,train,gtaV,streetViewData\train\gtaV\mask\00835.png,streetViewData\train\gtaV\img\00835.png
924,train,gtaV,streetViewData\train\gtaV\mask\01767.png,streetViewData\train\gtaV\img\01767.png
925,train,gtaV,streetViewData\train\gtaV\mask\01770.png,streetViewData\train\gtaV\img\01770.png
926,train,gtaV,streetViewData\train\gtaV\mask\02058.png,streetViewData\train\gtaV\img\02058.png
927,train,gtaV,streetViewData\train\gtaV\mask\02291.png,streetViewData\train\gtaV\img\02291.png
928,train,gtaV,streetViewData\train\gtaV\mask\02112.png,streetViewData\train\gtaV\img\02112.png
929,train,gtaV,streetViewData\train\gtaV\mask\00827.png,streetViewData\train\gtaV\img\00827.png
930,train,gtaV,streetViewData\train\gtaV\mask\01148.png,streetViewData\train\gtaV\img\01148.png
931,train,gtaV,streetViewData\train\gtaV\mask\02451.png,streetViewData\train\gtaV\img\02451.png
932,train,gtaV,streetViewData\train\gtaV\mask\01712.png,streetViewData\train\gtaV\img\01712.png
933,train,gtaV,streetViewData\train\gtaV\mask\00088.png,streetViewData\train\gtaV\img\00088.png
934,train,gtaV,streetViewData\train\gtaV\mask\01149.png,streetViewData\train\gtaV\img\01149.png
935,train,gtaV,streetViewData\train\gtaV\mask\02253.png,streetViewData\train\gtaV\img\02253.png
936,train,gtaV,streetViewData\train\gtaV\mask\02352.png,streetViewData\train\gtaV\img\02352.png
937,train,gtaV,streetViewData\train\gtaV\mask\01279.png,streetViewData\train\gtaV\img\01279.png
938,train,gtaV,streetViewData\train\gtaV\mask\01323.png,streetViewData\train\gtaV\img\01323.png
939,train,gtaV,streetViewData\train\gtaV\mask\01991.png,streetViewData\train\gtaV\img\01991.png
940,train,gtaV,streetViewData\train\gtaV\mask\00898.png,streetViewData\train\gtaV\img\00898.png
941,train,gtaV,streetViewData\train\gtaV\mask\00373.png,streetViewData\train\gtaV\img\00373.png
942,train,gtaV,streetViewData\train\gtaV\mask\02160.png,streetViewData\train\gtaV\img\02160.png
943,train,gtaV,streetViewData\train\gtaV\mask\01941.png,streetViewData\train\gtaV\img\01941.png
944,train,gtaV,streetViewData\train\gtaV\mask\01811.png,streetViewData\train\gtaV\img\01811.png
945,train,gtaV,streetViewData\train\gtaV\mask\01008.png,streetViewData\train\gtaV\img\01008.png
946,train,gtaV,streetViewData\train\gtaV\mask\00431.png,streetViewData\train\gtaV\img\00431.png
947,train,gtaV,streetViewData\train\gtaV\mask\02360.png,streetViewData\train\gtaV\img\02360.png
948,train,gtaV,streetViewData\train\gtaV\mask\01128.png,streetViewData\train\gtaV\img\01128.png
949,train,gtaV,streetViewData\train\gtaV\mask\01928.png,streetViewData\train\gtaV\img\01928.png
950,train,gtaV,streetViewData\train\gtaV\mask\01756.png,streetViewData\train\gtaV\img\01756.png
951,train,gtaV,streetViewData\train\gtaV\mask\00470.png,streetViewData\train\gtaV\img\00470.png
952,train,gtaV,streetViewData\train\gtaV\mask\01686.png,streetViewData\train\gtaV\img\01686.png
953,train,gtaV,streetViewData\train\gtaV\mask\00120.png,streetViewData\train\gtaV\img\00120.png
954,train,gtaV,streetViewData\train\gtaV\mask\01222.png,streetViewData\train\gtaV\img\01222.png
955,train,gtaV,streetViewData\train\gtaV\mask\01618.png,streetViewData\train\gtaV\img\01618.png
956,train,gtaV,streetViewData\train\gtaV\mask\02154.png,streetViewData\train\gtaV\img\02154.png
957,train,gtaV,streetViewData\train\gtaV\mask\01881.png,streetViewData\train\gtaV\img\01881.png
958,train,gtaV,streetViewData\train\gtaV\mask\01269.png,streetViewData\train\gtaV\img\01269.png
959,train,gtaV,streetViewData\train\gtaV\mask\00359.png,streetViewData\train\gtaV\img\00359.png
960,train,gtaV,streetViewData\train\gtaV\mask\01563.png,streetViewData\train\gtaV\img\01563.png
961,train,gtaV,streetViewData\train\gtaV\mask\01853.png,streetViewData\train\gtaV\img\01853.png
962,train,gtaV,streetViewData\train\gtaV\mask\01209.png,streetViewData\train\gtaV\img\01209.png
963,train,gtaV,streetViewData\train\gtaV\mask\00041.png,streetViewData\train\gtaV\img\00041.png
964,train,gtaV,streetViewData\train\gtaV\mask\02449.png,streetViewData\train\gtaV\img\02449.png
965,train,gtaV,streetViewData\train\gtaV\mask\01530.png,streetViewData\train\gtaV\img\01530.png
966,train,gtaV,streetViewData\train\gtaV\mask\00439.png,streetViewData\train\gtaV\img\00439.png
967,train,gtaV,streetViewData\train\gtaV\mask\01414.png,streetViewData\train\gtaV\img\01414.png
968,train,gtaV,streetViewData\train\gtaV\mask\01252.png,streetViewData\train\gtaV\img\01252.png
969,train,gtaV,streetViewData\train\gtaV\mask\01828.png,streetViewData\train\gtaV\img\01828.png
970,train,gtaV,streetViewData\train\gtaV\mask\01468.png,streetViewData\train\gtaV\img\01468.png
971,train,gtaV,streetViewData\train\gtaV\mask\01975.png,streetViewData\train\gtaV\img\01975.png
972,train,gtaV,streetViewData\train\gtaV\mask\00700.png,streetViewData\train\gtaV\img\00700.png
973,train,gtaV,streetViewData\train\gtaV\mask\01418.png,streetViewData\train\gtaV\img\01418.png
974,train,gtaV,streetViewData\train\gtaV\mask\02275.png,streetViewData\train\gtaV\img\02275.png
975,train,gtaV,streetViewData\train\gtaV\mask\02029.png,streetViewData\train\gtaV\img\02029.png
976,train,gtaV,streetViewData\train\gtaV\mask\01595.png,streetViewData\train\gtaV\img\01595.png
977,train,gtaV,streetViewData\train\gtaV\mask\01859.png,streetViewData\train\gtaV\img\01859.png
978,train,gtaV,streetViewData\train\gtaV\mask\01064.png,streetViewData\train\gtaV\img\01064.png
979,train,gtaV,streetViewData\train\gtaV\mask\01788.png,streetViewData\train\gtaV\img\01788.png
980,train,gtaV,streetViewData\train\gtaV\mask\02457.png,streetViewData\train\gtaV\img\02457.png
981,train,gtaV,streetViewData\train\gtaV\mask\01517.png,streetViewData\train\gtaV\img\01517.png
982,train,gtaV,streetViewData\train\gtaV\mask\02109.png,streetViewData\train\gtaV\img\02109.png
983,train,gtaV,streetViewData\train\gtaV\mask\02177.png,streetViewData\train\gtaV\img\02177.png
984,train,gtaV,streetViewData\train\gtaV\mask\02024.png,streetViewData\train\gtaV\img\02024.png
985,train,gtaV,streetViewData\train\gtaV\mask\01740.png,streetViewData\train\gtaV\img\01740.png
986,train,gtaV,streetViewData\train\gtaV\mask\01060.png,streetViewData\train\gtaV\img\01060.png
987,train,gtaV,streetViewData\train\gtaV\mask\01171.png,streetViewData\train\gtaV\img\01171.png
988,train,gtaV,streetViewData\train\gtaV\mask\01013.png,streetViewData\train\gtaV\img\01013.png
989,train,gtaV,streetViewData\train\gtaV\mask\00400.png,streetViewData\train\gtaV\img\00400.png
990,train,gtaV,streetViewData\train\gtaV\mask\02424.png,streetViewData\train\gtaV\img\02424.png
991,train,gtaV,streetViewData\train\gtaV\mask\01450.png,streetViewData\train\gtaV\img\01450.png
992,train,gtaV,streetViewData\train\gtaV\mask\02286.png,streetViewData\train\gtaV\img\02286.png
993,train,gtaV,streetViewData\train\gtaV\mask\02262.png,streetViewData\train\gtaV\img\02262.png
994,train,gtaV,streetViewData\train\gtaV\mask\01694.png,streetViewData\train\gtaV\img\01694.png
995,train,gtaV,streetViewData\train\gtaV\mask\01776.png,streetViewData\train\gtaV\img\01776.png
996,train,gtaV,streetViewData\train\gtaV\mask\01895.png,streetViewData\train\gtaV\img\01895.png
997,train,gtaV,streetViewData\train\gtaV\mask\02141.png,streetViewData\train\gtaV\img\02141.png
998,train,gtaV,streetViewData\train\gtaV\mask\02274.png,streetViewData\train\gtaV\img\02274.png
999,train,gtaV,streetViewData\train\gtaV\mask\00094.png,streetViewData\train\gtaV\img\00094.png
1000,train,gtaV,streetViewData\train\gtaV\mask\02288.png,streetViewData\train\gtaV\img\02288.png
1001,train,gtaV,streetViewData\train\gtaV\mask\01176.png,streetViewData\train\gtaV\img\01176.png
1002,train,gtaV,streetViewData\train\gtaV\mask\02151.png,streetViewData\train\gtaV\img\02151.png
1003,train,gtaV,streetViewData\train\gtaV\mask\01525.png,streetViewData\train\gtaV\img\01525.png
1004,train,gtaV,streetViewData\train\gtaV\mask\00945.png,streetViewData\train\gtaV\img\00945.png
1005,train,gtaV,streetViewData\train\gtaV\mask\01237.png,streetViewData\train\gtaV\img\01237.png
1006,train,gtaV,streetViewData\train\gtaV\mask\01040.png,streetViewData\train\gtaV\img\01040.png
1007,train,gtaV,streetViewData\train\gtaV\mask\01208.png,streetViewData\train\gtaV\img\01208.png
1008,train,gtaV,streetViewData\train\gtaV\mask\01083.png,streetViewData\train\gtaV\img\01083.png
1009,train,gtaV,streetViewData\train\gtaV\mask\01747.png,streetViewData\train\gtaV\img\01747.png
1010,train,gtaV,streetViewData\train\gtaV\mask\02452.png,streetViewData\train\gtaV\img\02452.png
1011,train,gtaV,streetViewData\train\gtaV\mask\01076.png,streetViewData\train\gtaV\img\01076.png
1012,train,gtaV,streetViewData\train\gtaV\mask\01665.png,streetViewData\train\gtaV\img\01665.png
1013,train,gtaV,streetViewData\train\gtaV\mask\00023.png,streetViewData\train\gtaV\img\00023.png
1014,train,gtaV,streetViewData\train\gtaV\mask\01585.png,streetViewData\train\gtaV\img\01585.png
1015,train,gtaV,streetViewData\train\gtaV\mask\00883.png,streetViewData\train\gtaV\img\00883.png
1016,train,gtaV,streetViewData\train\gtaV\mask\00398.png,streetViewData\train\gtaV\img\00398.png
1017,train,gtaV,streetViewData\train\gtaV\mask\01005.png,streetViewData\train\gtaV\img\01005.png
1018,train,gtaV,streetViewData\train\gtaV\mask\02500.png,streetViewData\train\gtaV\img\02500.png
1019,train,gtaV,streetViewData\train\gtaV\mask\02483.png,streetViewData\train\gtaV\img\02483.png
1020,train,gtaV,streetViewData\train\gtaV\mask\01527.png,streetViewData\train\gtaV\img\01527.png
1021,train,gtaV,streetViewData\train\gtaV\mask\01664.png,streetViewData\train\gtaV\img\01664.png
1022,train,gtaV,streetViewData\train\gtaV\mask\01003.png,streetViewData\train\gtaV\img\01003.png
1023,train,gtaV,streetViewData\train\gtaV\mask\02084.png,streetViewData\train\gtaV\img\02084.png
1024,train,gtaV,streetViewData\train\gtaV\mask\01502.png,streetViewData\train\gtaV\img\01502.png
1025,train,gtaV,streetViewData\train\gtaV\mask\01849.png,streetViewData\train\gtaV\img\01849.png
1026,train,gtaV,streetViewData\train\gtaV\mask\01984.png,streetViewData\train\gtaV\img\01984.png
1027,train,gtaV,streetViewData\train\gtaV\mask\01532.png,streetViewData\train\gtaV\img\01532.png
1028,train,gtaV,streetViewData\train\gtaV\mask\01444.png,streetViewData\train\gtaV\img\01444.png
1029,train,gtaV,streetViewData\train\gtaV\mask\00066.png,streetViewData\train\gtaV\img\00066.png
1030,train,gtaV,streetViewData\train\gtaV\mask\00413.png,streetViewData\train\gtaV\img\00413.png
1031,train,gtaV,streetViewData\train\gtaV\mask\01113.png,streetViewData\train\gtaV\img\01113.png
1032,train,gtaV,streetViewData\train\gtaV\mask\00964.png,streetViewData\train\gtaV\img\00964.png
1033,train,gtaV,streetViewData\train\gtaV\mask\02461.png,streetViewData\train\gtaV\img\02461.png
1034,train,gtaV,streetViewData\train\gtaV\mask\01943.png,streetViewData\train\gtaV\img\01943.png
1035,train,gtaV,streetViewData\train\gtaV\mask\01009.png,streetViewData\train\gtaV\img\01009.png
1036,train,gtaV,streetViewData\train\gtaV\mask\01138.png,streetViewData\train\gtaV\img\01138.png
1037,train,gtaV,streetViewData\train\gtaV\mask\02484.png,streetViewData\train\gtaV\img\02484.png
1038,train,gtaV,streetViewData\train\gtaV\mask\01718.png,streetViewData\train\gtaV\img\01718.png
1039,train,gtaV,streetViewData\train\gtaV\mask\02105.png,streetViewData\train\gtaV\img\02105.png
1040,train,gtaV,streetViewData\train\gtaV\mask\02114.png,streetViewData\train\gtaV\img\02114.png
1041,train,gtaV,streetViewData\train\gtaV\mask\01660.png,streetViewData\train\gtaV\img\01660.png
1042,train,gtaV,streetViewData\train\gtaV\mask\02260.png,streetViewData\train\gtaV\img\02260.png
1043,train,gtaV,streetViewData\train\gtaV\mask\01215.png,streetViewData\train\gtaV\img\01215.png
1044,train,gtaV,streetViewData\train\gtaV\mask\01398.png,streetViewData\train\gtaV\img\01398.png
1045,train,gtaV,streetViewData\train\gtaV\mask\01654.png,streetViewData\train\gtaV\img\01654.png
1046,train,gtaV,streetViewData\train\gtaV\mask\02209.png,streetViewData\train\gtaV\img\02209.png
1047,train,gtaV,streetViewData\train\gtaV\mask\02192.png,streetViewData\train\gtaV\img\02192.png
1048,train,gtaV,streetViewData\train\gtaV\mask\01966.png,streetViewData\train\gtaV\img\01966.png
1049,train,gtaV,streetViewData\train\gtaV\mask\01456.png,streetViewData\train\gtaV\img\01456.png
1050,train,gtaV,streetViewData\train\gtaV\mask\01065.png,streetViewData\train\gtaV\img\01065.png
1051,train,gtaV,streetViewData\train\gtaV\mask\02088.png,streetViewData\train\gtaV\img\02088.png
1052,train,gtaV,streetViewData\train\gtaV\mask\01025.png,streetViewData\train\gtaV\img\01025.png
1053,train,gtaV,streetViewData\train\gtaV\mask\00983.png,streetViewData\train\gtaV\img\00983.png
1054,train,gtaV,streetViewData\train\gtaV\mask\02076.png,streetViewData\train\gtaV\img\02076.png
1055,train,gtaV,streetViewData\train\gtaV\mask\00886.png,streetViewData\train\gtaV\img\00886.png
1056,train,gtaV,streetViewData\train\gtaV\mask\01157.png,streetViewData\train\gtaV\img\01157.png
1057,train,gtaV,streetViewData\train\gtaV\mask\00467.png,streetViewData\train\gtaV\img\00467.png
1058,train,gtaV,streetViewData\train\gtaV\mask\01624.png,streetViewData\train\gtaV\img\01624.png
1059,train,gtaV,streetViewData\train\gtaV\mask\01940.png,streetViewData\train\gtaV\img\01940.png
1060,train,gtaV,streetViewData\train\gtaV\mask\00871.png,streetViewData\train\gtaV\img\00871.png
1061,train,gtaV,streetViewData\train\gtaV\mask\02356.png,streetViewData\train\gtaV\img\02356.png
1062,train,gtaV,streetViewData\train\gtaV\mask\00954.png,streetViewData\train\gtaV\img\00954.png
1063,train,gtaV,streetViewData\train\gtaV\mask\01518.png,streetViewData\train\gtaV\img\01518.png
1064,train,gtaV,streetViewData\train\gtaV\mask\01077.png,streetViewData\train\gtaV\img\01077.png
1065,train,gtaV,streetViewData\train\gtaV\mask\01734.png,streetViewData\train\gtaV\img\01734.png
1066,train,gtaV,streetViewData\train\gtaV\mask\01601.png,streetViewData\train\gtaV\img\01601.png
1067,train,gtaV,streetViewData\train\gtaV\mask\01749.png,streetViewData\train\gtaV\img\01749.png
1068,train,gtaV,streetViewData\train\gtaV\mask\01090.png,streetViewData\train\gtaV\img\01090.png
1069,train,gtaV,streetViewData\train\gtaV\mask\00428.png,streetViewData\train\gtaV\img\00428.png
1070,train,gtaV,streetViewData\train\gtaV\mask\00889.png,streetViewData\train\gtaV\img\00889.png
1071,train,gtaV,streetViewData\train\gtaV\mask\01117.png,streetViewData\train\gtaV\img\01117.png
1072,train,gtaV,streetViewData\train\gtaV\mask\00976.png,streetViewData\train\gtaV\img\00976.png
1073,train,gtaV,streetViewData\train\gtaV\mask\01250.png,streetViewData\train\gtaV\img\01250.png
1074,train,gtaV,streetViewData\train\gtaV\mask\02468.png,streetViewData\train\gtaV\img\02468.png
1075,train,gtaV,streetViewData\train\gtaV\mask\01130.png,streetViewData\train\gtaV\img\01130.png
1076,train,gtaV,streetViewData\train\gtaV\mask\00057.png,streetViewData\train\gtaV\img\00057.png
1077,train,gtaV,streetViewData\train\gtaV\mask\02163.png,streetViewData\train\gtaV\img\02163.png
1078,train,gtaV,streetViewData\train\gtaV\mask\00482.png,streetViewData\train\gtaV\img\00482.png
1079,train,gtaV,streetViewData\train\gtaV\mask\01072.png,streetViewData\train\gtaV\img\01072.png
1080,train,gtaV,streetViewData\train\gtaV\mask\00129.png,streetViewData\train\gtaV\img\00129.png
1081,train,gtaV,streetViewData\train\gtaV\mask\00241.png,streetViewData\train\gtaV\img\00241.png
1082,train,gtaV,streetViewData\train\gtaV\mask\01986.png,streetViewData\train\gtaV\img\01986.png
1083,train,gtaV,streetViewData\train\gtaV\mask\01109.png,streetViewData\train\gtaV\img\01109.png
1084,train,gtaV,streetViewData\train\gtaV\mask\02115.png,streetViewData\train\gtaV\img\02115.png
1085,train,gtaV,streetViewData\train\gtaV\mask\01833.png,streetViewData\train\gtaV\img\01833.png
1086,train,gtaV,streetViewData\train\gtaV\mask\02252.png,streetViewData\train\gtaV\img\02252.png
1087,train,gtaV,streetViewData\train\gtaV\mask\02489.png,streetViewData\train\gtaV\img\02489.png
1088,train,gtaV,streetViewData\train\gtaV\mask\02281.png,streetViewData\train\gtaV\img\02281.png
1089,train,gtaV,streetViewData\train\gtaV\mask\01702.png,streetViewData\train\gtaV\img\01702.png
1090,train,gtaV,streetViewData\train\gtaV\mask\01093.png,streetViewData\train\gtaV\img\01093.png
1091,train,gtaV,streetViewData\train\gtaV\mask\01488.png,streetViewData\train\gtaV\img\01488.png
1092,train,gtaV,streetViewData\train\gtaV\mask\01507.png,streetViewData\train\gtaV\img\01507.png
1093,train,gtaV,streetViewData\train\gtaV\mask\01429.png,streetViewData\train\gtaV\img\01429.png
1094,train,gtaV,streetViewData\train\gtaV\mask\02020.png,streetViewData\train\gtaV\img\02020.png
1095,train,gtaV,streetViewData\train\gtaV\mask\00869.png,streetViewData\train\gtaV\img\00869.png
1096,train,gtaV,streetViewData\train\gtaV\mask\00141.png,streetViewData\train\gtaV\img\00141.png
1097,train,gtaV,streetViewData\train\gtaV\mask\01028.png,streetViewData\train\gtaV\img\01028.png
1098,train,gtaV,streetViewData\train\gtaV\mask\01505.png,streetViewData\train\gtaV\img\01505.png
1099,train,gtaV,streetViewData\train\gtaV\mask\00456.png,streetViewData\train\gtaV\img\00456.png
1100,train,gtaV,streetViewData\train\gtaV\mask\00351.png,streetViewData\train\gtaV\img\00351.png
1101,train,gtaV,streetViewData\train\gtaV\mask\01331.png,streetViewData\train\gtaV\img\01331.png
1102,train,gtaV,streetViewData\train\gtaV\mask\01534.png,streetViewData\train\gtaV\img\01534.png
1103,train,gtaV,streetViewData\train\gtaV\mask\00369.png,streetViewData\train\gtaV\img\00369.png
1104,train,gtaV,streetViewData\train\gtaV\mask\01708.png,streetViewData\train\gtaV\img\01708.png
1105,train,gtaV,streetViewData\train\gtaV\mask\02294.png,streetViewData\train\gtaV\img\02294.png
1106,train,gtaV,streetViewData\train\gtaV\mask\00145.png,streetViewData\train\gtaV\img\00145.png
1107,train,gtaV,streetViewData\train\gtaV\mask\00697.png,streetViewData\train\gtaV\img\00697.png
1108,train,gtaV,streetViewData\train\gtaV\mask\02513.png,streetViewData\train\gtaV\img\02513.png
1109,train,gtaV,streetViewData\train\gtaV\mask\01679.png,streetViewData\train\gtaV\img\01679.png
1110,train,gtaV,streetViewData\train\gtaV\mask\02342.png,streetViewData\train\gtaV\img\02342.png
1111,train,gtaV,streetViewData\train\gtaV\mask\00397.png,streetViewData\train\gtaV\img\00397.png
1112,train,gtaV,streetViewData\train\gtaV\mask\02456.png,streetViewData\train\gtaV\img\02456.png
1113,train,gtaV,streetViewData\train\gtaV\mask\00465.png,streetViewData\train\gtaV\img\00465.png
1114,train,gtaV,streetViewData\train\gtaV\mask\01669.png,streetViewData\train\gtaV\img\01669.png
1115,train,gtaV,streetViewData\train\gtaV\mask\01379.png,streetViewData\train\gtaV\img\01379.png
1116,train,gtaV,streetViewData\train\gtaV\mask\02399.png,streetViewData\train\gtaV\img\02399.png
1117,train,gtaV,streetViewData\train\gtaV\mask\02018.png,streetViewData\train\gtaV\img\02018.png
1118,train,gtaV,streetViewData\train\gtaV\mask\01793.png,streetViewData\train\gtaV\img\01793.png
1119,train,gtaV,streetViewData\train\gtaV\mask\00973.png,streetViewData\train\gtaV\img\00973.png
1120,train,gtaV,streetViewData\train\gtaV\mask\01597.png,streetViewData\train\gtaV\img\01597.png
1121,train,gtaV,streetViewData\train\gtaV\mask\02195.png,streetViewData\train\gtaV\img\02195.png
1122,train,gtaV,streetViewData\train\gtaV\mask\01449.png,streetViewData\train\gtaV\img\01449.png
1123,train,gtaV,streetViewData\train\gtaV\mask\02255.png,streetViewData\train\gtaV\img\02255.png
1124,train,gtaV,streetViewData\train\gtaV\mask\01119.png,streetViewData\train\gtaV\img\01119.png
1125,train,gtaV,streetViewData\train\gtaV\mask\01732.png,streetViewData\train\gtaV\img\01732.png
1126,train,gtaV,streetViewData\train\gtaV\mask\01405.png,streetViewData\train\gtaV\img\01405.png
1127,train,gtaV,streetViewData\train\gtaV\mask\02439.png,streetViewData\train\gtaV\img\02439.png
1128,train,gtaV,streetViewData\train\gtaV\mask\01691.png,streetViewData\train\gtaV\img\01691.png
1129,train,gtaV,streetViewData\train\gtaV\mask\02482.png,streetViewData\train\gtaV\img\02482.png
1130,train,gtaV,streetViewData\train\gtaV\mask\00341.png,streetViewData\train\gtaV\img\00341.png
1131,train,gtaV,streetViewData\train\gtaV\mask\01775.png,streetViewData\train\gtaV\img\01775.png
1132,train,gtaV,streetViewData\train\gtaV\mask\00426.png,streetViewData\train\gtaV\img\00426.png
1133,train,gtaV,streetViewData\train\gtaV\mask\00936.png,streetViewData\train\gtaV\img\00936.png
1134,train,gtaV,streetViewData\train\gtaV\mask\01808.png,streetViewData\train\gtaV\img\01808.png
1135,train,gtaV,streetViewData\train\gtaV\mask\00943.png,streetViewData\train\gtaV\img\00943.png
1136,train,gtaV,streetViewData\train\gtaV\mask\01052.png,streetViewData\train\gtaV\img\01052.png
1137,train,gtaV,streetViewData\train\gtaV\mask\01879.png,streetViewData\train\gtaV\img\01879.png
1138,train,gtaV,streetViewData\train\gtaV\mask\00384.png,streetViewData\train\gtaV\img\00384.png
1139,train,gtaV,streetViewData\train\gtaV\mask\00708.png,streetViewData\train\gtaV\img\00708.png
1140,train,gtaV,streetViewData\train\gtaV\mask\01002.png,streetViewData\train\gtaV\img\01002.png
1141,train,gtaV,streetViewData\train\gtaV\mask\00847.png,streetViewData\train\gtaV\img\00847.png
1142,train,gtaV,streetViewData\train\gtaV\mask\01657.png,streetViewData\train\gtaV\img\01657.png
1143,train,gtaV,streetViewData\train\gtaV\mask\00371.png,streetViewData\train\gtaV\img\00371.png
1144,train,gtaV,streetViewData\train\gtaV\mask\00707.png,streetViewData\train\gtaV\img\00707.png
1145,train,gtaV,streetViewData\train\gtaV\mask\00008.png,streetViewData\train\gtaV\img\00008.png
1146,train,gtaV,streetViewData\train\gtaV\mask\02363.png,streetViewData\train\gtaV\img\02363.png
1147,train,gtaV,streetViewData\train\gtaV\mask\01905.png,streetViewData\train\gtaV\img\01905.png
1148,train,gtaV,streetViewData\train\gtaV\mask\01743.png,streetViewData\train\gtaV\img\01743.png
1149,train,gtaV,streetViewData\train\gtaV\mask\01489.png,streetViewData\train\gtaV\img\01489.png
1150,train,gtaV,streetViewData\train\gtaV\mask\01107.png,streetViewData\train\gtaV\img\01107.png
1151,train,gtaV,streetViewData\train\gtaV\mask\00102.png,streetViewData\train\gtaV\img\00102.png
1152,train,gtaV,streetViewData\train\gtaV\mask\00985.png,streetViewData\train\gtaV\img\00985.png
1153,train,gtaV,streetViewData\train\gtaV\mask\01101.png,streetViewData\train\gtaV\img\01101.png
1154,train,gtaV,streetViewData\train\gtaV\mask\02108.png,streetViewData\train\gtaV\img\02108.png
1155,train,gtaV,streetViewData\train\gtaV\mask\02390.png,streetViewData\train\gtaV\img\02390.png
1156,train,gtaV,streetViewData\train\gtaV\mask\00363.png,streetViewData\train\gtaV\img\00363.png
1157,train,gtaV,streetViewData\train\gtaV\mask\00989.png,streetViewData\train\gtaV\img\00989.png
1158,train,gtaV,streetViewData\train\gtaV\mask\01891.png,streetViewData\train\gtaV\img\01891.png
1159,train,gtaV,streetViewData\train\gtaV\mask\01807.png,streetViewData\train\gtaV\img\01807.png
1160,train,gtaV,streetViewData\train\gtaV\mask\01962.png,streetViewData\train\gtaV\img\01962.png
1161,train,gtaV,streetViewData\train\gtaV\mask\00897.png,streetViewData\train\gtaV\img\00897.png
1162,train,gtaV,streetViewData\train\gtaV\mask\02277.png,streetViewData\train\gtaV\img\02277.png
1163,train,gtaV,streetViewData\train\gtaV\mask\00458.png,streetViewData\train\gtaV\img\00458.png
1164,train,gtaV,streetViewData\train\gtaV\mask\01642.png,streetViewData\train\gtaV\img\01642.png
1165,train,gtaV,streetViewData\train\gtaV\mask\02308.png,streetViewData\train\gtaV\img\02308.png
1166,train,gtaV,streetViewData\train\gtaV\mask\02241.png,streetViewData\train\gtaV\img\02241.png
1167,train,gtaV,streetViewData\train\gtaV\mask\01919.png,streetViewData\train\gtaV\img\01919.png
1168,train,gtaV,streetViewData\train\gtaV\mask\01055.png,streetViewData\train\gtaV\img\01055.png
1169,train,gtaV,streetViewData\train\gtaV\mask\00514.png,streetViewData\train\gtaV\img\00514.png
1170,train,gtaV,streetViewData\train\gtaV\mask\00364.png,streetViewData\train\gtaV\img\00364.png
1171,train,gtaV,streetViewData\train\gtaV\mask\00340.png,streetViewData\train\gtaV\img\00340.png
1172,train,gtaV,streetViewData\train\gtaV\mask\00831.png,streetViewData\train\gtaV\img\00831.png
1173,train,gtaV,streetViewData\train\gtaV\mask\01140.png,streetViewData\train\gtaV\img\01140.png
1174,train,gtaV,streetViewData\train\gtaV\mask\01745.png,streetViewData\train\gtaV\img\01745.png
1175,train,gtaV,streetViewData\train\gtaV\mask\02348.png,streetViewData\train\gtaV\img\02348.png
1176,train,gtaV,streetViewData\train\gtaV\mask\01102.png,streetViewData\train\gtaV\img\01102.png
1177,train,gtaV,streetViewData\train\gtaV\mask\01426.png,streetViewData\train\gtaV\img\01426.png
1178,train,gtaV,streetViewData\train\gtaV\mask\00477.png,streetViewData\train\gtaV\img\00477.png
1179,train,gtaV,streetViewData\train\gtaV\mask\01486.png,streetViewData\train\gtaV\img\01486.png
1180,train,gtaV,streetViewData\train\gtaV\mask\02171.png,streetViewData\train\gtaV\img\02171.png
1181,train,gtaV,streetViewData\train\gtaV\mask\02361.png,streetViewData\train\gtaV\img\02361.png
1182,train,gtaV,streetViewData\train\gtaV\mask\01068.png,streetViewData\train\gtaV\img\01068.png
1183,train,gtaV,streetViewData\train\gtaV\mask\01551.png,streetViewData\train\gtaV\img\01551.png
1184,train,gtaV,streetViewData\train\gtaV\mask\01632.png,streetViewData\train\gtaV\img\01632.png
1185,train,gtaV,streetViewData\train\gtaV\mask\01538.png,streetViewData\train\gtaV\img\01538.png
1186,train,gtaV,streetViewData\train\gtaV\mask\01423.png,streetViewData\train\gtaV\img\01423.png
1187,train,gtaV,streetViewData\train\gtaV\mask\00382.png,streetViewData\train\gtaV\img\00382.png
1188,train,gtaV,streetViewData\train\gtaV\mask\01751.png,streetViewData\train\gtaV\img\01751.png
1189,train,gtaV,streetViewData\train\gtaV\mask\02496.png,streetViewData\train\gtaV\img\02496.png
1190,train,gtaV,streetViewData\train\gtaV\mask\01411.png,streetViewData\train\gtaV\img\01411.png
1191,train,gtaV,streetViewData\train\gtaV\mask\02040.png,streetViewData\train\gtaV\img\02040.png
1192,train,gtaV,streetViewData\train\gtaV\mask\01763.png,streetViewData\train\gtaV\img\01763.png
1193,train,gtaV,streetViewData\train\gtaV\mask\01023.png,streetViewData\train\gtaV\img\01023.png
1194,train,gtaV,streetViewData\train\gtaV\mask\02197.png,streetViewData\train\gtaV\img\02197.png
1195,train,gtaV,streetViewData\train\gtaV\mask\00410.png,streetViewData\train\gtaV\img\00410.png
1196,train,gtaV,streetViewData\train\gtaV\mask\00979.png,streetViewData\train\gtaV\img\00979.png
1197,train,gtaV,streetViewData\train\gtaV\mask\02293.png,streetViewData\train\gtaV\img\02293.png
1198,train,gtaV,streetViewData\train\gtaV\mask\01729.png,streetViewData\train\gtaV\img\01729.png
1199,train,gtaV,streetViewData\train\gtaV\mask\00078.png,streetViewData\train\gtaV\img\00078.png
1200,train,gtaV,streetViewData\train\gtaV\mask\01062.png,streetViewData\train\gtaV\img\01062.png
1201,train,gtaV,streetViewData\train\gtaV\mask\02394.png,streetViewData\train\gtaV\img\02394.png
1202,train,gtaV,streetViewData\train\gtaV\mask\02487.png,streetViewData\train\gtaV\img\02487.png
1203,train,gtaV,streetViewData\train\gtaV\mask\00850.png,streetViewData\train\gtaV\img\00850.png
1204,train,gtaV,streetViewData\train\gtaV\mask\02135.png,streetViewData\train\gtaV\img\02135.png
1205,train,gtaV,streetViewData\train\gtaV\mask\01589.png,streetViewData\train\gtaV\img\01589.png
1206,train,gtaV,streetViewData\train\gtaV\mask\02331.png,streetViewData\train\gtaV\img\02331.png
1207,train,gtaV,streetViewData\train\gtaV\mask\02140.png,streetViewData\train\gtaV\img\02140.png
1208,train,gtaV,streetViewData\train\gtaV\mask\00863.png,streetViewData\train\gtaV\img\00863.png
1209,train,gtaV,streetViewData\train\gtaV\mask\01725.png,streetViewData\train\gtaV\img\01725.png
1210,train,gtaV,streetViewData\train\gtaV\mask\02044.png,streetViewData\train\gtaV\img\02044.png
1211,train,gtaV,streetViewData\train\gtaV\mask\01925.png,streetViewData\train\gtaV\img\01925.png
1212,train,gtaV,streetViewData\train\gtaV\mask\00409.png,streetViewData\train\gtaV\img\00409.png
1213,train,gtaV,streetViewData\train\gtaV\mask\02432.png,streetViewData\train\gtaV\img\02432.png
1214,train,gtaV,streetViewData\train\gtaV\mask\01223.png,streetViewData\train\gtaV\img\01223.png
1215,train,gtaV,streetViewData\train\gtaV\mask\02190.png,streetViewData\train\gtaV\img\02190.png
1216,train,gtaV,streetViewData\train\gtaV\mask\01193.png,streetViewData\train\gtaV\img\01193.png
1217,train,gtaV,streetViewData\train\gtaV\mask\01168.png,streetViewData\train\gtaV\img\01168.png
1218,train,gtaV,streetViewData\train\gtaV\mask\00437.png,streetViewData\train\gtaV\img\00437.png
1219,train,gtaV,streetViewData\train\gtaV\mask\00821.png,streetViewData\train\gtaV\img\00821.png
1220,train,gtaV,streetViewData\train\gtaV\mask\01186.png,streetViewData\train\gtaV\img\01186.png
1221,train,gtaV,streetViewData\train\gtaV\mask\02517.png,streetViewData\train\gtaV\img\02517.png
1222,train,gtaV,streetViewData\train\gtaV\mask\01541.png,streetViewData\train\gtaV\img\01541.png
1223,train,gtaV,streetViewData\train\gtaV\mask\01874.png,streetViewData\train\gtaV\img\01874.png
1224,train,gtaV,streetViewData\train\gtaV\mask\01926.png,streetViewData\train\gtaV\img\01926.png
1225,train,gtaV,streetViewData\train\gtaV\mask\01653.png,streetViewData\train\gtaV\img\01653.png
1226,train,gtaV,streetViewData\train\gtaV\mask\00111.png,streetViewData\train\gtaV\img\00111.png
1227,train,gtaV,streetViewData\train\gtaV\mask\02145.png,streetViewData\train\gtaV\img\02145.png
1228,train,gtaV,streetViewData\train\gtaV\mask\00403.png,streetViewData\train\gtaV\img\00403.png
1229,train,gtaV,streetViewData\train\gtaV\mask\01155.png,streetViewData\train\gtaV\img\01155.png
1230,train,gtaV,streetViewData\train\gtaV\mask\02402.png,streetViewData\train\gtaV\img\02402.png
1231,train,gtaV,streetViewData\train\gtaV\mask\01173.png,streetViewData\train\gtaV\img\01173.png
1232,train,gtaV,streetViewData\train\gtaV\mask\00460.png,streetViewData\train\gtaV\img\00460.png
1233,train,gtaV,streetViewData\train\gtaV\mask\01354.png,streetViewData\train\gtaV\img\01354.png
1234,train,gtaV,streetViewData\train\gtaV\mask\01580.png,streetViewData\train\gtaV\img\01580.png
1235,train,gtaV,streetViewData\train\gtaV\mask\00005.png,streetViewData\train\gtaV\img\00005.png
1236,train,gtaV,streetViewData\train\gtaV\mask\02208.png,streetViewData\train\gtaV\img\02208.png
1237,train,gtaV,streetViewData\train\gtaV\mask\01473.png,streetViewData\train\gtaV\img\01473.png
1238,train,gtaV,streetViewData\train\gtaV\mask\01373.png,streetViewData\train\gtaV\img\01373.png
1239,train,gtaV,streetViewData\train\gtaV\mask\01946.png,streetViewData\train\gtaV\img\01946.png
1240,train,gtaV,streetViewData\train\gtaV\mask\00876.png,streetViewData\train\gtaV\img\00876.png
1241,train,gtaV,streetViewData\train\gtaV\mask\01588.png,streetViewData\train\gtaV\img\01588.png
1242,train,gtaV,streetViewData\train\gtaV\mask\01251.png,streetViewData\train\gtaV\img\01251.png
1243,train,gtaV,streetViewData\train\gtaV\mask\01547.png,streetViewData\train\gtaV\img\01547.png
1244,train,gtaV,streetViewData\train\gtaV\mask\01821.png,streetViewData\train\gtaV\img\01821.png
1245,train,gtaV,streetViewData\train\gtaV\mask\01931.png,streetViewData\train\gtaV\img\01931.png
1246,train,gtaV,streetViewData\train\gtaV\mask\00908.png,streetViewData\train\gtaV\img\00908.png
1247,train,gtaV,streetViewData\train\gtaV\mask\02455.png,streetViewData\train\gtaV\img\02455.png
1248,train,gtaV,streetViewData\train\gtaV\mask\01651.png,streetViewData\train\gtaV\img\01651.png
1249,train,gtaV,streetViewData\train\gtaV\mask\00491.png,streetViewData\train\gtaV\img\00491.png
1250,train,gtaV,streetViewData\train\gtaV\mask\01100.png,streetViewData\train\gtaV\img\01100.png
1251,train,gtaV,streetViewData\train\gtaV\mask\01424.png,streetViewData\train\gtaV\img\01424.png
1252,train,gtaV,streetViewData\train\gtaV\mask\02344.png,streetViewData\train\gtaV\img\02344.png
1253,train,gtaV,streetViewData\train\gtaV\mask\02266.png,streetViewData\train\gtaV\img\02266.png
1254,train,gtaV,streetViewData\train\gtaV\mask\02175.png,streetViewData\train\gtaV\img\02175.png
1255,train,gtaV,streetViewData\train\gtaV\mask\01001.png,streetViewData\train\gtaV\img\01001.png
1256,train,gtaV,streetViewData\train\gtaV\mask\00711.png,streetViewData\train\gtaV\img\00711.png
1257,train,gtaV,streetViewData\train\gtaV\mask\01147.png,streetViewData\train\gtaV\img\01147.png
1258,train,gtaV,streetViewData\train\gtaV\mask\01655.png,streetViewData\train\gtaV\img\01655.png
1259,train,gtaV,streetViewData\train\gtaV\mask\02443.png,streetViewData\train\gtaV\img\02443.png
1260,train,gtaV,streetViewData\train\gtaV\mask\02507.png,streetViewData\train\gtaV\img\02507.png
1261,train,gtaV,streetViewData\train\gtaV\mask\01362.png,streetViewData\train\gtaV\img\01362.png
1262,train,gtaV,streetViewData\train\gtaV\mask\01997.png,streetViewData\train\gtaV\img\01997.png
1263,train,gtaV,streetViewData\train\gtaV\mask\01862.png,streetViewData\train\gtaV\img\01862.png
1264,train,gtaV,streetViewData\train\gtaV\mask\00455.png,streetViewData\train\gtaV\img\00455.png
1265,train,gtaV,streetViewData\train\gtaV\mask\02326.png,streetViewData\train\gtaV\img\02326.png
1266,train,gtaV,streetViewData\train\gtaV\mask\00463.png,streetViewData\train\gtaV\img\00463.png
1267,train,gtaV,streetViewData\train\gtaV\mask\00702.png,streetViewData\train\gtaV\img\00702.png
1268,train,gtaV,streetViewData\train\gtaV\mask\01784.png,streetViewData\train\gtaV\img\01784.png
1269,train,gtaV,streetViewData\train\gtaV\mask\01108.png,streetViewData\train\gtaV\img\01108.png
1270,train,gtaV,streetViewData\train\gtaV\mask\01569.png,streetViewData\train\gtaV\img\01569.png
1271,train,gtaV,streetViewData\train\gtaV\mask\01070.png,streetViewData\train\gtaV\img\01070.png
1272,train,gtaV,streetViewData\train\gtaV\mask\01377.png,streetViewData\train\gtaV\img\01377.png
1273,train,gtaV,streetViewData\train\gtaV\mask\01515.png,streetViewData\train\gtaV\img\01515.png
1274,train,gtaV,streetViewData\train\gtaV\mask\01494.png,streetViewData\train\gtaV\img\01494.png
1275,train,gtaV,streetViewData\train\gtaV\mask\02467.png,streetViewData\train\gtaV\img\02467.png
1276,train,gtaV,streetViewData\train\gtaV\mask\01462.png,streetViewData\train\gtaV\img\01462.png
1277,train,gtaV,streetViewData\train\gtaV\mask\02336.png,streetViewData\train\gtaV\img\02336.png
1278,train,gtaV,streetViewData\train\gtaV\mask\00519.png,streetViewData\train\gtaV\img\00519.png
1279,train,gtaV,streetViewData\train\gtaV\mask\01296.png,streetViewData\train\gtaV\img\01296.png
1280,train,gtaV,streetViewData\train\gtaV\mask\00882.png,streetViewData\train\gtaV\img\00882.png
1281,train,gtaV,streetViewData\train\gtaV\mask\01567.png,streetViewData\train\gtaV\img\01567.png
1282,train,gtaV,streetViewData\train\gtaV\mask\00502.png,streetViewData\train\gtaV\img\00502.png
1283,train,gtaV,streetViewData\train\gtaV\mask\02426.png,streetViewData\train\gtaV\img\02426.png
1284,train,gtaV,streetViewData\train\gtaV\mask\02016.png,streetViewData\train\gtaV\img\02016.png
1285,train,gtaV,streetViewData\train\gtaV\mask\02211.png,streetViewData\train\gtaV\img\02211.png
1286,train,gtaV,streetViewData\train\gtaV\mask\01207.png,streetViewData\train\gtaV\img\01207.png
1287,train,gtaV,streetViewData\train\gtaV\mask\01566.png,streetViewData\train\gtaV\img\01566.png
1288,train,gtaV,streetViewData\train\gtaV\mask\01058.png,streetViewData\train\gtaV\img\01058.png
1289,train,gtaV,streetViewData\train\gtaV\mask\01882.png,streetViewData\train\gtaV\img\01882.png
1290,train,gtaV,streetViewData\train\gtaV\mask\01873.png,streetViewData\train\gtaV\img\01873.png
1291,train,gtaV,streetViewData\train\gtaV\mask\02191.png,streetViewData\train\gtaV\img\02191.png
1292,train,gtaV,streetViewData\train\gtaV\mask\01829.png,streetViewData\train\gtaV\img\01829.png
1293,train,gtaV,streetViewData\train\gtaV\mask\02485.png,streetViewData\train\gtaV\img\02485.png
1294,train,gtaV,streetViewData\train\gtaV\mask\01529.png,streetViewData\train\gtaV\img\01529.png
1295,train,gtaV,streetViewData\train\gtaV\mask\00527.png,streetViewData\train\gtaV\img\00527.png
1296,train,gtaV,streetViewData\train\gtaV\mask\01441.png,streetViewData\train\gtaV\img\01441.png
1297,train,gtaV,streetViewData\train\gtaV\mask\01630.png,streetViewData\train\gtaV\img\01630.png
1298,train,gtaV,streetViewData\train\gtaV\mask\01964.png,streetViewData\train\gtaV\img\01964.png
1299,train,gtaV,streetViewData\train\gtaV\mask\01217.png,streetViewData\train\gtaV\img\01217.png
1300,train,gtaV,streetViewData\train\gtaV\mask\02465.png,streetViewData\train\gtaV\img\02465.png
1301,train,gtaV,streetViewData\train\gtaV\mask\02371.png,streetViewData\train\gtaV\img\02371.png
1302,train,gtaV,streetViewData\train\gtaV\mask\01639.png,streetViewData\train\gtaV\img\01639.png
1303,train,gtaV,streetViewData\train\gtaV\mask\01283.png,streetViewData\train\gtaV\img\01283.png
1304,train,gtaV,streetViewData\train\gtaV\mask\02459.png,streetViewData\train\gtaV\img\02459.png
1305,train,gtaV,streetViewData\train\gtaV\mask\02334.png,streetViewData\train\gtaV\img\02334.png
1306,train,gtaV,streetViewData\train\gtaV\mask\00878.png,streetViewData\train\gtaV\img\00878.png
1307,train,gtaV,streetViewData\train\gtaV\mask\02232.png,streetViewData\train\gtaV\img\02232.png
1308,train,gtaV,streetViewData\train\gtaV\mask\01698.png,streetViewData\train\gtaV\img\01698.png
1309,train,gtaV,streetViewData\train\gtaV\mask\02217.png,streetViewData\train\gtaV\img\02217.png
1310,train,gtaV,streetViewData\train\gtaV\mask\02284.png,streetViewData\train\gtaV\img\02284.png
1311,train,gtaV,streetViewData\train\gtaV\mask\01368.png,streetViewData\train\gtaV\img\01368.png
1312,train,gtaV,streetViewData\train\gtaV\mask\00125.png,streetViewData\train\gtaV\img\00125.png
1313,train,gtaV,streetViewData\train\gtaV\mask\01162.png,streetViewData\train\gtaV\img\01162.png
1314,train,gtaV,streetViewData\train\gtaV\mask\01495.png,streetViewData\train\gtaV\img\01495.png
1315,train,gtaV,streetViewData\train\gtaV\mask\01291.png,streetViewData\train\gtaV\img\01291.png
1316,train,gtaV,streetViewData\train\gtaV\mask\01301.png,streetViewData\train\gtaV\img\01301.png
1317,train,gtaV,streetViewData\train\gtaV\mask\00698.png,streetViewData\train\gtaV\img\00698.png
1318,train,gtaV,streetViewData\train\gtaV\mask\01805.png,streetViewData\train\gtaV\img\01805.png
1319,train,gtaV,streetViewData\train\gtaV\mask\02164.png,streetViewData\train\gtaV\img\02164.png
1320,train,gtaV,streetViewData\train\gtaV\mask\01993.png,streetViewData\train\gtaV\img\01993.png
1321,train,gtaV,streetViewData\train\gtaV\mask\01555.png,streetViewData\train\gtaV\img\01555.png
1322,train,gtaV,streetViewData\train\gtaV\mask\01190.png,streetViewData\train\gtaV\img\01190.png
1323,train,gtaV,streetViewData\train\gtaV\mask\01958.png,streetViewData\train\gtaV\img\01958.png
1324,train,gtaV,streetViewData\train\gtaV\mask\01428.png,streetViewData\train\gtaV\img\01428.png
1325,train,gtaV,streetViewData\train\gtaV\mask\00427.png,streetViewData\train\gtaV\img\00427.png
1326,train,gtaV,streetViewData\train\gtaV\mask\01604.png,streetViewData\train\gtaV\img\01604.png
1327,train,gtaV,streetViewData\train\gtaV\mask\01839.png,streetViewData\train\gtaV\img\01839.png
1328,train,gtaV,streetViewData\train\gtaV\mask\00061.png,streetViewData\train\gtaV\img\00061.png
1329,train,gtaV,streetViewData\train\gtaV\mask\00518.png,streetViewData\train\gtaV\img\00518.png
1330,train,gtaV,streetViewData\train\gtaV\mask\01366.png,streetViewData\train\gtaV\img\01366.png
1331,train,gtaV,streetViewData\train\gtaV\mask\02480.png,streetViewData\train\gtaV\img\02480.png
1332,train,gtaV,streetViewData\train\gtaV\mask\02158.png,streetViewData\train\gtaV\img\02158.png
1333,train,gtaV,streetViewData\train\gtaV\mask\01936.png,streetViewData\train\gtaV\img\01936.png
1334,train,gtaV,streetViewData\train\gtaV\mask\01053.png,streetViewData\train\gtaV\img\01053.png
1335,train,gtaV,streetViewData\train\gtaV\mask\01204.png,streetViewData\train\gtaV\img\01204.png
1336,train,gtaV,streetViewData\train\gtaV\mask\01325.png,streetViewData\train\gtaV\img\01325.png
1337,train,gtaV,streetViewData\train\gtaV\mask\02479.png,streetViewData\train\gtaV\img\02479.png
1338,train,gtaV,streetViewData\train\gtaV\mask\02429.png,streetViewData\train\gtaV\img\02429.png
1339,train,gtaV,streetViewData\train\gtaV\mask\01619.png,streetViewData\train\gtaV\img\01619.png
1340,train,gtaV,streetViewData\train\gtaV\mask\01289.png,streetViewData\train\gtaV\img\01289.png
1341,train,gtaV,streetViewData\train\gtaV\mask\01159.png,streetViewData\train\gtaV\img\01159.png
1342,train,gtaV,streetViewData\train\gtaV\mask\02180.png,streetViewData\train\gtaV\img\02180.png
1343,train,gtaV,streetViewData\train\gtaV\mask\01635.png,streetViewData\train\gtaV\img\01635.png
1344,train,gtaV,streetViewData\train\gtaV\mask\02511.png,streetViewData\train\gtaV\img\02511.png
1345,train,gtaV,streetViewData\train\gtaV\mask\02127.png,streetViewData\train\gtaV\img\02127.png
1346,train,gtaV,streetViewData\train\gtaV\mask\02226.png,streetViewData\train\gtaV\img\02226.png
1347,train,gtaV,streetViewData\train\gtaV\mask\01099.png,streetViewData\train\gtaV\img\01099.png
1348,train,gtaV,streetViewData\train\gtaV\mask\01955.png,streetViewData\train\gtaV\img\01955.png
1349,train,gtaV,streetViewData\train\gtaV\mask\00408.png,streetViewData\train\gtaV\img\00408.png
1350,train,gtaV,streetViewData\train\gtaV\mask\01415.png,streetViewData\train\gtaV\img\01415.png
1351,train,gtaV,streetViewData\train\gtaV\mask\00424.png,streetViewData\train\gtaV\img\00424.png
1352,train,gtaV,streetViewData\train\gtaV\mask\01704.png,streetViewData\train\gtaV\img\01704.png
1353,train,gtaV,streetViewData\train\gtaV\mask\01435.png,streetViewData\train\gtaV\img\01435.png
1354,train,gtaV,streetViewData\train\gtaV\mask\00832.png,streetViewData\train\gtaV\img\00832.png
1355,train,gtaV,streetViewData\train\gtaV\mask\01124.png,streetViewData\train\gtaV\img\01124.png
1356,train,gtaV,streetViewData\train\gtaV\mask\01773.png,streetViewData\train\gtaV\img\01773.png
1357,train,gtaV,streetViewData\train\gtaV\mask\02303.png,streetViewData\train\gtaV\img\02303.png
1358,train,gtaV,streetViewData\train\gtaV\mask\01175.png,streetViewData\train\gtaV\img\01175.png
1359,train,gtaV,streetViewData\train\gtaV\mask\00273.png,streetViewData\train\gtaV\img\00273.png
1360,train,gtaV,streetViewData\train\gtaV\mask\01111.png,streetViewData\train\gtaV\img\01111.png
1361,train,gtaV,streetViewData\train\gtaV\mask\01245.png,streetViewData\train\gtaV\img\01245.png
1362,train,gtaV,streetViewData\train\gtaV\mask\01278.png,streetViewData\train\gtaV\img\01278.png
1363,train,gtaV,streetViewData\train\gtaV\mask\01409.png,streetViewData\train\gtaV\img\01409.png
1364,train,gtaV,streetViewData\train\gtaV\mask\00521.png,streetViewData\train\gtaV\img\00521.png
1365,train,gtaV,streetViewData\train\gtaV\mask\01011.png,streetViewData\train\gtaV\img\01011.png
1366,train,gtaV,streetViewData\train\gtaV\mask\01985.png,streetViewData\train\gtaV\img\01985.png
1367,train,gtaV,streetViewData\train\gtaV\mask\01806.png,streetViewData\train\gtaV\img\01806.png
1368,train,gtaV,streetViewData\train\gtaV\mask\00860.png,streetViewData\train\gtaV\img\00860.png
1369,train,gtaV,streetViewData\train\gtaV\mask\00840.png,streetViewData\train\gtaV\img\00840.png
1370,train,gtaV,streetViewData\train\gtaV\mask\01824.png,streetViewData\train\gtaV\img\01824.png
1371,train,gtaV,streetViewData\train\gtaV\mask\00379.png,streetViewData\train\gtaV\img\00379.png
1372,train,gtaV,streetViewData\train\gtaV\mask\02450.png,streetViewData\train\gtaV\img\02450.png
1373,train,gtaV,streetViewData\train\gtaV\mask\01004.png,streetViewData\train\gtaV\img\01004.png
1374,train,gtaV,streetViewData\train\gtaV\mask\01546.png,streetViewData\train\gtaV\img\01546.png
1375,train,gtaV,streetViewData\train\gtaV\mask\00516.png,streetViewData\train\gtaV\img\00516.png
1376,train,gtaV,streetViewData\train\gtaV\mask\00986.png,streetViewData\train\gtaV\img\00986.png
1377,train,gtaV,streetViewData\train\gtaV\mask\01471.png,streetViewData\train\gtaV\img\01471.png
1378,train,gtaV,streetViewData\train\gtaV\mask\01031.png,streetViewData\train\gtaV\img\01031.png
1379,train,gtaV,streetViewData\train\gtaV\mask\02186.png,streetViewData\train\gtaV\img\02186.png
1380,train,gtaV,streetViewData\train\gtaV\mask\01033.png,streetViewData\train\gtaV\img\01033.png
1381,train,gtaV,streetViewData\train\gtaV\mask\02520.png,streetViewData\train\gtaV\img\02520.png
1382,train,gtaV,streetViewData\train\gtaV\mask\02526.png,streetViewData\train\gtaV\img\02526.png
1383,train,gtaV,streetViewData\train\gtaV\mask\01777.png,streetViewData\train\gtaV\img\01777.png
1384,train,gtaV,streetViewData\train\gtaV\mask\00710.png,streetViewData\train\gtaV\img\00710.png
1385,train,gtaV,streetViewData\train\gtaV\mask\01924.png,streetViewData\train\gtaV\img\01924.png
1386,train,gtaV,streetViewData\train\gtaV\mask\02471.png,streetViewData\train\gtaV\img\02471.png
1387,train,gtaV,streetViewData\train\gtaV\mask\02404.png,streetViewData\train\gtaV\img\02404.png
1388,train,gtaV,streetViewData\train\gtaV\mask\01123.png,streetViewData\train\gtaV\img\01123.png
1389,train,gtaV,streetViewData\train\gtaV\mask\01395.png,streetViewData\train\gtaV\img\01395.png
1390,train,gtaV,streetViewData\train\gtaV\mask\01834.png,streetViewData\train\gtaV\img\01834.png
1391,train,gtaV,streetViewData\train\gtaV\mask\01700.png,streetViewData\train\gtaV\img\01700.png
1392,train,gtaV,streetViewData\train\gtaV\mask\01129.png,streetViewData\train\gtaV\img\01129.png
1393,train,gtaV,streetViewData\train\gtaV\mask\02306.png,streetViewData\train\gtaV\img\02306.png
1394,train,gtaV,streetViewData\train\gtaV\mask\01298.png,streetViewData\train\gtaV\img\01298.png
1395,train,gtaV,streetViewData\train\gtaV\mask\01516.png,streetViewData\train\gtaV\img\01516.png
1396,train,gtaV,streetViewData\train\gtaV\mask\02279.png,streetViewData\train\gtaV\img\02279.png
1397,train,gtaV,streetViewData\train\gtaV\mask\00996.png,streetViewData\train\gtaV\img\00996.png
1398,train,gtaV,streetViewData\train\gtaV\mask\01292.png,streetViewData\train\gtaV\img\01292.png
1399,train,gtaV,streetViewData\train\gtaV\mask\01246.png,streetViewData\train\gtaV\img\01246.png
1400,train,gtaV,streetViewData\train\gtaV\mask\02359.png,streetViewData\train\gtaV\img\02359.png
1401,train,gtaV,streetViewData\train\gtaV\mask\01115.png,streetViewData\train\gtaV\img\01115.png
1402,train,gtaV,streetViewData\train\gtaV\mask\00080.png,streetViewData\train\gtaV\img\00080.png
1403,train,gtaV,streetViewData\train\gtaV\mask\01321.png,streetViewData\train\gtaV\img\01321.png
1404,train,gtaV,streetViewData\train\gtaV\mask\02231.png,streetViewData\train\gtaV\img\02231.png
1405,train,gtaV,streetViewData\train\gtaV\mask\00019.png,streetViewData\train\gtaV\img\00019.png
1406,train,gtaV,streetViewData\train\gtaV\mask\00136.png,streetViewData\train\gtaV\img\00136.png
1407,train,gtaV,streetViewData\train\gtaV\mask\01544.png,streetViewData\train\gtaV\img\01544.png
1408,train,gtaV,streetViewData\train\gtaV\mask\01097.png,streetViewData\train\gtaV\img\01097.png
1409,train,gtaV,streetViewData\train\gtaV\mask\00982.png,streetViewData\train\gtaV\img\00982.png
1410,train,gtaV,streetViewData\train\gtaV\mask\01232.png,streetViewData\train\gtaV\img\01232.png
1411,train,gtaV,streetViewData\train\gtaV\mask\02276.png,streetViewData\train\gtaV\img\02276.png
1412,train,gtaV,streetViewData\train\gtaV\mask\02393.png,streetViewData\train\gtaV\img\02393.png
1413,train,gtaV,streetViewData\train\gtaV\mask\01024.png,streetViewData\train\gtaV\img\01024.png
1414,train,gtaV,streetViewData\train\gtaV\mask\00503.png,streetViewData\train\gtaV\img\00503.png
1415,train,gtaV,streetViewData\train\gtaV\mask\00421.png,streetViewData\train\gtaV\img\00421.png
1416,train,gtaV,streetViewData\train\gtaV\mask\00116.png,streetViewData\train\gtaV\img\00116.png
1417,train,gtaV,streetViewData\train\gtaV\mask\01143.png,streetViewData\train\gtaV\img\01143.png
1418,train,gtaV,streetViewData\train\gtaV\mask\01934.png,streetViewData\train\gtaV\img\01934.png
1419,train,gtaV,streetViewData\train\gtaV\mask\00104.png,streetViewData\train\gtaV\img\00104.png
1420,train,gtaV,streetViewData\train\gtaV\mask\01258.png,streetViewData\train\gtaV\img\01258.png
1421,train,gtaV,streetViewData\train\gtaV\mask\00492.png,streetViewData\train\gtaV\img\00492.png
1422,train,gtaV,streetViewData\train\gtaV\mask\00407.png,streetViewData\train\gtaV\img\00407.png
1423,train,gtaV,streetViewData\train\gtaV\mask\01626.png,streetViewData\train\gtaV\img\01626.png
1424,train,gtaV,streetViewData\train\gtaV\mask\02144.png,streetViewData\train\gtaV\img\02144.png
1425,train,gtaV,streetViewData\train\gtaV\mask\01755.png,streetViewData\train\gtaV\img\01755.png
1426,train,gtaV,streetViewData\train\gtaV\mask\00851.png,streetViewData\train\gtaV\img\00851.png
1427,train,gtaV,streetViewData\train\gtaV\mask\00903.png,streetViewData\train\gtaV\img\00903.png
1428,train,gtaV,streetViewData\train\gtaV\mask\00493.png,streetViewData\train\gtaV\img\00493.png
1429,train,gtaV,streetViewData\train\gtaV\mask\01260.png,streetViewData\train\gtaV\img\01260.png
1430,train,gtaV,streetViewData\train\gtaV\mask\01554.png,streetViewData\train\gtaV\img\01554.png
1431,train,gtaV,streetViewData\train\gtaV\mask\02307.png,streetViewData\train\gtaV\img\02307.png
1432,train,gtaV,streetViewData\train\gtaV\mask\00828.png,streetViewData\train\gtaV\img\00828.png
1433,train,gtaV,streetViewData\train\gtaV\mask\01037.png,streetViewData\train\gtaV\img\01037.png
1434,train,gtaV,streetViewData\train\gtaV\mask\01513.png,streetViewData\train\gtaV\img\01513.png
1435,train,gtaV,streetViewData\train\gtaV\mask\01701.png,streetViewData\train\gtaV\img\01701.png
1436,train,gtaV,streetViewData\train\gtaV\mask\01852.png,streetViewData\train\gtaV\img\01852.png
1437,train,gtaV,streetViewData\train\gtaV\mask\01864.png,streetViewData\train\gtaV\img\01864.png
1438,train,gtaV,streetViewData\train\gtaV\mask\01848.png,streetViewData\train\gtaV\img\01848.png
1439,train,gtaV,streetViewData\train\gtaV\mask\02518.png,streetViewData\train\gtaV\img\02518.png
1440,train,gtaV,streetViewData\train\gtaV\mask\00511.png,streetViewData\train\gtaV\img\00511.png
1441,train,gtaV,streetViewData\train\gtaV\mask\01908.png,streetViewData\train\gtaV\img\01908.png
1442,train,gtaV,streetViewData\train\gtaV\mask\01324.png,streetViewData\train\gtaV\img\01324.png
1443,train,gtaV,streetViewData\train\gtaV\mask\01598.png,streetViewData\train\gtaV\img\01598.png
1444,train,gtaV,streetViewData\train\gtaV\mask\01605.png,streetViewData\train\gtaV\img\01605.png
1445,train,gtaV,streetViewData\train\gtaV\mask\01319.png,streetViewData\train\gtaV\img\01319.png
1446,train,gtaV,streetViewData\train\gtaV\mask\01911.png,streetViewData\train\gtaV\img\01911.png
1447,train,gtaV,streetViewData\train\gtaV\mask\01869.png,streetViewData\train\gtaV\img\01869.png
1448,train,gtaV,streetViewData\train\gtaV\mask\00476.png,streetViewData\train\gtaV\img\00476.png
1449,train,gtaV,streetViewData\train\gtaV\mask\01800.png,streetViewData\train\gtaV\img\01800.png
1450,train,gtaV,streetViewData\train\gtaV\mask\01265.png,streetViewData\train\gtaV\img\01265.png
1451,train,gtaV,streetViewData\train\gtaV\mask\01047.png,streetViewData\train\gtaV\img\01047.png
1452,train,gtaV,streetViewData\train\gtaV\mask\02237.png,streetViewData\train\gtaV\img\02237.png
1453,train,gtaV,streetViewData\train\gtaV\mask\01271.png,streetViewData\train\gtaV\img\01271.png
1454,train,gtaV,streetViewData\train\gtaV\mask\02096.png,streetViewData\train\gtaV\img\02096.png
1455,train,gtaV,streetViewData\train\gtaV\mask\01717.png,streetViewData\train\gtaV\img\01717.png
1456,train,gtaV,streetViewData\train\gtaV\mask\01492.png,streetViewData\train\gtaV\img\01492.png
1457,train,gtaV,streetViewData\train\gtaV\mask\00087.png,streetViewData\train\gtaV\img\00087.png
1458,train,gtaV,streetViewData\train\gtaV\mask\01182.png,streetViewData\train\gtaV\img\01182.png
1459,train,gtaV,streetViewData\train\gtaV\mask\01995.png,streetViewData\train\gtaV\img\01995.png
1460,train,gtaV,streetViewData\train\gtaV\mask\00347.png,streetViewData\train\gtaV\img\00347.png
1461,train,gtaV,streetViewData\train\gtaV\mask\01477.png,streetViewData\train\gtaV\img\01477.png
1462,train,gtaV,streetViewData\train\gtaV\mask\01684.png,streetViewData\train\gtaV\img\01684.png
1463,train,gtaV,streetViewData\train\gtaV\mask\01812.png,streetViewData\train\gtaV\img\01812.png
1464,train,gtaV,streetViewData\train\gtaV\mask\00461.png,streetViewData\train\gtaV\img\00461.png
1465,train,gtaV,streetViewData\train\gtaV\mask\00509.png,streetViewData\train\gtaV\img\00509.png
1466,train,gtaV,streetViewData\train\gtaV\mask\00128.png,streetViewData\train\gtaV\img\00128.png
1467,train,gtaV,streetViewData\train\gtaV\mask\00112.png,streetViewData\train\gtaV\img\00112.png
1468,train,gtaV,streetViewData\train\gtaV\mask\01134.png,streetViewData\train\gtaV\img\01134.png
1469,train,gtaV,streetViewData\train\gtaV\mask\01535.png,streetViewData\train\gtaV\img\01535.png
1470,train,gtaV,streetViewData\train\gtaV\mask\02316.png,streetViewData\train\gtaV\img\02316.png
1471,train,gtaV,streetViewData\train\gtaV\mask\00422.png,streetViewData\train\gtaV\img\00422.png
1472,train,gtaV,streetViewData\train\gtaV\mask\01681.png,streetViewData\train\gtaV\img\01681.png
1473,train,gtaV,streetViewData\train\gtaV\mask\02153.png,streetViewData\train\gtaV\img\02153.png
1474,train,gtaV,streetViewData\train\gtaV\mask\01306.png,streetViewData\train\gtaV\img\01306.png
1475,train,gtaV,streetViewData\train\gtaV\mask\01872.png,streetViewData\train\gtaV\img\01872.png
1476,train,gtaV,streetViewData\train\gtaV\mask\01270.png,streetViewData\train\gtaV\img\01270.png
1477,train,gtaV,streetViewData\train\gtaV\mask\02188.png,streetViewData\train\gtaV\img\02188.png
1478,train,gtaV,streetViewData\train\gtaV\mask\01112.png,streetViewData\train\gtaV\img\01112.png
1479,train,gtaV,streetViewData\train\gtaV\mask\02398.png,streetViewData\train\gtaV\img\02398.png
1480,train,gtaV,streetViewData\train\gtaV\mask\01255.png,streetViewData\train\gtaV\img\01255.png
1481,train,gtaV,streetViewData\train\gtaV\mask\02229.png,streetViewData\train\gtaV\img\02229.png
1482,train,gtaV,streetViewData\train\gtaV\mask\02310.png,streetViewData\train\gtaV\img\02310.png
1483,train,gtaV,streetViewData\train\gtaV\mask\00935.png,streetViewData\train\gtaV\img\00935.png
1484,train,gtaV,streetViewData\train\gtaV\mask\02147.png,streetViewData\train\gtaV\img\02147.png
1485,train,gtaV,streetViewData\train\gtaV\mask\00137.png,streetViewData\train\gtaV\img\00137.png
1486,train,gtaV,streetViewData\train\gtaV\mask\01380.png,streetViewData\train\gtaV\img\01380.png
1487,train,gtaV,streetViewData\train\gtaV\mask\02302.png,streetViewData\train\gtaV\img\02302.png
1488,train,gtaV,streetViewData\train\gtaV\mask\01141.png,streetViewData\train\gtaV\img\01141.png
1489,train,gtaV,streetViewData\train\gtaV\mask\00909.png,streetViewData\train\gtaV\img\00909.png
1490,train,gtaV,streetViewData\train\gtaV\mask\02033.png,streetViewData\train\gtaV\img\02033.png
1491,train,gtaV,streetViewData\train\gtaV\mask\01501.png,streetViewData\train\gtaV\img\01501.png
1492,train,gtaV,streetViewData\train\gtaV\mask\01562.png,streetViewData\train\gtaV\img\01562.png
1493,train,gtaV,streetViewData\train\gtaV\mask\00063.png,streetViewData\train\gtaV\img\00063.png
1494,train,gtaV,streetViewData\train\gtaV\mask\01728.png,streetViewData\train\gtaV\img\01728.png
1495,train,gtaV,streetViewData\train\gtaV\mask\01967.png,streetViewData\train\gtaV\img\01967.png
1496,train,gtaV,streetViewData\train\gtaV\mask\02442.png,streetViewData\train\gtaV\img\02442.png
1497,train,gtaV,streetViewData\train\gtaV\mask\00965.png,streetViewData\train\gtaV\img\00965.png
1498,train,gtaV,streetViewData\train\gtaV\mask\02445.png,streetViewData\train\gtaV\img\02445.png
1499,train,gtaV,streetViewData\train\gtaV\mask\02301.png,streetViewData\train\gtaV\img\02301.png
1500,train,gtaV,streetViewData\train\gtaV\mask\00464.png,streetViewData\train\gtaV\img\00464.png
1501,train,gtaV,streetViewData\train\gtaV\mask\02522.png,streetViewData\train\gtaV\img\02522.png
1502,train,gtaV,streetViewData\train\gtaV\mask\01819.png,streetViewData\train\gtaV\img\01819.png
1503,train,gtaV,streetViewData\train\gtaV\mask\01542.png,streetViewData\train\gtaV\img\01542.png
1504,train,gtaV,streetViewData\train\gtaV\mask\01213.png,streetViewData\train\gtaV\img\01213.png
1505,train,gtaV,streetViewData\train\gtaV\mask\00868.png,streetViewData\train\gtaV\img\00868.png
1506,train,gtaV,streetViewData\train\gtaV\mask\01845.png,streetViewData\train\gtaV\img\01845.png
1507,train,gtaV,streetViewData\train\gtaV\mask\02381.png,streetViewData\train\gtaV\img\02381.png
1508,train,gtaV,streetViewData\train\gtaV\mask\01836.png,streetViewData\train\gtaV\img\01836.png
1509,train,gtaV,streetViewData\train\gtaV\mask\02290.png,streetViewData\train\gtaV\img\02290.png
1510,train,gtaV,streetViewData\train\gtaV\mask\00098.png,streetViewData\train\gtaV\img\00098.png
1511,train,gtaV,streetViewData\train\gtaV\mask\01634.png,streetViewData\train\gtaV\img\01634.png
1512,train,gtaV,streetViewData\train\gtaV\mask\00505.png,streetViewData\train\gtaV\img\00505.png
1513,train,gtaV,streetViewData\train\gtaV\mask\00417.png,streetViewData\train\gtaV\img\00417.png
1514,train,gtaV,streetViewData\train\gtaV\mask\00343.png,streetViewData\train\gtaV\img\00343.png
1515,train,gtaV,streetViewData\train\gtaV\mask\01498.png,streetViewData\train\gtaV\img\01498.png
1516,train,gtaV,streetViewData\train\gtaV\mask\01791.png,streetViewData\train\gtaV\img\01791.png
1517,train,gtaV,streetViewData\train\gtaV\mask\01945.png,streetViewData\train\gtaV\img\01945.png
1518,train,gtaV,streetViewData\train\gtaV\mask\02419.png,streetViewData\train\gtaV\img\02419.png
1519,train,gtaV,streetViewData\train\gtaV\mask\01947.png,streetViewData\train\gtaV\img\01947.png
1520,train,gtaV,streetViewData\train\gtaV\mask\02416.png,streetViewData\train\gtaV\img\02416.png
1521,train,gtaV,streetViewData\train\gtaV\mask\00440.png,streetViewData\train\gtaV\img\00440.png
1522,train,gtaV,streetViewData\train\gtaV\mask\02233.png,streetViewData\train\gtaV\img\02233.png
1523,train,gtaV,streetViewData\train\gtaV\mask\02223.png,streetViewData\train\gtaV\img\02223.png
1524,train,gtaV,streetViewData\train\gtaV\mask\01736.png,streetViewData\train\gtaV\img\01736.png
1525,train,gtaV,streetViewData\train\gtaV\mask\00029.png,streetViewData\train\gtaV\img\00029.png
1526,train,gtaV,streetViewData\train\gtaV\mask\02421.png,streetViewData\train\gtaV\img\02421.png
1527,train,gtaV,streetViewData\train\gtaV\mask\01316.png,streetViewData\train\gtaV\img\01316.png
1528,train,gtaV,streetViewData\train\gtaV\mask\00833.png,streetViewData\train\gtaV\img\00833.png
1529,train,gtaV,streetViewData\train\gtaV\mask\00472.png,streetViewData\train\gtaV\img\00472.png
1530,train,gtaV,streetViewData\train\gtaV\mask\00346.png,streetViewData\train\gtaV\img\00346.png
1531,train,gtaV,streetViewData\train\gtaV\mask\01528.png,streetViewData\train\gtaV\img\01528.png
1532,train,gtaV,streetViewData\train\gtaV\mask\01089.png,streetViewData\train\gtaV\img\01089.png
1533,train,gtaV,streetViewData\train\gtaV\mask\01968.png,streetViewData\train\gtaV\img\01968.png
1534,train,gtaV,streetViewData\train\gtaV\mask\00106.png,streetViewData\train\gtaV\img\00106.png
1535,train,gtaV,streetViewData\train\gtaV\mask\01742.png,streetViewData\train\gtaV\img\01742.png
1536,train,gtaV,streetViewData\train\gtaV\mask\01750.png,streetViewData\train\gtaV\img\01750.png
1537,train,gtaV,streetViewData\train\gtaV\mask\02238.png,streetViewData\train\gtaV\img\02238.png
1538,train,gtaV,streetViewData\train\gtaV\mask\00435.png,streetViewData\train\gtaV\img\00435.png
1539,train,gtaV,streetViewData\train\gtaV\mask\01667.png,streetViewData\train\gtaV\img\01667.png
1540,train,gtaV,streetViewData\train\gtaV\mask\02328.png,streetViewData\train\gtaV\img\02328.png
1541,train,gtaV,streetViewData\train\gtaV\mask\02008.png,streetViewData\train\gtaV\img\02008.png
1542,train,gtaV,streetViewData\train\gtaV\mask\01417.png,streetViewData\train\gtaV\img\01417.png
1543,train,gtaV,streetViewData\train\gtaV\mask\02453.png,streetViewData\train\gtaV\img\02453.png
1544,train,gtaV,streetViewData\train\gtaV\mask\02051.png,streetViewData\train\gtaV\img\02051.png
1545,train,gtaV,streetViewData\train\gtaV\mask\01303.png,streetViewData\train\gtaV\img\01303.png
1546,train,gtaV,streetViewData\train\gtaV\mask\01863.png,streetViewData\train\gtaV\img\01863.png
1547,train,gtaV,streetViewData\train\gtaV\mask\01318.png,streetViewData\train\gtaV\img\01318.png
1548,train,gtaV,streetViewData\train\gtaV\mask\01880.png,streetViewData\train\gtaV\img\01880.png
1549,train,gtaV,streetViewData\train\gtaV\mask\01121.png,streetViewData\train\gtaV\img\01121.png
1550,train,gtaV,streetViewData\train\gtaV\mask\01792.png,streetViewData\train\gtaV\img\01792.png
1551,train,gtaV,streetViewData\train\gtaV\mask\02220.png,streetViewData\train\gtaV\img\02220.png
1552,train,gtaV,streetViewData\train\gtaV\mask\01406.png,streetViewData\train\gtaV\img\01406.png
1553,train,gtaV,streetViewData\train\gtaV\mask\00366.png,streetViewData\train\gtaV\img\00366.png
1554,train,gtaV,streetViewData\train\gtaV\mask\01927.png,streetViewData\train\gtaV\img\01927.png
1555,train,gtaV,streetViewData\train\gtaV\mask\02049.png,streetViewData\train\gtaV\img\02049.png
1556,train,gtaV,streetViewData\train\gtaV\mask\00479.png,streetViewData\train\gtaV\img\00479.png
1557,train,gtaV,streetViewData\train\gtaV\mask\01328.png,streetViewData\train\gtaV\img\01328.png
1558,train,gtaV,streetViewData\train\gtaV\mask\00401.png,streetViewData\train\gtaV\img\00401.png
1559,train,gtaV,streetViewData\train\gtaV\mask\00260.png,streetViewData\train\gtaV\img\00260.png
1560,train,gtaV,streetViewData\train\gtaV\mask\02374.png,streetViewData\train\gtaV\img\02374.png
1561,train,gtaV,streetViewData\train\gtaV\mask\02060.png,streetViewData\train\gtaV\img\02060.png
1562,train,gtaV,streetViewData\train\gtaV\mask\00042.png,streetViewData\train\gtaV\img\00042.png
1563,train,gtaV,streetViewData\train\gtaV\mask\00352.png,streetViewData\train\gtaV\img\00352.png
1564,train,gtaV,streetViewData\train\gtaV\mask\00018.png,streetViewData\train\gtaV\img\00018.png
1565,train,gtaV,streetViewData\train\gtaV\mask\00858.png,streetViewData\train\gtaV\img\00858.png
1566,train,gtaV,streetViewData\train\gtaV\mask\02319.png,streetViewData\train\gtaV\img\02319.png
1567,train,gtaV,streetViewData\train\gtaV\mask\01480.png,streetViewData\train\gtaV\img\01480.png
1568,train,gtaV,streetViewData\train\gtaV\mask\00466.png,streetViewData\train\gtaV\img\00466.png
1569,train,gtaV,streetViewData\train\gtaV\mask\01996.png,streetViewData\train\gtaV\img\01996.png
1570,train,gtaV,streetViewData\train\gtaV\mask\00823.png,streetViewData\train\gtaV\img\00823.png
1571,train,gtaV,streetViewData\train\gtaV\mask\01622.png,streetViewData\train\gtaV\img\01622.png
1572,train,gtaV,streetViewData\train\gtaV\mask\02441.png,streetViewData\train\gtaV\img\02441.png
1573,train,gtaV,streetViewData\train\gtaV\mask\00494.png,streetViewData\train\gtaV\img\00494.png
1574,train,gtaV,streetViewData\train\gtaV\mask\00089.png,streetViewData\train\gtaV\img\00089.png
1575,train,gtaV,streetViewData\train\gtaV\mask\02258.png,streetViewData\train\gtaV\img\02258.png
1576,train,gtaV,streetViewData\train\gtaV\mask\01844.png,streetViewData\train\gtaV\img\01844.png
1577,train,gtaV,streetViewData\train\gtaV\mask\00942.png,streetViewData\train\gtaV\img\00942.png
1578,train,gtaV,streetViewData\train\gtaV\mask\01049.png,streetViewData\train\gtaV\img\01049.png
1579,train,gtaV,streetViewData\train\gtaV\mask\00284.png,streetViewData\train\gtaV\img\00284.png
1580,train,gtaV,streetViewData\train\gtaV\mask\01274.png,streetViewData\train\gtaV\img\01274.png
1581,train,gtaV,streetViewData\train\gtaV\mask\00101.png,streetViewData\train\gtaV\img\00101.png
1582,train,gtaV,streetViewData\train\gtaV\mask\00998.png,streetViewData\train\gtaV\img\00998.png
1583,train,gtaV,streetViewData\train\gtaV\mask\02464.png,streetViewData\train\gtaV\img\02464.png
1584,train,gtaV,streetViewData\train\gtaV\mask\02174.png,streetViewData\train\gtaV\img\02174.png
1585,train,gtaV,streetViewData\train\gtaV\mask\00862.png,streetViewData\train\gtaV\img\00862.png
1586,train,gtaV,streetViewData\train\gtaV\mask\01036.png,streetViewData\train\gtaV\img\01036.png
1587,train,gtaV,streetViewData\train\gtaV\mask\01118.png,streetViewData\train\gtaV\img\01118.png
1588,train,gtaV,streetViewData\train\gtaV\mask\02048.png,streetViewData\train\gtaV\img\02048.png
1589,train,gtaV,streetViewData\train\gtaV\mask\01586.png,streetViewData\train\gtaV\img\01586.png
1590,train,gtaV,streetViewData\train\gtaV\mask\01026.png,streetViewData\train\gtaV\img\01026.png
1591,train,gtaV,streetViewData\train\gtaV\mask\00449.png,streetViewData\train\gtaV\img\00449.png
1592,train,gtaV,streetViewData\train\gtaV\mask\01854.png,streetViewData\train\gtaV\img\01854.png
1593,train,gtaV,streetViewData\train\gtaV\mask\02417.png,streetViewData\train\gtaV\img\02417.png
1594,train,gtaV,streetViewData\train\gtaV\mask\01759.png,streetViewData\train\gtaV\img\01759.png
1595,train,gtaV,streetViewData\train\gtaV\mask\01313.png,streetViewData\train\gtaV\img\01313.png
1596,train,gtaV,streetViewData\train\gtaV\mask\01466.png,streetViewData\train\gtaV\img\01466.png
1597,train,gtaV,streetViewData\train\gtaV\mask\01185.png,streetViewData\train\gtaV\img\01185.png
1598,train,gtaV,streetViewData\train\gtaV\mask\01044.png,streetViewData\train\gtaV\img\01044.png
1599,train,gtaV,streetViewData\train\gtaV\mask\02219.png,streetViewData\train\gtaV\img\02219.png
1600,train,gtaV,streetViewData\train\gtaV\mask\00980.png,streetViewData\train\gtaV\img\00980.png
1601,train,gtaV,streetViewData\train\gtaV\mask\01169.png,streetViewData\train\gtaV\img\01169.png
1602,train,gtaV,streetViewData\train\gtaV\mask\01699.png,streetViewData\train\gtaV\img\01699.png
1603,train,gtaV,streetViewData\train\gtaV\mask\02382.png,streetViewData\train\gtaV\img\02382.png
1604,train,gtaV,streetViewData\train\gtaV\mask\01772.png,streetViewData\train\gtaV\img\01772.png
1605,train,gtaV,streetViewData\train\gtaV\mask\01394.png,streetViewData\train\gtaV\img\01394.png
1606,train,gtaV,streetViewData\train\gtaV\mask\01600.png,streetViewData\train\gtaV\img\01600.png
1607,train,gtaV,streetViewData\train\gtaV\mask\00947.png,streetViewData\train\gtaV\img\00947.png
1608,train,gtaV,streetViewData\train\gtaV\mask\01523.png,streetViewData\train\gtaV\img\01523.png
1609,train,gtaV,streetViewData\train\gtaV\mask\00146.png,streetViewData\train\gtaV\img\00146.png
1610,train,gtaV,streetViewData\train\gtaV\mask\02039.png,streetViewData\train\gtaV\img\02039.png
1611,train,gtaV,streetViewData\train\gtaV\mask\01240.png,streetViewData\train\gtaV\img\01240.png
1612,train,gtaV,streetViewData\train\gtaV\mask\02062.png,streetViewData\train\gtaV\img\02062.png
1613,train,gtaV,streetViewData\train\gtaV\mask\02492.png,streetViewData\train\gtaV\img\02492.png
1614,train,gtaV,streetViewData\train\gtaV\mask\01825.png,streetViewData\train\gtaV\img\01825.png
1615,train,gtaV,streetViewData\train\gtaV\mask\01893.png,streetViewData\train\gtaV\img\01893.png
1616,train,gtaV,streetViewData\train\gtaV\mask\01847.png,streetViewData\train\gtaV\img\01847.png
1617,train,gtaV,streetViewData\train\gtaV\mask\02438.png,streetViewData\train\gtaV\img\02438.png
1618,train,gtaV,streetViewData\train\gtaV\mask\00103.png,streetViewData\train\gtaV\img\00103.png
1619,train,gtaV,streetViewData\train\gtaV\mask\01452.png,streetViewData\train\gtaV\img\01452.png
1620,train,gtaV,streetViewData\train\gtaV\mask\00504.png,streetViewData\train\gtaV\img\00504.png
1621,train,gtaV,streetViewData\train\gtaV\mask\01150.png,streetViewData\train\gtaV\img\01150.png
1622,train,gtaV,streetViewData\train\gtaV\mask\02075.png,streetViewData\train\gtaV\img\02075.png
1623,train,gtaV,streetViewData\train\gtaV\mask\01110.png,streetViewData\train\gtaV\img\01110.png
1624,train,gtaV,streetViewData\train\gtaV\mask\02216.png,streetViewData\train\gtaV\img\02216.png
1625,train,gtaV,streetViewData\train\gtaV\mask\02405.png,streetViewData\train\gtaV\img\02405.png
1626,train,gtaV,streetViewData\train\gtaV\mask\02475.png,streetViewData\train\gtaV\img\02475.png
1627,train,gtaV,streetViewData\train\gtaV\mask\02330.png,streetViewData\train\gtaV\img\02330.png
1628,train,gtaV,streetViewData\train\gtaV\mask\02194.png,streetViewData\train\gtaV\img\02194.png
1629,train,gtaV,streetViewData\train\gtaV\mask\02409.png,streetViewData\train\gtaV\img\02409.png
1630,train,gtaV,streetViewData\train\gtaV\mask\02305.png,streetViewData\train\gtaV\img\02305.png
1631,train,gtaV,streetViewData\train\gtaV\mask\00975.png,streetViewData\train\gtaV\img\00975.png
1632,train,gtaV,streetViewData\train\gtaV\mask\01930.png,streetViewData\train\gtaV\img\01930.png
1633,train,gtaV,streetViewData\train\gtaV\mask\02273.png,streetViewData\train\gtaV\img\02273.png
1634,train,gtaV,streetViewData\train\gtaV\mask\00951.png,streetViewData\train\gtaV\img\00951.png
1635,train,gtaV,streetViewData\train\gtaV\mask\01524.png,streetViewData\train\gtaV\img\01524.png
1636,train,gtaV,streetViewData\train\gtaV\mask\02089.png,streetViewData\train\gtaV\img\02089.png
1637,train,gtaV,streetViewData\train\gtaV\mask\01229.png,streetViewData\train\gtaV\img\01229.png
1638,train,gtaV,streetViewData\train\gtaV\mask\00294.png,streetViewData\train\gtaV\img\00294.png
1639,train,gtaV,streetViewData\train\gtaV\mask\01543.png,streetViewData\train\gtaV\img\01543.png
1640,train,gtaV,streetViewData\train\gtaV\mask\01177.png,streetViewData\train\gtaV\img\01177.png
1641,train,gtaV,streetViewData\train\gtaV\mask\02222.png,streetViewData\train\gtaV\img\02222.png
1642,train,gtaV,streetViewData\train\gtaV\mask\01075.png,streetViewData\train\gtaV\img\01075.png
1643,train,gtaV,streetViewData\train\gtaV\mask\01249.png,streetViewData\train\gtaV\img\01249.png
1644,train,gtaV,streetViewData\train\gtaV\mask\00443.png,streetViewData\train\gtaV\img\00443.png
1645,train,gtaV,streetViewData\train\gtaV\mask\01393.png,streetViewData\train\gtaV\img\01393.png
1646,train,gtaV,streetViewData\train\gtaV\mask\01438.png,streetViewData\train\gtaV\img\01438.png
1647,train,gtaV,streetViewData\train\gtaV\mask\02078.png,streetViewData\train\gtaV\img\02078.png
1648,train,gtaV,streetViewData\train\gtaV\mask\02204.png,streetViewData\train\gtaV\img\02204.png
1649,train,gtaV,streetViewData\train\gtaV\mask\02413.png,streetViewData\train\gtaV\img\02413.png
1650,train,gtaV,streetViewData\train\gtaV\mask\01374.png,streetViewData\train\gtaV\img\01374.png
1651,train,gtaV,streetViewData\train\gtaV\mask\01396.png,streetViewData\train\gtaV\img\01396.png
1652,train,gtaV,streetViewData\train\gtaV\mask\02120.png,streetViewData\train\gtaV\img\02120.png
1653,train,gtaV,streetViewData\train\gtaV\mask\02261.png,streetViewData\train\gtaV\img\02261.png
1654,train,gtaV,streetViewData\train\gtaV\mask\01607.png,streetViewData\train\gtaV\img\01607.png
1655,train,gtaV,streetViewData\train\gtaV\mask\00133.png,streetViewData\train\gtaV\img\00133.png
1656,train,gtaV,streetViewData\train\gtaV\mask\01883.png,streetViewData\train\gtaV\img\01883.png
1657,train,gtaV,streetViewData\train\gtaV\mask\02329.png,streetViewData\train\gtaV\img\02329.png
1658,train,gtaV,streetViewData\train\gtaV\mask\02470.png,streetViewData\train\gtaV\img\02470.png
1659,train,gtaV,streetViewData\train\gtaV\mask\01192.png,streetViewData\train\gtaV\img\01192.png
1660,train,gtaV,streetViewData\train\gtaV\mask\02183.png,streetViewData\train\gtaV\img\02183.png
1661,train,gtaV,streetViewData\train\gtaV\mask\00875.png,streetViewData\train\gtaV\img\00875.png
1662,train,gtaV,streetViewData\train\gtaV\mask\00374.png,streetViewData\train\gtaV\img\00374.png
1663,train,gtaV,streetViewData\train\gtaV\mask\01214.png,streetViewData\train\gtaV\img\01214.png
1664,train,gtaV,streetViewData\train\gtaV\mask\01730.png,streetViewData\train\gtaV\img\01730.png
1665,train,gtaV,streetViewData\train\gtaV\mask\01608.png,streetViewData\train\gtaV\img\01608.png
1666,train,gtaV,streetViewData\train\gtaV\mask\01508.png,streetViewData\train\gtaV\img\01508.png
1667,train,gtaV,streetViewData\train\gtaV\mask\00123.png,streetViewData\train\gtaV\img\00123.png
1668,train,gtaV,streetViewData\train\gtaV\mask\00131.png,streetViewData\train\gtaV\img\00131.png
1669,train,gtaV,streetViewData\train\gtaV\mask\00953.png,streetViewData\train\gtaV\img\00953.png
1670,train,gtaV,streetViewData\train\gtaV\mask\00134.png,streetViewData\train\gtaV\img\00134.png
1671,train,gtaV,streetViewData\train\gtaV\mask\01273.png,streetViewData\train\gtaV\img\01273.png
1672,train,gtaV,streetViewData\train\gtaV\mask\02509.png,streetViewData\train\gtaV\img\02509.png
1673,train,gtaV,streetViewData\train\gtaV\mask\00873.png,streetViewData\train\gtaV\img\00873.png
1674,train,gtaV,streetViewData\train\gtaV\mask\01790.png,streetViewData\train\gtaV\img\01790.png
1675,train,gtaV,streetViewData\train\gtaV\mask\01820.png,streetViewData\train\gtaV\img\01820.png
1676,train,gtaV,streetViewData\train\gtaV\mask\00097.png,streetViewData\train\gtaV\img\00097.png
1677,train,gtaV,streetViewData\train\gtaV\mask\01537.png,streetViewData\train\gtaV\img\01537.png
1678,train,gtaV,streetViewData\train\gtaV\mask\01086.png,streetViewData\train\gtaV\img\01086.png
1679,train,gtaV,streetViewData\train\gtaV\mask\01333.png,streetViewData\train\gtaV\img\01333.png
1680,train,gtaV,streetViewData\train\gtaV\mask\00829.png,streetViewData\train\gtaV\img\00829.png
1681,train,gtaV,streetViewData\train\gtaV\mask\02315.png,streetViewData\train\gtaV\img\02315.png
1682,train,gtaV,streetViewData\train\gtaV\mask\01593.png,streetViewData\train\gtaV\img\01593.png
1683,train,gtaV,streetViewData\train\gtaV\mask\00931.png,streetViewData\train\gtaV\img\00931.png
1684,train,gtaV,streetViewData\train\gtaV\mask\02472.png,streetViewData\train\gtaV\img\02472.png
1685,train,gtaV,streetViewData\train\gtaV\mask\02410.png,streetViewData\train\gtaV\img\02410.png
1686,train,gtaV,streetViewData\train\gtaV\mask\02090.png,streetViewData\train\gtaV\img\02090.png
1687,train,gtaV,streetViewData\train\gtaV\mask\02146.png,streetViewData\train\gtaV\img\02146.png
1688,train,gtaV,streetViewData\train\gtaV\mask\01384.png,streetViewData\train\gtaV\img\01384.png
1689,train,gtaV,streetViewData\train\gtaV\mask\02515.png,streetViewData\train\gtaV\img\02515.png
1690,train,gtaV,streetViewData\train\gtaV\mask\00517.png,streetViewData\train\gtaV\img\00517.png
1691,train,gtaV,streetViewData\train\gtaV\mask\01125.png,streetViewData\train\gtaV\img\01125.png
1692,train,gtaV,streetViewData\train\gtaV\mask\00706.png,streetViewData\train\gtaV\img\00706.png
1693,train,gtaV,streetViewData\train\gtaV\mask\02053.png,streetViewData\train\gtaV\img\02053.png
1694,train,gtaV,streetViewData\train\gtaV\mask\02131.png,streetViewData\train\gtaV\img\02131.png
1695,train,gtaV,streetViewData\train\gtaV\mask\01851.png,streetViewData\train\gtaV\img\01851.png
1696,train,gtaV,streetViewData\train\gtaV\mask\01030.png,streetViewData\train\gtaV\img\01030.png
1697,train,gtaV,streetViewData\train\gtaV\mask\01506.png,streetViewData\train\gtaV\img\01506.png
1698,train,gtaV,streetViewData\train\gtaV\mask\01802.png,streetViewData\train\gtaV\img\01802.png
1699,train,gtaV,streetViewData\train\gtaV\mask\01689.png,streetViewData\train\gtaV\img\01689.png
1700,train,gtaV,streetViewData\train\gtaV\mask\01982.png,streetViewData\train\gtaV\img\01982.png
1701,train,gtaV,streetViewData\train\gtaV\mask\02519.png,streetViewData\train\gtaV\img\02519.png
1702,train,gtaV,streetViewData\train\gtaV\mask\02054.png,streetViewData\train\gtaV\img\02054.png
1703,train,gtaV,streetViewData\train\gtaV\mask\01726.png,streetViewData\train\gtaV\img\01726.png
1704,train,gtaV,streetViewData\train\gtaV\mask\01352.png,streetViewData\train\gtaV\img\01352.png
1705,train,gtaV,streetViewData\train\gtaV\mask\01522.png,streetViewData\train\gtaV\img\01522.png
1706,train,gtaV,streetViewData\train\gtaV\mask\01389.png,streetViewData\train\gtaV\img\01389.png
1707,train,gtaV,streetViewData\train\gtaV\mask\01575.png,streetViewData\train\gtaV\img\01575.png
1708,train,gtaV,streetViewData\train\gtaV\mask\00508.png,streetViewData\train\gtaV\img\00508.png
1709,train,gtaV,streetViewData\train\gtaV\mask\02341.png,streetViewData\train\gtaV\img\02341.png
1710,train,gtaV,streetViewData\train\gtaV\mask\00454.png,streetViewData\train\gtaV\img\00454.png
1711,train,gtaV,streetViewData\train\gtaV\mask\00950.png,streetViewData\train\gtaV\img\00950.png
1712,train,gtaV,streetViewData\train\gtaV\mask\01085.png,streetViewData\train\gtaV\img\01085.png
1713,train,gtaV,streetViewData\train\gtaV\mask\02406.png,streetViewData\train\gtaV\img\02406.png
1714,train,gtaV,streetViewData\train\gtaV\mask\02102.png,streetViewData\train\gtaV\img\02102.png
1715,train,gtaV,streetViewData\train\gtaV\mask\01139.png,streetViewData\train\gtaV\img\01139.png
1716,train,gtaV,streetViewData\train\gtaV\mask\02143.png,streetViewData\train\gtaV\img\02143.png
1717,train,gtaV,streetViewData\train\gtaV\mask\01850.png,streetViewData\train\gtaV\img\01850.png
1718,train,gtaV,streetViewData\train\gtaV\mask\02428.png,streetViewData\train\gtaV\img\02428.png
1719,train,gtaV,streetViewData\train\gtaV\mask\01465.png,streetViewData\train\gtaV\img\01465.png
1720,train,gtaV,streetViewData\train\gtaV\mask\01559.png,streetViewData\train\gtaV\img\01559.png
1721,train,gtaV,streetViewData\train\gtaV\mask\01184.png,streetViewData\train\gtaV\img\01184.png
1722,train,gtaV,streetViewData\train\gtaV\mask\01221.png,streetViewData\train\gtaV\img\01221.png
1723,train,gtaV,streetViewData\train\gtaV\mask\02299.png,streetViewData\train\gtaV\img\02299.png
1724,train,gtaV,streetViewData\train\gtaV\mask\00058.png,streetViewData\train\gtaV\img\00058.png
1725,train,gtaV,streetViewData\train\gtaV\mask\01583.png,streetViewData\train\gtaV\img\01583.png
1726,train,gtaV,streetViewData\train\gtaV\mask\02125.png,streetViewData\train\gtaV\img\02125.png
1727,train,gtaV,streetViewData\train\gtaV\mask\02423.png,streetViewData\train\gtaV\img\02423.png
1728,train,gtaV,streetViewData\train\gtaV\mask\01696.png,streetViewData\train\gtaV\img\01696.png
1729,train,gtaV,streetViewData\train\gtaV\mask\02206.png,streetViewData\train\gtaV\img\02206.png
1730,train,gtaV,streetViewData\train\gtaV\mask\01961.png,streetViewData\train\gtaV\img\01961.png
1731,train,gtaV,streetViewData\train\gtaV\mask\00009.png,streetViewData\train\gtaV\img\00009.png
1732,train,gtaV,streetViewData\train\gtaV\mask\01678.png,streetViewData\train\gtaV\img\01678.png
1733,train,gtaV,streetViewData\train\gtaV\mask\01857.png,streetViewData\train\gtaV\img\01857.png
1734,train,gtaV,streetViewData\train\gtaV\mask\01737.png,streetViewData\train\gtaV\img\01737.png
1735,train,gtaV,streetViewData\train\gtaV\mask\01906.png,streetViewData\train\gtaV\img\01906.png
1736,train,gtaV,streetViewData\train\gtaV\mask\00902.png,streetViewData\train\gtaV\img\00902.png
1737,train,gtaV,streetViewData\train\gtaV\mask\00107.png,streetViewData\train\gtaV\img\00107.png
1738,train,gtaV,streetViewData\train\gtaV\mask\01871.png,streetViewData\train\gtaV\img\01871.png
1739,train,gtaV,streetViewData\train\gtaV\mask\02069.png,streetViewData\train\gtaV\img\02069.png
1740,train,gtaV,streetViewData\train\gtaV\mask\01901.png,streetViewData\train\gtaV\img\01901.png
1741,train,gtaV,streetViewData\train\gtaV\mask\01425.png,streetViewData\train\gtaV\img\01425.png
1742,train,gtaV,streetViewData\train\gtaV\mask\02210.png,streetViewData\train\gtaV\img\02210.png
1743,train,gtaV,streetViewData\train\gtaV\mask\01983.png,streetViewData\train\gtaV\img\01983.png
1744,train,gtaV,streetViewData\train\gtaV\mask\01383.png,streetViewData\train\gtaV\img\01383.png
1745,train,gtaV,streetViewData\train\gtaV\mask\00877.png,streetViewData\train\gtaV\img\00877.png
1746,train,gtaV,streetViewData\train\gtaV\mask\00940.png,streetViewData\train\gtaV\img\00940.png
1747,train,gtaV,streetViewData\train\gtaV\mask\01571.png,streetViewData\train\gtaV\img\01571.png
1748,train,gtaV,streetViewData\train\gtaV\mask\00841.png,streetViewData\train\gtaV\img\00841.png
1749,train,gtaV,streetViewData\train\gtaV\mask\02524.png,streetViewData\train\gtaV\img\02524.png
1750,train,gtaV,streetViewData\train\gtaV\mask\00870.png,streetViewData\train\gtaV\img\00870.png
1751,train,gtaV,streetViewData\train\gtaV\mask\02265.png,streetViewData\train\gtaV\img\02265.png
1752,train,gtaV,streetViewData\train\gtaV\mask\01391.png,streetViewData\train\gtaV\img\01391.png
1753,train,gtaV,streetViewData\train\gtaV\mask\01401.png,streetViewData\train\gtaV\img\01401.png
1754,train,gtaV,streetViewData\train\gtaV\mask\02320.png,streetViewData\train\gtaV\img\02320.png
1755,train,gtaV,streetViewData\train\gtaV\mask\02324.png,streetViewData\train\gtaV\img\02324.png
1756,train,gtaV,streetViewData\train\gtaV\mask\00122.png,streetViewData\train\gtaV\img\00122.png
1757,train,gtaV,streetViewData\train\gtaV\mask\01453.png,streetViewData\train\gtaV\img\01453.png
1758,train,gtaV,streetViewData\train\gtaV\mask\00377.png,streetViewData\train\gtaV\img\00377.png
1759,train,gtaV,streetViewData\train\gtaV\mask\01262.png,streetViewData\train\gtaV\img\01262.png
1760,train,gtaV,streetViewData\train\gtaV\mask\01610.png,streetViewData\train\gtaV\img\01610.png
1761,train,gtaV,streetViewData\train\gtaV\mask\02304.png,streetViewData\train\gtaV\img\02304.png
1762,train,gtaV,streetViewData\train\gtaV\mask\01201.png,streetViewData\train\gtaV\img\01201.png
1763,train,gtaV,streetViewData\train\gtaV\mask\00119.png,streetViewData\train\gtaV\img\00119.png
1764,train,gtaV,streetViewData\train\gtaV\mask\00501.png,streetViewData\train\gtaV\img\00501.png
1765,train,gtaV,streetViewData\train\gtaV\mask\01568.png,streetViewData\train\gtaV\img\01568.png
1766,train,gtaV,streetViewData\train\gtaV\mask\01981.png,streetViewData\train\gtaV\img\01981.png
1767,train,gtaV,streetViewData\train\gtaV\mask\02023.png,streetViewData\train\gtaV\img\02023.png
1768,train,gtaV,streetViewData\train\gtaV\mask\02082.png,streetViewData\train\gtaV\img\02082.png
1769,train,gtaV,streetViewData\train\gtaV\mask\01132.png,streetViewData\train\gtaV\img\01132.png
1770,train,gtaV,streetViewData\train\gtaV\mask\00963.png,streetViewData\train\gtaV\img\00963.png
1771,train,gtaV,streetViewData\train\gtaV\mask\01950.png,streetViewData\train\gtaV\img\01950.png
1772,train,gtaV,streetViewData\train\gtaV\mask\01285.png,streetViewData\train\gtaV\img\01285.png
1773,train,gtaV,streetViewData\train\gtaV\mask\01994.png,streetViewData\train\gtaV\img\01994.png
1774,train,gtaV,streetViewData\train\gtaV\mask\02107.png,streetViewData\train\gtaV\img\02107.png
1775,train,gtaV,streetViewData\train\gtaV\mask\02243.png,streetViewData\train\gtaV\img\02243.png
1776,train,gtaV,streetViewData\train\gtaV\mask\00845.png,streetViewData\train\gtaV\img\00845.png
1777,train,gtaV,streetViewData\train\gtaV\mask\01382.png,streetViewData\train\gtaV\img\01382.png
1778,train,gtaV,streetViewData\train\gtaV\mask\00267.png,streetViewData\train\gtaV\img\00267.png
1779,train,gtaV,streetViewData\train\gtaV\mask\00513.png,streetViewData\train\gtaV\img\00513.png
1780,train,gtaV,streetViewData\train\gtaV\mask\01205.png,streetViewData\train\gtaV\img\01205.png
1781,train,gtaV,streetViewData\train\gtaV\mask\01980.png,streetViewData\train\gtaV\img\01980.png
1782,train,gtaV,streetViewData\train\gtaV\mask\02247.png,streetViewData\train\gtaV\img\02247.png
1783,train,gtaV,streetViewData\train\gtaV\mask\01992.png,streetViewData\train\gtaV\img\01992.png
1784,train,gtaV,streetViewData\train\gtaV\mask\01050.png,streetViewData\train\gtaV\img\01050.png
1785,train,gtaV,streetViewData\train\gtaV\mask\01194.png,streetViewData\train\gtaV\img\01194.png
1786,train,gtaV,streetViewData\train\gtaV\mask\01760.png,streetViewData\train\gtaV\img\01760.png
1787,train,gtaV,streetViewData\train\gtaV\mask\00082.png,streetViewData\train\gtaV\img\00082.png
1788,train,gtaV,streetViewData\train\gtaV\mask\00448.png,streetViewData\train\gtaV\img\00448.png
1789,train,gtaV,streetViewData\train\gtaV\mask\00896.png,streetViewData\train\gtaV\img\00896.png
1790,train,gtaV,streetViewData\train\gtaV\mask\01672.png,streetViewData\train\gtaV\img\01672.png
1791,train,gtaV,streetViewData\train\gtaV\mask\02415.png,streetViewData\train\gtaV\img\02415.png
1792,train,gtaV,streetViewData\train\gtaV\mask\00010.png,streetViewData\train\gtaV\img\00010.png
1793,train,gtaV,streetViewData\train\gtaV\mask\00432.png,streetViewData\train\gtaV\img\00432.png
1794,train,gtaV,streetViewData\train\gtaV\mask\01703.png,streetViewData\train\gtaV\img\01703.png
1795,train,gtaV,streetViewData\train\gtaV\mask\02133.png,streetViewData\train\gtaV\img\02133.png
1796,train,gtaV,streetViewData\train\gtaV\mask\02111.png,streetViewData\train\gtaV\img\02111.png
1797,train,gtaV,streetViewData\train\gtaV\mask\01367.png,streetViewData\train\gtaV\img\01367.png
1798,train,gtaV,streetViewData\train\gtaV\mask\01960.png,streetViewData\train\gtaV\img\01960.png
1799,train,gtaV,streetViewData\train\gtaV\mask\02098.png,streetViewData\train\gtaV\img\02098.png
1800,train,gtaV,streetViewData\train\gtaV\mask\01856.png,streetViewData\train\gtaV\img\01856.png
1801,train,gtaV,streetViewData\train\gtaV\mask\01219.png,streetViewData\train\gtaV\img\01219.png
1802,train,gtaV,streetViewData\train\gtaV\mask\01020.png,streetViewData\train\gtaV\img\01020.png
1803,train,gtaV,streetViewData\train\gtaV\mask\01234.png,streetViewData\train\gtaV\img\01234.png
1804,train,gtaV,streetViewData\train\gtaV\mask\00402.png,streetViewData\train\gtaV\img\00402.png
1805,train,gtaV,streetViewData\train\gtaV\mask\00350.png,streetViewData\train\gtaV\img\00350.png
1806,train,gtaV,streetViewData\train\gtaV\mask\01615.png,streetViewData\train\gtaV\img\01615.png
1807,train,gtaV,streetViewData\train\gtaV\mask\01056.png,streetViewData\train\gtaV\img\01056.png
1808,train,gtaV,streetViewData\train\gtaV\mask\01590.png,streetViewData\train\gtaV\img\01590.png
1809,train,gtaV,streetViewData\train\gtaV\mask\01637.png,streetViewData\train\gtaV\img\01637.png
1810,train,gtaV,streetViewData\train\gtaV\mask\02403.png,streetViewData\train\gtaV\img\02403.png
1811,train,gtaV,streetViewData\train\gtaV\mask\01195.png,streetViewData\train\gtaV\img\01195.png
1812,train,gtaV,streetViewData\train\gtaV\mask\02430.png,streetViewData\train\gtaV\img\02430.png
1813,train,gtaV,streetViewData\train\gtaV\mask\01683.png,streetViewData\train\gtaV\img\01683.png
1814,train,gtaV,streetViewData\train\gtaV\mask\02087.png,streetViewData\train\gtaV\img\02087.png
1815,train,gtaV,streetViewData\train\gtaV\mask\00079.png,streetViewData\train\gtaV\img\00079.png
1816,train,gtaV,streetViewData\train\gtaV\mask\02425.png,streetViewData\train\gtaV\img\02425.png
1817,train,gtaV,streetViewData\train\gtaV\mask\01646.png,streetViewData\train\gtaV\img\01646.png
1818,train,gtaV,streetViewData\train\gtaV\mask\00981.png,streetViewData\train\gtaV\img\00981.png
1819,train,gtaV,streetViewData\train\gtaV\mask\02448.png,streetViewData\train\gtaV\img\02448.png
1820,train,gtaV,streetViewData\train\gtaV\mask\01369.png,streetViewData\train\gtaV\img\01369.png
1821,train,gtaV,streetViewData\train\gtaV\mask\02512.png,streetViewData\train\gtaV\img\02512.png
1822,train,gtaV,streetViewData\train\gtaV\mask\01300.png,streetViewData\train\gtaV\img\01300.png
1823,train,gtaV,streetViewData\train\gtaV\mask\01302.png,streetViewData\train\gtaV\img\01302.png
1824,train,gtaV,streetViewData\train\gtaV\mask\00906.png,streetViewData\train\gtaV\img\00906.png
1825,train,gtaV,streetViewData\train\gtaV\mask\01166.png,streetViewData\train\gtaV\img\01166.png
1826,train,gtaV,streetViewData\train\gtaV\mask\00938.png,streetViewData\train\gtaV\img\00938.png
1827,train,gtaV,streetViewData\train\gtaV\mask\01817.png,streetViewData\train\gtaV\img\01817.png
1828,train,gtaV,streetViewData\train\gtaV\mask\01305.png,streetViewData\train\gtaV\img\01305.png
1829,train,gtaV,streetViewData\train\gtaV\mask\01467.png,streetViewData\train\gtaV\img\01467.png
1830,train,gtaV,streetViewData\train\gtaV\mask\02003.png,streetViewData\train\gtaV\img\02003.png
1831,train,gtaV,streetViewData\train\gtaV\mask\01789.png,streetViewData\train\gtaV\img\01789.png
1832,train,gtaV,streetViewData\train\gtaV\mask\02011.png,streetViewData\train\gtaV\img\02011.png
1833,train,gtaV,streetViewData\train\gtaV\mask\01785.png,streetViewData\train\gtaV\img\01785.png
1834,train,gtaV,streetViewData\train\gtaV\mask\02072.png,streetViewData\train\gtaV\img\02072.png
1835,train,gtaV,streetViewData\train\gtaV\mask\01442.png,streetViewData\train\gtaV\img\01442.png
1836,train,gtaV,streetViewData\train\gtaV\mask\02391.png,streetViewData\train\gtaV\img\02391.png
1837,train,gtaV,streetViewData\train\gtaV\mask\00958.png,streetViewData\train\gtaV\img\00958.png
1838,train,gtaV,streetViewData\train\gtaV\mask\00144.png,streetViewData\train\gtaV\img\00144.png
1839,train,gtaV,streetViewData\train\gtaV\mask\01512.png,streetViewData\train\gtaV\img\01512.png
1840,train,gtaV,streetViewData\train\gtaV\mask\01200.png,streetViewData\train\gtaV\img\01200.png
1841,train,gtaV,streetViewData\train\gtaV\mask\01114.png,streetViewData\train\gtaV\img\01114.png
1842,train,gtaV,streetViewData\train\gtaV\mask\01275.png,streetViewData\train\gtaV\img\01275.png
1843,train,gtaV,streetViewData\train\gtaV\mask\01576.png,streetViewData\train\gtaV\img\01576.png
1844,train,gtaV,streetViewData\train\gtaV\mask\01611.png,streetViewData\train\gtaV\img\01611.png
1845,train,gtaV,streetViewData\train\gtaV\mask\01866.png,streetViewData\train\gtaV\img\01866.png
1846,train,gtaV,streetViewData\train\gtaV\mask\00704.png,streetViewData\train\gtaV\img\00704.png
1847,train,gtaV,streetViewData\train\gtaV\mask\01282.png,streetViewData\train\gtaV\img\01282.png
1848,train,gtaV,streetViewData\train\gtaV\mask\01436.png,streetViewData\train\gtaV\img\01436.png
1849,train,gtaV,streetViewData\train\gtaV\mask\02244.png,streetViewData\train\gtaV\img\02244.png
1850,train,gtaV,streetViewData\train\gtaV\mask\00395.png,streetViewData\train\gtaV\img\00395.png
1851,train,gtaV,streetViewData\train\gtaV\mask\02408.png,streetViewData\train\gtaV\img\02408.png
1852,train,gtaV,streetViewData\train\gtaV\mask\01647.png,streetViewData\train\gtaV\img\01647.png
1853,train,gtaV,streetViewData\train\gtaV\mask\01236.png,streetViewData\train\gtaV\img\01236.png
1854,train,gtaV,streetViewData\train\gtaV\mask\01268.png,streetViewData\train\gtaV\img\01268.png
1855,train,gtaV,streetViewData\train\gtaV\mask\01548.png,streetViewData\train\gtaV\img\01548.png
1856,train,gtaV,streetViewData\train\gtaV\mask\01612.png,streetViewData\train\gtaV\img\01612.png
1857,train,gtaV,streetViewData\train\gtaV\mask\00849.png,streetViewData\train\gtaV\img\00849.png
1858,train,gtaV,streetViewData\train\gtaV\mask\01281.png,streetViewData\train\gtaV\img\01281.png
1859,train,gtaV,streetViewData\train\gtaV\mask\02377.png,streetViewData\train\gtaV\img\02377.png
1860,train,gtaV,streetViewData\train\gtaV\mask\02007.png,streetViewData\train\gtaV\img\02007.png
1861,train,gtaV,streetViewData\train\gtaV\mask\01782.png,streetViewData\train\gtaV\img\01782.png
1862,train,gtaV,streetViewData\train\gtaV\mask\02427.png,streetViewData\train\gtaV\img\02427.png
1863,train,gtaV,streetViewData\train\gtaV\mask\00485.png,streetViewData\train\gtaV\img\00485.png
1864,train,gtaV,streetViewData\train\gtaV\mask\00425.png,streetViewData\train\gtaV\img\00425.png
1865,train,gtaV,streetViewData\train\gtaV\mask\02038.png,streetViewData\train\gtaV\img\02038.png
1866,train,gtaV,streetViewData\train\gtaV\mask\02347.png,streetViewData\train\gtaV\img\02347.png
1867,train,gtaV,streetViewData\train\gtaV\mask\01365.png,streetViewData\train\gtaV\img\01365.png
1868,train,gtaV,streetViewData\train\gtaV\mask\00113.png,streetViewData\train\gtaV\img\00113.png
1869,train,gtaV,streetViewData\train\gtaV\mask\00404.png,streetViewData\train\gtaV\img\00404.png
1870,train,gtaV,streetViewData\train\gtaV\mask\01016.png,streetViewData\train\gtaV\img\01016.png
1871,train,gtaV,streetViewData\train\gtaV\mask\01779.png,streetViewData\train\gtaV\img\01779.png
1872,train,gtaV,streetViewData\train\gtaV\mask\01088.png,streetViewData\train\gtaV\img\01088.png
1873,train,gtaV,streetViewData\train\gtaV\mask\01104.png,streetViewData\train\gtaV\img\01104.png
1874,train,gtaV,streetViewData\train\gtaV\mask\01999.png,streetViewData\train\gtaV\img\01999.png
1875,train,gtaV,streetViewData\train\gtaV\mask\01713.png,streetViewData\train\gtaV\img\01713.png
1876,train,gtaV,streetViewData\train\gtaV\mask\00822.png,streetViewData\train\gtaV\img\00822.png
1877,train,gtaV,streetViewData\train\gtaV\mask\01643.png,streetViewData\train\gtaV\img\01643.png
1878,train,gtaV,streetViewData\train\gtaV\mask\01786.png,streetViewData\train\gtaV\img\01786.png
1879,train,gtaV,streetViewData\train\gtaV\mask\00961.png,streetViewData\train\gtaV\img\00961.png
1880,train,gtaV,streetViewData\train\gtaV\mask\00105.png,streetViewData\train\gtaV\img\00105.png
1881,train,gtaV,streetViewData\train\gtaV\mask\02092.png,streetViewData\train\gtaV\img\02092.png
1882,train,gtaV,streetViewData\train\gtaV\mask\01241.png,streetViewData\train\gtaV\img\01241.png
1883,train,gtaV,streetViewData\train\gtaV\mask\01920.png,streetViewData\train\gtaV\img\01920.png
1884,train,gtaV,streetViewData\train\gtaV\mask\02339.png,streetViewData\train\gtaV\img\02339.png
1885,train,gtaV,streetViewData\train\gtaV\mask\01627.png,streetViewData\train\gtaV\img\01627.png
1886,train,gtaV,streetViewData\train\gtaV\mask\00093.png,streetViewData\train\gtaV\img\00093.png
1887,train,gtaV,streetViewData\train\gtaV\mask\01460.png,streetViewData\train\gtaV\img\01460.png
1888,train,gtaV,streetViewData\train\gtaV\mask\01315.png,streetViewData\train\gtaV\img\01315.png
1889,train,gtaV,streetViewData\train\gtaV\mask\01641.png,streetViewData\train\gtaV\img\01641.png
1890,train,gtaV,streetViewData\train\gtaV\mask\01504.png,streetViewData\train\gtaV\img\01504.png
1891,train,gtaV,streetViewData\train\gtaV\mask\01974.png,streetViewData\train\gtaV\img\01974.png
1892,train,gtaV,streetViewData\train\gtaV\mask\01381.png,streetViewData\train\gtaV\img\01381.png
1893,train,gtaV,streetViewData\train\gtaV\mask\00074.png,streetViewData\train\gtaV\img\00074.png
1894,train,gtaV,streetViewData\train\gtaV\mask\02028.png,streetViewData\train\gtaV\img\02028.png
1895,train,gtaV,streetViewData\train\gtaV\mask\01932.png,streetViewData\train\gtaV\img\01932.png
1896,train,gtaV,streetViewData\train\gtaV\mask\01652.png,streetViewData\train\gtaV\img\01652.png
1897,train,gtaV,streetViewData\train\gtaV\mask\02257.png,streetViewData\train\gtaV\img\02257.png
1898,train,gtaV,streetViewData\train\gtaV\mask\01561.png,streetViewData\train\gtaV\img\01561.png
1899,train,gtaV,streetViewData\train\gtaV\mask\01818.png,streetViewData\train\gtaV\img\01818.png
1900,train,gtaV,streetViewData\train\gtaV\mask\00885.png,streetViewData\train\gtaV\img\00885.png
1901,train,gtaV,streetViewData\train\gtaV\mask\02218.png,streetViewData\train\gtaV\img\02218.png
1902,train,gtaV,streetViewData\train\gtaV\mask\01105.png,streetViewData\train\gtaV\img\01105.png
1903,train,gtaV,streetViewData\train\gtaV\mask\02317.png,streetViewData\train\gtaV\img\02317.png
1904,train,gtaV,streetViewData\train\gtaV\mask\02101.png,streetViewData\train\gtaV\img\02101.png
1905,train,gtaV,streetViewData\train\gtaV\mask\01764.png,streetViewData\train\gtaV\img\01764.png
1906,train,gtaV,streetViewData\train\gtaV\mask\02227.png,streetViewData\train\gtaV\img\02227.png
1907,train,gtaV,streetViewData\train\gtaV\mask\00415.png,streetViewData\train\gtaV\img\00415.png
1908,train,gtaV,streetViewData\train\gtaV\mask\01412.png,streetViewData\train\gtaV\img\01412.png
1909,train,gtaV,streetViewData\train\gtaV\mask\01445.png,streetViewData\train\gtaV\img\01445.png
1910,train,gtaV,streetViewData\train\gtaV\mask\01661.png,streetViewData\train\gtaV\img\01661.png
1911,train,gtaV,streetViewData\train\gtaV\mask\01837.png,streetViewData\train\gtaV\img\01837.png
1912,train,gtaV,streetViewData\train\gtaV\mask\02122.png,streetViewData\train\gtaV\img\02122.png
1913,train,gtaV,streetViewData\train\gtaV\mask\00972.png,streetViewData\train\gtaV\img\00972.png
1914,train,gtaV,streetViewData\train\gtaV\mask\01475.png,streetViewData\train\gtaV\img\01475.png
1915,train,gtaV,streetViewData\train\gtaV\mask\00843.png,streetViewData\train\gtaV\img\00843.png
1916,train,gtaV,streetViewData\train\gtaV\mask\01545.png,streetViewData\train\gtaV\img\01545.png
1917,train,gtaV,streetViewData\train\gtaV\mask\01797.png,streetViewData\train\gtaV\img\01797.png
1918,train,gtaV,streetViewData\train\gtaV\mask\00399.png,streetViewData\train\gtaV\img\00399.png
1919,train,gtaV,streetViewData\train\gtaV\mask\02198.png,streetViewData\train\gtaV\img\02198.png
1920,train,gtaV,streetViewData\train\gtaV\mask\01579.png,streetViewData\train\gtaV\img\01579.png
1921,train,gtaV,streetViewData\train\gtaV\mask\01616.png,streetViewData\train\gtaV\img\01616.png
1922,train,gtaV,streetViewData\train\gtaV\mask\02179.png,streetViewData\train\gtaV\img\02179.png
1923,train,gtaV,streetViewData\train\gtaV\mask\01929.png,streetViewData\train\gtaV\img\01929.png
1924,train,gtaV,streetViewData\train\gtaV\mask\01046.png,streetViewData\train\gtaV\img\01046.png
1925,train,gtaV,streetViewData\train\gtaV\mask\00380.png,streetViewData\train\gtaV\img\00380.png
1926,train,gtaV,streetViewData\train\gtaV\mask\02025.png,streetViewData\train\gtaV\img\02025.png
1927,train,gtaV,streetViewData\train\gtaV\mask\01794.png,streetViewData\train\gtaV\img\01794.png
1928,train,gtaV,streetViewData\train\gtaV\mask\00512.png,streetViewData\train\gtaV\img\00512.png
1929,train,gtaV,streetViewData\train\gtaV\mask\00888.png,streetViewData\train\gtaV\img\00888.png
1930,train,gtaV,streetViewData\train\gtaV\mask\00910.png,streetViewData\train\gtaV\img\00910.png
1931,train,gtaV,streetViewData\train\gtaV\mask\00838.png,streetViewData\train\gtaV\img\00838.png
1932,train,gtaV,streetViewData\train\gtaV\mask\01254.png,streetViewData\train\gtaV\img\01254.png
1933,train,gtaV,streetViewData\train\gtaV\mask\00834.png,streetViewData\train\gtaV\img\00834.png
1934,train,gtaV,streetViewData\train\gtaV\mask\02006.png,streetViewData\train\gtaV\img\02006.png
1935,train,gtaV,streetViewData\train\gtaV\mask\02373.png,streetViewData\train\gtaV\img\02373.png
1936,train,gtaV,streetViewData\train\gtaV\mask\00132.png,streetViewData\train\gtaV\img\00132.png
1937,train,gtaV,streetViewData\train\gtaV\mask\02478.png,streetViewData\train\gtaV\img\02478.png
1938,train,gtaV,streetViewData\train\gtaV\mask\01617.png,streetViewData\train\gtaV\img\01617.png
1939,train,gtaV,streetViewData\train\gtaV\mask\01826.png,streetViewData\train\gtaV\img\01826.png
1940,train,gtaV,streetViewData\train\gtaV\mask\01695.png,streetViewData\train\gtaV\img\01695.png
1941,train,gtaV,streetViewData\train\gtaV\mask\02516.png,streetViewData\train\gtaV\img\02516.png
1942,train,gtaV,streetViewData\train\gtaV\mask\01248.png,streetViewData\train\gtaV\img\01248.png
1943,train,gtaV,streetViewData\train\gtaV\mask\00362.png,streetViewData\train\gtaV\img\00362.png
1944,train,gtaV,streetViewData\train\gtaV\mask\02202.png,streetViewData\train\gtaV\img\02202.png
1945,train,gtaV,streetViewData\train\gtaV\mask\02514.png,streetViewData\train\gtaV\img\02514.png
1946,train,gtaV,streetViewData\train\gtaV\mask\00893.png,streetViewData\train\gtaV\img\00893.png
1947,train,gtaV,streetViewData\train\gtaV\mask\01206.png,streetViewData\train\gtaV\img\01206.png
1948,train,gtaV,streetViewData\train\gtaV\mask\01095.png,streetViewData\train\gtaV\img\01095.png
1949,train,gtaV,streetViewData\train\gtaV\mask\01066.png,streetViewData\train\gtaV\img\01066.png
1950,train,gtaV,streetViewData\train\gtaV\mask\02249.png,streetViewData\train\gtaV\img\02249.png
1951,train,gtaV,streetViewData\train\gtaV\mask\01483.png,streetViewData\train\gtaV\img\01483.png
1952,train,gtaV,streetViewData\train\gtaV\mask\00348.png,streetViewData\train\gtaV\img\00348.png
1953,train,gtaV,streetViewData\train\gtaV\mask\02130.png,streetViewData\train\gtaV\img\02130.png
1954,train,gtaV,streetViewData\train\gtaV\mask\01822.png,streetViewData\train\gtaV\img\01822.png
1955,train,gtaV,streetViewData\train\gtaV\mask\02013.png,streetViewData\train\gtaV\img\02013.png
1956,train,gtaV,streetViewData\train\gtaV\mask\02248.png,streetViewData\train\gtaV\img\02248.png
1957,train,gtaV,streetViewData\train\gtaV\mask\02026.png,streetViewData\train\gtaV\img\02026.png
1958,train,gtaV,streetViewData\train\gtaV\mask\00021.png,streetViewData\train\gtaV\img\00021.png
1959,train,gtaV,streetViewData\train\gtaV\mask\02043.png,streetViewData\train\gtaV\img\02043.png
1960,train,gtaV,streetViewData\train\gtaV\mask\01724.png,streetViewData\train\gtaV\img\01724.png
1961,train,gtaV,streetViewData\train\gtaV\mask\01286.png,streetViewData\train\gtaV\img\01286.png
1962,train,gtaV,streetViewData\train\gtaV\mask\00442.png,streetViewData\train\gtaV\img\00442.png
1963,train,gtaV,streetViewData\train\gtaV\mask\01263.png,streetViewData\train\gtaV\img\01263.png
1964,train,gtaV,streetViewData\train\gtaV\mask\02494.png,streetViewData\train\gtaV\img\02494.png
1965,train,gtaV,streetViewData\train\gtaV\mask\00419.png,streetViewData\train\gtaV\img\00419.png
1966,train,gtaV,streetViewData\train\gtaV\mask\01711.png,streetViewData\train\gtaV\img\01711.png
1967,train,gtaV,streetViewData\train\gtaV\mask\02009.png,streetViewData\train\gtaV\img\02009.png
1968,train,gtaV,streetViewData\train\gtaV\mask\01783.png,streetViewData\train\gtaV\img\01783.png
1969,train,gtaV,streetViewData\train\gtaV\mask\01326.png,streetViewData\train\gtaV\img\01326.png
1970,train,gtaV,streetViewData\train\gtaV\mask\02447.png,streetViewData\train\gtaV\img\02447.png
1971,train,gtaV,streetViewData\train\gtaV\mask\00139.png,streetViewData\train\gtaV\img\00139.png
1972,train,gtaV,streetViewData\train\gtaV\mask\01549.png,streetViewData\train\gtaV\img\01549.png
1973,train,gtaV,streetViewData\train\gtaV\mask\02138.png,streetViewData\train\gtaV\img\02138.png
1974,train,gtaV,streetViewData\train\gtaV\mask\00836.png,streetViewData\train\gtaV\img\00836.png
1975,train,gtaV,streetViewData\train\gtaV\mask\01464.png,streetViewData\train\gtaV\img\01464.png
1976,train,gtaV,streetViewData\train\gtaV\mask\01061.png,streetViewData\train\gtaV\img\01061.png
1977,train,gtaV,streetViewData\train\gtaV\mask\00375.png,streetViewData\train\gtaV\img\00375.png
1978,train,gtaV,streetViewData\train\gtaV\mask\01889.png,streetViewData\train\gtaV\img\01889.png
1979,train,gtaV,streetViewData\train\gtaV\mask\01899.png,streetViewData\train\gtaV\img\01899.png
1980,train,gtaV,streetViewData\train\gtaV\mask\00392.png,streetViewData\train\gtaV\img\00392.png
1981,train,gtaV,streetViewData\train\gtaV\mask\01277.png,streetViewData\train\gtaV\img\01277.png
1982,train,gtaV,streetViewData\train\gtaV\mask\01434.png,streetViewData\train\gtaV\img\01434.png
1983,train,gtaV,streetViewData\train\gtaV\mask\01470.png,streetViewData\train\gtaV\img\01470.png
1984,train,gtaV,streetViewData\train\gtaV\mask\00865.png,streetViewData\train\gtaV\img\00865.png
1985,train,gtaV,streetViewData\train\gtaV\mask\02200.png,streetViewData\train\gtaV\img\02200.png
1986,train,gtaV,streetViewData\train\gtaV\mask\01677.png,streetViewData\train\gtaV\img\01677.png
1987,train,gtaV,streetViewData\train\gtaV\mask\02128.png,streetViewData\train\gtaV\img\02128.png
1988,train,gtaV,streetViewData\train\gtaV\mask\01137.png,streetViewData\train\gtaV\img\01137.png
1989,train,gtaV,streetViewData\train\gtaV\mask\00462.png,streetViewData\train\gtaV\img\00462.png
1990,train,gtaV,streetViewData\train\gtaV\mask\01288.png,streetViewData\train\gtaV\img\01288.png
1991,train,gtaV,streetViewData\train\gtaV\mask\01211.png,streetViewData\train\gtaV\img\01211.png
1992,train,gtaV,streetViewData\train\gtaV\mask\02149.png,streetViewData\train\gtaV\img\02149.png
1993,train,gtaV,streetViewData\train\gtaV\mask\02370.png,streetViewData\train\gtaV\img\02370.png
1994,train,gtaV,streetViewData\train\gtaV\mask\01757.png,streetViewData\train\gtaV\img\01757.png
1995,train,gtaV,streetViewData\train\gtaV\mask\01977.png,streetViewData\train\gtaV\img\01977.png
1996,train,gtaV,streetViewData\train\gtaV\mask\01761.png,streetViewData\train\gtaV\img\01761.png
1997,train,gtaV,streetViewData\train\gtaV\mask\01903.png,streetViewData\train\gtaV\img\01903.png
1998,train,gtaV,streetViewData\train\gtaV\mask\01430.png,streetViewData\train\gtaV\img\01430.png
1999,train,gtaV,streetViewData\train\gtaV\mask\00135.png,streetViewData\train\gtaV\img\00135.png
2000,train,gtaV,streetViewData\train\gtaV\mask\00411.png,streetViewData\train\gtaV\img\00411.png
