sample_id,split,source_dataset,mask_path,img_path
1,train,cityscapes,streetViewData\train\cityscapes\mask\strasbourg_000000_029339.png,streetViewData\train\cityscapes\img\strasbourg_000000_029339.png
2,train,cityscapes,streetViewData\train\cityscapes\mask\cologne_000132_000019.png,streetViewData\train\cityscapes\img\cologne_000132_000019.png
3,train,cityscapes,streetViewData\train\cityscapes\mask\bochum_000000_021070.png,streetViewData\train\cityscapes\img\bochum_000000_021070.png
4,train,cityscapes,streetViewData\train\cityscapes\mask\strasbourg_000001_052050.png,streetViewData\train\cityscapes\img\strasbourg_000001_052050.png
5,train,cityscapes,streetViewData\train\cityscapes\mask\hamburg_000000_059339.png,streetViewData\train\cityscapes\img\hamburg_000000_059339.png
6,train,cityscapes,streetViewData\train\cityscapes\mask\hamburg_000000_036427.png,streetViewData\train\cityscapes\img\hamburg_000000_036427.png
7,train,cityscapes,streetViewData\train\cityscapes\mask\hamburg_000000_008221.png,streetViewData\train\cityscapes\img\hamburg_000000_008221.png
8,train,cityscapes,streetViewData\train\cityscapes\mask\darmstadt_000035_000019.png,streetViewData\train\cityscapes\img\darmstadt_000035_000019.png
9,train,cityscapes,streetViewData\train\cityscapes\mask\strasbourg_000001_049776.png,streetViewData\train\cityscapes\img\strasbourg_000001_049776.png
10,train,cityscapes,streetViewData\train\cityscapes\mask\cologne_000113_000019.png,streetViewData\train\cityscapes\img\cologne_000113_000019.png
11,train,cityscapes,streetViewData\train\cityscapes\mask\strasbourg_000001_009618.png,streetViewData\train\cityscapes\img\strasbourg_000001_009618.png
12,train,cityscapes,streetViewData\train\cityscapes\mask\strasbourg_000001_051877.png,streetViewData\train\cityscapes\img\strasbourg_000001_051877.png
13,train,cityscapes,streetViewData\train\cityscapes\mask\tubingen_000066_000019.png,streetViewData\train\cityscapes\img\tubingen_000066_000019.png
14,train,cityscapes,streetViewData\train\cityscapes\mask\monchengladbach_000000_005686.png,streetViewData\train\cityscapes\img\monchengladbach_000000_005686.png
15,train,cityscapes,streetViewData\train\cityscapes\mask\cologne_000082_000019.png,streetViewData\train\cityscapes\img\cologne_000082_000019.png
16,train,cityscapes,streetViewData\train\cityscapes\mask\strasbourg_000000_004248.png,streetViewData\train\cityscapes\img\strasbourg_000000_004248.png
17,train,cityscapes,streetViewData\train\cityscapes\mask\hanover_000000_051536.png,streetViewData\train\cityscapes\img\hanover_000000_051536.png
18,train,cityscapes,streetViewData\train\cityscapes\mask\bochum_000000_024717.png,streetViewData\train\cityscapes\img\bochum_000000_024717.png
19,train,cityscapes,streetViewData\train\cityscapes\mask\bochum_000000_023648.png,streetViewData\train\cityscapes\img\bochum_000000_023648.png
20,train,cityscapes,streetViewData\train\cityscapes\mask\cologne_000095_000019.png,streetViewData\train\cityscapes\img\cologne_000095_000019.png
21,train,cityscapes,streetViewData\train\cityscapes\mask\hamburg_000000_001613.png,streetViewData\train\cityscapes\img\hamburg_000000_001613.png
22,train,cityscapes,streetViewData\train\cityscapes\mask\hamburg_000000_022524.png,streetViewData\train\cityscapes\img\hamburg_000000_022524.png
23,train,cityscapes,streetViewData\train\cityscapes\mask\krefeld_000000_011655.png,streetViewData\train\cityscapes\img\krefeld_000000_011655.png
24,train,cityscapes,streetViewData\train\cityscapes\mask\strasbourg_000000_011225.png,streetViewData\train\cityscapes\img\strasbourg_000000_011225.png
25,train,cityscapes,streetViewData\train\cityscapes\mask\bochum_000000_021479.png,streetViewData\train\cityscapes\img\bochum_000000_021479.png
26,train,cityscapes,streetViewData\train\cityscapes\mask\monchengladbach_000000_019682.png,streetViewData\train\cityscapes\img\monchengladbach_000000_019682.png
27,train,cityscapes,streetViewData\train\cityscapes\mask\erfurt_000072_000019.png,streetViewData\train\cityscapes\img\erfurt_000072_000019.png
28,train,cityscapes,streetViewData\train\cityscapes\mask\strasbourg_000001_036232.png,streetViewData\train\cityscapes\img\strasbourg_000001_036232.png
29,train,cityscapes,streetViewData\train\cityscapes\mask\strasbourg_000000_033129.png,streetViewData\train\cityscapes\img\strasbourg_000000_033129.png
30,train,cityscapes,streetViewData\train\cityscapes\mask\strasbourg_000001_027097.png,streetViewData\train\cityscapes\img\strasbourg_000001_027097.png
31,train,cityscapes,streetViewData\train\cityscapes\mask\ulm_000081_000019.png,streetViewData\train\cityscapes\img\ulm_000081_000019.png
32,train,cityscapes,streetViewData\train\cityscapes\mask\hanover_000000_050228.png,streetViewData\train\cityscapes\img\hanover_000000_050228.png
33,train,cityscapes,streetViewData\train\cityscapes\mask\hamburg_000000_003904.png,streetViewData\train\cityscapes\img\hamburg_000000_003904.png
34,train,cityscapes,streetViewData\train\cityscapes\mask\jena_000031_000019.png,streetViewData\train\cityscapes\img\jena_000031_000019.png
35,train,cityscapes,streetViewData\train\cityscapes\mask\strasbourg_000000_003632.png,streetViewData\train\cityscapes\img\strasbourg_000000_003632.png
36,train,cityscapes,streetViewData\train\cityscapes\mask\hamburg_000000_061468.png,streetViewData\train\cityscapes\img\hamburg_000000_061468.png
37,train,cityscapes,streetViewData\train\cityscapes\mask\stuttgart_000092_000019.png,streetViewData\train\cityscapes\img\stuttgart_000092_000019.png
38,train,cityscapes,streetViewData\train\cityscapes\mask\tubingen_000019_000019.png,streetViewData\train\cityscapes\img\tubingen_000019_000019.png
39,train,cityscapes,streetViewData\train\cityscapes\mask\bochum_000000_004748.png,streetViewData\train\cityscapes\img\bochum_000000_004748.png
40,train,cityscapes,streetViewData\train\cityscapes\mask\strasbourg_000001_061472.png,streetViewData\train\cityscapes\img\strasbourg_000001_061472.png
41,train,cityscapes,streetViewData\train\cityscapes\mask\stuttgart_000085_000019.png,streetViewData\train\cityscapes\img\stuttgart_000085_000019.png
42,train,cityscapes,streetViewData\train\cityscapes\mask\darmstadt_000076_000019.png,streetViewData\train\cityscapes\img\darmstadt_000076_000019.png
43,train,cityscapes,streetViewData\train\cityscapes\mask\strasbourg_000001_024701.png,streetViewData\train\cityscapes\img\strasbourg_000001_024701.png
44,train,cityscapes,streetViewData\train\cityscapes\mask\hanover_000000_051842.png,streetViewData\train\cityscapes\img\hanover_000000_051842.png
45,train,cityscapes,streetViewData\train\cityscapes\mask\hanover_000000_001620.png,streetViewData\train\cityscapes\img\hanover_000000_001620.png
46,train,cityscapes,streetViewData\train\cityscapes\mask\ulm_000059_000019.png,streetViewData\train\cityscapes\img\ulm_000059_000019.png
47,train,cityscapes,streetViewData\train\cityscapes\mask\darmstadt_000068_000019.png,streetViewData\train\cityscapes\img\darmstadt_000068_000019.png
48,train,cityscapes,streetViewData\train\cityscapes\mask\erfurt_000105_000019.png,streetViewData\train\cityscapes\img\erfurt_000105_000019.png
49,train,cityscapes,streetViewData\train\cityscapes\mask\strasbourg_000001_065214.png,streetViewData\train\cityscapes\img\strasbourg_000001_065214.png
50,train,cityscapes,streetViewData\train\cityscapes\mask\hamburg_000000_105464.png,streetViewData\train\cityscapes\img\hamburg_000000_105464.png
51,train,cityscapes,streetViewData\train\cityscapes\mask\ulm_000085_000019.png,streetViewData\train\cityscapes\img\ulm_000085_000019.png
52,train,cityscapes,streetViewData\train\cityscapes\mask\cologne_000093_000019.png,streetViewData\train\cityscapes\img\cologne_000093_000019.png
53,train,cityscapes,streetViewData\train\cityscapes\mask\hanover_000000_028460.png,streetViewData\train\cityscapes\img\hanover_000000_028460.png
54,train,cityscapes,streetViewData\train\cityscapes\mask\cologne_000102_000019.png,streetViewData\train\cityscapes\img\cologne_000102_000019.png
55,train,cityscapes,streetViewData\train\cityscapes\mask\hanover_000000_015587.png,streetViewData\train\cityscapes\img\hanover_000000_015587.png
56,train,cityscapes,streetViewData\train\cityscapes\mask\stuttgart_000170_000019.png,streetViewData\train\cityscapes\img\stuttgart_000170_000019.png
57,train,cityscapes,streetViewData\train\cityscapes\mask\hanover_000000_004646.png,streetViewData\train\cityscapes\img\hanover_000000_004646.png
58,train,cityscapes,streetViewData\train\cityscapes\mask\strasbourg_000000_013223.png,streetViewData\train\cityscapes\img\strasbourg_000000_013223.png
59,train,cityscapes,streetViewData\train\cityscapes\mask\hamburg_000000_050160.png,streetViewData\train\cityscapes\img\hamburg_000000_050160.png
60,train,cityscapes,streetViewData\train\cityscapes\mask\stuttgart_000087_000019.png,streetViewData\train\cityscapes\img\stuttgart_000087_000019.png
61,train,cityscapes,streetViewData\train\cityscapes\mask\bochum_000000_034936.png,streetViewData\train\cityscapes\img\bochum_000000_034936.png
62,train,cityscapes,streetViewData\train\cityscapes\mask\strasbourg_000001_044219.png,streetViewData\train\cityscapes\img\strasbourg_000001_044219.png
63,train,cityscapes,streetViewData\train\cityscapes\mask\jena_000052_000019.png,streetViewData\train\cityscapes\img\jena_000052_000019.png
64,train,cityscapes,streetViewData\train\cityscapes\mask\krefeld_000000_033478.png,streetViewData\train\cityscapes\img\krefeld_000000_033478.png
65,train,cityscapes,streetViewData\train\cityscapes\mask\darmstadt_000005_000019.png,streetViewData\train\cityscapes\img\darmstadt_000005_000019.png
66,train,cityscapes,streetViewData\train\cityscapes\mask\tubingen_000127_000019.png,streetViewData\train\cityscapes\img\tubingen_000127_000019.png
67,train,cityscapes,streetViewData\train\cityscapes\mask\hanover_000000_027766.png,streetViewData\train\cityscapes\img\hanover_000000_027766.png
68,train,cityscapes,streetViewData\train\cityscapes\mask\cologne_000065_000019.png,streetViewData\train\cityscapes\img\cologne_000065_000019.png
69,train,cityscapes,streetViewData\train\cityscapes\mask\monchengladbach_000000_010860.png,streetViewData\train\cityscapes\img\monchengladbach_000000_010860.png
70,train,cityscapes,streetViewData\train\cityscapes\mask\hamburg_000000_071675.png,streetViewData\train\cityscapes\img\hamburg_000000_071675.png
71,train,cityscapes,streetViewData\train\cityscapes\mask\stuttgart_000133_000019.png,streetViewData\train\cityscapes\img\stuttgart_000133_000019.png
72,train,cityscapes,streetViewData\train\cityscapes\mask\strasbourg_000000_025351.png,streetViewData\train\cityscapes\img\strasbourg_000000_025351.png
73,train,cityscapes,streetViewData\train\cityscapes\mask\strasbourg_000000_018358.png,streetViewData\train\cityscapes\img\strasbourg_000000_018358.png
74,train,cityscapes,streetViewData\train\cityscapes\mask\tubingen_000052_000019.png,streetViewData\train\cityscapes\img\tubingen_000052_000019.png
75,train,cityscapes,streetViewData\train\cityscapes\mask\tubingen_000003_000019.png,streetViewData\train\cityscapes\img\tubingen_000003_000019.png
76,train,cityscapes,streetViewData\train\cityscapes\mask\hanover_000000_018213.png,streetViewData\train\cityscapes\img\hanover_000000_018213.png
77,train,cityscapes,streetViewData\train\cityscapes\mask\monchengladbach_000000_033454.png,streetViewData\train\cityscapes\img\monchengladbach_000000_033454.png
78,train,cityscapes,streetViewData\train\cityscapes\mask\erfurt_000058_000019.png,streetViewData\train\cityscapes\img\erfurt_000058_000019.png
79,train,cityscapes,streetViewData\train\cityscapes\mask\strasbourg_000001_030120.png,streetViewData\train\cityscapes\img\strasbourg_000001_030120.png
80,train,cityscapes,streetViewData\train\cityscapes\mask\cologne_000046_000019.png,streetViewData\train\cityscapes\img\cologne_000046_000019.png
81,train,cityscapes,streetViewData\train\cityscapes\mask\bochum_000000_037829.png,streetViewData\train\cityscapes\img\bochum_000000_037829.png
82,train,cityscapes,streetViewData\train\cityscapes\mask\strasbourg_000001_002354.png,streetViewData\train\cityscapes\img\strasbourg_000001_002354.png
83,train,cityscapes,streetViewData\train\cityscapes\mask\hamburg_000000_016928.png,streetViewData\train\cityscapes\img\hamburg_000000_016928.png
84,train,cityscapes,streetViewData\train\cityscapes\mask\stuttgart_000018_000019.png,streetViewData\train\cityscapes\img\stuttgart_000018_000019.png
85,train,cityscapes,streetViewData\train\cityscapes\mask\hamburg_000000_069096.png,streetViewData\train\cityscapes\img\hamburg_000000_069096.png
86,train,cityscapes,streetViewData\train\cityscapes\mask\cologne_000067_000019.png,streetViewData\train\cityscapes\img\cologne_000067_000019.png
87,train,cityscapes,streetViewData\train\cityscapes\mask\stuttgart_000186_000019.png,streetViewData\train\cityscapes\img\stuttgart_000186_000019.png
88,train,cityscapes,streetViewData\train\cityscapes\mask\ulm_000073_000019.png,streetViewData\train\cityscapes\img\ulm_000073_000019.png
89,train,cityscapes,streetViewData\train\cityscapes\mask\tubingen_000013_000019.png,streetViewData\train\cityscapes\img\tubingen_000013_000019.png
90,train,cityscapes,streetViewData\train\cityscapes\mask\cologne_000110_000019.png,streetViewData\train\cityscapes\img\cologne_000110_000019.png
91,train,cityscapes,streetViewData\train\cityscapes\mask\ulm_000042_000019.png,streetViewData\train\cityscapes\img\ulm_000042_000019.png
92,train,cityscapes,streetViewData\train\cityscapes\mask\ulm_000049_000019.png,streetViewData\train\cityscapes\img\ulm_000049_000019.png
93,train,cityscapes,streetViewData\train\cityscapes\mask\jena_000040_000019.png,streetViewData\train\cityscapes\img\jena_000040_000019.png
94,train,cityscapes,streetViewData\train\cityscapes\mask\strasbourg_000000_028556.png,streetViewData\train\cityscapes\img\strasbourg_000000_028556.png
95,train,cityscapes,streetViewData\train\cityscapes\mask\stuttgart_000143_000019.png,streetViewData\train\cityscapes\img\stuttgart_000143_000019.png
96,train,cityscapes,streetViewData\train\cityscapes\mask\hanover_000000_019938.png,streetViewData\train\cityscapes\img\hanover_000000_019938.png
97,train,cityscapes,streetViewData\train\cityscapes\mask\darmstadt_000083_000019.png,streetViewData\train\cityscapes\img\darmstadt_000083_000019.png
98,train,cityscapes,streetViewData\train\cityscapes\mask\hanover_000000_024276.png,streetViewData\train\cityscapes\img\hanover_000000_024276.png
99,train,cityscapes,streetViewData\train\cityscapes\mask\hanover_000000_012675.png,streetViewData\train\cityscapes\img\hanover_000000_012675.png
100,train,cityscapes,streetViewData\train\cityscapes\mask\erfurt_000094_000019.png,streetViewData\train\cityscapes\img\erfurt_000094_000019.png
101,train,cityscapes,streetViewData\train\cityscapes\mask\strasbourg_000001_006562.png,streetViewData\train\cityscapes\img\strasbourg_000001_006562.png
102,train,cityscapes,streetViewData\train\cityscapes\mask\hamburg_000000_053486.png,streetViewData\train\cityscapes\img\hamburg_000000_053486.png
103,train,cityscapes,streetViewData\train\cityscapes\mask\strasbourg_000001_028379.png,streetViewData\train\cityscapes\img\strasbourg_000001_028379.png
104,train,cityscapes,streetViewData\train\cityscapes\mask\strasbourg_000001_014258.png,streetViewData\train\cityscapes\img\strasbourg_000001_014258.png
105,train,cityscapes,streetViewData\train\cityscapes\mask\strasbourg_000000_032346.png,streetViewData\train\cityscapes\img\strasbourg_000000_032346.png
106,train,cityscapes,streetViewData\train\cityscapes\mask\cologne_000050_000019.png,streetViewData\train\cityscapes\img\cologne_000050_000019.png
107,train,cityscapes,streetViewData\train\cityscapes\mask\strasbourg_000000_014584.png,streetViewData\train\cityscapes\img\strasbourg_000000_014584.png
108,train,cityscapes,streetViewData\train\cityscapes\mask\strasbourg_000000_028240.png,streetViewData\train\cityscapes\img\strasbourg_000000_028240.png
109,train,cityscapes,streetViewData\train\cityscapes\mask\erfurt_000015_000019.png,streetViewData\train\cityscapes\img\erfurt_000015_000019.png
110,train,cityscapes,streetViewData\train\cityscapes\mask\krefeld_000000_030701.png,streetViewData\train\cityscapes\img\krefeld_000000_030701.png
111,train,cityscapes,streetViewData\train\cityscapes\mask\strasbourg_000001_043886.png,streetViewData\train\cityscapes\img\strasbourg_000001_043886.png
112,train,cityscapes,streetViewData\train\cityscapes\mask\ulm_000089_000019.png,streetViewData\train\cityscapes\img\ulm_000089_000019.png
113,train,cityscapes,streetViewData\train\cityscapes\mask\darmstadt_000084_000019.png,streetViewData\train\cityscapes\img\darmstadt_000084_000019.png
114,train,cityscapes,streetViewData\train\cityscapes\mask\jena_000058_000019.png,streetViewData\train\cityscapes\img\jena_000058_000019.png
115,train,cityscapes,streetViewData\train\cityscapes\mask\hanover_000000_028202.png,streetViewData\train\cityscapes\img\hanover_000000_028202.png
116,train,cityscapes,streetViewData\train\cityscapes\mask\hamburg_000000_054555.png,streetViewData\train\cityscapes\img\hamburg_000000_054555.png
117,train,cityscapes,streetViewData\train\cityscapes\mask\strasbourg_000000_029400.png,streetViewData\train\cityscapes\img\strasbourg_000000_029400.png
118,train,cityscapes,streetViewData\train\cityscapes\mask\strasbourg_000001_017540.png,streetViewData\train\cityscapes\img\strasbourg_000001_017540.png
119,train,cityscapes,streetViewData\train\cityscapes\mask\monchengladbach_000000_015928.png,streetViewData\train\cityscapes\img\monchengladbach_000000_015928.png
120,train,cityscapes,streetViewData\train\cityscapes\mask\hamburg_000000_002338.png,streetViewData\train\cityscapes\img\hamburg_000000_002338.png
121,train,cityscapes,streetViewData\train\cityscapes\mask\strasbourg_000001_015605.png,streetViewData\train\cityscapes\img\strasbourg_000001_015605.png
122,train,cityscapes,streetViewData\train\cityscapes\mask\hamburg_000000_095561.png,streetViewData\train\cityscapes\img\hamburg_000000_095561.png
123,train,cityscapes,streetViewData\train\cityscapes\mask\stuttgart_000161_000019.png,streetViewData\train\cityscapes\img\stuttgart_000161_000019.png
124,train,cityscapes,streetViewData\train\cityscapes\mask\stuttgart_000008_000019.png,streetViewData\train\cityscapes\img\stuttgart_000008_000019.png
125,train,cityscapes,streetViewData\train\cityscapes\mask\stuttgart_000024_000019.png,streetViewData\train\cityscapes\img\stuttgart_000024_000019.png
126,train,cityscapes,streetViewData\train\cityscapes\mask\cologne_000018_000019.png,streetViewData\train\cityscapes\img\cologne_000018_000019.png
127,train,cityscapes,streetViewData\train\cityscapes\mask\hamburg_000000_019373.png,streetViewData\train\cityscapes\img\hamburg_000000_019373.png
128,train,cityscapes,streetViewData\train\cityscapes\mask\stuttgart_000118_000019.png,streetViewData\train\cityscapes\img\stuttgart_000118_000019.png
129,train,cityscapes,streetViewData\train\cityscapes\mask\ulm_000077_000019.png,streetViewData\train\cityscapes\img\ulm_000077_000019.png
130,train,cityscapes,streetViewData\train\cityscapes\mask\stuttgart_000083_000019.png,streetViewData\train\cityscapes\img\stuttgart_000083_000019.png
131,train,cityscapes,streetViewData\train\cityscapes\mask\hamburg_000000_088627.png,streetViewData\train\cityscapes\img\hamburg_000000_088627.png
132,train,cityscapes,streetViewData\train\cityscapes\mask\hanover_000000_041232.png,streetViewData\train\cityscapes\img\hanover_000000_041232.png
133,train,cityscapes,streetViewData\train\cityscapes\mask\hamburg_000000_053776.png,streetViewData\train\cityscapes\img\hamburg_000000_053776.png
134,train,cityscapes,streetViewData\train\cityscapes\mask\cologne_000039_000019.png,streetViewData\train\cityscapes\img\cologne_000039_000019.png
135,train,cityscapes,streetViewData\train\cityscapes\mask\erfurt_000097_000019.png,streetViewData\train\cityscapes\img\erfurt_000097_000019.png
136,train,cityscapes,streetViewData\train\cityscapes\mask\monchengladbach_000000_023856.png,streetViewData\train\cityscapes\img\monchengladbach_000000_023856.png
137,train,cityscapes,streetViewData\train\cityscapes\mask\tubingen_000033_000019.png,streetViewData\train\cityscapes\img\tubingen_000033_000019.png
138,train,cityscapes,streetViewData\train\cityscapes\mask\strasbourg_000001_037090.png,streetViewData\train\cityscapes\img\strasbourg_000001_037090.png
139,train,cityscapes,streetViewData\train\cityscapes\mask\hamburg_000000_088054.png,streetViewData\train\cityscapes\img\hamburg_000000_088054.png
140,train,cityscapes,streetViewData\train\cityscapes\mask\erfurt_000100_000019.png,streetViewData\train\cityscapes\img\erfurt_000100_000019.png
141,train,cityscapes,streetViewData\train\cityscapes\mask\strasbourg_000000_035942.png,streetViewData\train\cityscapes\img\strasbourg_000000_035942.png
142,train,cityscapes,streetViewData\train\cityscapes\mask\krefeld_000000_006686.png,streetViewData\train\cityscapes\img\krefeld_000000_006686.png
143,train,cityscapes,streetViewData\train\cityscapes\mask\hanover_000000_038773.png,streetViewData\train\cityscapes\img\hanover_000000_038773.png
144,train,cityscapes,streetViewData\train\cityscapes\mask\tubingen_000050_000019.png,streetViewData\train\cityscapes\img\tubingen_000050_000019.png
145,train,cityscapes,streetViewData\train\cityscapes\mask\strasbourg_000000_030017.png,streetViewData\train\cityscapes\img\strasbourg_000000_030017.png
146,train,cityscapes,streetViewData\train\cityscapes\mask\jena_000051_000019.png,streetViewData\train\cityscapes\img\jena_000051_000019.png
147,train,cityscapes,streetViewData\train\cityscapes\mask\darmstadt_000042_000019.png,streetViewData\train\cityscapes\img\darmstadt_000042_000019.png
148,train,cityscapes,streetViewData\train\cityscapes\mask\hamburg_000000_051855.png,streetViewData\train\cityscapes\img\hamburg_000000_051855.png
149,train,cityscapes,streetViewData\train\cityscapes\mask\ulm_000087_000019.png,streetViewData\train\cityscapes\img\ulm_000087_000019.png
150,train,cityscapes,streetViewData\train\cityscapes\mask\hamburg_000000_037279.png,streetViewData\train\cityscapes\img\hamburg_000000_037279.png
151,train,cityscapes,streetViewData\train\cityscapes\mask\strasbourg_000001_052979.png,streetViewData\train\cityscapes\img\strasbourg_000001_052979.png
152,train,cityscapes,streetViewData\train\cityscapes\mask\ulm_000069_000019.png,streetViewData\train\cityscapes\img\ulm_000069_000019.png
153,train,cityscapes,streetViewData\train\cityscapes\mask\krefeld_000000_035124.png,streetViewData\train\cityscapes\img\krefeld_000000_035124.png
154,train,cityscapes,streetViewData\train\cityscapes\mask\hamburg_000000_048750.png,streetViewData\train\cityscapes\img\hamburg_000000_048750.png
155,train,cityscapes,streetViewData\train\cityscapes\mask\strasbourg_000001_054275.png,streetViewData\train\cityscapes\img\strasbourg_000001_054275.png
156,train,cityscapes,streetViewData\train\cityscapes\mask\monchengladbach_000001_001936.png,streetViewData\train\cityscapes\img\monchengladbach_000001_001936.png
157,train,cityscapes,streetViewData\train\cityscapes\mask\hanover_000000_055592.png,streetViewData\train\cityscapes\img\hanover_000000_055592.png
158,train,cityscapes,streetViewData\train\cityscapes\mask\tubingen_000077_000019.png,streetViewData\train\cityscapes\img\tubingen_000077_000019.png
159,train,cityscapes,streetViewData\train\cityscapes\mask\monchengladbach_000001_000876.png,streetViewData\train\cityscapes\img\monchengladbach_000001_000876.png
160,train,cityscapes,streetViewData\train\cityscapes\mask\hanover_000000_040221.png,streetViewData\train\cityscapes\img\hanover_000000_040221.png
161,train,cityscapes,streetViewData\train\cityscapes\mask\hanover_000000_018546.png,streetViewData\train\cityscapes\img\hanover_000000_018546.png
162,train,cityscapes,streetViewData\train\cityscapes\mask\tubingen_000119_000019.png,streetViewData\train\cityscapes\img\tubingen_000119_000019.png
163,train,cityscapes,streetViewData\train\cityscapes\mask\darmstadt_000033_000019.png,streetViewData\train\cityscapes\img\darmstadt_000033_000019.png
164,train,cityscapes,streetViewData\train\cityscapes\mask\krefeld_000000_015116.png,streetViewData\train\cityscapes\img\krefeld_000000_015116.png
165,train,cityscapes,streetViewData\train\cityscapes\mask\krefeld_000000_000926.png,streetViewData\train\cityscapes\img\krefeld_000000_000926.png
166,train,cityscapes,streetViewData\train\cityscapes\mask\cologne_000090_000019.png,streetViewData\train\cityscapes\img\cologne_000090_000019.png
167,train,cityscapes,streetViewData\train\cityscapes\mask\strasbourg_000001_059675.png,streetViewData\train\cityscapes\img\strasbourg_000001_059675.png
168,train,cityscapes,streetViewData\train\cityscapes\mask\cologne_000000_000019.png,streetViewData\train\cityscapes\img\cologne_000000_000019.png
169,train,cityscapes,streetViewData\train\cityscapes\mask\tubingen_000002_000019.png,streetViewData\train\cityscapes\img\tubingen_000002_000019.png
170,train,cityscapes,streetViewData\train\cityscapes\mask\cologne_000128_000019.png,streetViewData\train\cityscapes\img\cologne_000128_000019.png
171,train,cityscapes,streetViewData\train\cityscapes\mask\darmstadt_000063_000019.png,streetViewData\train\cityscapes\img\darmstadt_000063_000019.png
172,train,cityscapes,streetViewData\train\cityscapes\mask\strasbourg_000000_025089.png,streetViewData\train\cityscapes\img\strasbourg_000000_025089.png
173,train,cityscapes,streetViewData\train\cityscapes\mask\darmstadt_000077_000019.png,streetViewData\train\cityscapes\img\darmstadt_000077_000019.png
174,train,cityscapes,streetViewData\train\cityscapes\mask\stuttgart_000057_000019.png,streetViewData\train\cityscapes\img\stuttgart_000057_000019.png
175,train,cityscapes,streetViewData\train\cityscapes\mask\strasbourg_000001_011990.png,streetViewData\train\cityscapes\img\strasbourg_000001_011990.png
176,train,cityscapes,streetViewData\train\cityscapes\mask\ulm_000078_000019.png,streetViewData\train\cityscapes\img\ulm_000078_000019.png
177,train,cityscapes,streetViewData\train\cityscapes\mask\strasbourg_000000_007441.png,streetViewData\train\cityscapes\img\strasbourg_000000_007441.png
178,train,cityscapes,streetViewData\train\cityscapes\mask\cologne_000034_000019.png,streetViewData\train\cityscapes\img\cologne_000034_000019.png
179,train,cityscapes,streetViewData\train\cityscapes\mask\hanover_000000_030889.png,streetViewData\train\cityscapes\img\hanover_000000_030889.png
180,train,cityscapes,streetViewData\train\cityscapes\mask\hanover_000000_029404.png,streetViewData\train\cityscapes\img\hanover_000000_029404.png
181,train,cityscapes,streetViewData\train\cityscapes\mask\strasbourg_000000_006995.png,streetViewData\train\cityscapes\img\strasbourg_000000_006995.png
182,train,cityscapes,streetViewData\train\cityscapes\mask\jena_000070_000019.png,streetViewData\train\cityscapes\img\jena_000070_000019.png
183,train,cityscapes,streetViewData\train\cityscapes\mask\krefeld_000000_027596.png,streetViewData\train\cityscapes\img\krefeld_000000_027596.png
184,train,cityscapes,streetViewData\train\cityscapes\mask\hamburg_000000_040021.png,streetViewData\train\cityscapes\img\hamburg_000000_040021.png
185,train,cityscapes,streetViewData\train\cityscapes\mask\monchengladbach_000000_012672.png,streetViewData\train\cityscapes\img\monchengladbach_000000_012672.png
186,train,cityscapes,streetViewData\train\cityscapes\mask\tubingen_000001_000019.png,streetViewData\train\cityscapes\img\tubingen_000001_000019.png
187,train,cityscapes,streetViewData\train\cityscapes\mask\bochum_000000_008448.png,streetViewData\train\cityscapes\img\bochum_000000_008448.png
188,train,cityscapes,streetViewData\train\cityscapes\mask\tubingen_000064_000019.png,streetViewData\train\cityscapes\img\tubingen_000064_000019.png
189,train,cityscapes,streetViewData\train\cityscapes\mask\strasbourg_000001_039231.png,streetViewData\train\cityscapes\img\strasbourg_000001_039231.png
190,train,cityscapes,streetViewData\train\cityscapes\mask\cologne_000138_000019.png,streetViewData\train\cityscapes\img\cologne_000138_000019.png
191,train,cityscapes,streetViewData\train\cityscapes\mask\strasbourg_000001_013767.png,streetViewData\train\cityscapes\img\strasbourg_000001_013767.png
192,train,cityscapes,streetViewData\train\cityscapes\mask\krefeld_000000_034156.png,streetViewData\train\cityscapes\img\krefeld_000000_034156.png
193,train,cityscapes,streetViewData\train\cityscapes\mask\strasbourg_000001_056857.png,streetViewData\train\cityscapes\img\strasbourg_000001_056857.png
194,train,cityscapes,streetViewData\train\cityscapes\mask\tubingen_000137_000019.png,streetViewData\train\cityscapes\img\tubingen_000137_000019.png
195,train,cityscapes,streetViewData\train\cityscapes\mask\stuttgart_000009_000019.png,streetViewData\train\cityscapes\img\stuttgart_000009_000019.png
196,train,cityscapes,streetViewData\train\cityscapes\mask\strasbourg_000000_029577.png,streetViewData\train\cityscapes\img\strasbourg_000000_029577.png
197,train,cityscapes,streetViewData\train\cityscapes\mask\ulm_000050_000019.png,streetViewData\train\cityscapes\img\ulm_000050_000019.png
198,train,cityscapes,streetViewData\train\cityscapes\mask\ulm_000093_000019.png,streetViewData\train\cityscapes\img\ulm_000093_000019.png
199,train,cityscapes,streetViewData\train\cityscapes\mask\hamburg_000000_071942.png,streetViewData\train\cityscapes\img\hamburg_000000_071942.png
200,train,cityscapes,streetViewData\train\cityscapes\mask\jena_000002_000019.png,streetViewData\train\cityscapes\img\jena_000002_000019.png
201,train,cityscapes,streetViewData\train\cityscapes\mask\darmstadt_000073_000019.png,streetViewData\train\cityscapes\img\darmstadt_000073_000019.png
202,train,cityscapes,streetViewData\train\cityscapes\mask\jena_000041_000019.png,streetViewData\train\cityscapes\img\jena_000041_000019.png
203,train,cityscapes,streetViewData\train\cityscapes\mask\bochum_000000_002293.png,streetViewData\train\cityscapes\img\bochum_000000_002293.png
204,train,cityscapes,streetViewData\train\cityscapes\mask\strasbourg_000001_039446.png,streetViewData\train\cityscapes\img\strasbourg_000001_039446.png
205,train,cityscapes,streetViewData\train\cityscapes\mask\tubingen_000032_000019.png,streetViewData\train\cityscapes\img\tubingen_000032_000019.png
206,train,cityscapes,streetViewData\train\cityscapes\mask\strasbourg_000001_037906.png,streetViewData\train\cityscapes\img\strasbourg_000001_037906.png
207,train,cityscapes,streetViewData\train\cityscapes\mask\hamburg_000000_048960.png,streetViewData\train\cityscapes\img\hamburg_000000_048960.png
208,train,cityscapes,streetViewData\train\cityscapes\mask\krefeld_000000_008305.png,streetViewData\train\cityscapes\img\krefeld_000000_008305.png
209,train,cityscapes,streetViewData\train\cityscapes\mask\strasbourg_000001_063808.png,streetViewData\train\cityscapes\img\strasbourg_000001_063808.png
210,train,cityscapes,streetViewData\train\cityscapes\mask\erfurt_000030_000019.png,streetViewData\train\cityscapes\img\erfurt_000030_000019.png
211,train,cityscapes,streetViewData\train\cityscapes\mask\krefeld_000000_013766.png,streetViewData\train\cityscapes\img\krefeld_000000_013766.png
212,train,cityscapes,streetViewData\train\cityscapes\mask\cologne_000121_000019.png,streetViewData\train\cityscapes\img\cologne_000121_000019.png
213,train,cityscapes,streetViewData\train\cityscapes\mask\tubingen_000021_000019.png,streetViewData\train\cityscapes\img\tubingen_000021_000019.png
214,train,cityscapes,streetViewData\train\cityscapes\mask\strasbourg_000000_023064.png,streetViewData\train\cityscapes\img\strasbourg_000000_023064.png
215,train,cityscapes,streetViewData\train\cityscapes\mask\hamburg_000000_074545.png,streetViewData\train\cityscapes\img\hamburg_000000_074545.png
216,train,cityscapes,streetViewData\train\cityscapes\mask\stuttgart_000158_000019.png,streetViewData\train\cityscapes\img\stuttgart_000158_000019.png
217,train,cityscapes,streetViewData\train\cityscapes\mask\strasbourg_000000_029281.png,streetViewData\train\cityscapes\img\strasbourg_000000_029281.png
218,train,cityscapes,streetViewData\train\cityscapes\mask\tubingen_000028_000019.png,streetViewData\train\cityscapes\img\tubingen_000028_000019.png
219,train,cityscapes,streetViewData\train\cityscapes\mask\tubingen_000132_000019.png,streetViewData\train\cityscapes\img\tubingen_000132_000019.png
220,train,cityscapes,streetViewData\train\cityscapes\mask\ulm_000068_000019.png,streetViewData\train\cityscapes\img\ulm_000068_000019.png
221,train,cityscapes,streetViewData\train\cityscapes\mask\tubingen_000068_000019.png,streetViewData\train\cityscapes\img\tubingen_000068_000019.png
222,train,cityscapes,streetViewData\train\cityscapes\mask\hanover_000000_026183.png,streetViewData\train\cityscapes\img\hanover_000000_026183.png
223,train,cityscapes,streetViewData\train\cityscapes\mask\strasbourg_000001_064224.png,streetViewData\train\cityscapes\img\strasbourg_000001_064224.png
224,train,cityscapes,streetViewData\train\cityscapes\mask\darmstadt_000080_000019.png,streetViewData\train\cityscapes\img\darmstadt_000080_000019.png
225,train,cityscapes,streetViewData\train\cityscapes\mask\krefeld_000000_035398.png,streetViewData\train\cityscapes\img\krefeld_000000_035398.png
226,train,cityscapes,streetViewData\train\cityscapes\mask\stuttgart_000029_000019.png,streetViewData\train\cityscapes\img\stuttgart_000029_000019.png
227,train,cityscapes,streetViewData\train\cityscapes\mask\krefeld_000000_028638.png,streetViewData\train\cityscapes\img\krefeld_000000_028638.png
228,train,cityscapes,streetViewData\train\cityscapes\mask\bochum_000000_000600.png,streetViewData\train\cityscapes\img\bochum_000000_000600.png
229,train,cityscapes,streetViewData\train\cityscapes\mask\strasbourg_000000_008784.png,streetViewData\train\cityscapes\img\strasbourg_000000_008784.png
230,train,cityscapes,streetViewData\train\cityscapes\mask\hamburg_000000_094717.png,streetViewData\train\cityscapes\img\hamburg_000000_094717.png
231,train,cityscapes,streetViewData\train\cityscapes\mask\jena_000112_000019.png,streetViewData\train\cityscapes\img\jena_000112_000019.png
232,train,cityscapes,streetViewData\train\cityscapes\mask\bochum_000000_015880.png,streetViewData\train\cityscapes\img\bochum_000000_015880.png
233,train,cityscapes,streetViewData\train\cityscapes\mask\cologne_000133_000019.png,streetViewData\train\cityscapes\img\cologne_000133_000019.png
234,train,cityscapes,streetViewData\train\cityscapes\mask\hanover_000000_019116.png,streetViewData\train\cityscapes\img\hanover_000000_019116.png
235,train,cityscapes,streetViewData\train\cityscapes\mask\stuttgart_000138_000019.png,streetViewData\train\cityscapes\img\stuttgart_000138_000019.png
236,train,cityscapes,streetViewData\train\cityscapes\mask\ulm_000035_000019.png,streetViewData\train\cityscapes\img\ulm_000035_000019.png
237,train,cityscapes,streetViewData\train\cityscapes\mask\hamburg_000000_082187.png,streetViewData\train\cityscapes\img\hamburg_000000_082187.png
238,train,cityscapes,streetViewData\train\cityscapes\mask\hamburg_000000_030279.png,streetViewData\train\cityscapes\img\hamburg_000000_030279.png
239,train,cityscapes,streetViewData\train\cityscapes\mask\cologne_000022_000019.png,streetViewData\train\cityscapes\img\cologne_000022_000019.png
240,train,cityscapes,streetViewData\train\cityscapes\mask\hamburg_000000_032266.png,streetViewData\train\cityscapes\img\hamburg_000000_032266.png
241,train,cityscapes,streetViewData\train\cityscapes\mask\tubingen_000103_000019.png,streetViewData\train\cityscapes\img\tubingen_000103_000019.png
242,train,cityscapes,streetViewData\train\cityscapes\mask\ulm_000027_000019.png,streetViewData\train\cityscapes\img\ulm_000027_000019.png
243,train,cityscapes,streetViewData\train\cityscapes\mask\cologne_000079_000019.png,streetViewData\train\cityscapes\img\cologne_000079_000019.png
244,train,cityscapes,streetViewData\train\cityscapes\mask\strasbourg_000001_046324.png,streetViewData\train\cityscapes\img\strasbourg_000001_046324.png
245,train,cityscapes,streetViewData\train\cityscapes\mask\jena_000107_000019.png,streetViewData\train\cityscapes\img\jena_000107_000019.png
246,train,cityscapes,streetViewData\train\cityscapes\mask\stuttgart_000106_000019.png,streetViewData\train\cityscapes\img\stuttgart_000106_000019.png
247,train,cityscapes,streetViewData\train\cityscapes\mask\cologne_000045_000019.png,streetViewData\train\cityscapes\img\cologne_000045_000019.png
248,train,cityscapes,streetViewData\train\cityscapes\mask\strasbourg_000001_062542.png,streetViewData\train\cityscapes\img\strasbourg_000001_062542.png
249,train,cityscapes,streetViewData\train\cityscapes\mask\krefeld_000000_030221.png,streetViewData\train\cityscapes\img\krefeld_000000_030221.png
250,train,cityscapes,streetViewData\train\cityscapes\mask\stuttgart_000003_000019.png,streetViewData\train\cityscapes\img\stuttgart_000003_000019.png
251,train,cityscapes,streetViewData\train\cityscapes\mask\darmstadt_000007_000019.png,streetViewData\train\cityscapes\img\darmstadt_000007_000019.png
252,train,cityscapes,streetViewData\train\cityscapes\mask\darmstadt_000012_000019.png,streetViewData\train\cityscapes\img\darmstadt_000012_000019.png
253,train,cityscapes,streetViewData\train\cityscapes\mask\strasbourg_000001_001901.png,streetViewData\train\cityscapes\img\strasbourg_000001_001901.png
254,train,cityscapes,streetViewData\train\cityscapes\mask\jena_000085_000019.png,streetViewData\train\cityscapes\img\jena_000085_000019.png
255,train,cityscapes,streetViewData\train\cityscapes\mask\monchengladbach_000000_009690.png,streetViewData\train\cityscapes\img\monchengladbach_000000_009690.png
256,train,cityscapes,streetViewData\train\cityscapes\mask\erfurt_000003_000019.png,streetViewData\train\cityscapes\img\erfurt_000003_000019.png
257,train,cityscapes,streetViewData\train\cityscapes\mask\tubingen_000091_000019.png,streetViewData\train\cityscapes\img\tubingen_000091_000019.png
258,train,cityscapes,streetViewData\train\cityscapes\mask\krefeld_000000_026580.png,streetViewData\train\cityscapes\img\krefeld_000000_026580.png
259,train,cityscapes,streetViewData\train\cityscapes\mask\strasbourg_000000_014066.png,streetViewData\train\cityscapes\img\strasbourg_000000_014066.png
260,train,cityscapes,streetViewData\train\cityscapes\mask\hanover_000000_052013.png,streetViewData\train\cityscapes\img\hanover_000000_052013.png
261,train,cityscapes,streetViewData\train\cityscapes\mask\erfurt_000098_000019.png,streetViewData\train\cityscapes\img\erfurt_000098_000019.png
262,train,cityscapes,streetViewData\train\cityscapes\mask\tubingen_000014_000019.png,streetViewData\train\cityscapes\img\tubingen_000014_000019.png
263,train,cityscapes,streetViewData\train\cityscapes\mask\strasbourg_000001_059433.png,streetViewData\train\cityscapes\img\strasbourg_000001_059433.png
264,train,cityscapes,streetViewData\train\cityscapes\mask\ulm_000033_000019.png,streetViewData\train\cityscapes\img\ulm_000033_000019.png
265,train,cityscapes,streetViewData\train\cityscapes\mask\strasbourg_000001_018155.png,streetViewData\train\cityscapes\img\strasbourg_000001_018155.png
266,train,cityscapes,streetViewData\train\cityscapes\mask\erfurt_000076_000019.png,streetViewData\train\cityscapes\img\erfurt_000076_000019.png
267,train,cityscapes,streetViewData\train\cityscapes\mask\strasbourg_000001_034494.png,streetViewData\train\cityscapes\img\strasbourg_000001_034494.png
268,train,cityscapes,streetViewData\train\cityscapes\mask\hamburg_000000_085645.png,streetViewData\train\cityscapes\img\hamburg_000000_085645.png
269,train,cityscapes,streetViewData\train\cityscapes\mask\tubingen_000079_000019.png,streetViewData\train\cityscapes\img\tubingen_000079_000019.png
270,train,cityscapes,streetViewData\train\cityscapes\mask\strasbourg_000001_007524.png,streetViewData\train\cityscapes\img\strasbourg_000001_007524.png
271,train,cityscapes,streetViewData\train\cityscapes\mask\ulm_000066_000019.png,streetViewData\train\cityscapes\img\ulm_000066_000019.png
272,train,cityscapes,streetViewData\train\cityscapes\mask\hanover_000000_026014.png,streetViewData\train\cityscapes\img\hanover_000000_026014.png
273,train,cityscapes,streetViewData\train\cityscapes\mask\jena_000009_000019.png,streetViewData\train\cityscapes\img\jena_000009_000019.png
274,train,cityscapes,streetViewData\train\cityscapes\mask\krefeld_000000_020033.png,streetViewData\train\cityscapes\img\krefeld_000000_020033.png
275,train,cityscapes,streetViewData\train\cityscapes\mask\jena_000036_000019.png,streetViewData\train\cityscapes\img\jena_000036_000019.png
276,train,cityscapes,streetViewData\train\cityscapes\mask\cologne_000151_000019.png,streetViewData\train\cityscapes\img\cologne_000151_000019.png
277,train,cityscapes,streetViewData\train\cityscapes\mask\hamburg_000000_038446.png,streetViewData\train\cityscapes\img\hamburg_000000_038446.png
278,train,cityscapes,streetViewData\train\cityscapes\mask\hamburg_000000_013577.png,streetViewData\train\cityscapes\img\hamburg_000000_013577.png
279,train,cityscapes,streetViewData\train\cityscapes\mask\cologne_000035_000019.png,streetViewData\train\cityscapes\img\cologne_000035_000019.png
280,train,cityscapes,streetViewData\train\cityscapes\mask\hanover_000000_000164.png,streetViewData\train\cityscapes\img\hanover_000000_000164.png
281,train,cityscapes,streetViewData\train\cityscapes\mask\bochum_000000_016758.png,streetViewData\train\cityscapes\img\bochum_000000_016758.png
282,train,cityscapes,streetViewData\train\cityscapes\mask\strasbourg_000000_002183.png,streetViewData\train\cityscapes\img\strasbourg_000000_002183.png
283,train,cityscapes,streetViewData\train\cityscapes\mask\monchengladbach_000000_013228.png,streetViewData\train\cityscapes\img\monchengladbach_000000_013228.png
284,train,cityscapes,streetViewData\train\cityscapes\mask\hamburg_000000_019892.png,streetViewData\train\cityscapes\img\hamburg_000000_019892.png
285,train,cityscapes,streetViewData\train\cityscapes\mask\strasbourg_000000_002553.png,streetViewData\train\cityscapes\img\strasbourg_000000_002553.png
286,train,cityscapes,streetViewData\train\cityscapes\mask\ulm_000062_000019.png,streetViewData\train\cityscapes\img\ulm_000062_000019.png
287,train,cityscapes,streetViewData\train\cityscapes\mask\bochum_000000_005537.png,streetViewData\train\cityscapes\img\bochum_000000_005537.png
288,train,cityscapes,streetViewData\train\cityscapes\mask\cologne_000049_000019.png,streetViewData\train\cityscapes\img\cologne_000049_000019.png
289,train,cityscapes,streetViewData\train\cityscapes\mask\strasbourg_000001_031272.png,streetViewData\train\cityscapes\img\strasbourg_000001_031272.png
290,train,cityscapes,streetViewData\train\cityscapes\mask\strasbourg_000000_026575.png,streetViewData\train\cityscapes\img\strasbourg_000000_026575.png
291,train,cityscapes,streetViewData\train\cityscapes\mask\cologne_000024_000019.png,streetViewData\train\cityscapes\img\cologne_000024_000019.png
292,train,cityscapes,streetViewData\train\cityscapes\mask\hamburg_000000_018878.png,streetViewData\train\cityscapes\img\hamburg_000000_018878.png
293,train,cityscapes,streetViewData\train\cityscapes\mask\cologne_000042_000019.png,streetViewData\train\cityscapes\img\cologne_000042_000019.png
294,train,cityscapes,streetViewData\train\cityscapes\mask\bochum_000000_024524.png,streetViewData\train\cityscapes\img\bochum_000000_024524.png
295,train,cityscapes,streetViewData\train\cityscapes\mask\hamburg_000000_100300.png,streetViewData\train\cityscapes\img\hamburg_000000_100300.png
296,train,cityscapes,streetViewData\train\cityscapes\mask\stuttgart_000147_000019.png,streetViewData\train\cityscapes\img\stuttgart_000147_000019.png
297,train,cityscapes,streetViewData\train\cityscapes\mask\krefeld_000000_018004.png,streetViewData\train\cityscapes\img\krefeld_000000_018004.png
298,train,cityscapes,streetViewData\train\cityscapes\mask\hamburg_000000_029144.png,streetViewData\train\cityscapes\img\hamburg_000000_029144.png
299,train,cityscapes,streetViewData\train\cityscapes\mask\hamburg_000000_061790.png,streetViewData\train\cityscapes\img\hamburg_000000_061790.png
300,train,cityscapes,streetViewData\train\cityscapes\mask\strasbourg_000001_006153.png,streetViewData\train\cityscapes\img\strasbourg_000001_006153.png
301,train,cityscapes,streetViewData\train\cityscapes\mask\jena_000106_000019.png,streetViewData\train\cityscapes\img\jena_000106_000019.png
302,train,cityscapes,streetViewData\train\cityscapes\mask\erfurt_000103_000019.png,streetViewData\train\cityscapes\img\erfurt_000103_000019.png
303,train,cityscapes,streetViewData\train\cityscapes\mask\stuttgart_000173_000019.png,streetViewData\train\cityscapes\img\stuttgart_000173_000019.png
304,train,cityscapes,streetViewData\train\cityscapes\mask\darmstadt_000020_000019.png,streetViewData\train\cityscapes\img\darmstadt_000020_000019.png
305,train,cityscapes,streetViewData\train\cityscapes\mask\strasbourg_000001_040564.png,streetViewData\train\cityscapes\img\strasbourg_000001_040564.png
306,train,cityscapes,streetViewData\train\cityscapes\mask\monchengladbach_000000_026908.png,streetViewData\train\cityscapes\img\monchengladbach_000000_026908.png
307,train,cityscapes,streetViewData\train\cityscapes\mask\monchengladbach_000000_031623.png,streetViewData\train\cityscapes\img\monchengladbach_000000_031623.png
308,train,cityscapes,streetViewData\train\cityscapes\mask\jena_000080_000019.png,streetViewData\train\cityscapes\img\jena_000080_000019.png
309,train,cityscapes,streetViewData\train\cityscapes\mask\hamburg_000000_033506.png,streetViewData\train\cityscapes\img\hamburg_000000_033506.png
310,train,cityscapes,streetViewData\train\cityscapes\mask\stuttgart_000041_000019.png,streetViewData\train\cityscapes\img\stuttgart_000041_000019.png
311,train,cityscapes,streetViewData\train\cityscapes\mask\stuttgart_000127_000019.png,streetViewData\train\cityscapes\img\stuttgart_000127_000019.png
312,train,cityscapes,streetViewData\train\cityscapes\mask\stuttgart_000088_000019.png,streetViewData\train\cityscapes\img\stuttgart_000088_000019.png
313,train,cityscapes,streetViewData\train\cityscapes\mask\hanover_000000_043822.png,streetViewData\train\cityscapes\img\hanover_000000_043822.png
314,train,cityscapes,streetViewData\train\cityscapes\mask\erfurt_000054_000019.png,streetViewData\train\cityscapes\img\erfurt_000054_000019.png
315,train,cityscapes,streetViewData\train\cityscapes\mask\cologne_000097_000019.png,streetViewData\train\cityscapes\img\cologne_000097_000019.png
316,train,cityscapes,streetViewData\train\cityscapes\mask\ulm_000041_000019.png,streetViewData\train\cityscapes\img\ulm_000041_000019.png
317,train,cityscapes,streetViewData\train\cityscapes\mask\strasbourg_000001_001449.png,streetViewData\train\cityscapes\img\strasbourg_000001_001449.png
318,train,cityscapes,streetViewData\train\cityscapes\mask\hanover_000000_056457.png,streetViewData\train\cityscapes\img\hanover_000000_056457.png
319,train,cityscapes,streetViewData\train\cityscapes\mask\hanover_000000_011971.png,streetViewData\train\cityscapes\img\hanover_000000_011971.png
320,train,cityscapes,streetViewData\train\cityscapes\mask\hanover_000000_052512.png,streetViewData\train\cityscapes\img\hanover_000000_052512.png
321,train,cityscapes,streetViewData\train\cityscapes\mask\hanover_000000_045657.png,streetViewData\train\cityscapes\img\hanover_000000_045657.png
322,train,cityscapes,streetViewData\train\cityscapes\mask\jena_000068_000019.png,streetViewData\train\cityscapes\img\jena_000068_000019.png
323,train,cityscapes,streetViewData\train\cityscapes\mask\tubingen_000128_000019.png,streetViewData\train\cityscapes\img\tubingen_000128_000019.png
324,train,cityscapes,streetViewData\train\cityscapes\mask\cologne_000014_000019.png,streetViewData\train\cityscapes\img\cologne_000014_000019.png
325,train,cityscapes,streetViewData\train\cityscapes\mask\strasbourg_000001_008576.png,streetViewData\train\cityscapes\img\strasbourg_000001_008576.png
326,train,cityscapes,streetViewData\train\cityscapes\mask\strasbourg_000000_035008.png,streetViewData\train\cityscapes\img\strasbourg_000000_035008.png
327,train,cityscapes,streetViewData\train\cityscapes\mask\strasbourg_000000_031223.png,streetViewData\train\cityscapes\img\strasbourg_000000_031223.png
328,train,cityscapes,streetViewData\train\cityscapes\mask\cologne_000105_000019.png,streetViewData\train\cityscapes\img\cologne_000105_000019.png
329,train,cityscapes,streetViewData\train\cityscapes\mask\cologne_000028_000019.png,streetViewData\train\cityscapes\img\cologne_000028_000019.png
330,train,cityscapes,streetViewData\train\cityscapes\mask\hanover_000000_042255.png,streetViewData\train\cityscapes\img\hanover_000000_042255.png
331,train,cityscapes,streetViewData\train\cityscapes\mask\strasbourg_000001_043080.png,streetViewData\train\cityscapes\img\strasbourg_000001_043080.png
332,train,cityscapes,streetViewData\train\cityscapes\mask\hanover_000000_000712.png,streetViewData\train\cityscapes\img\hanover_000000_000712.png
333,train,cityscapes,streetViewData\train\cityscapes\mask\stuttgart_000074_000019.png,streetViewData\train\cityscapes\img\stuttgart_000074_000019.png
334,train,cityscapes,streetViewData\train\cityscapes\mask\cologne_000127_000019.png,streetViewData\train\cityscapes\img\cologne_000127_000019.png
335,train,cityscapes,streetViewData\train\cityscapes\mask\hamburg_000000_038729.png,streetViewData\train\cityscapes\img\hamburg_000000_038729.png
336,train,cityscapes,streetViewData\train\cityscapes\mask\erfurt_000057_000019.png,streetViewData\train\cityscapes\img\erfurt_000057_000019.png
337,train,cityscapes,streetViewData\train\cityscapes\mask\stuttgart_000121_000019.png,streetViewData\train\cityscapes\img\stuttgart_000121_000019.png
338,train,cityscapes,streetViewData\train\cityscapes\mask\ulm_000031_000019.png,streetViewData\train\cityscapes\img\ulm_000031_000019.png
339,train,cityscapes,streetViewData\train\cityscapes\mask\jena_000030_000019.png,streetViewData\train\cityscapes\img\jena_000030_000019.png
340,train,cityscapes,streetViewData\train\cityscapes\mask\darmstadt_000037_000019.png,streetViewData\train\cityscapes\img\darmstadt_000037_000019.png
341,train,cityscapes,streetViewData\train\cityscapes\mask\tubingen_000063_000019.png,streetViewData\train\cityscapes\img\tubingen_000063_000019.png
342,train,cityscapes,streetViewData\train\cityscapes\mask\erfurt_000040_000019.png,streetViewData\train\cityscapes\img\erfurt_000040_000019.png
343,train,cityscapes,streetViewData\train\cityscapes\mask\stuttgart_000136_000019.png,streetViewData\train\cityscapes\img\stuttgart_000136_000019.png
344,train,cityscapes,streetViewData\train\cityscapes\mask\jena_000059_000019.png,streetViewData\train\cityscapes\img\jena_000059_000019.png
345,train,cityscapes,streetViewData\train\cityscapes\mask\hamburg_000000_039264.png,streetViewData\train\cityscapes\img\hamburg_000000_039264.png
346,train,cityscapes,streetViewData\train\cityscapes\mask\cologne_000058_000019.png,streetViewData\train\cityscapes\img\cologne_000058_000019.png
347,train,cityscapes,streetViewData\train\cityscapes\mask\jena_000019_000019.png,streetViewData\train\cityscapes\img\jena_000019_000019.png
348,train,cityscapes,streetViewData\train\cityscapes\mask\monchengladbach_000000_010280.png,streetViewData\train\cityscapes\img\monchengladbach_000000_010280.png
349,train,cityscapes,streetViewData\train\cityscapes\mask\cologne_000104_000019.png,streetViewData\train\cityscapes\img\cologne_000104_000019.png
350,train,cityscapes,streetViewData\train\cityscapes\mask\cologne_000007_000019.png,streetViewData\train\cityscapes\img\cologne_000007_000019.png
351,train,cityscapes,streetViewData\train\cityscapes\mask\strasbourg_000000_034097.png,streetViewData\train\cityscapes\img\strasbourg_000000_034097.png
352,train,cityscapes,streetViewData\train\cityscapes\mask\monchengladbach_000000_000383.png,streetViewData\train\cityscapes\img\monchengladbach_000000_000383.png
353,train,cityscapes,streetViewData\train\cityscapes\mask\bochum_000000_011711.png,streetViewData\train\cityscapes\img\bochum_000000_011711.png
354,train,cityscapes,streetViewData\train\cityscapes\mask\ulm_000075_000019.png,streetViewData\train\cityscapes\img\ulm_000075_000019.png
355,train,cityscapes,streetViewData\train\cityscapes\mask\strasbourg_000001_058105.png,streetViewData\train\cityscapes\img\strasbourg_000001_058105.png
356,train,cityscapes,streetViewData\train\cityscapes\mask\hamburg_000000_028056.png,streetViewData\train\cityscapes\img\hamburg_000000_028056.png
357,train,cityscapes,streetViewData\train\cityscapes\mask\erfurt_000005_000019.png,streetViewData\train\cityscapes\img\erfurt_000005_000019.png
358,train,cityscapes,streetViewData\train\cityscapes\mask\hanover_000000_043653.png,streetViewData\train\cityscapes\img\hanover_000000_043653.png
359,train,cityscapes,streetViewData\train\cityscapes\mask\stuttgart_000134_000019.png,streetViewData\train\cityscapes\img\stuttgart_000134_000019.png
360,train,cityscapes,streetViewData\train\cityscapes\mask\jena_000097_000019.png,streetViewData\train\cityscapes\img\jena_000097_000019.png
361,train,cityscapes,streetViewData\train\cityscapes\mask\erfurt_000102_000019.png,streetViewData\train\cityscapes\img\erfurt_000102_000019.png
362,train,cityscapes,streetViewData\train\cityscapes\mask\tubingen_000107_000019.png,streetViewData\train\cityscapes\img\tubingen_000107_000019.png
363,train,cityscapes,streetViewData\train\cityscapes\mask\stuttgart_000144_000019.png,streetViewData\train\cityscapes\img\stuttgart_000144_000019.png
364,train,cityscapes,streetViewData\train\cityscapes\mask\erfurt_000002_000019.png,streetViewData\train\cityscapes\img\erfurt_000002_000019.png
365,train,cityscapes,streetViewData\train\cityscapes\mask\hanover_000000_027998.png,streetViewData\train\cityscapes\img\hanover_000000_027998.png
366,train,cityscapes,streetViewData\train\cityscapes\mask\bochum_000000_001519.png,streetViewData\train\cityscapes\img\bochum_000000_001519.png
367,train,cityscapes,streetViewData\train\cityscapes\mask\hanover_000000_034560.png,streetViewData\train\cityscapes\img\hanover_000000_034560.png
368,train,cityscapes,streetViewData\train\cityscapes\mask\hamburg_000000_052122.png,streetViewData\train\cityscapes\img\hamburg_000000_052122.png
369,train,cityscapes,streetViewData\train\cityscapes\mask\stuttgart_000040_000019.png,streetViewData\train\cityscapes\img\stuttgart_000040_000019.png
370,train,cityscapes,streetViewData\train\cityscapes\mask\stuttgart_000042_000019.png,streetViewData\train\cityscapes\img\stuttgart_000042_000019.png
371,train,cityscapes,streetViewData\train\cityscapes\mask\jena_000043_000019.png,streetViewData\train\cityscapes\img\jena_000043_000019.png
372,train,cityscapes,streetViewData\train\cityscapes\mask\hamburg_000000_066706.png,streetViewData\train\cityscapes\img\hamburg_000000_066706.png
373,train,cityscapes,streetViewData\train\cityscapes\mask\stuttgart_000175_000019.png,streetViewData\train\cityscapes\img\stuttgart_000175_000019.png
374,train,cityscapes,streetViewData\train\cityscapes\mask\strasbourg_000001_023515.png,streetViewData\train\cityscapes\img\strasbourg_000001_023515.png
375,train,cityscapes,streetViewData\train\cityscapes\mask\strasbourg_000001_045481.png,streetViewData\train\cityscapes\img\strasbourg_000001_045481.png
376,train,cityscapes,streetViewData\train\cityscapes\mask\stuttgart_000039_000019.png,streetViewData\train\cityscapes\img\stuttgart_000039_000019.png
377,train,cityscapes,streetViewData\train\cityscapes\mask\monchengladbach_000000_015561.png,streetViewData\train\cityscapes\img\monchengladbach_000000_015561.png
378,train,cityscapes,streetViewData\train\cityscapes\mask\strasbourg_000001_002519.png,streetViewData\train\cityscapes\img\strasbourg_000001_002519.png
379,train,cityscapes,streetViewData\train\cityscapes\mask\strasbourg_000001_037645.png,streetViewData\train\cityscapes\img\strasbourg_000001_037645.png
380,train,cityscapes,streetViewData\train\cityscapes\mask\jena_000108_000019.png,streetViewData\train\cityscapes\img\jena_000108_000019.png
381,train,cityscapes,streetViewData\train\cityscapes\mask\darmstadt_000067_000019.png,streetViewData\train\cityscapes\img\darmstadt_000067_000019.png
382,train,cityscapes,streetViewData\train\cityscapes\mask\erfurt_000053_000019.png,streetViewData\train\cityscapes\img\erfurt_000053_000019.png
383,train,cityscapes,streetViewData\train\cityscapes\mask\hamburg_000000_073999.png,streetViewData\train\cityscapes\img\hamburg_000000_073999.png
384,train,cityscapes,streetViewData\train\cityscapes\mask\hamburg_000000_000629.png,streetViewData\train\cityscapes\img\hamburg_000000_000629.png
385,train,cityscapes,streetViewData\train\cityscapes\mask\cologne_000023_000019.png,streetViewData\train\cityscapes\img\cologne_000023_000019.png
386,train,cityscapes,streetViewData\train\cityscapes\mask\monchengladbach_000000_034930.png,streetViewData\train\cityscapes\img\monchengladbach_000000_034930.png
387,train,cityscapes,streetViewData\train\cityscapes\mask\strasbourg_000001_049143.png,streetViewData\train\cityscapes\img\strasbourg_000001_049143.png
388,train,cityscapes,streetViewData\train\cityscapes\mask\monchengladbach_000000_002255.png,streetViewData\train\cityscapes\img\monchengladbach_000000_002255.png
389,train,cityscapes,streetViewData\train\cityscapes\mask\stuttgart_000189_000019.png,streetViewData\train\cityscapes\img\stuttgart_000189_000019.png
390,train,cityscapes,streetViewData\train\cityscapes\mask\strasbourg_000001_055273.png,streetViewData\train\cityscapes\img\strasbourg_000001_055273.png
391,train,cityscapes,streetViewData\train\cityscapes\mask\hamburg_000000_087216.png,streetViewData\train\cityscapes\img\hamburg_000000_087216.png
392,train,cityscapes,streetViewData\train\cityscapes\mask\cologne_000021_000019.png,streetViewData\train\cityscapes\img\cologne_000021_000019.png
393,train,cityscapes,streetViewData\train\cityscapes\mask\cologne_000006_000019.png,streetViewData\train\cityscapes\img\cologne_000006_000019.png
394,train,cityscapes,streetViewData\train\cityscapes\mask\monchengladbach_000001_001531.png,streetViewData\train\cityscapes\img\monchengladbach_000001_001531.png
395,train,cityscapes,streetViewData\train\cityscapes\mask\jena_000088_000019.png,streetViewData\train\cityscapes\img\jena_000088_000019.png
396,train,cityscapes,streetViewData\train\cityscapes\mask\krefeld_000000_009926.png,streetViewData\train\cityscapes\img\krefeld_000000_009926.png
397,train,cityscapes,streetViewData\train\cityscapes\mask\krefeld_000000_029050.png,streetViewData\train\cityscapes\img\krefeld_000000_029050.png
398,train,cityscapes,streetViewData\train\cityscapes\mask\darmstadt_000072_000019.png,streetViewData\train\cityscapes\img\darmstadt_000072_000019.png
399,train,cityscapes,streetViewData\train\cityscapes\mask\cologne_000020_000019.png,streetViewData\train\cityscapes\img\cologne_000020_000019.png
400,train,cityscapes,streetViewData\train\cityscapes\mask\krefeld_000000_014146.png,streetViewData\train\cityscapes\img\krefeld_000000_014146.png
401,train,cityscapes,streetViewData\train\cityscapes\mask\cologne_000068_000019.png,streetViewData\train\cityscapes\img\cologne_000068_000019.png
402,train,cityscapes,streetViewData\train\cityscapes\mask\erfurt_000045_000019.png,streetViewData\train\cityscapes\img\erfurt_000045_000019.png
403,train,cityscapes,streetViewData\train\cityscapes\mask\cologne_000044_000019.png,streetViewData\train\cityscapes\img\cologne_000044_000019.png
404,train,cityscapes,streetViewData\train\cityscapes\mask\strasbourg_000000_006483.png,streetViewData\train\cityscapes\img\strasbourg_000000_006483.png
405,train,cityscapes,streetViewData\train\cityscapes\mask\cologne_000043_000019.png,streetViewData\train\cityscapes\img\cologne_000043_000019.png
406,train,cityscapes,streetViewData\train\cityscapes\mask\strasbourg_000001_009246.png,streetViewData\train\cityscapes\img\strasbourg_000001_009246.png
407,train,cityscapes,streetViewData\train\cityscapes\mask\hamburg_000000_026675.png,streetViewData\train\cityscapes\img\hamburg_000000_026675.png
408,train,cityscapes,streetViewData\train\cityscapes\mask\hanover_000000_042581.png,streetViewData\train\cityscapes\img\hanover_000000_042581.png
409,train,cityscapes,streetViewData\train\cityscapes\mask\cologne_000149_000019.png,streetViewData\train\cityscapes\img\cologne_000149_000019.png
410,train,cityscapes,streetViewData\train\cityscapes\mask\monchengladbach_000000_026006.png,streetViewData\train\cityscapes\img\monchengladbach_000000_026006.png
411,train,cityscapes,streetViewData\train\cityscapes\mask\hamburg_000000_037161.png,streetViewData\train\cityscapes\img\hamburg_000000_037161.png
412,train,cityscapes,streetViewData\train\cityscapes\mask\monchengladbach_000000_034621.png,streetViewData\train\cityscapes\img\monchengladbach_000000_034621.png
413,train,cityscapes,streetViewData\train\cityscapes\mask\strasbourg_000000_006264.png,streetViewData\train\cityscapes\img\strasbourg_000000_006264.png
414,train,cityscapes,streetViewData\train\cityscapes\mask\bochum_000000_031687.png,streetViewData\train\cityscapes\img\bochum_000000_031687.png
415,train,cityscapes,streetViewData\train\cityscapes\mask\strasbourg_000000_018874.png,streetViewData\train\cityscapes\img\strasbourg_000000_018874.png
416,train,cityscapes,streetViewData\train\cityscapes\mask\cologne_000071_000019.png,streetViewData\train\cityscapes\img\cologne_000071_000019.png
417,train,cityscapes,streetViewData\train\cityscapes\mask\hanover_000000_049465.png,streetViewData\train\cityscapes\img\hanover_000000_049465.png
418,train,cityscapes,streetViewData\train\cityscapes\mask\strasbourg_000001_000710.png,streetViewData\train\cityscapes\img\strasbourg_000001_000710.png
419,train,cityscapes,streetViewData\train\cityscapes\mask\tubingen_000080_000019.png,streetViewData\train\cityscapes\img\tubingen_000080_000019.png
420,train,cityscapes,streetViewData\train\cityscapes\mask\monchengladbach_000000_022748.png,streetViewData\train\cityscapes\img\monchengladbach_000000_022748.png
421,train,cityscapes,streetViewData\train\cityscapes\mask\krefeld_000000_023338.png,streetViewData\train\cityscapes\img\krefeld_000000_023338.png
422,train,cityscapes,streetViewData\train\cityscapes\mask\hamburg_000000_088783.png,streetViewData\train\cityscapes\img\hamburg_000000_088783.png
423,train,cityscapes,streetViewData\train\cityscapes\mask\hamburg_000000_047220.png,streetViewData\train\cityscapes\img\hamburg_000000_047220.png
424,train,cityscapes,streetViewData\train\cityscapes\mask\erfurt_000083_000019.png,streetViewData\train\cityscapes\img\erfurt_000083_000019.png
425,train,cityscapes,streetViewData\train\cityscapes\mask\strasbourg_000001_006386.png,streetViewData\train\cityscapes\img\strasbourg_000001_006386.png
426,train,cityscapes,streetViewData\train\cityscapes\mask\ulm_000067_000019.png,streetViewData\train\cityscapes\img\ulm_000067_000019.png
427,train,cityscapes,streetViewData\train\cityscapes\mask\hamburg_000000_087822.png,streetViewData\train\cityscapes\img\hamburg_000000_087822.png
428,train,cityscapes,streetViewData\train\cityscapes\mask\hamburg_000000_029378.png,streetViewData\train\cityscapes\img\hamburg_000000_029378.png
429,train,cityscapes,streetViewData\train\cityscapes\mask\stuttgart_000067_000019.png,streetViewData\train\cityscapes\img\stuttgart_000067_000019.png
430,train,cityscapes,streetViewData\train\cityscapes\mask\tubingen_000096_000019.png,streetViewData\train\cityscapes\img\tubingen_000096_000019.png
431,train,cityscapes,streetViewData\train\cityscapes\mask\darmstadt_000018_000019.png,streetViewData\train\cityscapes\img\darmstadt_000018_000019.png
432,train,cityscapes,streetViewData\train\cityscapes\mask\stuttgart_000165_000019.png,streetViewData\train\cityscapes\img\stuttgart_000165_000019.png
433,train,cityscapes,streetViewData\train\cityscapes\mask\strasbourg_000000_030941.png,streetViewData\train\cityscapes\img\strasbourg_000000_030941.png
434,train,cityscapes,streetViewData\train\cityscapes\mask\hamburg_000000_076966.png,streetViewData\train\cityscapes\img\hamburg_000000_076966.png
435,train,cityscapes,streetViewData\train\cityscapes\mask\jena_000048_000019.png,streetViewData\train\cityscapes\img\jena_000048_000019.png
436,train,cityscapes,streetViewData\train\cityscapes\mask\stuttgart_000013_000019.png,streetViewData\train\cityscapes\img\stuttgart_000013_000019.png
437,train,cityscapes,streetViewData\train\cityscapes\mask\strasbourg_000001_057191.png,streetViewData\train\cityscapes\img\strasbourg_000001_057191.png
438,train,cityscapes,streetViewData\train\cityscapes\mask\cologne_000052_000019.png,streetViewData\train\cityscapes\img\cologne_000052_000019.png
439,train,cityscapes,streetViewData\train\cityscapes\mask\bochum_000000_007150.png,streetViewData\train\cityscapes\img\bochum_000000_007150.png
440,train,cityscapes,streetViewData\train\cityscapes\mask\jena_000050_000019.png,streetViewData\train\cityscapes\img\jena_000050_000019.png
441,train,cityscapes,streetViewData\train\cityscapes\mask\strasbourg_000000_019617.png,streetViewData\train\cityscapes\img\strasbourg_000000_019617.png
442,train,cityscapes,streetViewData\train\cityscapes\mask\monchengladbach_000000_020856.png,streetViewData\train\cityscapes\img\monchengladbach_000000_020856.png
443,train,cityscapes,streetViewData\train\cityscapes\mask\cologne_000108_000019.png,streetViewData\train\cityscapes\img\cologne_000108_000019.png
444,train,cityscapes,streetViewData\train\cityscapes\mask\cologne_000054_000019.png,streetViewData\train\cityscapes\img\cologne_000054_000019.png
445,train,cityscapes,streetViewData\train\cityscapes\mask\krefeld_000000_034389.png,streetViewData\train\cityscapes\img\krefeld_000000_034389.png
446,train,cityscapes,streetViewData\train\cityscapes\mask\erfurt_000101_000019.png,streetViewData\train\cityscapes\img\erfurt_000101_000019.png
447,train,cityscapes,streetViewData\train\cityscapes\mask\krefeld_000000_012505.png,streetViewData\train\cityscapes\img\krefeld_000000_012505.png
448,train,cityscapes,streetViewData\train\cityscapes\mask\stuttgart_000006_000019.png,streetViewData\train\cityscapes\img\stuttgart_000006_000019.png
449,train,cityscapes,streetViewData\train\cityscapes\mask\darmstadt_000021_000019.png,streetViewData\train\cityscapes\img\darmstadt_000021_000019.png
450,train,cityscapes,streetViewData\train\cityscapes\mask\hanover_000000_007780.png,streetViewData\train\cityscapes\img\hanover_000000_007780.png
451,train,cityscapes,streetViewData\train\cityscapes\mask\stuttgart_000032_000019.png,streetViewData\train\cityscapes\img\stuttgart_000032_000019.png
452,train,cityscapes,streetViewData\train\cityscapes\mask\hamburg_000000_036003.png,streetViewData\train\cityscapes\img\hamburg_000000_036003.png
453,train,cityscapes,streetViewData\train\cityscapes\mask\hanover_000000_023975.png,streetViewData\train\cityscapes\img\hanover_000000_023975.png
454,train,cityscapes,streetViewData\train\cityscapes\mask\hamburg_000000_066424.png,streetViewData\train\cityscapes\img\hamburg_000000_066424.png
455,train,cityscapes,streetViewData\train\cityscapes\mask\tubingen_000038_000019.png,streetViewData\train\cityscapes\img\tubingen_000038_000019.png
456,train,cityscapes,streetViewData\train\cityscapes\mask\stuttgart_000162_000019.png,streetViewData\train\cityscapes\img\stuttgart_000162_000019.png
457,train,cityscapes,streetViewData\train\cityscapes\mask\monchengladbach_000000_002972.png,streetViewData\train\cityscapes\img\monchengladbach_000000_002972.png
458,train,cityscapes,streetViewData\train\cityscapes\mask\strasbourg_000001_029696.png,streetViewData\train\cityscapes\img\strasbourg_000001_029696.png
459,train,cityscapes,streetViewData\train\cityscapes\mask\hamburg_000000_078407.png,streetViewData\train\cityscapes\img\hamburg_000000_078407.png
460,train,cityscapes,streetViewData\train\cityscapes\mask\strasbourg_000000_015602.png,streetViewData\train\cityscapes\img\strasbourg_000000_015602.png
461,train,cityscapes,streetViewData\train\cityscapes\mask\strasbourg_000000_035255.png,streetViewData\train\cityscapes\img\strasbourg_000000_035255.png
462,train,cityscapes,streetViewData\train\cityscapes\mask\tubingen_000056_000019.png,streetViewData\train\cityscapes\img\tubingen_000056_000019.png
463,train,cityscapes,streetViewData\train\cityscapes\mask\bochum_000000_006026.png,streetViewData\train\cityscapes\img\bochum_000000_006026.png
464,train,cityscapes,streetViewData\train\cityscapes\mask\strasbourg_000001_005289.png,streetViewData\train\cityscapes\img\strasbourg_000001_005289.png
465,train,cityscapes,streetViewData\train\cityscapes\mask\monchengladbach_000000_013352.png,streetViewData\train\cityscapes\img\monchengladbach_000000_013352.png
466,train,cityscapes,streetViewData\train\cityscapes\mask\hamburg_000000_076392.png,streetViewData\train\cityscapes\img\hamburg_000000_076392.png
467,train,cityscapes,streetViewData\train\cityscapes\mask\strasbourg_000001_003159.png,streetViewData\train\cityscapes\img\strasbourg_000001_003159.png
468,train,cityscapes,streetViewData\train\cityscapes\mask\cologne_000116_000019.png,streetViewData\train\cityscapes\img\cologne_000116_000019.png
469,train,cityscapes,streetViewData\train\cityscapes\mask\darmstadt_000025_000019.png,streetViewData\train\cityscapes\img\darmstadt_000025_000019.png
470,train,cityscapes,streetViewData\train\cityscapes\mask\ulm_000036_000019.png,streetViewData\train\cityscapes\img\ulm_000036_000019.png
471,train,cityscapes,streetViewData\train\cityscapes\mask\cologne_000140_000019.png,streetViewData\train\cityscapes\img\cologne_000140_000019.png
472,train,cityscapes,streetViewData\train\cityscapes\mask\cologne_000123_000019.png,streetViewData\train\cityscapes\img\cologne_000123_000019.png
473,train,cityscapes,streetViewData\train\cityscapes\mask\strasbourg_000001_052297.png,streetViewData\train\cityscapes\img\strasbourg_000001_052297.png
474,train,cityscapes,streetViewData\train\cityscapes\mask\tubingen_000054_000019.png,streetViewData\train\cityscapes\img\tubingen_000054_000019.png
475,train,cityscapes,streetViewData\train\cityscapes\mask\ulm_000048_000019.png,streetViewData\train\cityscapes\img\ulm_000048_000019.png
476,train,cityscapes,streetViewData\train\cityscapes\mask\hamburg_000000_056229.png,streetViewData\train\cityscapes\img\hamburg_000000_056229.png
477,train,cityscapes,streetViewData\train\cityscapes\mask\hamburg_000000_064269.png,streetViewData\train\cityscapes\img\hamburg_000000_064269.png
478,train,cityscapes,streetViewData\train\cityscapes\mask\strasbourg_000000_013574.png,streetViewData\train\cityscapes\img\strasbourg_000000_013574.png
479,train,cityscapes,streetViewData\train\cityscapes\mask\erfurt_000096_000019.png,streetViewData\train\cityscapes\img\erfurt_000096_000019.png
480,train,cityscapes,streetViewData\train\cityscapes\mask\strasbourg_000001_036937.png,streetViewData\train\cityscapes\img\strasbourg_000001_036937.png
481,train,cityscapes,streetViewData\train\cityscapes\mask\hanover_000000_003853.png,streetViewData\train\cityscapes\img\hanover_000000_003853.png
482,train,cityscapes,streetViewData\train\cityscapes\mask\erfurt_000081_000019.png,streetViewData\train\cityscapes\img\erfurt_000081_000019.png
483,train,cityscapes,streetViewData\train\cityscapes\mask\strasbourg_000001_016681.png,streetViewData\train\cityscapes\img\strasbourg_000001_016681.png
484,train,cityscapes,streetViewData\train\cityscapes\mask\strasbourg_000000_027233.png,streetViewData\train\cityscapes\img\strasbourg_000000_027233.png
485,train,cityscapes,streetViewData\train\cityscapes\mask\hamburg_000000_049558.png,streetViewData\train\cityscapes\img\hamburg_000000_049558.png
486,train,cityscapes,streetViewData\train\cityscapes\mask\krefeld_000000_012353.png,streetViewData\train\cityscapes\img\krefeld_000000_012353.png
487,train,cityscapes,streetViewData\train\cityscapes\mask\tubingen_000008_000019.png,streetViewData\train\cityscapes\img\tubingen_000008_000019.png
488,train,cityscapes,streetViewData\train\cityscapes\mask\tubingen_000055_000019.png,streetViewData\train\cityscapes\img\tubingen_000055_000019.png
489,train,cityscapes,streetViewData\train\cityscapes\mask\cologne_000008_000019.png,streetViewData\train\cityscapes\img\cologne_000008_000019.png
490,train,cityscapes,streetViewData\train\cityscapes\mask\ulm_000043_000019.png,streetViewData\train\cityscapes\img\ulm_000043_000019.png
491,train,cityscapes,streetViewData\train\cityscapes\mask\strasbourg_000000_027771.png,streetViewData\train\cityscapes\img\strasbourg_000000_027771.png
492,train,cityscapes,streetViewData\train\cityscapes\mask\stuttgart_000115_000019.png,streetViewData\train\cityscapes\img\stuttgart_000115_000019.png
493,train,cityscapes,streetViewData\train\cityscapes\mask\hamburg_000000_060586.png,streetViewData\train\cityscapes\img\hamburg_000000_060586.png
494,train,cityscapes,streetViewData\train\cityscapes\mask\bochum_000000_036606.png,streetViewData\train\cityscapes\img\bochum_000000_036606.png
495,train,cityscapes,streetViewData\train\cityscapes\mask\bochum_000000_002562.png,streetViewData\train\cityscapes\img\bochum_000000_002562.png
496,train,cityscapes,streetViewData\train\cityscapes\mask\hamburg_000000_103541.png,streetViewData\train\cityscapes\img\hamburg_000000_103541.png
497,train,cityscapes,streetViewData\train\cityscapes\mask\darmstadt_000017_000019.png,streetViewData\train\cityscapes\img\darmstadt_000017_000019.png
498,train,cityscapes,streetViewData\train\cityscapes\mask\strasbourg_000000_028912.png,streetViewData\train\cityscapes\img\strasbourg_000000_028912.png
499,train,cityscapes,streetViewData\train\cityscapes\mask\hamburg_000000_048138.png,streetViewData\train\cityscapes\img\hamburg_000000_048138.png
500,train,cityscapes,streetViewData\train\cityscapes\mask\tubingen_000015_000019.png,streetViewData\train\cityscapes\img\tubingen_000015_000019.png
501,train,cityscapes,streetViewData\train\cityscapes\mask\jena_000016_000019.png,streetViewData\train\cityscapes\img\jena_000016_000019.png
502,train,cityscapes,streetViewData\train\cityscapes\mask\monchengladbach_000000_010733.png,streetViewData\train\cityscapes\img\monchengladbach_000000_010733.png
503,train,cityscapes,streetViewData\train\cityscapes\mask\strasbourg_000001_030725.png,streetViewData\train\cityscapes\img\strasbourg_000001_030725.png
504,train,cityscapes,streetViewData\train\cityscapes\mask\hanover_000000_054965.png,streetViewData\train\cityscapes\img\hanover_000000_054965.png
505,train,cityscapes,streetViewData\train\cityscapes\mask\monchengladbach_000000_019500.png,streetViewData\train\cityscapes\img\monchengladbach_000000_019500.png
506,train,cityscapes,streetViewData\train\cityscapes\mask\tubingen_000016_000019.png,streetViewData\train\cityscapes\img\tubingen_000016_000019.png
507,train,cityscapes,streetViewData\train\cityscapes\mask\tubingen_000006_000019.png,streetViewData\train\cityscapes\img\tubingen_000006_000019.png
508,train,cityscapes,streetViewData\train\cityscapes\mask\stuttgart_000089_000019.png,streetViewData\train\cityscapes\img\stuttgart_000089_000019.png
509,train,cityscapes,streetViewData\train\cityscapes\mask\strasbourg_000001_018872.png,streetViewData\train\cityscapes\img\strasbourg_000001_018872.png
510,train,cityscapes,streetViewData\train\cityscapes\mask\darmstadt_000055_000019.png,streetViewData\train\cityscapes\img\darmstadt_000055_000019.png
511,train,cityscapes,streetViewData\train\cityscapes\mask\monchengladbach_000000_005876.png,streetViewData\train\cityscapes\img\monchengladbach_000000_005876.png
512,train,cityscapes,streetViewData\train\cityscapes\mask\bochum_000000_027951.png,streetViewData\train\cityscapes\img\bochum_000000_027951.png
513,train,cityscapes,streetViewData\train\cityscapes\mask\tubingen_000072_000019.png,streetViewData\train\cityscapes\img\tubingen_000072_000019.png
514,train,cityscapes,streetViewData\train\cityscapes\mask\monchengladbach_000001_000054.png,streetViewData\train\cityscapes\img\monchengladbach_000001_000054.png
515,train,cityscapes,streetViewData\train\cityscapes\mask\monchengladbach_000000_011383.png,streetViewData\train\cityscapes\img\monchengladbach_000000_011383.png
516,train,cityscapes,streetViewData\train\cityscapes\mask\darmstadt_000053_000019.png,streetViewData\train\cityscapes\img\darmstadt_000053_000019.png
517,train,cityscapes,streetViewData\train\cityscapes\mask\hanover_000000_056142.png,streetViewData\train\cityscapes\img\hanover_000000_056142.png
518,train,cityscapes,streetViewData\train\cityscapes\mask\darmstadt_000011_000019.png,streetViewData\train\cityscapes\img\darmstadt_000011_000019.png
519,train,cityscapes,streetViewData\train\cityscapes\mask\bochum_000000_033331.png,streetViewData\train\cityscapes\img\bochum_000000_033331.png
520,train,cityscapes,streetViewData\train\cityscapes\mask\hamburg_000000_083586.png,streetViewData\train\cityscapes\img\hamburg_000000_083586.png
521,train,cityscapes,streetViewData\train\cityscapes\mask\hanover_000000_019672.png,streetViewData\train\cityscapes\img\hanover_000000_019672.png
522,train,cityscapes,streetViewData\train\cityscapes\mask\stuttgart_000021_000019.png,streetViewData\train\cityscapes\img\stuttgart_000021_000019.png
523,train,cityscapes,streetViewData\train\cityscapes\mask\hanover_000000_014537.png,streetViewData\train\cityscapes\img\hanover_000000_014537.png
524,train,cityscapes,streetViewData\train\cityscapes\mask\erfurt_000095_000019.png,streetViewData\train\cityscapes\img\erfurt_000095_000019.png
525,train,cityscapes,streetViewData\train\cityscapes\mask\tubingen_000048_000019.png,streetViewData\train\cityscapes\img\tubingen_000048_000019.png
526,train,cityscapes,streetViewData\train\cityscapes\mask\stuttgart_000090_000019.png,streetViewData\train\cityscapes\img\stuttgart_000090_000019.png
527,train,cityscapes,streetViewData\train\cityscapes\mask\strasbourg_000001_004983.png,streetViewData\train\cityscapes\img\strasbourg_000001_004983.png
528,train,cityscapes,streetViewData\train\cityscapes\mask\cologne_000114_000019.png,streetViewData\train\cityscapes\img\cologne_000114_000019.png
529,train,cityscapes,streetViewData\train\cityscapes\mask\hanover_000000_011471.png,streetViewData\train\cityscapes\img\hanover_000000_011471.png
530,train,cityscapes,streetViewData\train\cityscapes\mask\monchengladbach_000000_018720.png,streetViewData\train\cityscapes\img\monchengladbach_000000_018720.png
531,train,cityscapes,streetViewData\train\cityscapes\mask\stuttgart_000077_000019.png,streetViewData\train\cityscapes\img\stuttgart_000077_000019.png
532,train,cityscapes,streetViewData\train\cityscapes\mask\strasbourg_000000_019355.png,streetViewData\train\cityscapes\img\strasbourg_000000_019355.png
533,train,cityscapes,streetViewData\train\cityscapes\mask\darmstadt_000066_000019.png,streetViewData\train\cityscapes\img\darmstadt_000066_000019.png
534,train,cityscapes,streetViewData\train\cityscapes\mask\stuttgart_000079_000019.png,streetViewData\train\cityscapes\img\stuttgart_000079_000019.png
535,train,cityscapes,streetViewData\train\cityscapes\mask\darmstadt_000082_000019.png,streetViewData\train\cityscapes\img\darmstadt_000082_000019.png
536,train,cityscapes,streetViewData\train\cityscapes\mask\erfurt_000027_000019.png,streetViewData\train\cityscapes\img\erfurt_000027_000019.png
537,train,cityscapes,streetViewData\train\cityscapes\mask\hanover_000000_046398.png,streetViewData\train\cityscapes\img\hanover_000000_046398.png
538,train,cityscapes,streetViewData\train\cityscapes\mask\bochum_000000_020899.png,streetViewData\train\cityscapes\img\bochum_000000_020899.png
539,train,cityscapes,streetViewData\train\cityscapes\mask\erfurt_000032_000019.png,streetViewData\train\cityscapes\img\erfurt_000032_000019.png
540,train,cityscapes,streetViewData\train\cityscapes\mask\hamburg_000000_103075.png,streetViewData\train\cityscapes\img\hamburg_000000_103075.png
541,train,cityscapes,streetViewData\train\cityscapes\mask\hanover_000000_046200.png,streetViewData\train\cityscapes\img\hanover_000000_046200.png
542,train,cityscapes,streetViewData\train\cityscapes\mask\stuttgart_000010_000019.png,streetViewData\train\cityscapes\img\stuttgart_000010_000019.png
543,train,cityscapes,streetViewData\train\cityscapes\mask\hamburg_000000_038511.png,streetViewData\train\cityscapes\img\hamburg_000000_038511.png
544,train,cityscapes,streetViewData\train\cityscapes\mask\tubingen_000045_000019.png,streetViewData\train\cityscapes\img\tubingen_000045_000019.png
545,train,cityscapes,streetViewData\train\cityscapes\mask\ulm_000053_000019.png,streetViewData\train\cityscapes\img\ulm_000053_000019.png
546,train,cityscapes,streetViewData\train\cityscapes\mask\ulm_000065_000019.png,streetViewData\train\cityscapes\img\ulm_000065_000019.png
547,train,cityscapes,streetViewData\train\cityscapes\mask\cologne_000125_000019.png,streetViewData\train\cityscapes\img\cologne_000125_000019.png
548,train,cityscapes,streetViewData\train\cityscapes\mask\hanover_000000_029769.png,streetViewData\train\cityscapes\img\hanover_000000_029769.png
549,train,cityscapes,streetViewData\train\cityscapes\mask\bochum_000000_031152.png,streetViewData\train\cityscapes\img\bochum_000000_031152.png
550,train,cityscapes,streetViewData\train\cityscapes\mask\jena_000075_000019.png,streetViewData\train\cityscapes\img\jena_000075_000019.png
551,train,cityscapes,streetViewData\train\cityscapes\mask\hamburg_000000_006322.png,streetViewData\train\cityscapes\img\hamburg_000000_006322.png
552,train,cityscapes,streetViewData\train\cityscapes\mask\erfurt_000073_000019.png,streetViewData\train\cityscapes\img\erfurt_000073_000019.png
553,train,cityscapes,streetViewData\train\cityscapes\mask\jena_000054_000019.png,streetViewData\train\cityscapes\img\jena_000054_000019.png
554,train,cityscapes,streetViewData\train\cityscapes\mask\hanover_000000_008017.png,streetViewData\train\cityscapes\img\hanover_000000_008017.png
555,train,cityscapes,streetViewData\train\cityscapes\mask\hamburg_000000_080438.png,streetViewData\train\cityscapes\img\hamburg_000000_080438.png
556,train,cityscapes,streetViewData\train\cityscapes\mask\ulm_000012_000019.png,streetViewData\train\cityscapes\img\ulm_000012_000019.png
557,train,cityscapes,streetViewData\train\cityscapes\mask\hamburg_000000_007737.png,streetViewData\train\cityscapes\img\hamburg_000000_007737.png
558,train,cityscapes,streetViewData\train\cityscapes\mask\bochum_000000_020673.png,streetViewData\train\cityscapes\img\bochum_000000_020673.png
559,train,cityscapes,streetViewData\train\cityscapes\mask\stuttgart_000182_000019.png,streetViewData\train\cityscapes\img\stuttgart_000182_000019.png
560,train,cityscapes,streetViewData\train\cityscapes\mask\erfurt_000060_000019.png,streetViewData\train\cityscapes\img\erfurt_000060_000019.png
561,train,cityscapes,streetViewData\train\cityscapes\mask\hanover_000000_040133.png,streetViewData\train\cityscapes\img\hanover_000000_040133.png
562,train,cityscapes,streetViewData\train\cityscapes\mask\hamburg_000000_098862.png,streetViewData\train\cityscapes\img\hamburg_000000_098862.png
563,train,cityscapes,streetViewData\train\cityscapes\mask\ulm_000058_000019.png,streetViewData\train\cityscapes\img\ulm_000058_000019.png
564,train,cityscapes,streetViewData\train\cityscapes\mask\ulm_000015_000019.png,streetViewData\train\cityscapes\img\ulm_000015_000019.png
565,train,cityscapes,streetViewData\train\cityscapes\mask\hamburg_000000_062039.png,streetViewData\train\cityscapes\img\hamburg_000000_062039.png
566,train,cityscapes,streetViewData\train\cityscapes\mask\hanover_000000_009128.png,streetViewData\train\cityscapes\img\hanover_000000_009128.png
567,train,cityscapes,streetViewData\train\cityscapes\mask\strasbourg_000000_029729.png,streetViewData\train\cityscapes\img\strasbourg_000000_029729.png
568,train,cityscapes,streetViewData\train\cityscapes\mask\tubingen_000075_000019.png,streetViewData\train\cityscapes\img\tubingen_000075_000019.png
569,train,cityscapes,streetViewData\train\cityscapes\mask\hanover_000000_040294.png,streetViewData\train\cityscapes\img\hanover_000000_040294.png
570,train,cityscapes,streetViewData\train\cityscapes\mask\strasbourg_000001_011617.png,streetViewData\train\cityscapes\img\strasbourg_000001_011617.png
571,train,cityscapes,streetViewData\train\cityscapes\mask\stuttgart_000097_000019.png,streetViewData\train\cityscapes\img\stuttgart_000097_000019.png
572,train,cityscapes,streetViewData\train\cityscapes\mask\hamburg_000000_102379.png,streetViewData\train\cityscapes\img\hamburg_000000_102379.png
573,train,cityscapes,streetViewData\train\cityscapes\mask\bochum_000000_022210.png,streetViewData\train\cityscapes\img\bochum_000000_022210.png
574,train,cityscapes,streetViewData\train\cityscapes\mask\tubingen_000084_000019.png,streetViewData\train\cityscapes\img\tubingen_000084_000019.png
575,train,cityscapes,streetViewData\train\cityscapes\mask\stuttgart_000012_000019.png,streetViewData\train\cityscapes\img\stuttgart_000012_000019.png
576,train,cityscapes,streetViewData\train\cityscapes\mask\tubingen_000029_000019.png,streetViewData\train\cityscapes\img\tubingen_000029_000019.png
577,train,cityscapes,streetViewData\train\cityscapes\mask\monchengladbach_000000_035650.png,streetViewData\train\cityscapes\img\monchengladbach_000000_035650.png
578,train,cityscapes,streetViewData\train\cityscapes\mask\strasbourg_000001_061285.png,streetViewData\train\cityscapes\img\strasbourg_000001_061285.png
579,train,cityscapes,streetViewData\train\cityscapes\mask\bochum_000000_030913.png,streetViewData\train\cityscapes\img\bochum_000000_030913.png
580,train,cityscapes,streetViewData\train\cityscapes\mask\cologne_000126_000019.png,streetViewData\train\cityscapes\img\cologne_000126_000019.png
581,train,cityscapes,streetViewData\train\cityscapes\mask\tubingen_000062_000019.png,streetViewData\train\cityscapes\img\tubingen_000062_000019.png
582,train,cityscapes,streetViewData\train\cityscapes\mask\jena_000001_000019.png,streetViewData\train\cityscapes\img\jena_000001_000019.png
583,train,cityscapes,streetViewData\train\cityscapes\mask\hanover_000000_005288.png,streetViewData\train\cityscapes\img\hanover_000000_005288.png
584,train,cityscapes,streetViewData\train\cityscapes\mask\stuttgart_000044_000019.png,streetViewData\train\cityscapes\img\stuttgart_000044_000019.png
585,train,cityscapes,streetViewData\train\cityscapes\mask\jena_000005_000019.png,streetViewData\train\cityscapes\img\jena_000005_000019.png
586,train,cityscapes,streetViewData\train\cityscapes\mask\strasbourg_000000_013944.png,streetViewData\train\cityscapes\img\strasbourg_000000_013944.png
587,train,cityscapes,streetViewData\train\cityscapes\mask\krefeld_000000_016342.png,streetViewData\train\cityscapes\img\krefeld_000000_016342.png
588,train,cityscapes,streetViewData\train\cityscapes\mask\stuttgart_000061_000019.png,streetViewData\train\cityscapes\img\stuttgart_000061_000019.png
589,train,cityscapes,streetViewData\train\cityscapes\mask\tubingen_000060_000019.png,streetViewData\train\cityscapes\img\tubingen_000060_000019.png
590,train,cityscapes,streetViewData\train\cityscapes\mask\stuttgart_000128_000019.png,streetViewData\train\cityscapes\img\stuttgart_000128_000019.png
591,train,cityscapes,streetViewData\train\cityscapes\mask\stuttgart_000098_000019.png,streetViewData\train\cityscapes\img\stuttgart_000098_000019.png
592,train,cityscapes,streetViewData\train\cityscapes\mask\hamburg_000000_044747.png,streetViewData\train\cityscapes\img\hamburg_000000_044747.png
593,train,cityscapes,streetViewData\train\cityscapes\mask\stuttgart_000048_000019.png,streetViewData\train\cityscapes\img\stuttgart_000048_000019.png
594,train,cityscapes,streetViewData\train\cityscapes\mask\stuttgart_000104_000019.png,streetViewData\train\cityscapes\img\stuttgart_000104_000019.png
595,train,cityscapes,streetViewData\train\cityscapes\mask\bochum_000000_001097.png,streetViewData\train\cityscapes\img\bochum_000000_001097.png
596,train,cityscapes,streetViewData\train\cityscapes\mask\krefeld_000000_021000.png,streetViewData\train\cityscapes\img\krefeld_000000_021000.png
597,train,cityscapes,streetViewData\train\cityscapes\mask\krefeld_000000_034686.png,streetViewData\train\cityscapes\img\krefeld_000000_034686.png
598,train,cityscapes,streetViewData\train\cityscapes\mask\strasbourg_000001_006916.png,streetViewData\train\cityscapes\img\strasbourg_000001_006916.png
599,train,cityscapes,streetViewData\train\cityscapes\mask\erfurt_000068_000019.png,streetViewData\train\cityscapes\img\erfurt_000068_000019.png
600,train,cityscapes,streetViewData\train\cityscapes\mask\hanover_000000_019456.png,streetViewData\train\cityscapes\img\hanover_000000_019456.png
601,train,cityscapes,streetViewData\train\cityscapes\mask\hanover_000000_056601.png,streetViewData\train\cityscapes\img\hanover_000000_056601.png
602,train,cityscapes,streetViewData\train\cityscapes\mask\cologne_000047_000019.png,streetViewData\train\cityscapes\img\cologne_000047_000019.png
603,train,cityscapes,streetViewData\train\cityscapes\mask\strasbourg_000001_003676.png,streetViewData\train\cityscapes\img\strasbourg_000001_003676.png
604,train,cityscapes,streetViewData\train\cityscapes\mask\stuttgart_000140_000019.png,streetViewData\train\cityscapes\img\stuttgart_000140_000019.png
605,train,cityscapes,streetViewData\train\cityscapes\mask\strasbourg_000000_021231.png,streetViewData\train\cityscapes\img\strasbourg_000000_021231.png
606,train,cityscapes,streetViewData\train\cityscapes\mask\strasbourg_000001_019247.png,streetViewData\train\cityscapes\img\strasbourg_000001_019247.png
607,train,cityscapes,streetViewData\train\cityscapes\mask\strasbourg_000001_055860.png,streetViewData\train\cityscapes\img\strasbourg_000001_055860.png
608,train,cityscapes,streetViewData\train\cityscapes\mask\ulm_000030_000019.png,streetViewData\train\cityscapes\img\ulm_000030_000019.png
609,train,cityscapes,streetViewData\train\cityscapes\mask\hamburg_000000_077144.png,streetViewData\train\cityscapes\img\hamburg_000000_077144.png
610,train,cityscapes,streetViewData\train\cityscapes\mask\krefeld_000000_013257.png,streetViewData\train\cityscapes\img\krefeld_000000_013257.png
611,train,cityscapes,streetViewData\train\cityscapes\mask\hamburg_000000_084746.png,streetViewData\train\cityscapes\img\hamburg_000000_084746.png
612,train,cityscapes,streetViewData\train\cityscapes\mask\tubingen_000102_000019.png,streetViewData\train\cityscapes\img\tubingen_000102_000019.png
613,train,cityscapes,streetViewData\train\cityscapes\mask\hanover_000000_044344.png,streetViewData\train\cityscapes\img\hanover_000000_044344.png
614,train,cityscapes,streetViewData\train\cityscapes\mask\hamburg_000000_097447.png,streetViewData\train\cityscapes\img\hamburg_000000_097447.png
615,train,cityscapes,streetViewData\train\cityscapes\mask\stuttgart_000105_000019.png,streetViewData\train\cityscapes\img\stuttgart_000105_000019.png
616,train,cityscapes,streetViewData\train\cityscapes\mask\hamburg_000000_073672.png,streetViewData\train\cityscapes\img\hamburg_000000_073672.png
617,train,cityscapes,streetViewData\train\cityscapes\mask\strasbourg_000001_056142.png,streetViewData\train\cityscapes\img\strasbourg_000001_056142.png
618,train,cityscapes,streetViewData\train\cityscapes\mask\darmstadt_000010_000019.png,streetViewData\train\cityscapes\img\darmstadt_000010_000019.png
619,train,cityscapes,streetViewData\train\cityscapes\mask\stuttgart_000099_000019.png,streetViewData\train\cityscapes\img\stuttgart_000099_000019.png
620,train,cityscapes,streetViewData\train\cityscapes\mask\hanover_000000_051059.png,streetViewData\train\cityscapes\img\hanover_000000_051059.png
621,train,cityscapes,streetViewData\train\cityscapes\mask\strasbourg_000001_003991.png,streetViewData\train\cityscapes\img\strasbourg_000001_003991.png
622,train,cityscapes,streetViewData\train\cityscapes\mask\stuttgart_000070_000019.png,streetViewData\train\cityscapes\img\stuttgart_000070_000019.png
623,train,cityscapes,streetViewData\train\cityscapes\mask\erfurt_000021_000019.png,streetViewData\train\cityscapes\img\erfurt_000021_000019.png
624,train,cityscapes,streetViewData\train\cityscapes\mask\strasbourg_000000_017159.png,streetViewData\train\cityscapes\img\strasbourg_000000_017159.png
625,train,cityscapes,streetViewData\train\cityscapes\mask\monchengladbach_000000_025215.png,streetViewData\train\cityscapes\img\monchengladbach_000000_025215.png
626,train,cityscapes,streetViewData\train\cityscapes\mask\hamburg_000000_077642.png,streetViewData\train\cityscapes\img\hamburg_000000_077642.png
627,train,cityscapes,streetViewData\train\cityscapes\mask\hanover_000000_043550.png,streetViewData\train\cityscapes\img\hanover_000000_043550.png
628,train,cityscapes,streetViewData\train\cityscapes\mask\monchengladbach_000000_007851.png,streetViewData\train\cityscapes\img\monchengladbach_000000_007851.png
629,train,cityscapes,streetViewData\train\cityscapes\mask\bochum_000000_000313.png,streetViewData\train\cityscapes\img\bochum_000000_000313.png
630,train,cityscapes,streetViewData\train\cityscapes\mask\hamburg_000000_079376.png,streetViewData\train\cityscapes\img\hamburg_000000_079376.png
631,train,cityscapes,streetViewData\train\cityscapes\mask\hamburg_000000_067338.png,streetViewData\train\cityscapes\img\hamburg_000000_067338.png
632,train,cityscapes,streetViewData\train\cityscapes\mask\tubingen_000095_000019.png,streetViewData\train\cityscapes\img\tubingen_000095_000019.png
633,train,cityscapes,streetViewData\train\cityscapes\mask\strasbourg_000001_040761.png,streetViewData\train\cityscapes\img\strasbourg_000001_040761.png
634,train,cityscapes,streetViewData\train\cityscapes\mask\monchengladbach_000000_035083.png,streetViewData\train\cityscapes\img\monchengladbach_000000_035083.png
635,train,cityscapes,streetViewData\train\cityscapes\mask\stuttgart_000176_000019.png,streetViewData\train\cityscapes\img\stuttgart_000176_000019.png
636,train,cityscapes,streetViewData\train\cityscapes\mask\strasbourg_000000_035571.png,streetViewData\train\cityscapes\img\strasbourg_000000_035571.png
637,train,cityscapes,streetViewData\train\cityscapes\mask\hamburg_000000_093325.png,streetViewData\train\cityscapes\img\hamburg_000000_093325.png
638,train,cityscapes,streetViewData\train\cityscapes\mask\jena_000064_000019.png,streetViewData\train\cityscapes\img\jena_000064_000019.png
639,train,cityscapes,streetViewData\train\cityscapes\mask\strasbourg_000001_047336.png,streetViewData\train\cityscapes\img\strasbourg_000001_047336.png
640,train,cityscapes,streetViewData\train\cityscapes\mask\jena_000017_000019.png,streetViewData\train\cityscapes\img\jena_000017_000019.png
641,train,cityscapes,streetViewData\train\cityscapes\mask\stuttgart_000102_000019.png,streetViewData\train\cityscapes\img\stuttgart_000102_000019.png
642,train,cityscapes,streetViewData\train\cityscapes\mask\krefeld_000000_015868.png,streetViewData\train\cityscapes\img\krefeld_000000_015868.png
643,train,cityscapes,streetViewData\train\cityscapes\mask\jena_000081_000019.png,streetViewData\train\cityscapes\img\jena_000081_000019.png
644,train,cityscapes,streetViewData\train\cityscapes\mask\erfurt_000012_000019.png,streetViewData\train\cityscapes\img\erfurt_000012_000019.png
645,train,cityscapes,streetViewData\train\cityscapes\mask\tubingen_000111_000019.png,streetViewData\train\cityscapes\img\tubingen_000111_000019.png
646,train,cityscapes,streetViewData\train\cityscapes\mask\cologne_000077_000019.png,streetViewData\train\cityscapes\img\cologne_000077_000019.png
647,train,cityscapes,streetViewData\train\cityscapes\mask\hamburg_000000_065843.png,streetViewData\train\cityscapes\img\hamburg_000000_065843.png
648,train,cityscapes,streetViewData\train\cityscapes\mask\krefeld_000000_018866.png,streetViewData\train\cityscapes\img\krefeld_000000_018866.png
649,train,cityscapes,streetViewData\train\cityscapes\mask\strasbourg_000000_026998.png,streetViewData\train\cityscapes\img\strasbourg_000000_026998.png
650,train,cityscapes,streetViewData\train\cityscapes\mask\stuttgart_000020_000019.png,streetViewData\train\cityscapes\img\stuttgart_000020_000019.png
651,train,cityscapes,streetViewData\train\cityscapes\mask\hamburg_000000_104857.png,streetViewData\train\cityscapes\img\hamburg_000000_104857.png
652,train,cityscapes,streetViewData\train\cityscapes\mask\stuttgart_000081_000019.png,streetViewData\train\cityscapes\img\stuttgart_000081_000019.png
653,train,cityscapes,streetViewData\train\cityscapes\mask\stuttgart_000028_000019.png,streetViewData\train\cityscapes\img\stuttgart_000028_000019.png
654,train,cityscapes,streetViewData\train\cityscapes\mask\hamburg_000000_085073.png,streetViewData\train\cityscapes\img\hamburg_000000_085073.png
655,train,cityscapes,streetViewData\train\cityscapes\mask\stuttgart_000157_000019.png,streetViewData\train\cityscapes\img\stuttgart_000157_000019.png
656,train,cityscapes,streetViewData\train\cityscapes\mask\ulm_000057_000019.png,streetViewData\train\cityscapes\img\ulm_000057_000019.png
657,train,cityscapes,streetViewData\train\cityscapes\mask\darmstadt_000051_000019.png,streetViewData\train\cityscapes\img\darmstadt_000051_000019.png
658,train,cityscapes,streetViewData\train\cityscapes\mask\strasbourg_000001_034923.png,streetViewData\train\cityscapes\img\strasbourg_000001_034923.png
659,train,cityscapes,streetViewData\train\cityscapes\mask\bochum_000000_038022.png,streetViewData\train\cityscapes\img\bochum_000000_038022.png
660,train,cityscapes,streetViewData\train\cityscapes\mask\ulm_000029_000019.png,streetViewData\train\cityscapes\img\ulm_000029_000019.png
661,train,cityscapes,streetViewData\train\cityscapes\mask\stuttgart_000181_000019.png,streetViewData\train\cityscapes\img\stuttgart_000181_000019.png
662,train,cityscapes,streetViewData\train\cityscapes\mask\strasbourg_000000_015506.png,streetViewData\train\cityscapes\img\strasbourg_000000_015506.png
663,train,cityscapes,streetViewData\train\cityscapes\mask\cologne_000053_000019.png,streetViewData\train\cityscapes\img\cologne_000053_000019.png
664,train,cityscapes,streetViewData\train\cityscapes\mask\jena_000044_000019.png,streetViewData\train\cityscapes\img\jena_000044_000019.png
665,train,cityscapes,streetViewData\train\cityscapes\mask\hanover_000000_046954.png,streetViewData\train\cityscapes\img\hanover_000000_046954.png
666,train,cityscapes,streetViewData\train\cityscapes\mask\strasbourg_000000_025772.png,streetViewData\train\cityscapes\img\strasbourg_000000_025772.png
667,train,cityscapes,streetViewData\train\cityscapes\mask\monchengladbach_000000_031005.png,streetViewData\train\cityscapes\img\monchengladbach_000000_031005.png
668,train,cityscapes,streetViewData\train\cityscapes\mask\erfurt_000063_000019.png,streetViewData\train\cityscapes\img\erfurt_000063_000019.png
669,train,cityscapes,streetViewData\train\cityscapes\mask\hanover_000000_030546.png,streetViewData\train\cityscapes\img\hanover_000000_030546.png
670,train,cityscapes,streetViewData\train\cityscapes\mask\krefeld_000000_001908.png,streetViewData\train\cityscapes\img\krefeld_000000_001908.png
671,train,cityscapes,streetViewData\train\cityscapes\mask\strasbourg_000001_025833.png,streetViewData\train\cityscapes\img\strasbourg_000001_025833.png
672,train,cityscapes,streetViewData\train\cityscapes\mask\hamburg_000000_035568.png,streetViewData\train\cityscapes\img\hamburg_000000_035568.png
673,train,cityscapes,streetViewData\train\cityscapes\mask\darmstadt_000052_000019.png,streetViewData\train\cityscapes\img\darmstadt_000052_000019.png
674,train,cityscapes,streetViewData\train\cityscapes\mask\bochum_000000_004032.png,streetViewData\train\cityscapes\img\bochum_000000_004032.png
675,train,cityscapes,streetViewData\train\cityscapes\mask\cologne_000122_000019.png,streetViewData\train\cityscapes\img\cologne_000122_000019.png
676,train,cityscapes,streetViewData\train\cityscapes\mask\hanover_000000_052887.png,streetViewData\train\cityscapes\img\hanover_000000_052887.png
677,train,cityscapes,streetViewData\train\cityscapes\mask\hamburg_000000_002095.png,streetViewData\train\cityscapes\img\hamburg_000000_002095.png
678,train,cityscapes,streetViewData\train\cityscapes\mask\erfurt_000025_000019.png,streetViewData\train\cityscapes\img\erfurt_000025_000019.png
679,train,cityscapes,streetViewData\train\cityscapes\mask\krefeld_000000_020334.png,streetViewData\train\cityscapes\img\krefeld_000000_020334.png
680,train,cityscapes,streetViewData\train\cityscapes\mask\jena_000063_000019.png,streetViewData\train\cityscapes\img\jena_000063_000019.png
681,train,cityscapes,streetViewData\train\cityscapes\mask\stuttgart_000065_000019.png,streetViewData\train\cityscapes\img\stuttgart_000065_000019.png
682,train,cityscapes,streetViewData\train\cityscapes\mask\monchengladbach_000000_017950.png,streetViewData\train\cityscapes\img\monchengladbach_000000_017950.png
683,train,cityscapes,streetViewData\train\cityscapes\mask\hamburg_000000_038915.png,streetViewData\train\cityscapes\img\hamburg_000000_038915.png
684,train,cityscapes,streetViewData\train\cityscapes\mask\cologne_000152_000019.png,streetViewData\train\cityscapes\img\cologne_000152_000019.png
685,train,cityscapes,streetViewData\train\cityscapes\mask\jena_000046_000019.png,streetViewData\train\cityscapes\img\jena_000046_000019.png
686,train,cityscapes,streetViewData\train\cityscapes\mask\darmstadt_000023_000019.png,streetViewData\train\cityscapes\img\darmstadt_000023_000019.png
687,train,cityscapes,streetViewData\train\cityscapes\mask\strasbourg_000000_030706.png,streetViewData\train\cityscapes\img\strasbourg_000000_030706.png
688,train,cityscapes,streetViewData\train\cityscapes\mask\stuttgart_000038_000019.png,streetViewData\train\cityscapes\img\stuttgart_000038_000019.png
689,train,cityscapes,streetViewData\train\cityscapes\mask\monchengladbach_000000_018445.png,streetViewData\train\cityscapes\img\monchengladbach_000000_018445.png
690,train,cityscapes,streetViewData\train\cityscapes\mask\strasbourg_000000_006621.png,streetViewData\train\cityscapes\img\strasbourg_000000_006621.png
691,train,cityscapes,streetViewData\train\cityscapes\mask\hamburg_000000_088983.png,streetViewData\train\cityscapes\img\hamburg_000000_088983.png
692,train,cityscapes,streetViewData\train\cityscapes\mask\jena_000018_000019.png,streetViewData\train\cityscapes\img\jena_000018_000019.png
693,train,cityscapes,streetViewData\train\cityscapes\mask\strasbourg_000000_016024.png,streetViewData\train\cityscapes\img\strasbourg_000000_016024.png
694,train,cityscapes,streetViewData\train\cityscapes\mask\krefeld_000000_011483.png,streetViewData\train\cityscapes\img\krefeld_000000_011483.png
695,train,cityscapes,streetViewData\train\cityscapes\mask\hanover_000000_053604.png,streetViewData\train\cityscapes\img\hanover_000000_053604.png
696,train,cityscapes,streetViewData\train\cityscapes\mask\tubingen_000138_000019.png,streetViewData\train\cityscapes\img\tubingen_000138_000019.png
697,train,cityscapes,streetViewData\train\cityscapes\mask\jena_000025_000019.png,streetViewData\train\cityscapes\img\jena_000025_000019.png
698,train,cityscapes,streetViewData\train\cityscapes\mask\darmstadt_000075_000019.png,streetViewData\train\cityscapes\img\darmstadt_000075_000019.png
699,train,cityscapes,streetViewData\train\cityscapes\mask\jena_000084_000019.png,streetViewData\train\cityscapes\img\jena_000084_000019.png
700,train,cityscapes,streetViewData\train\cityscapes\mask\jena_000033_000019.png,streetViewData\train\cityscapes\img\jena_000033_000019.png
701,train,cityscapes,streetViewData\train\cityscapes\mask\hamburg_000000_046872.png,streetViewData\train\cityscapes\img\hamburg_000000_046872.png
702,train,cityscapes,streetViewData\train\cityscapes\mask\hamburg_000000_037741.png,streetViewData\train\cityscapes\img\hamburg_000000_037741.png
703,train,cityscapes,streetViewData\train\cityscapes\mask\hamburg_000000_060907.png,streetViewData\train\cityscapes\img\hamburg_000000_060907.png
704,train,cityscapes,streetViewData\train\cityscapes\mask\krefeld_000000_021814.png,streetViewData\train\cityscapes\img\krefeld_000000_021814.png
705,train,cityscapes,streetViewData\train\cityscapes\mask\jena_000104_000019.png,streetViewData\train\cityscapes\img\jena_000104_000019.png
706,train,cityscapes,streetViewData\train\cityscapes\mask\strasbourg_000000_024179.png,streetViewData\train\cityscapes\img\strasbourg_000000_024179.png
707,train,cityscapes,streetViewData\train\cityscapes\mask\hamburg_000000_029676.png,streetViewData\train\cityscapes\img\hamburg_000000_029676.png
708,train,cityscapes,streetViewData\train\cityscapes\mask\hamburg_000000_058591.png,streetViewData\train\cityscapes\img\hamburg_000000_058591.png
709,train,cityscapes,streetViewData\train\cityscapes\mask\jena_000012_000019.png,streetViewData\train\cityscapes\img\jena_000012_000019.png
710,train,cityscapes,streetViewData\train\cityscapes\mask\cologne_000062_000019.png,streetViewData\train\cityscapes\img\cologne_000062_000019.png
711,train,cityscapes,streetViewData\train\cityscapes\mask\hamburg_000000_066988.png,streetViewData\train\cityscapes\img\hamburg_000000_066988.png
712,train,cityscapes,streetViewData\train\cityscapes\mask\hamburg_000000_025986.png,streetViewData\train\cityscapes\img\hamburg_000000_025986.png
713,train,cityscapes,streetViewData\train\cityscapes\mask\hamburg_000000_055894.png,streetViewData\train\cityscapes\img\hamburg_000000_055894.png
714,train,cityscapes,streetViewData\train\cityscapes\mask\hamburg_000000_105123.png,streetViewData\train\cityscapes\img\hamburg_000000_105123.png
715,train,cityscapes,streetViewData\train\cityscapes\mask\hamburg_000000_091038.png,streetViewData\train\cityscapes\img\hamburg_000000_091038.png
716,train,cityscapes,streetViewData\train\cityscapes\mask\monchengladbach_000000_000076.png,streetViewData\train\cityscapes\img\monchengladbach_000000_000076.png
717,train,cityscapes,streetViewData\train\cityscapes\mask\cologne_000069_000019.png,streetViewData\train\cityscapes\img\cologne_000069_000019.png
718,train,cityscapes,streetViewData\train\cityscapes\mask\tubingen_000076_000019.png,streetViewData\train\cityscapes\img\tubingen_000076_000019.png
719,train,cityscapes,streetViewData\train\cityscapes\mask\darmstadt_000058_000019.png,streetViewData\train\cityscapes\img\darmstadt_000058_000019.png
720,train,cityscapes,streetViewData\train\cityscapes\mask\hamburg_000000_020563.png,streetViewData\train\cityscapes\img\hamburg_000000_020563.png
721,train,cityscapes,streetViewData\train\cityscapes\mask\hanover_000000_030276.png,streetViewData\train\cityscapes\img\hanover_000000_030276.png
722,train,cityscapes,streetViewData\train\cityscapes\mask\darmstadt_000062_000019.png,streetViewData\train\cityscapes\img\darmstadt_000062_000019.png
723,train,cityscapes,streetViewData\train\cityscapes\mask\ulm_000024_000019.png,streetViewData\train\cityscapes\img\ulm_000024_000019.png
724,train,cityscapes,streetViewData\train\cityscapes\mask\stuttgart_000156_000019.png,streetViewData\train\cityscapes\img\stuttgart_000156_000019.png
725,train,cityscapes,streetViewData\train\cityscapes\mask\hanover_000000_047499.png,streetViewData\train\cityscapes\img\hanover_000000_047499.png
726,train,cityscapes,streetViewData\train\cityscapes\mask\hanover_000000_044085.png,streetViewData\train\cityscapes\img\hanover_000000_044085.png
727,train,cityscapes,streetViewData\train\cityscapes\mask\hamburg_000000_101724.png,streetViewData\train\cityscapes\img\hamburg_000000_101724.png
728,train,cityscapes,streetViewData\train\cityscapes\mask\monchengladbach_000000_002478.png,streetViewData\train\cityscapes\img\monchengladbach_000000_002478.png
729,train,cityscapes,streetViewData\train\cityscapes\mask\jena_000066_000019.png,streetViewData\train\cityscapes\img\jena_000066_000019.png
730,train,cityscapes,streetViewData\train\cityscapes\mask\hanover_000000_047870.png,streetViewData\train\cityscapes\img\hanover_000000_047870.png
731,train,cityscapes,streetViewData\train\cityscapes\mask\cologne_000031_000019.png,streetViewData\train\cityscapes\img\cologne_000031_000019.png
732,train,cityscapes,streetViewData\train\cityscapes\mask\erfurt_000088_000019.png,streetViewData\train\cityscapes\img\erfurt_000088_000019.png
733,train,cityscapes,streetViewData\train\cityscapes\mask\hanover_000000_050398.png,streetViewData\train\cityscapes\img\hanover_000000_050398.png
734,train,cityscapes,streetViewData\train\cityscapes\mask\hanover_000000_034141.png,streetViewData\train\cityscapes\img\hanover_000000_034141.png
735,train,cityscapes,streetViewData\train\cityscapes\mask\stuttgart_000125_000019.png,streetViewData\train\cityscapes\img\stuttgart_000125_000019.png
736,train,cityscapes,streetViewData\train\cityscapes\mask\bochum_000000_016125.png,streetViewData\train\cityscapes\img\bochum_000000_016125.png
737,train,cityscapes,streetViewData\train\cityscapes\mask\monchengladbach_000000_031360.png,streetViewData\train\cityscapes\img\monchengladbach_000000_031360.png
738,train,cityscapes,streetViewData\train\cityscapes\mask\hanover_000000_029043.png,streetViewData\train\cityscapes\img\hanover_000000_029043.png
739,train,cityscapes,streetViewData\train\cityscapes\mask\stuttgart_000066_000019.png,streetViewData\train\cityscapes\img\stuttgart_000066_000019.png
740,train,cityscapes,streetViewData\train\cityscapes\mask\bochum_000000_004229.png,streetViewData\train\cityscapes\img\bochum_000000_004229.png
741,train,cityscapes,streetViewData\train\cityscapes\mask\hanover_000000_009420.png,streetViewData\train\cityscapes\img\hanover_000000_009420.png
742,train,cityscapes,streetViewData\train\cityscapes\mask\tubingen_000024_000019.png,streetViewData\train\cityscapes\img\tubingen_000024_000019.png
743,train,cityscapes,streetViewData\train\cityscapes\mask\hanover_000000_034347.png,streetViewData\train\cityscapes\img\hanover_000000_034347.png
744,train,cityscapes,streetViewData\train\cityscapes\mask\ulm_000011_000019.png,streetViewData\train\cityscapes\img\ulm_000011_000019.png
745,train,cityscapes,streetViewData\train\cityscapes\mask\strasbourg_000001_015974.png,streetViewData\train\cityscapes\img\strasbourg_000001_015974.png
746,train,cityscapes,streetViewData\train\cityscapes\mask\monchengladbach_000000_006169.png,streetViewData\train\cityscapes\img\monchengladbach_000000_006169.png
747,train,cityscapes,streetViewData\train\cityscapes\mask\strasbourg_000000_012934.png,streetViewData\train\cityscapes\img\strasbourg_000000_012934.png
748,train,cityscapes,streetViewData\train\cityscapes\mask\stuttgart_000149_000019.png,streetViewData\train\cityscapes\img\stuttgart_000149_000019.png
749,train,cityscapes,streetViewData\train\cityscapes\mask\jena_000111_000019.png,streetViewData\train\cityscapes\img\jena_000111_000019.png
750,train,cityscapes,streetViewData\train\cityscapes\mask\tubingen_000081_000019.png,streetViewData\train\cityscapes\img\tubingen_000081_000019.png
751,train,cityscapes,streetViewData\train\cityscapes\mask\hamburg_000000_056508.png,streetViewData\train\cityscapes\img\hamburg_000000_056508.png
752,train,cityscapes,streetViewData\train\cityscapes\mask\jena_000004_000019.png,streetViewData\train\cityscapes\img\jena_000004_000019.png
753,train,cityscapes,streetViewData\train\cityscapes\mask\stuttgart_000076_000019.png,streetViewData\train\cityscapes\img\stuttgart_000076_000019.png
754,train,cityscapes,streetViewData\train\cityscapes\mask\bochum_000000_023174.png,streetViewData\train\cityscapes\img\bochum_000000_023174.png
755,train,cityscapes,streetViewData\train\cityscapes\mask\hanover_000000_034015.png,streetViewData\train\cityscapes\img\hanover_000000_034015.png
756,train,cityscapes,streetViewData\train\cityscapes\mask\hamburg_000000_105296.png,streetViewData\train\cityscapes\img\hamburg_000000_105296.png
757,train,cityscapes,streetViewData\train\cityscapes\mask\hanover_000000_042992.png,streetViewData\train\cityscapes\img\hanover_000000_042992.png
758,train,cityscapes,streetViewData\train\cityscapes\mask\stuttgart_000179_000019.png,streetViewData\train\cityscapes\img\stuttgart_000179_000019.png
759,train,cityscapes,streetViewData\train\cityscapes\mask\jena_000069_000019.png,streetViewData\train\cityscapes\img\jena_000069_000019.png
760,train,cityscapes,streetViewData\train\cityscapes\mask\strasbourg_000001_040620.png,streetViewData\train\cityscapes\img\strasbourg_000001_040620.png
761,train,cityscapes,streetViewData\train\cityscapes\mask\tubingen_000129_000019.png,streetViewData\train\cityscapes\img\tubingen_000129_000019.png
762,train,cityscapes,streetViewData\train\cityscapes\mask\bochum_000000_021606.png,streetViewData\train\cityscapes\img\bochum_000000_021606.png
763,train,cityscapes,streetViewData\train\cityscapes\mask\hanover_000000_036562.png,streetViewData\train\cityscapes\img\hanover_000000_036562.png
764,train,cityscapes,streetViewData\train\cityscapes\mask\strasbourg_000000_004951.png,streetViewData\train\cityscapes\img\strasbourg_000000_004951.png
765,train,cityscapes,streetViewData\train\cityscapes\mask\monchengladbach_000000_021663.png,streetViewData\train\cityscapes\img\monchengladbach_000000_021663.png
766,train,cityscapes,streetViewData\train\cityscapes\mask\strasbourg_000001_052497.png,streetViewData\train\cityscapes\img\strasbourg_000001_052497.png
767,train,cityscapes,streetViewData\train\cityscapes\mask\cologne_000075_000019.png,streetViewData\train\cityscapes\img\cologne_000075_000019.png
768,train,cityscapes,streetViewData\train\cityscapes\mask\tubingen_000082_000019.png,streetViewData\train\cityscapes\img\tubingen_000082_000019.png
769,train,cityscapes,streetViewData\train\cityscapes\mask\darmstadt_000027_000019.png,streetViewData\train\cityscapes\img\darmstadt_000027_000019.png
770,train,cityscapes,streetViewData\train\cityscapes\mask\jena_000057_000019.png,streetViewData\train\cityscapes\img\jena_000057_000019.png
771,train,cityscapes,streetViewData\train\cityscapes\mask\erfurt_000037_000019.png,streetViewData\train\cityscapes\img\erfurt_000037_000019.png
772,train,cityscapes,streetViewData\train\cityscapes\mask\strasbourg_000000_030435.png,streetViewData\train\cityscapes\img\strasbourg_000000_030435.png
773,train,cityscapes,streetViewData\train\cityscapes\mask\hamburg_000000_047108.png,streetViewData\train\cityscapes\img\hamburg_000000_047108.png
774,train,cityscapes,streetViewData\train\cityscapes\mask\strasbourg_000001_008310.png,streetViewData\train\cityscapes\img\strasbourg_000001_008310.png
775,train,cityscapes,streetViewData\train\cityscapes\mask\hamburg_000000_098400.png,streetViewData\train\cityscapes\img\hamburg_000000_098400.png
776,train,cityscapes,streetViewData\train\cityscapes\mask\stuttgart_000174_000019.png,streetViewData\train\cityscapes\img\stuttgart_000174_000019.png
777,train,cityscapes,streetViewData\train\cityscapes\mask\stuttgart_000064_000019.png,streetViewData\train\cityscapes\img\stuttgart_000064_000019.png
778,train,cityscapes,streetViewData\train\cityscapes\mask\hamburg_000000_098061.png,streetViewData\train\cityscapes\img\hamburg_000000_098061.png
779,train,cityscapes,streetViewData\train\cityscapes\mask\hamburg_000000_106102.png,streetViewData\train\cityscapes\img\hamburg_000000_106102.png
780,train,cityscapes,streetViewData\train\cityscapes\mask\tubingen_000010_000019.png,streetViewData\train\cityscapes\img\tubingen_000010_000019.png
781,train,cityscapes,streetViewData\train\cityscapes\mask\ulm_000003_000019.png,streetViewData\train\cityscapes\img\ulm_000003_000019.png
782,train,cityscapes,streetViewData\train\cityscapes\mask\hanover_000000_051271.png,streetViewData\train\cityscapes\img\hanover_000000_051271.png
783,train,cityscapes,streetViewData\train\cityscapes\mask\hamburg_000000_042505.png,streetViewData\train\cityscapes\img\hamburg_000000_042505.png
784,train,cityscapes,streetViewData\train\cityscapes\mask\stuttgart_000019_000019.png,streetViewData\train\cityscapes\img\stuttgart_000019_000019.png
785,train,cityscapes,streetViewData\train\cityscapes\mask\strasbourg_000001_031427.png,streetViewData\train\cityscapes\img\strasbourg_000001_031427.png
786,train,cityscapes,streetViewData\train\cityscapes\mask\tubingen_000007_000019.png,streetViewData\train\cityscapes\img\tubingen_000007_000019.png
787,train,cityscapes,streetViewData\train\cityscapes\mask\stuttgart_000132_000019.png,streetViewData\train\cityscapes\img\stuttgart_000132_000019.png
788,train,cityscapes,streetViewData\train\cityscapes\mask\cologne_000010_000019.png,streetViewData\train\cityscapes\img\cologne_000010_000019.png
789,train,cityscapes,streetViewData\train\cityscapes\mask\strasbourg_000001_030839.png,streetViewData\train\cityscapes\img\strasbourg_000001_030839.png
790,train,cityscapes,streetViewData\train\cityscapes\mask\hamburg_000000_011641.png,streetViewData\train\cityscapes\img\hamburg_000000_011641.png
791,train,cityscapes,streetViewData\train\cityscapes\mask\strasbourg_000001_060061.png,streetViewData\train\cityscapes\img\strasbourg_000001_060061.png
792,train,cityscapes,streetViewData\train\cityscapes\mask\bochum_000000_031922.png,streetViewData\train\cityscapes\img\bochum_000000_031922.png
793,train,cityscapes,streetViewData\train\cityscapes\mask\bochum_000000_024343.png,streetViewData\train\cityscapes\img\bochum_000000_024343.png
794,train,cityscapes,streetViewData\train\cityscapes\mask\ulm_000083_000019.png,streetViewData\train\cityscapes\img\ulm_000083_000019.png
795,train,cityscapes,streetViewData\train\cityscapes\mask\strasbourg_000001_031116.png,streetViewData\train\cityscapes\img\strasbourg_000001_031116.png
796,train,cityscapes,streetViewData\train\cityscapes\mask\bochum_000000_016260.png,streetViewData\train\cityscapes\img\bochum_000000_016260.png
797,train,cityscapes,streetViewData\train\cityscapes\mask\strasbourg_000000_022067.png,streetViewData\train\cityscapes\img\strasbourg_000000_022067.png
798,train,cityscapes,streetViewData\train\cityscapes\mask\stuttgart_000007_000019.png,streetViewData\train\cityscapes\img\stuttgart_000007_000019.png
799,train,cityscapes,streetViewData\train\cityscapes\mask\darmstadt_000008_000019.png,streetViewData\train\cityscapes\img\darmstadt_000008_000019.png
800,train,cityscapes,streetViewData\train\cityscapes\mask\strasbourg_000001_002949.png,streetViewData\train\cityscapes\img\strasbourg_000001_002949.png
801,train,cityscapes,streetViewData\train\cityscapes\mask\tubingen_000049_000019.png,streetViewData\train\cityscapes\img\tubingen_000049_000019.png
802,train,cityscapes,streetViewData\train\cityscapes\mask\strasbourg_000000_015764.png,streetViewData\train\cityscapes\img\strasbourg_000000_015764.png
803,train,cityscapes,streetViewData\train\cityscapes\mask\hamburg_000000_001106.png,streetViewData\train\cityscapes\img\hamburg_000000_001106.png
804,train,cityscapes,streetViewData\train\cityscapes\mask\strasbourg_000001_004106.png,streetViewData\train\cityscapes\img\strasbourg_000001_004106.png
805,train,cityscapes,streetViewData\train\cityscapes\mask\hamburg_000000_045704.png,streetViewData\train\cityscapes\img\hamburg_000000_045704.png
806,train,cityscapes,streetViewData\train\cityscapes\mask\hanover_000000_023881.png,streetViewData\train\cityscapes\img\hanover_000000_023881.png
807,train,cityscapes,streetViewData\train\cityscapes\mask\erfurt_000008_000019.png,streetViewData\train\cityscapes\img\erfurt_000008_000019.png
808,train,cityscapes,streetViewData\train\cityscapes\mask\monchengladbach_000001_002353.png,streetViewData\train\cityscapes\img\monchengladbach_000001_002353.png
809,train,cityscapes,streetViewData\train\cityscapes\mask\erfurt_000000_000019.png,streetViewData\train\cityscapes\img\erfurt_000000_000019.png
810,train,cityscapes,streetViewData\train\cityscapes\mask\hamburg_000000_085413.png,streetViewData\train\cityscapes\img\hamburg_000000_085413.png
811,train,cityscapes,streetViewData\train\cityscapes\mask\strasbourg_000001_031976.png,streetViewData\train\cityscapes\img\strasbourg_000001_031976.png
812,train,cityscapes,streetViewData\train\cityscapes\mask\stuttgart_000023_000019.png,streetViewData\train\cityscapes\img\stuttgart_000023_000019.png
813,train,cityscapes,streetViewData\train\cityscapes\mask\bochum_000000_021325.png,streetViewData\train\cityscapes\img\bochum_000000_021325.png
814,train,cityscapes,streetViewData\train\cityscapes\mask\stuttgart_000167_000019.png,streetViewData\train\cityscapes\img\stuttgart_000167_000019.png
815,train,cityscapes,streetViewData\train\cityscapes\mask\strasbourg_000000_017593.png,streetViewData\train\cityscapes\img\strasbourg_000000_017593.png
816,train,cityscapes,streetViewData\train\cityscapes\mask\hanover_000000_026804.png,streetViewData\train\cityscapes\img\hanover_000000_026804.png
817,train,cityscapes,streetViewData\train\cityscapes\mask\hanover_000000_038927.png,streetViewData\train\cityscapes\img\hanover_000000_038927.png
818,train,cityscapes,streetViewData\train\cityscapes\mask\erfurt_000071_000019.png,streetViewData\train\cityscapes\img\erfurt_000071_000019.png
819,train,cityscapes,streetViewData\train\cityscapes\mask\cologne_000059_000019.png,streetViewData\train\cityscapes\img\cologne_000059_000019.png
820,train,cityscapes,streetViewData\train\cityscapes\mask\stuttgart_000126_000019.png,streetViewData\train\cityscapes\img\stuttgart_000126_000019.png
821,train,cityscapes,streetViewData\train\cityscapes\mask\cologne_000112_000019.png,streetViewData\train\cityscapes\img\cologne_000112_000019.png
822,train,cityscapes,streetViewData\train\cityscapes\mask\hamburg_000000_077756.png,streetViewData\train\cityscapes\img\hamburg_000000_077756.png
823,train,cityscapes,streetViewData\train\cityscapes\mask\stuttgart_000159_000019.png,streetViewData\train\cityscapes\img\stuttgart_000159_000019.png
824,train,cityscapes,streetViewData\train\cityscapes\mask\monchengladbach_000000_023375.png,streetViewData\train\cityscapes\img\monchengladbach_000000_023375.png
825,train,cityscapes,streetViewData\train\cityscapes\mask\bochum_000000_033056.png,streetViewData\train\cityscapes\img\bochum_000000_033056.png
826,train,cityscapes,streetViewData\train\cityscapes\mask\hanover_000000_006355.png,streetViewData\train\cityscapes\img\hanover_000000_006355.png
827,train,cityscapes,streetViewData\train\cityscapes\mask\krefeld_000000_030400.png,streetViewData\train\cityscapes\img\krefeld_000000_030400.png
828,train,cityscapes,streetViewData\train\cityscapes\mask\ulm_000071_000019.png,streetViewData\train\cityscapes\img\ulm_000071_000019.png
829,train,cityscapes,streetViewData\train\cityscapes\mask\tubingen_000141_000019.png,streetViewData\train\cityscapes\img\tubingen_000141_000019.png
830,train,cityscapes,streetViewData\train\cityscapes\mask\stuttgart_000188_000019.png,streetViewData\train\cityscapes\img\stuttgart_000188_000019.png
831,train,cityscapes,streetViewData\train\cityscapes\mask\strasbourg_000001_061384.png,streetViewData\train\cityscapes\img\strasbourg_000001_061384.png
832,train,cityscapes,streetViewData\train\cityscapes\mask\hanover_000000_002357.png,streetViewData\train\cityscapes\img\hanover_000000_002357.png
833,train,cityscapes,streetViewData\train\cityscapes\mask\bochum_000000_009554.png,streetViewData\train\cityscapes\img\bochum_000000_009554.png
834,train,cityscapes,streetViewData\train\cityscapes\mask\strasbourg_000000_018616.png,streetViewData\train\cityscapes\img\strasbourg_000000_018616.png
835,train,cityscapes,streetViewData\train\cityscapes\mask\jena_000115_000019.png,streetViewData\train\cityscapes\img\jena_000115_000019.png
836,train,cityscapes,streetViewData\train\cityscapes\mask\cologne_000120_000019.png,streetViewData\train\cityscapes\img\cologne_000120_000019.png
837,train,cityscapes,streetViewData\train\cityscapes\mask\hanover_000000_058189.png,streetViewData\train\cityscapes\img\hanover_000000_058189.png
838,train,cityscapes,streetViewData\train\cityscapes\mask\tubingen_000078_000019.png,streetViewData\train\cityscapes\img\tubingen_000078_000019.png
839,train,cityscapes,streetViewData\train\cityscapes\mask\jena_000053_000019.png,streetViewData\train\cityscapes\img\jena_000053_000019.png
840,train,cityscapes,streetViewData\train\cityscapes\mask\tubingen_000018_000019.png,streetViewData\train\cityscapes\img\tubingen_000018_000019.png
841,train,cityscapes,streetViewData\train\cityscapes\mask\jena_000003_000019.png,streetViewData\train\cityscapes\img\jena_000003_000019.png
842,train,cityscapes,streetViewData\train\cityscapes\mask\strasbourg_000000_031067.png,streetViewData\train\cityscapes\img\strasbourg_000000_031067.png
843,train,cityscapes,streetViewData\train\cityscapes\mask\krefeld_000000_022162.png,streetViewData\train\cityscapes\img\krefeld_000000_022162.png
844,train,cityscapes,streetViewData\train\cityscapes\mask\hamburg_000000_054850.png,streetViewData\train\cityscapes\img\hamburg_000000_054850.png
845,train,cityscapes,streetViewData\train\cityscapes\mask\strasbourg_000000_016247.png,streetViewData\train\cityscapes\img\strasbourg_000000_016247.png
846,train,cityscapes,streetViewData\train\cityscapes\mask\jena_000102_000019.png,streetViewData\train\cityscapes\img\jena_000102_000019.png
847,train,cityscapes,streetViewData\train\cityscapes\mask\strasbourg_000000_018153.png,streetViewData\train\cityscapes\img\strasbourg_000000_018153.png
848,train,cityscapes,streetViewData\train\cityscapes\mask\strasbourg_000000_014743.png,streetViewData\train\cityscapes\img\strasbourg_000000_014743.png
849,train,cityscapes,streetViewData\train\cityscapes\mask\hamburg_000000_053886.png,streetViewData\train\cityscapes\img\hamburg_000000_053886.png
850,train,cityscapes,streetViewData\train\cityscapes\mask\hamburg_000000_093572.png,streetViewData\train\cityscapes\img\hamburg_000000_093572.png
851,train,cityscapes,streetViewData\train\cityscapes\mask\hamburg_000000_036527.png,streetViewData\train\cityscapes\img\hamburg_000000_036527.png
852,train,cityscapes,streetViewData\train\cityscapes\mask\cologne_000081_000019.png,streetViewData\train\cityscapes\img\cologne_000081_000019.png
853,train,cityscapes,streetViewData\train\cityscapes\mask\strasbourg_000001_026856.png,streetViewData\train\cityscapes\img\strasbourg_000001_026856.png
854,train,cityscapes,streetViewData\train\cityscapes\mask\jena_000035_000019.png,streetViewData\train\cityscapes\img\jena_000035_000019.png
855,train,cityscapes,streetViewData\train\cityscapes\mask\strasbourg_000000_032962.png,streetViewData\train\cityscapes\img\strasbourg_000000_032962.png
856,train,cityscapes,streetViewData\train\cityscapes\mask\strasbourg_000001_026355.png,streetViewData\train\cityscapes\img\strasbourg_000001_026355.png
857,train,cityscapes,streetViewData\train\cityscapes\mask\tubingen_000058_000019.png,streetViewData\train\cityscapes\img\tubingen_000058_000019.png
858,train,cityscapes,streetViewData\train\cityscapes\mask\strasbourg_000000_014235.png,streetViewData\train\cityscapes\img\strasbourg_000000_014235.png
859,train,cityscapes,streetViewData\train\cityscapes\mask\bochum_000000_023040.png,streetViewData\train\cityscapes\img\bochum_000000_023040.png
860,train,cityscapes,streetViewData\train\cityscapes\mask\stuttgart_000164_000019.png,streetViewData\train\cityscapes\img\stuttgart_000164_000019.png
861,train,cityscapes,streetViewData\train\cityscapes\mask\hamburg_000000_096063.png,streetViewData\train\cityscapes\img\hamburg_000000_096063.png
862,train,cityscapes,streetViewData\train\cityscapes\mask\strasbourg_000000_010049.png,streetViewData\train\cityscapes\img\strasbourg_000000_010049.png
863,train,cityscapes,streetViewData\train\cityscapes\mask\jena_000110_000019.png,streetViewData\train\cityscapes\img\jena_000110_000019.png
864,train,cityscapes,streetViewData\train\cityscapes\mask\erfurt_000099_000019.png,streetViewData\train\cityscapes\img\erfurt_000099_000019.png
865,train,cityscapes,streetViewData\train\cityscapes\mask\hanover_000000_012347.png,streetViewData\train\cityscapes\img\hanover_000000_012347.png
866,train,cityscapes,streetViewData\train\cityscapes\mask\hamburg_000000_046619.png,streetViewData\train\cityscapes\img\hamburg_000000_046619.png
867,train,cityscapes,streetViewData\train\cityscapes\mask\hanover_000000_002140.png,streetViewData\train\cityscapes\img\hanover_000000_002140.png
868,train,cityscapes,streetViewData\train\cityscapes\mask\hamburg_000000_062371.png,streetViewData\train\cityscapes\img\hamburg_000000_062371.png
869,train,cityscapes,streetViewData\train\cityscapes\mask\hamburg_000000_060215.png,streetViewData\train\cityscapes\img\hamburg_000000_060215.png
870,train,cityscapes,streetViewData\train\cityscapes\mask\bochum_000000_007651.png,streetViewData\train\cityscapes\img\bochum_000000_007651.png
871,train,cityscapes,streetViewData\train\cityscapes\mask\krefeld_000000_019791.png,streetViewData\train\cityscapes\img\krefeld_000000_019791.png
872,train,cityscapes,streetViewData\train\cityscapes\mask\erfurt_000056_000019.png,streetViewData\train\cityscapes\img\erfurt_000056_000019.png
873,train,cityscapes,streetViewData\train\cityscapes\mask\stuttgart_000192_000019.png,streetViewData\train\cityscapes\img\stuttgart_000192_000019.png
874,train,cityscapes,streetViewData\train\cityscapes\mask\hamburg_000000_032460.png,streetViewData\train\cityscapes\img\hamburg_000000_032460.png
875,train,cityscapes,streetViewData\train\cityscapes\mask\strasbourg_000001_053579.png,streetViewData\train\cityscapes\img\strasbourg_000001_053579.png
876,train,cityscapes,streetViewData\train\cityscapes\mask\strasbourg_000001_051448.png,streetViewData\train\cityscapes\img\strasbourg_000001_051448.png
877,train,cityscapes,streetViewData\train\cityscapes\mask\hamburg_000000_031971.png,streetViewData\train\cityscapes\img\hamburg_000000_031971.png
878,train,cityscapes,streetViewData\train\cityscapes\mask\jena_000087_000019.png,streetViewData\train\cityscapes\img\jena_000087_000019.png
879,train,cityscapes,streetViewData\train\cityscapes\mask\jena_000117_000019.png,streetViewData\train\cityscapes\img\jena_000117_000019.png
880,train,cityscapes,streetViewData\train\cityscapes\mask\jena_000029_000019.png,streetViewData\train\cityscapes\img\jena_000029_000019.png
881,train,cityscapes,streetViewData\train\cityscapes\mask\bochum_000000_014803.png,streetViewData\train\cityscapes\img\bochum_000000_014803.png
882,train,cityscapes,streetViewData\train\cityscapes\mask\cologne_000094_000019.png,streetViewData\train\cityscapes\img\cologne_000094_000019.png
883,train,cityscapes,streetViewData\train\cityscapes\mask\hamburg_000000_073314.png,streetViewData\train\cityscapes\img\hamburg_000000_073314.png
884,train,cityscapes,streetViewData\train\cityscapes\mask\hamburg_000000_005639.png,streetViewData\train\cityscapes\img\hamburg_000000_005639.png
885,train,cityscapes,streetViewData\train\cityscapes\mask\strasbourg_000000_014101.png,streetViewData\train\cityscapes\img\strasbourg_000000_014101.png
886,train,cityscapes,streetViewData\train\cityscapes\mask\hamburg_000000_034049.png,streetViewData\train\cityscapes\img\hamburg_000000_034049.png
887,train,cityscapes,streetViewData\train\cityscapes\mask\hamburg_000000_080878.png,streetViewData\train\cityscapes\img\hamburg_000000_080878.png
888,train,cityscapes,streetViewData\train\cityscapes\mask\monchengladbach_000001_000537.png,streetViewData\train\cityscapes\img\monchengladbach_000001_000537.png
889,train,cityscapes,streetViewData\train\cityscapes\mask\strasbourg_000000_000065.png,streetViewData\train\cityscapes\img\strasbourg_000000_000065.png
890,train,cityscapes,streetViewData\train\cityscapes\mask\tubingen_000043_000019.png,streetViewData\train\cityscapes\img\tubingen_000043_000019.png
891,train,cityscapes,streetViewData\train\cityscapes\mask\ulm_000038_000019.png,streetViewData\train\cityscapes\img\ulm_000038_000019.png
892,train,cityscapes,streetViewData\train\cityscapes\mask\hanover_000000_053027.png,streetViewData\train\cityscapes\img\hanover_000000_053027.png
893,train,cityscapes,streetViewData\train\cityscapes\mask\strasbourg_000000_019891.png,streetViewData\train\cityscapes\img\strasbourg_000000_019891.png
894,train,cityscapes,streetViewData\train\cityscapes\mask\strasbourg_000000_017081.png,streetViewData\train\cityscapes\img\strasbourg_000000_017081.png
895,train,cityscapes,streetViewData\train\cityscapes\mask\tubingen_000037_000019.png,streetViewData\train\cityscapes\img\tubingen_000037_000019.png
896,train,cityscapes,streetViewData\train\cityscapes\mask\hamburg_000000_055039.png,streetViewData\train\cityscapes\img\hamburg_000000_055039.png
897,train,cityscapes,streetViewData\train\cityscapes\mask\monchengladbach_000000_003442.png,streetViewData\train\cityscapes\img\monchengladbach_000000_003442.png
898,train,cityscapes,streetViewData\train\cityscapes\mask\strasbourg_000001_051317.png,streetViewData\train\cityscapes\img\strasbourg_000001_051317.png
899,train,cityscapes,streetViewData\train\cityscapes\mask\hamburg_000000_020211.png,streetViewData\train\cityscapes\img\hamburg_000000_020211.png
900,train,cityscapes,streetViewData\train\cityscapes\mask\monchengladbach_000000_030662.png,streetViewData\train\cityscapes\img\monchengladbach_000000_030662.png
901,train,cityscapes,streetViewData\train\cityscapes\mask\erfurt_000059_000019.png,streetViewData\train\cityscapes\img\erfurt_000059_000019.png
902,train,cityscapes,streetViewData\train\cityscapes\mask\tubingen_000108_000019.png,streetViewData\train\cityscapes\img\tubingen_000108_000019.png
903,train,cityscapes,streetViewData\train\cityscapes\mask\cologne_000148_000019.png,streetViewData\train\cityscapes\img\cologne_000148_000019.png
904,train,cityscapes,streetViewData\train\cityscapes\mask\erfurt_000044_000019.png,streetViewData\train\cityscapes\img\erfurt_000044_000019.png
905,train,cityscapes,streetViewData\train\cityscapes\mask\strasbourg_000001_009097.png,streetViewData\train\cityscapes\img\strasbourg_000001_009097.png
906,train,cityscapes,streetViewData\train\cityscapes\mask\erfurt_000108_000019.png,streetViewData\train\cityscapes\img\erfurt_000108_000019.png
907,train,cityscapes,streetViewData\train\cityscapes\mask\jena_000103_000019.png,streetViewData\train\cityscapes\img\jena_000103_000019.png
908,train,cityscapes,streetViewData\train\cityscapes\mask\strasbourg_000001_049399.png,streetViewData\train\cityscapes\img\strasbourg_000001_049399.png
909,train,cityscapes,streetViewData\train\cityscapes\mask\krefeld_000000_024362.png,streetViewData\train\cityscapes\img\krefeld_000000_024362.png
910,train,cityscapes,streetViewData\train\cityscapes\mask\hamburg_000000_065055.png,streetViewData\train\cityscapes\img\hamburg_000000_065055.png
911,train,cityscapes,streetViewData\train\cityscapes\mask\cologne_000109_000019.png,streetViewData\train\cityscapes\img\cologne_000109_000019.png
912,train,cityscapes,streetViewData\train\cityscapes\mask\erfurt_000062_000019.png,streetViewData\train\cityscapes\img\erfurt_000062_000019.png
913,train,cityscapes,streetViewData\train\cityscapes\mask\hamburg_000000_073758.png,streetViewData\train\cityscapes\img\hamburg_000000_073758.png
914,train,cityscapes,streetViewData\train\cityscapes\mask\hamburg_000000_016691.png,streetViewData\train\cityscapes\img\hamburg_000000_016691.png
915,train,cityscapes,streetViewData\train\cityscapes\mask\hanover_000000_017041.png,streetViewData\train\cityscapes\img\hanover_000000_017041.png
916,train,cityscapes,streetViewData\train\cityscapes\mask\strasbourg_000001_034633.png,streetViewData\train\cityscapes\img\strasbourg_000001_034633.png
917,train,cityscapes,streetViewData\train\cityscapes\mask\strasbourg_000001_057811.png,streetViewData\train\cityscapes\img\strasbourg_000001_057811.png
918,train,cityscapes,streetViewData\train\cityscapes\mask\bochum_000000_010700.png,streetViewData\train\cityscapes\img\bochum_000000_010700.png
919,train,cityscapes,streetViewData\train\cityscapes\mask\darmstadt_000009_000019.png,streetViewData\train\cityscapes\img\darmstadt_000009_000019.png
920,train,cityscapes,streetViewData\train\cityscapes\mask\hamburg_000000_057816.png,streetViewData\train\cityscapes\img\hamburg_000000_057816.png
921,train,cityscapes,streetViewData\train\cityscapes\mask\ulm_000014_000019.png,streetViewData\train\cityscapes\img\ulm_000014_000019.png
922,train,cityscapes,streetViewData\train\cityscapes\mask\cologne_000015_000019.png,streetViewData\train\cityscapes\img\cologne_000015_000019.png
923,train,cityscapes,streetViewData\train\cityscapes\mask\hamburg_000000_071016.png,streetViewData\train\cityscapes\img\hamburg_000000_071016.png
924,train,cityscapes,streetViewData\train\cityscapes\mask\strasbourg_000000_000295.png,streetViewData\train\cityscapes\img\strasbourg_000000_000295.png
925,train,cityscapes,streetViewData\train\cityscapes\mask\monchengladbach_000000_007695.png,streetViewData\train\cityscapes\img\monchengladbach_000000_007695.png
926,train,cityscapes,streetViewData\train\cityscapes\mask\strasbourg_000001_037776.png,streetViewData\train\cityscapes\img\strasbourg_000001_037776.png
927,train,cityscapes,streetViewData\train\cityscapes\mask\monchengladbach_000000_026305.png,streetViewData\train\cityscapes\img\monchengladbach_000000_026305.png
928,train,cityscapes,streetViewData\train\cityscapes\mask\hamburg_000000_065983.png,streetViewData\train\cityscapes\img\hamburg_000000_065983.png
929,train,cityscapes,streetViewData\train\cityscapes\mask\jena_000073_000019.png,streetViewData\train\cityscapes\img\jena_000073_000019.png
930,train,cityscapes,streetViewData\train\cityscapes\mask\jena_000092_000019.png,streetViewData\train\cityscapes\img\jena_000092_000019.png
931,train,cityscapes,streetViewData\train\cityscapes\mask\jena_000014_000019.png,streetViewData\train\cityscapes\img\jena_000014_000019.png
932,train,cityscapes,streetViewData\train\cityscapes\mask\strasbourg_000001_053222.png,streetViewData\train\cityscapes\img\strasbourg_000001_053222.png
933,train,cityscapes,streetViewData\train\cityscapes\mask\erfurt_000042_000019.png,streetViewData\train\cityscapes\img\erfurt_000042_000019.png
934,train,cityscapes,streetViewData\train\cityscapes\mask\cologne_000009_000019.png,streetViewData\train\cityscapes\img\cologne_000009_000019.png
935,train,cityscapes,streetViewData\train\cityscapes\mask\hamburg_000000_042885.png,streetViewData\train\cityscapes\img\hamburg_000000_042885.png
936,train,cityscapes,streetViewData\train\cityscapes\mask\jena_000090_000019.png,streetViewData\train\cityscapes\img\jena_000090_000019.png
937,train,cityscapes,streetViewData\train\cityscapes\mask\cologne_000137_000019.png,streetViewData\train\cityscapes\img\cologne_000137_000019.png
938,train,cityscapes,streetViewData\train\cityscapes\mask\cologne_000037_000019.png,streetViewData\train\cityscapes\img\cologne_000037_000019.png
939,train,cityscapes,streetViewData\train\cityscapes\mask\hanover_000000_040793.png,streetViewData\train\cityscapes\img\hanover_000000_040793.png
940,train,cityscapes,streetViewData\train\cityscapes\mask\krefeld_000000_000108.png,streetViewData\train\cityscapes\img\krefeld_000000_000108.png
941,train,cityscapes,streetViewData\train\cityscapes\mask\cologne_000055_000019.png,streetViewData\train\cityscapes\img\cologne_000055_000019.png
942,train,cityscapes,streetViewData\train\cityscapes\mask\cologne_000013_000019.png,streetViewData\train\cityscapes\img\cologne_000013_000019.png
943,train,cityscapes,streetViewData\train\cityscapes\mask\darmstadt_000060_000019.png,streetViewData\train\cityscapes\img\darmstadt_000060_000019.png
944,train,cityscapes,streetViewData\train\cityscapes\mask\strasbourg_000001_042869.png,streetViewData\train\cityscapes\img\strasbourg_000001_042869.png
945,train,cityscapes,streetViewData\train\cityscapes\mask\stuttgart_000135_000019.png,streetViewData\train\cityscapes\img\stuttgart_000135_000019.png
946,train,cityscapes,streetViewData\train\cityscapes\mask\cologne_000078_000019.png,streetViewData\train\cityscapes\img\cologne_000078_000019.png
947,train,cityscapes,streetViewData\train\cityscapes\mask\strasbourg_000001_033448.png,streetViewData\train\cityscapes\img\strasbourg_000001_033448.png
948,train,cityscapes,streetViewData\train\cityscapes\mask\cologne_000146_000019.png,streetViewData\train\cityscapes\img\cologne_000146_000019.png
949,train,cityscapes,streetViewData\train\cityscapes\mask\hanover_000000_048274.png,streetViewData\train\cityscapes\img\hanover_000000_048274.png
950,train,cityscapes,streetViewData\train\cityscapes\mask\hamburg_000000_014940.png,streetViewData\train\cityscapes\img\hamburg_000000_014940.png
951,train,cityscapes,streetViewData\train\cityscapes\mask\strasbourg_000000_017450.png,streetViewData\train\cityscapes\img\strasbourg_000000_017450.png
952,train,cityscapes,streetViewData\train\cityscapes\mask\jena_000034_000019.png,streetViewData\train\cityscapes\img\jena_000034_000019.png
953,train,cityscapes,streetViewData\train\cityscapes\mask\tubingen_000022_000019.png,streetViewData\train\cityscapes\img\tubingen_000022_000019.png
954,train,cityscapes,streetViewData\train\cityscapes\mask\hamburg_000000_074139.png,streetViewData\train\cityscapes\img\hamburg_000000_074139.png
955,train,cityscapes,streetViewData\train\cityscapes\mask\hanover_000000_055800.png,streetViewData\train\cityscapes\img\hanover_000000_055800.png
956,train,cityscapes,streetViewData\train\cityscapes\mask\strasbourg_000001_045880.png,streetViewData\train\cityscapes\img\strasbourg_000001_045880.png
957,train,cityscapes,streetViewData\train\cityscapes\mask\cologne_000027_000019.png,streetViewData\train\cityscapes\img\cologne_000027_000019.png
958,train,cityscapes,streetViewData\train\cityscapes\mask\cologne_000107_000019.png,streetViewData\train\cityscapes\img\cologne_000107_000019.png
959,train,cityscapes,streetViewData\train\cityscapes\mask\erfurt_000090_000019.png,streetViewData\train\cityscapes\img\erfurt_000090_000019.png
960,train,cityscapes,streetViewData\train\cityscapes\mask\tubingen_000104_000019.png,streetViewData\train\cityscapes\img\tubingen_000104_000019.png
961,train,cityscapes,streetViewData\train\cityscapes\mask\strasbourg_000001_054639.png,streetViewData\train\cityscapes\img\strasbourg_000001_054639.png
962,train,cityscapes,streetViewData\train\cityscapes\mask\cologne_000070_000019.png,streetViewData\train\cityscapes\img\cologne_000070_000019.png
963,train,cityscapes,streetViewData\train\cityscapes\mask\darmstadt_000071_000019.png,streetViewData\train\cityscapes\img\darmstadt_000071_000019.png
964,train,cityscapes,streetViewData\train\cityscapes\mask\hamburg_000000_030953.png,streetViewData\train\cityscapes\img\hamburg_000000_030953.png
965,train,cityscapes,streetViewData\train\cityscapes\mask\erfurt_000020_000019.png,streetViewData\train\cityscapes\img\erfurt_000020_000019.png
966,train,cityscapes,streetViewData\train\cityscapes\mask\cologne_000057_000019.png,streetViewData\train\cityscapes\img\cologne_000057_000019.png
967,train,cityscapes,streetViewData\train\cityscapes\mask\darmstadt_000070_000019.png,streetViewData\train\cityscapes\img\darmstadt_000070_000019.png
968,train,cityscapes,streetViewData\train\cityscapes\mask\bochum_000000_001828.png,streetViewData\train\cityscapes\img\bochum_000000_001828.png
969,train,cityscapes,streetViewData\train\cityscapes\mask\strasbourg_000001_010162.png,streetViewData\train\cityscapes\img\strasbourg_000001_010162.png
970,train,cityscapes,streetViewData\train\cityscapes\mask\krefeld_000000_016863.png,streetViewData\train\cityscapes\img\krefeld_000000_016863.png
971,train,cityscapes,streetViewData\train\cityscapes\mask\jena_000074_000019.png,streetViewData\train\cityscapes\img\jena_000074_000019.png
972,train,cityscapes,streetViewData\train\cityscapes\mask\hamburg_000000_070334.png,streetViewData\train\cityscapes\img\hamburg_000000_070334.png
973,train,cityscapes,streetViewData\train\cityscapes\mask\bochum_000000_024855.png,streetViewData\train\cityscapes\img\bochum_000000_024855.png
974,train,cityscapes,streetViewData\train\cityscapes\mask\hamburg_000000_021353.png,streetViewData\train\cityscapes\img\hamburg_000000_021353.png
975,train,cityscapes,streetViewData\train\cityscapes\mask\hamburg_000000_068693.png,streetViewData\train\cityscapes\img\hamburg_000000_068693.png
976,train,cityscapes,streetViewData\train\cityscapes\mask\ulm_000008_000019.png,streetViewData\train\cityscapes\img\ulm_000008_000019.png
977,train,cityscapes,streetViewData\train\cityscapes\mask\krefeld_000000_036299.png,streetViewData\train\cityscapes\img\krefeld_000000_036299.png
978,train,cityscapes,streetViewData\train\cityscapes\mask\bochum_000000_027699.png,streetViewData\train\cityscapes\img\bochum_000000_027699.png
979,train,cityscapes,streetViewData\train\cityscapes\mask\hanover_000000_004230.png,streetViewData\train\cityscapes\img\hanover_000000_004230.png
980,train,cityscapes,streetViewData\train\cityscapes\mask\cologne_000143_000019.png,streetViewData\train\cityscapes\img\cologne_000143_000019.png
981,train,cityscapes,streetViewData\train\cityscapes\mask\tubingen_000125_000019.png,streetViewData\train\cityscapes\img\tubingen_000125_000019.png
982,train,cityscapes,streetViewData\train\cityscapes\mask\stuttgart_000131_000019.png,streetViewData\train\cityscapes\img\stuttgart_000131_000019.png
983,train,cityscapes,streetViewData\train\cityscapes\mask\strasbourg_000000_013322.png,streetViewData\train\cityscapes\img\strasbourg_000000_013322.png
984,train,cityscapes,streetViewData\train\cityscapes\mask\stuttgart_000005_000019.png,streetViewData\train\cityscapes\img\stuttgart_000005_000019.png
985,train,cityscapes,streetViewData\train\cityscapes\mask\hamburg_000000_086499.png,streetViewData\train\cityscapes\img\hamburg_000000_086499.png
986,train,cityscapes,streetViewData\train\cityscapes\mask\hamburg_000000_073389.png,streetViewData\train\cityscapes\img\hamburg_000000_073389.png
987,train,cityscapes,streetViewData\train\cityscapes\mask\tubingen_000109_000019.png,streetViewData\train\cityscapes\img\tubingen_000109_000019.png
988,train,cityscapes,streetViewData\train\cityscapes\mask\hanover_000000_041610.png,streetViewData\train\cityscapes\img\hanover_000000_041610.png
989,train,cityscapes,streetViewData\train\cityscapes\mask\stuttgart_000113_000019.png,streetViewData\train\cityscapes\img\stuttgart_000113_000019.png
990,train,cityscapes,streetViewData\train\cityscapes\mask\cologne_000106_000019.png,streetViewData\train\cityscapes\img\cologne_000106_000019.png
991,train,cityscapes,streetViewData\train\cityscapes\mask\tubingen_000099_000019.png,streetViewData\train\cityscapes\img\tubingen_000099_000019.png
992,train,cityscapes,streetViewData\train\cityscapes\mask\stuttgart_000043_000019.png,streetViewData\train\cityscapes\img\stuttgart_000043_000019.png
993,train,cityscapes,streetViewData\train\cityscapes\mask\strasbourg_000001_052840.png,streetViewData\train\cityscapes\img\strasbourg_000001_052840.png
994,train,cityscapes,streetViewData\train\cityscapes\mask\cologne_000134_000019.png,streetViewData\train\cityscapes\img\cologne_000134_000019.png
995,train,cityscapes,streetViewData\train\cityscapes\mask\tubingen_000009_000019.png,streetViewData\train\cityscapes\img\tubingen_000009_000019.png
996,train,cityscapes,streetViewData\train\cityscapes\mask\cologne_000056_000019.png,streetViewData\train\cityscapes\img\cologne_000056_000019.png
997,train,cityscapes,streetViewData\train\cityscapes\mask\jena_000042_000019.png,streetViewData\train\cityscapes\img\jena_000042_000019.png
998,train,cityscapes,streetViewData\train\cityscapes\mask\darmstadt_000022_000019.png,streetViewData\train\cityscapes\img\darmstadt_000022_000019.png
999,train,cityscapes,streetViewData\train\cityscapes\mask\hanover_000000_046646.png,streetViewData\train\cityscapes\img\hanover_000000_046646.png
1000,train,cityscapes,streetViewData\train\cityscapes\mask\stuttgart_000139_000019.png,streetViewData\train\cityscapes\img\stuttgart_000139_000019.png
1001,train,cityscapes,streetViewData\train\cityscapes\mask\strasbourg_000001_042434.png,streetViewData\train\cityscapes\img\strasbourg_000001_042434.png
1002,train,cityscapes,streetViewData\train\cityscapes\mask\ulm_000076_000019.png,streetViewData\train\cityscapes\img\ulm_000076_000019.png
1003,train,cityscapes,streetViewData\train\cityscapes\mask\cologne_000073_000019.png,streetViewData\train\cityscapes\img\cologne_000073_000019.png
1004,train,cityscapes,streetViewData\train\cityscapes\mask\hanover_000000_038855.png,streetViewData\train\cityscapes\img\hanover_000000_038855.png
1005,train,cityscapes,streetViewData\train\cityscapes\mask\darmstadt_000064_000019.png,streetViewData\train\cityscapes\img\darmstadt_000064_000019.png
1006,train,cityscapes,streetViewData\train\cityscapes\mask\hamburg_000000_074267.png,streetViewData\train\cityscapes\img\hamburg_000000_074267.png
1007,train,cityscapes,streetViewData\train\cityscapes\mask\hanover_000000_026356.png,streetViewData\train\cityscapes\img\hanover_000000_026356.png
1008,train,cityscapes,streetViewData\train\cityscapes\mask\strasbourg_000001_035276.png,streetViewData\train\cityscapes\img\strasbourg_000001_035276.png
1009,train,cityscapes,streetViewData\train\cityscapes\mask\krefeld_000000_023698.png,streetViewData\train\cityscapes\img\krefeld_000000_023698.png
1010,train,cityscapes,streetViewData\train\cityscapes\mask\jena_000055_000019.png,streetViewData\train\cityscapes\img\jena_000055_000019.png
1011,train,cityscapes,streetViewData\train\cityscapes\mask\darmstadt_000045_000019.png,streetViewData\train\cityscapes\img\darmstadt_000045_000019.png
1012,train,cityscapes,streetViewData\train\cityscapes\mask\strasbourg_000000_015131.png,streetViewData\train\cityscapes\img\strasbourg_000000_015131.png
1013,train,cityscapes,streetViewData\train\cityscapes\mask\strasbourg_000000_019050.png,streetViewData\train\cityscapes\img\strasbourg_000000_019050.png
1014,train,cityscapes,streetViewData\train\cityscapes\mask\hamburg_000000_025802.png,streetViewData\train\cityscapes\img\hamburg_000000_025802.png
1015,train,cityscapes,streetViewData\train\cityscapes\mask\hanover_000000_004752.png,streetViewData\train\cityscapes\img\hanover_000000_004752.png
1016,train,cityscapes,streetViewData\train\cityscapes\mask\darmstadt_000061_000019.png,streetViewData\train\cityscapes\img\darmstadt_000061_000019.png
1017,train,cityscapes,streetViewData\train\cityscapes\mask\strasbourg_000000_004660.png,streetViewData\train\cityscapes\img\strasbourg_000000_004660.png
1018,train,cityscapes,streetViewData\train\cityscapes\mask\erfurt_000077_000019.png,streetViewData\train\cityscapes\img\erfurt_000077_000019.png
1019,train,cityscapes,streetViewData\train\cityscapes\mask\jena_000077_000019.png,streetViewData\train\cityscapes\img\jena_000077_000019.png
1020,train,cityscapes,streetViewData\train\cityscapes\mask\darmstadt_000028_000019.png,streetViewData\train\cityscapes\img\darmstadt_000028_000019.png
1021,train,cityscapes,streetViewData\train\cityscapes\mask\hamburg_000000_039420.png,streetViewData\train\cityscapes\img\hamburg_000000_039420.png
1022,train,cityscapes,streetViewData\train\cityscapes\mask\tubingen_000123_000019.png,streetViewData\train\cityscapes\img\tubingen_000123_000019.png
1023,train,cityscapes,streetViewData\train\cityscapes\mask\tubingen_000089_000019.png,streetViewData\train\cityscapes\img\tubingen_000089_000019.png
1024,train,cityscapes,streetViewData\train\cityscapes\mask\stuttgart_000108_000019.png,streetViewData\train\cityscapes\img\stuttgart_000108_000019.png
1025,train,cityscapes,streetViewData\train\cityscapes\mask\strasbourg_000000_004112.png,streetViewData\train\cityscapes\img\strasbourg_000000_004112.png
1026,train,cityscapes,streetViewData\train\cityscapes\mask\hamburg_000000_074694.png,streetViewData\train\cityscapes\img\hamburg_000000_074694.png
1027,train,cityscapes,streetViewData\train\cityscapes\mask\strasbourg_000000_017761.png,streetViewData\train\cityscapes\img\strasbourg_000000_017761.png
1028,train,cityscapes,streetViewData\train\cityscapes\mask\jena_000022_000019.png,streetViewData\train\cityscapes\img\jena_000022_000019.png
1029,train,cityscapes,streetViewData\train\cityscapes\mask\erfurt_000107_000019.png,streetViewData\train\cityscapes\img\erfurt_000107_000019.png
1030,train,cityscapes,streetViewData\train\cityscapes\mask\hanover_000000_023239.png,streetViewData\train\cityscapes\img\hanover_000000_023239.png
1031,train,cityscapes,streetViewData\train\cityscapes\mask\strasbourg_000001_047619.png,streetViewData\train\cityscapes\img\strasbourg_000001_047619.png
1032,train,cityscapes,streetViewData\train\cityscapes\mask\hamburg_000000_077927.png,streetViewData\train\cityscapes\img\hamburg_000000_077927.png
1033,train,cityscapes,streetViewData\train\cityscapes\mask\darmstadt_000006_000019.png,streetViewData\train\cityscapes\img\darmstadt_000006_000019.png
1034,train,cityscapes,streetViewData\train\cityscapes\mask\bochum_000000_009951.png,streetViewData\train\cityscapes\img\bochum_000000_009951.png
1035,train,cityscapes,streetViewData\train\cityscapes\mask\krefeld_000000_026269.png,streetViewData\train\cityscapes\img\krefeld_000000_026269.png
1036,train,cityscapes,streetViewData\train\cityscapes\mask\strasbourg_000001_042235.png,streetViewData\train\cityscapes\img\strasbourg_000001_042235.png
1037,train,cityscapes,streetViewData\train\cityscapes\mask\hamburg_000000_105724.png,streetViewData\train\cityscapes\img\hamburg_000000_105724.png
1038,train,cityscapes,streetViewData\train\cityscapes\mask\hanover_000000_049005.png,streetViewData\train\cityscapes\img\hanover_000000_049005.png
1039,train,cityscapes,streetViewData\train\cityscapes\mask\hanover_000000_056361.png,streetViewData\train\cityscapes\img\hanover_000000_056361.png
1040,train,cityscapes,streetViewData\train\cityscapes\mask\hamburg_000000_067799.png,streetViewData\train\cityscapes\img\hamburg_000000_067799.png
1041,train,cityscapes,streetViewData\train\cityscapes\mask\tubingen_000040_000019.png,streetViewData\train\cityscapes\img\tubingen_000040_000019.png
1042,train,cityscapes,streetViewData\train\cityscapes\mask\bochum_000000_007950.png,streetViewData\train\cityscapes\img\bochum_000000_007950.png
1043,train,cityscapes,streetViewData\train\cityscapes\mask\strasbourg_000001_031683.png,streetViewData\train\cityscapes\img\strasbourg_000001_031683.png
1044,train,cityscapes,streetViewData\train\cityscapes\mask\monchengladbach_000000_018114.png,streetViewData\train\cityscapes\img\monchengladbach_000000_018114.png
1045,train,cityscapes,streetViewData\train\cityscapes\mask\stuttgart_000114_000019.png,streetViewData\train\cityscapes\img\stuttgart_000114_000019.png
1046,train,cityscapes,streetViewData\train\cityscapes\mask\stuttgart_000045_000019.png,streetViewData\train\cityscapes\img\stuttgart_000045_000019.png
1047,train,cityscapes,streetViewData\train\cityscapes\mask\tubingen_000031_000019.png,streetViewData\train\cityscapes\img\tubingen_000031_000019.png
1048,train,cityscapes,streetViewData\train\cityscapes\mask\stuttgart_000153_000019.png,streetViewData\train\cityscapes\img\stuttgart_000153_000019.png
1049,train,cityscapes,streetViewData\train\cityscapes\mask\tubingen_000059_000019.png,streetViewData\train\cityscapes\img\tubingen_000059_000019.png
1050,train,cityscapes,streetViewData\train\cityscapes\mask\hanover_000000_027650.png,streetViewData\train\cityscapes\img\hanover_000000_027650.png
1051,train,cityscapes,streetViewData\train\cityscapes\mask\cologne_000083_000019.png,streetViewData\train\cityscapes\img\cologne_000083_000019.png
1052,train,cityscapes,streetViewData\train\cityscapes\mask\strasbourg_000001_000778.png,streetViewData\train\cityscapes\img\strasbourg_000001_000778.png
1053,train,cityscapes,streetViewData\train\cityscapes\mask\hamburg_000000_047057.png,streetViewData\train\cityscapes\img\hamburg_000000_047057.png
1054,train,cityscapes,streetViewData\train\cityscapes\mask\hamburg_000000_097086.png,streetViewData\train\cityscapes\img\hamburg_000000_097086.png
1055,train,cityscapes,streetViewData\train\cityscapes\mask\hamburg_000000_004985.png,streetViewData\train\cityscapes\img\hamburg_000000_004985.png
1056,train,cityscapes,streetViewData\train\cityscapes\mask\tubingen_000030_000019.png,streetViewData\train\cityscapes\img\tubingen_000030_000019.png
1057,train,cityscapes,streetViewData\train\cityscapes\mask\darmstadt_000034_000019.png,streetViewData\train\cityscapes\img\darmstadt_000034_000019.png
1058,train,cityscapes,streetViewData\train\cityscapes\mask\cologne_000089_000019.png,streetViewData\train\cityscapes\img\cologne_000089_000019.png
1059,train,cityscapes,streetViewData\train\cityscapes\mask\hamburg_000000_071150.png,streetViewData\train\cityscapes\img\hamburg_000000_071150.png
1060,train,cityscapes,streetViewData\train\cityscapes\mask\tubingen_000083_000019.png,streetViewData\train\cityscapes\img\tubingen_000083_000019.png
1061,train,cityscapes,streetViewData\train\cityscapes\mask\hamburg_000000_089491.png,streetViewData\train\cityscapes\img\hamburg_000000_089491.png
1062,train,cityscapes,streetViewData\train\cityscapes\mask\stuttgart_000122_000019.png,streetViewData\train\cityscapes\img\stuttgart_000122_000019.png
1063,train,cityscapes,streetViewData\train\cityscapes\mask\hamburg_000000_037036.png,streetViewData\train\cityscapes\img\hamburg_000000_037036.png
1064,train,cityscapes,streetViewData\train\cityscapes\mask\jena_000093_000019.png,streetViewData\train\cityscapes\img\jena_000093_000019.png
1065,train,cityscapes,streetViewData\train\cityscapes\mask\jena_000060_000019.png,streetViewData\train\cityscapes\img\jena_000060_000019.png
1066,train,cityscapes,streetViewData\train\cityscapes\mask\strasbourg_000001_007864.png,streetViewData\train\cityscapes\img\strasbourg_000001_007864.png
1067,train,cityscapes,streetViewData\train\cityscapes\mask\stuttgart_000011_000019.png,streetViewData\train\cityscapes\img\stuttgart_000011_000019.png
1068,train,cityscapes,streetViewData\train\cityscapes\mask\erfurt_000006_000019.png,streetViewData\train\cityscapes\img\erfurt_000006_000019.png
1069,train,cityscapes,streetViewData\train\cityscapes\mask\darmstadt_000078_000019.png,streetViewData\train\cityscapes\img\darmstadt_000078_000019.png
1070,train,cityscapes,streetViewData\train\cityscapes\mask\tubingen_000065_000019.png,streetViewData\train\cityscapes\img\tubingen_000065_000019.png
1071,train,cityscapes,streetViewData\train\cityscapes\mask\cologne_000011_000019.png,streetViewData\train\cityscapes\img\cologne_000011_000019.png
1072,train,cityscapes,streetViewData\train\cityscapes\mask\krefeld_000000_015687.png,streetViewData\train\cityscapes\img\krefeld_000000_015687.png
1073,train,cityscapes,streetViewData\train\cityscapes\mask\stuttgart_000034_000019.png,streetViewData\train\cityscapes\img\stuttgart_000034_000019.png
1074,train,cityscapes,streetViewData\train\cityscapes\mask\stuttgart_000071_000019.png,streetViewData\train\cityscapes\img\stuttgart_000071_000019.png
1075,train,cityscapes,streetViewData\train\cityscapes\mask\erfurt_000086_000019.png,streetViewData\train\cityscapes\img\erfurt_000086_000019.png
1076,train,cityscapes,streetViewData\train\cityscapes\mask\hanover_000000_005970.png,streetViewData\train\cityscapes\img\hanover_000000_005970.png
1077,train,cityscapes,streetViewData\train\cityscapes\mask\tubingen_000023_000019.png,streetViewData\train\cityscapes\img\tubingen_000023_000019.png
1078,train,cityscapes,streetViewData\train\cityscapes\mask\jena_000101_000019.png,streetViewData\train\cityscapes\img\jena_000101_000019.png
1079,train,cityscapes,streetViewData\train\cityscapes\mask\strasbourg_000001_024379.png,streetViewData\train\cityscapes\img\strasbourg_000001_024379.png
1080,train,cityscapes,streetViewData\train\cityscapes\mask\erfurt_000075_000019.png,streetViewData\train\cityscapes\img\erfurt_000075_000019.png
1081,train,cityscapes,streetViewData\train\cityscapes\mask\jena_000056_000019.png,streetViewData\train\cityscapes\img\jena_000056_000019.png
1082,train,cityscapes,streetViewData\train\cityscapes\mask\ulm_000004_000019.png,streetViewData\train\cityscapes\img\ulm_000004_000019.png
1083,train,cityscapes,streetViewData\train\cityscapes\mask\ulm_000090_000019.png,streetViewData\train\cityscapes\img\ulm_000090_000019.png
1084,train,cityscapes,streetViewData\train\cityscapes\mask\bochum_000000_015321.png,streetViewData\train\cityscapes\img\bochum_000000_015321.png
1085,train,cityscapes,streetViewData\train\cityscapes\mask\tubingen_000012_000019.png,streetViewData\train\cityscapes\img\tubingen_000012_000019.png
1086,train,cityscapes,streetViewData\train\cityscapes\mask\strasbourg_000001_051934.png,streetViewData\train\cityscapes\img\strasbourg_000001_051934.png
1087,train,cityscapes,streetViewData\train\cityscapes\mask\stuttgart_000037_000019.png,streetViewData\train\cityscapes\img\stuttgart_000037_000019.png
1088,train,cityscapes,streetViewData\train\cityscapes\mask\krefeld_000000_024921.png,streetViewData\train\cityscapes\img\krefeld_000000_024921.png
1089,train,cityscapes,streetViewData\train\cityscapes\mask\darmstadt_000081_000019.png,streetViewData\train\cityscapes\img\darmstadt_000081_000019.png
1090,train,cityscapes,streetViewData\train\cityscapes\mask\tubingen_000000_000019.png,streetViewData\train\cityscapes\img\tubingen_000000_000019.png
1091,train,cityscapes,streetViewData\train\cityscapes\mask\hanover_000000_032210.png,streetViewData\train\cityscapes\img\hanover_000000_032210.png
1092,train,cityscapes,streetViewData\train\cityscapes\mask\erfurt_000078_000019.png,streetViewData\train\cityscapes\img\erfurt_000078_000019.png
1093,train,cityscapes,streetViewData\train\cityscapes\mask\hanover_000000_057532.png,streetViewData\train\cityscapes\img\hanover_000000_057532.png
1094,train,cityscapes,streetViewData\train\cityscapes\mask\hamburg_000000_046078.png,streetViewData\train\cityscapes\img\hamburg_000000_046078.png
1095,train,cityscapes,streetViewData\train\cityscapes\mask\strasbourg_000000_026882.png,streetViewData\train\cityscapes\img\strasbourg_000000_026882.png
1096,train,cityscapes,streetViewData\train\cityscapes\mask\tubingen_000011_000019.png,streetViewData\train\cityscapes\img\tubingen_000011_000019.png
1097,train,cityscapes,streetViewData\train\cityscapes\mask\hamburg_000000_099109.png,streetViewData\train\cityscapes\img\hamburg_000000_099109.png
1098,train,cityscapes,streetViewData\train\cityscapes\mask\tubingen_000039_000019.png,streetViewData\train\cityscapes\img\tubingen_000039_000019.png
1099,train,cityscapes,streetViewData\train\cityscapes\mask\hamburg_000000_055414.png,streetViewData\train\cityscapes\img\hamburg_000000_055414.png
1100,train,cityscapes,streetViewData\train\cityscapes\mask\tubingen_000025_000019.png,streetViewData\train\cityscapes\img\tubingen_000025_000019.png
1101,train,cityscapes,streetViewData\train\cityscapes\mask\strasbourg_000001_001722.png,streetViewData\train\cityscapes\img\strasbourg_000001_001722.png
1102,train,cityscapes,streetViewData\train\cityscapes\mask\strasbourg_000000_012070.png,streetViewData\train\cityscapes\img\strasbourg_000000_012070.png
1103,train,cityscapes,streetViewData\train\cityscapes\mask\cologne_000096_000019.png,streetViewData\train\cityscapes\img\cologne_000096_000019.png
1104,train,cityscapes,streetViewData\train\cityscapes\mask\strasbourg_000001_049977.png,streetViewData\train\cityscapes\img\strasbourg_000001_049977.png
1105,train,cityscapes,streetViewData\train\cityscapes\mask\erfurt_000035_000019.png,streetViewData\train\cityscapes\img\erfurt_000035_000019.png
1106,train,cityscapes,streetViewData\train\cityscapes\mask\monchengladbach_000000_035718.png,streetViewData\train\cityscapes\img\monchengladbach_000000_035718.png
1107,train,cityscapes,streetViewData\train\cityscapes\mask\jena_000062_000019.png,streetViewData\train\cityscapes\img\jena_000062_000019.png
1108,train,cityscapes,streetViewData\train\cityscapes\mask\strasbourg_000000_030122.png,streetViewData\train\cityscapes\img\strasbourg_000000_030122.png
1109,train,cityscapes,streetViewData\train\cityscapes\mask\krefeld_000000_003707.png,streetViewData\train\cityscapes\img\krefeld_000000_003707.png
1110,train,cityscapes,streetViewData\train\cityscapes\mask\strasbourg_000000_010372.png,streetViewData\train\cityscapes\img\strasbourg_000000_010372.png
1111,train,cityscapes,streetViewData\train\cityscapes\mask\stuttgart_000096_000019.png,streetViewData\train\cityscapes\img\stuttgart_000096_000019.png
1112,train,cityscapes,streetViewData\train\cityscapes\mask\strasbourg_000001_005219.png,streetViewData\train\cityscapes\img\strasbourg_000001_005219.png
1113,train,cityscapes,streetViewData\train\cityscapes\mask\monchengladbach_000000_035364.png,streetViewData\train\cityscapes\img\monchengladbach_000000_035364.png
1114,train,cityscapes,streetViewData\train\cityscapes\mask\strasbourg_000000_029839.png,streetViewData\train\cityscapes\img\strasbourg_000000_029839.png
1115,train,cityscapes,streetViewData\train\cityscapes\mask\stuttgart_000145_000019.png,streetViewData\train\cityscapes\img\stuttgart_000145_000019.png
1116,train,cityscapes,streetViewData\train\cityscapes\mask\cologne_000038_000019.png,streetViewData\train\cityscapes\img\cologne_000038_000019.png
1117,train,cityscapes,streetViewData\train\cityscapes\mask\darmstadt_000044_000019.png,streetViewData\train\cityscapes\img\darmstadt_000044_000019.png
1118,train,cityscapes,streetViewData\train\cityscapes\mask\strasbourg_000000_017283.png,streetViewData\train\cityscapes\img\strasbourg_000000_017283.png
1119,train,cityscapes,streetViewData\train\cityscapes\mask\hanover_000000_007897.png,streetViewData\train\cityscapes\img\hanover_000000_007897.png
1120,train,cityscapes,streetViewData\train\cityscapes\mask\hamburg_000000_032906.png,streetViewData\train\cityscapes\img\hamburg_000000_032906.png
1121,train,cityscapes,streetViewData\train\cityscapes\mask\stuttgart_000046_000019.png,streetViewData\train\cityscapes\img\stuttgart_000046_000019.png
1122,train,cityscapes,streetViewData\train\cityscapes\mask\bochum_000000_011255.png,streetViewData\train\cityscapes\img\bochum_000000_011255.png
1123,train,cityscapes,streetViewData\train\cityscapes\mask\hamburg_000000_088197.png,streetViewData\train\cityscapes\img\hamburg_000000_088197.png
1124,train,cityscapes,streetViewData\train\cityscapes\mask\hamburg_000000_079657.png,streetViewData\train\cityscapes\img\hamburg_000000_079657.png
1125,train,cityscapes,streetViewData\train\cityscapes\mask\strasbourg_000000_033062.png,streetViewData\train\cityscapes\img\strasbourg_000000_033062.png
1126,train,cityscapes,streetViewData\train\cityscapes\mask\stuttgart_000026_000019.png,streetViewData\train\cityscapes\img\stuttgart_000026_000019.png
1127,train,cityscapes,streetViewData\train\cityscapes\mask\strasbourg_000001_009333.png,streetViewData\train\cityscapes\img\strasbourg_000001_009333.png
1128,train,cityscapes,streetViewData\train\cityscapes\mask\cologne_000066_000019.png,streetViewData\train\cityscapes\img\cologne_000066_000019.png
1129,train,cityscapes,streetViewData\train\cityscapes\mask\tubingen_000088_000019.png,streetViewData\train\cityscapes\img\tubingen_000088_000019.png
1130,train,cityscapes,streetViewData\train\cityscapes\mask\hamburg_000000_059720.png,streetViewData\train\cityscapes\img\hamburg_000000_059720.png
1131,train,cityscapes,streetViewData\train\cityscapes\mask\stuttgart_000148_000019.png,streetViewData\train\cityscapes\img\stuttgart_000148_000019.png
1132,train,cityscapes,streetViewData\train\cityscapes\mask\strasbourg_000001_041215.png,streetViewData\train\cityscapes\img\strasbourg_000001_041215.png
1133,train,cityscapes,streetViewData\train\cityscapes\mask\erfurt_000082_000019.png,streetViewData\train\cityscapes\img\erfurt_000082_000019.png
1134,train,cityscapes,streetViewData\train\cityscapes\mask\bochum_000000_038150.png,streetViewData\train\cityscapes\img\bochum_000000_038150.png
1135,train,cityscapes,streetViewData\train\cityscapes\mask\jena_000118_000019.png,streetViewData\train\cityscapes\img\jena_000118_000019.png
1136,train,cityscapes,streetViewData\train\cityscapes\mask\strasbourg_000001_008771.png,streetViewData\train\cityscapes\img\strasbourg_000001_008771.png
1137,train,cityscapes,streetViewData\train\cityscapes\mask\stuttgart_000036_000019.png,streetViewData\train\cityscapes\img\stuttgart_000036_000019.png
1138,train,cityscapes,streetViewData\train\cityscapes\mask\strasbourg_000001_061685.png,streetViewData\train\cityscapes\img\strasbourg_000001_061685.png
1139,train,cityscapes,streetViewData\train\cityscapes\mask\stuttgart_000072_000019.png,streetViewData\train\cityscapes\img\stuttgart_000072_000019.png
1140,train,cityscapes,streetViewData\train\cityscapes\mask\krefeld_000000_024604.png,streetViewData\train\cityscapes\img\krefeld_000000_024604.png
1141,train,cityscapes,streetViewData\train\cityscapes\mask\krefeld_000000_017489.png,streetViewData\train\cityscapes\img\krefeld_000000_017489.png
1142,train,cityscapes,streetViewData\train\cityscapes\mask\cologne_000061_000019.png,streetViewData\train\cityscapes\img\cologne_000061_000019.png
1143,train,cityscapes,streetViewData\train\cityscapes\mask\monchengladbach_000000_020596.png,streetViewData\train\cityscapes\img\monchengladbach_000000_020596.png
1144,train,cityscapes,streetViewData\train\cityscapes\mask\hanover_000000_014713.png,streetViewData\train\cityscapes\img\hanover_000000_014713.png
1145,train,cityscapes,streetViewData\train\cityscapes\mask\darmstadt_000048_000019.png,streetViewData\train\cityscapes\img\darmstadt_000048_000019.png
1146,train,cityscapes,streetViewData\train\cityscapes\mask\strasbourg_000001_017469.png,streetViewData\train\cityscapes\img\strasbourg_000001_017469.png
1147,train,cityscapes,streetViewData\train\cityscapes\mask\hanover_000000_010553.png,streetViewData\train\cityscapes\img\hanover_000000_010553.png
1148,train,cityscapes,streetViewData\train\cityscapes\mask\darmstadt_000029_000019.png,streetViewData\train\cityscapes\img\darmstadt_000029_000019.png
1149,train,cityscapes,streetViewData\train\cityscapes\mask\krefeld_000000_014673.png,streetViewData\train\cityscapes\img\krefeld_000000_014673.png
1150,train,cityscapes,streetViewData\train\cityscapes\mask\monchengladbach_000000_009930.png,streetViewData\train\cityscapes\img\monchengladbach_000000_009930.png
1151,train,cityscapes,streetViewData\train\cityscapes\mask\hamburg_000000_027857.png,streetViewData\train\cityscapes\img\hamburg_000000_027857.png
1152,train,cityscapes,streetViewData\train\cityscapes\mask\cologne_000153_000019.png,streetViewData\train\cityscapes\img\cologne_000153_000019.png
1153,train,cityscapes,streetViewData\train\cityscapes\mask\hamburg_000000_018592.png,streetViewData\train\cityscapes\img\hamburg_000000_018592.png
1154,train,cityscapes,streetViewData\train\cityscapes\mask\strasbourg_000000_031323.png,streetViewData\train\cityscapes\img\strasbourg_000000_031323.png
1155,train,cityscapes,streetViewData\train\cityscapes\mask\strasbourg_000001_064393.png,streetViewData\train\cityscapes\img\strasbourg_000001_064393.png
1156,train,cityscapes,streetViewData\train\cityscapes\mask\krefeld_000000_032390.png,streetViewData\train\cityscapes\img\krefeld_000000_032390.png
1157,train,cityscapes,streetViewData\train\cityscapes\mask\cologne_000099_000019.png,streetViewData\train\cityscapes\img\cologne_000099_000019.png
1158,train,cityscapes,streetViewData\train\cityscapes\mask\strasbourg_000001_055934.png,streetViewData\train\cityscapes\img\strasbourg_000001_055934.png
1159,train,cityscapes,streetViewData\train\cityscapes\mask\hamburg_000000_044400.png,streetViewData\train\cityscapes\img\hamburg_000000_044400.png
1160,train,cityscapes,streetViewData\train\cityscapes\mask\stuttgart_000163_000019.png,streetViewData\train\cityscapes\img\stuttgart_000163_000019.png
1161,train,cityscapes,streetViewData\train\cityscapes\mask\stuttgart_000030_000019.png,streetViewData\train\cityscapes\img\stuttgart_000030_000019.png
1162,train,cityscapes,streetViewData\train\cityscapes\mask\bochum_000000_027057.png,streetViewData\train\cityscapes\img\bochum_000000_027057.png
1163,train,cityscapes,streetViewData\train\cityscapes\mask\darmstadt_000032_000019.png,streetViewData\train\cityscapes\img\darmstadt_000032_000019.png
1164,train,cityscapes,streetViewData\train\cityscapes\mask\jena_000021_000019.png,streetViewData\train\cityscapes\img\jena_000021_000019.png
1165,train,cityscapes,streetViewData\train\cityscapes\mask\hanover_000000_037298.png,streetViewData\train\cityscapes\img\hanover_000000_037298.png
1166,train,cityscapes,streetViewData\train\cityscapes\mask\erfurt_000089_000019.png,streetViewData\train\cityscapes\img\erfurt_000089_000019.png
1167,train,cityscapes,streetViewData\train\cityscapes\mask\erfurt_000013_000019.png,streetViewData\train\cityscapes\img\erfurt_000013_000019.png
1168,train,cityscapes,streetViewData\train\cityscapes\mask\krefeld_000000_004447.png,streetViewData\train\cityscapes\img\krefeld_000000_004447.png
1169,train,cityscapes,streetViewData\train\cityscapes\mask\hamburg_000000_044251.png,streetViewData\train\cityscapes\img\hamburg_000000_044251.png
1170,train,cityscapes,streetViewData\train\cityscapes\mask\hanover_000000_057710.png,streetViewData\train\cityscapes\img\hanover_000000_057710.png
1171,train,cityscapes,streetViewData\train\cityscapes\mask\bochum_000000_000885.png,streetViewData\train\cityscapes\img\bochum_000000_000885.png
1172,train,cityscapes,streetViewData\train\cityscapes\mask\darmstadt_000039_000019.png,streetViewData\train\cityscapes\img\darmstadt_000039_000019.png
1173,train,cityscapes,streetViewData\train\cityscapes\mask\tubingen_000005_000019.png,streetViewData\train\cityscapes\img\tubingen_000005_000019.png
1174,train,cityscapes,streetViewData\train\cityscapes\mask\krefeld_000000_019125.png,streetViewData\train\cityscapes\img\krefeld_000000_019125.png
1175,train,cityscapes,streetViewData\train\cityscapes\mask\jena_000071_000019.png,streetViewData\train\cityscapes\img\jena_000071_000019.png
1176,train,cityscapes,streetViewData\train\cityscapes\mask\hamburg_000000_069177.png,streetViewData\train\cityscapes\img\hamburg_000000_069177.png
1177,train,cityscapes,streetViewData\train\cityscapes\mask\hamburg_000000_099902.png,streetViewData\train\cityscapes\img\hamburg_000000_099902.png
1178,train,cityscapes,streetViewData\train\cityscapes\mask\strasbourg_000001_004745.png,streetViewData\train\cityscapes\img\strasbourg_000001_004745.png
1179,train,cityscapes,streetViewData\train\cityscapes\mask\jena_000116_000019.png,streetViewData\train\cityscapes\img\jena_000116_000019.png
1180,train,cityscapes,streetViewData\train\cityscapes\mask\ulm_000088_000019.png,streetViewData\train\cityscapes\img\ulm_000088_000019.png
1181,train,cityscapes,streetViewData\train\cityscapes\mask\hamburg_000000_054220.png,streetViewData\train\cityscapes\img\hamburg_000000_054220.png
1182,train,cityscapes,streetViewData\train\cityscapes\mask\hamburg_000000_032719.png,streetViewData\train\cityscapes\img\hamburg_000000_032719.png
1183,train,cityscapes,streetViewData\train\cityscapes\mask\erfurt_000018_000019.png,streetViewData\train\cityscapes\img\erfurt_000018_000019.png
1184,train,cityscapes,streetViewData\train\cityscapes\mask\stuttgart_000078_000019.png,streetViewData\train\cityscapes\img\stuttgart_000078_000019.png
1185,train,cityscapes,streetViewData\train\cityscapes\mask\hanover_000000_052649.png,streetViewData\train\cityscapes\img\hanover_000000_052649.png
1186,train,cityscapes,streetViewData\train\cityscapes\mask\strasbourg_000000_029481.png,streetViewData\train\cityscapes\img\strasbourg_000000_029481.png
1187,train,cityscapes,streetViewData\train\cityscapes\mask\ulm_000023_000019.png,streetViewData\train\cityscapes\img\ulm_000023_000019.png
1188,train,cityscapes,streetViewData\train\cityscapes\mask\erfurt_000051_000019.png,streetViewData\train\cityscapes\img\erfurt_000051_000019.png
1189,train,cityscapes,streetViewData\train\cityscapes\mask\strasbourg_000001_030539.png,streetViewData\train\cityscapes\img\strasbourg_000001_030539.png
1190,train,cityscapes,streetViewData\train\cityscapes\mask\darmstadt_000079_000019.png,streetViewData\train\cityscapes\img\darmstadt_000079_000019.png
1191,train,cityscapes,streetViewData\train\cityscapes\mask\stuttgart_000120_000019.png,streetViewData\train\cityscapes\img\stuttgart_000120_000019.png
1192,train,cityscapes,streetViewData\train\cityscapes\mask\strasbourg_000001_060173.png,streetViewData\train\cityscapes\img\strasbourg_000001_060173.png
1193,train,cityscapes,streetViewData\train\cityscapes\mask\krefeld_000000_032845.png,streetViewData\train\cityscapes\img\krefeld_000000_032845.png
1194,train,cityscapes,streetViewData\train\cityscapes\mask\strasbourg_000000_034040.png,streetViewData\train\cityscapes\img\strasbourg_000000_034040.png
1195,train,cityscapes,streetViewData\train\cityscapes\mask\strasbourg_000001_013914.png,streetViewData\train\cityscapes\img\strasbourg_000001_013914.png
1196,train,cityscapes,streetViewData\train\cityscapes\mask\krefeld_000000_005503.png,streetViewData\train\cityscapes\img\krefeld_000000_005503.png
1197,train,cityscapes,streetViewData\train\cityscapes\mask\hanover_000000_032681.png,streetViewData\train\cityscapes\img\hanover_000000_032681.png
1198,train,cityscapes,streetViewData\train\cityscapes\mask\erfurt_000085_000019.png,streetViewData\train\cityscapes\img\erfurt_000085_000019.png
1199,train,cityscapes,streetViewData\train\cityscapes\mask\bochum_000000_017216.png,streetViewData\train\cityscapes\img\bochum_000000_017216.png
1200,train,cityscapes,streetViewData\train\cityscapes\mask\strasbourg_000000_028628.png,streetViewData\train\cityscapes\img\strasbourg_000000_028628.png
1201,train,cityscapes,streetViewData\train\cityscapes\mask\hanover_000000_025335.png,streetViewData\train\cityscapes\img\hanover_000000_025335.png
1202,train,cityscapes,streetViewData\train\cityscapes\mask\tubingen_000044_000019.png,streetViewData\train\cityscapes\img\tubingen_000044_000019.png
1203,train,cityscapes,streetViewData\train\cityscapes\mask\hanover_000000_048379.png,streetViewData\train\cityscapes\img\hanover_000000_048379.png
1204,train,cityscapes,streetViewData\train\cityscapes\mask\erfurt_000055_000019.png,streetViewData\train\cityscapes\img\erfurt_000055_000019.png
1205,train,cityscapes,streetViewData\train\cityscapes\mask\strasbourg_000001_057930.png,streetViewData\train\cityscapes\img\strasbourg_000001_057930.png
1206,train,cityscapes,streetViewData\train\cityscapes\mask\hamburg_000000_102574.png,streetViewData\train\cityscapes\img\hamburg_000000_102574.png
1207,train,cityscapes,streetViewData\train\cityscapes\mask\krefeld_000000_005252.png,streetViewData\train\cityscapes\img\krefeld_000000_005252.png
1208,train,cityscapes,streetViewData\train\cityscapes\mask\monchengladbach_000000_032540.png,streetViewData\train\cityscapes\img\monchengladbach_000000_032540.png
1209,train,cityscapes,streetViewData\train\cityscapes\mask\tubingen_000101_000019.png,streetViewData\train\cityscapes\img\tubingen_000101_000019.png
1210,train,cityscapes,streetViewData\train\cityscapes\mask\jena_000028_000019.png,streetViewData\train\cityscapes\img\jena_000028_000019.png
1211,train,cityscapes,streetViewData\train\cityscapes\mask\cologne_000033_000019.png,streetViewData\train\cityscapes\img\cologne_000033_000019.png
1212,train,cityscapes,streetViewData\train\cityscapes\mask\monchengladbach_000001_002229.png,streetViewData\train\cityscapes\img\monchengladbach_000001_002229.png
1213,train,cityscapes,streetViewData\train\cityscapes\mask\hamburg_000000_073549.png,streetViewData\train\cityscapes\img\hamburg_000000_073549.png
1214,train,cityscapes,streetViewData\train\cityscapes\mask\erfurt_000004_000019.png,streetViewData\train\cityscapes\img\erfurt_000004_000019.png
1215,train,cityscapes,streetViewData\train\cityscapes\mask\strasbourg_000000_009619.png,streetViewData\train\cityscapes\img\strasbourg_000000_009619.png
1216,train,cityscapes,streetViewData\train\cityscapes\mask\hamburg_000000_003488.png,streetViewData\train\cityscapes\img\hamburg_000000_003488.png
1217,train,cityscapes,streetViewData\train\cityscapes\mask\hanover_000000_030346.png,streetViewData\train\cityscapes\img\hanover_000000_030346.png
1218,train,cityscapes,streetViewData\train\cityscapes\mask\tubingen_000085_000019.png,streetViewData\train\cityscapes\img\tubingen_000085_000019.png
1219,train,cityscapes,streetViewData\train\cityscapes\mask\hanover_000000_046732.png,streetViewData\train\cityscapes\img\hanover_000000_046732.png
1220,train,cityscapes,streetViewData\train\cityscapes\mask\bochum_000000_005936.png,streetViewData\train\cityscapes\img\bochum_000000_005936.png
1221,train,cityscapes,streetViewData\train\cityscapes\mask\krefeld_000000_028378.png,streetViewData\train\cityscapes\img\krefeld_000000_028378.png
1222,train,cityscapes,streetViewData\train\cityscapes\mask\cologne_000051_000019.png,streetViewData\train\cityscapes\img\cologne_000051_000019.png
1223,train,cityscapes,streetViewData\train\cityscapes\mask\erfurt_000084_000019.png,streetViewData\train\cityscapes\img\erfurt_000084_000019.png
1224,train,cityscapes,streetViewData\train\cityscapes\mask\strasbourg_000000_008677.png,streetViewData\train\cityscapes\img\strasbourg_000000_008677.png
1225,train,cityscapes,streetViewData\train\cityscapes\mask\strasbourg_000000_025907.png,streetViewData\train\cityscapes\img\strasbourg_000000_025907.png
1226,train,cityscapes,streetViewData\train\cityscapes\mask\bochum_000000_029203.png,streetViewData\train\cityscapes\img\bochum_000000_029203.png
1227,train,cityscapes,streetViewData\train\cityscapes\mask\strasbourg_000000_025491.png,streetViewData\train\cityscapes\img\strasbourg_000000_025491.png
1228,train,cityscapes,streetViewData\train\cityscapes\mask\strasbourg_000001_060821.png,streetViewData\train\cityscapes\img\strasbourg_000001_060821.png
1229,train,cityscapes,streetViewData\train\cityscapes\mask\erfurt_000011_000019.png,streetViewData\train\cityscapes\img\erfurt_000011_000019.png
1230,train,cityscapes,streetViewData\train\cityscapes\mask\stuttgart_000049_000019.png,streetViewData\train\cityscapes\img\stuttgart_000049_000019.png
1231,train,cityscapes,streetViewData\train\cityscapes\mask\hanover_000000_005732.png,streetViewData\train\cityscapes\img\hanover_000000_005732.png
1232,train,cityscapes,streetViewData\train\cityscapes\mask\strasbourg_000001_000113.png,streetViewData\train\cityscapes\img\strasbourg_000001_000113.png
1233,train,cityscapes,streetViewData\train\cityscapes\mask\monchengladbach_000000_015685.png,streetViewData\train\cityscapes\img\monchengladbach_000000_015685.png
1234,train,cityscapes,streetViewData\train\cityscapes\mask\strasbourg_000001_047755.png,streetViewData\train\cityscapes\img\strasbourg_000001_047755.png
1235,train,cityscapes,streetViewData\train\cityscapes\mask\erfurt_000001_000019.png,streetViewData\train\cityscapes\img\erfurt_000001_000019.png
1236,train,cityscapes,streetViewData\train\cityscapes\mask\strasbourg_000000_005995.png,streetViewData\train\cityscapes\img\strasbourg_000000_005995.png
1237,train,cityscapes,streetViewData\train\cityscapes\mask\strasbourg_000001_033027.png,streetViewData\train\cityscapes\img\strasbourg_000001_033027.png
1238,train,cityscapes,streetViewData\train\cityscapes\mask\tubingen_000121_000019.png,streetViewData\train\cityscapes\img\tubingen_000121_000019.png
1239,train,cityscapes,streetViewData\train\cityscapes\mask\darmstadt_000074_000019.png,streetViewData\train\cityscapes\img\darmstadt_000074_000019.png
1240,train,cityscapes,streetViewData\train\cityscapes\mask\hamburg_000000_086636.png,streetViewData\train\cityscapes\img\hamburg_000000_086636.png
1241,train,cityscapes,streetViewData\train\cityscapes\mask\ulm_000040_000019.png,streetViewData\train\cityscapes\img\ulm_000040_000019.png
1242,train,cityscapes,streetViewData\train\cityscapes\mask\monchengladbach_000000_018575.png,streetViewData\train\cityscapes\img\monchengladbach_000000_018575.png
1243,train,cityscapes,streetViewData\train\cityscapes\mask\strasbourg_000000_005249.png,streetViewData\train\cityscapes\img\strasbourg_000000_005249.png
1244,train,cityscapes,streetViewData\train\cityscapes\mask\bochum_000000_015038.png,streetViewData\train\cityscapes\img\bochum_000000_015038.png
1245,train,cityscapes,streetViewData\train\cityscapes\mask\hamburg_000000_083696.png,streetViewData\train\cityscapes\img\hamburg_000000_083696.png
1246,train,cityscapes,streetViewData\train\cityscapes\mask\bochum_000000_026634.png,streetViewData\train\cityscapes\img\bochum_000000_026634.png
1247,train,cityscapes,streetViewData\train\cityscapes\mask\cologne_000144_000019.png,streetViewData\train\cityscapes\img\cologne_000144_000019.png
1248,train,cityscapes,streetViewData\train\cityscapes\mask\ulm_000052_000019.png,streetViewData\train\cityscapes\img\ulm_000052_000019.png
1249,train,cityscapes,streetViewData\train\cityscapes\mask\hanover_000000_003224.png,streetViewData\train\cityscapes\img\hanover_000000_003224.png
1250,train,cityscapes,streetViewData\train\cityscapes\mask\tubingen_000135_000019.png,streetViewData\train\cityscapes\img\tubingen_000135_000019.png
1251,train,cityscapes,streetViewData\train\cityscapes\mask\cologne_000136_000019.png,streetViewData\train\cityscapes\img\cologne_000136_000019.png
1252,train,cityscapes,streetViewData\train\cityscapes\mask\bochum_000000_037223.png,streetViewData\train\cityscapes\img\bochum_000000_037223.png
1253,train,cityscapes,streetViewData\train\cityscapes\mask\hamburg_000000_000042.png,streetViewData\train\cityscapes\img\hamburg_000000_000042.png
1254,train,cityscapes,streetViewData\train\cityscapes\mask\cologne_000004_000019.png,streetViewData\train\cityscapes\img\cologne_000004_000019.png
1255,train,cityscapes,streetViewData\train\cityscapes\mask\hamburg_000000_088939.png,streetViewData\train\cityscapes\img\hamburg_000000_088939.png
1256,train,cityscapes,streetViewData\train\cityscapes\mask\strasbourg_000000_024945.png,streetViewData\train\cityscapes\img\strasbourg_000000_024945.png
1257,train,cityscapes,streetViewData\train\cityscapes\mask\strasbourg_000001_018742.png,streetViewData\train\cityscapes\img\strasbourg_000001_018742.png
1258,train,cityscapes,streetViewData\train\cityscapes\mask\hamburg_000000_006192.png,streetViewData\train\cityscapes\img\hamburg_000000_006192.png
1259,train,cityscapes,streetViewData\train\cityscapes\mask\cologne_000074_000019.png,streetViewData\train\cityscapes\img\cologne_000074_000019.png
1260,train,cityscapes,streetViewData\train\cityscapes\mask\stuttgart_000160_000019.png,streetViewData\train\cityscapes\img\stuttgart_000160_000019.png
1261,train,cityscapes,streetViewData\train\cityscapes\mask\darmstadt_000056_000019.png,streetViewData\train\cityscapes\img\darmstadt_000056_000019.png
1262,train,cityscapes,streetViewData\train\cityscapes\mask\ulm_000002_000019.png,streetViewData\train\cityscapes\img\ulm_000002_000019.png
1263,train,cityscapes,streetViewData\train\cityscapes\mask\bochum_000000_019188.png,streetViewData\train\cityscapes\img\bochum_000000_019188.png
1264,train,cityscapes,streetViewData\train\cityscapes\mask\strasbourg_000001_035689.png,streetViewData\train\cityscapes\img\strasbourg_000001_035689.png
1265,train,cityscapes,streetViewData\train\cityscapes\mask\bochum_000000_022414.png,streetViewData\train\cityscapes\img\bochum_000000_022414.png
1266,train,cityscapes,streetViewData\train\cityscapes\mask\darmstadt_000050_000019.png,streetViewData\train\cityscapes\img\darmstadt_000050_000019.png
1267,train,cityscapes,streetViewData\train\cityscapes\mask\krefeld_000000_027954.png,streetViewData\train\cityscapes\img\krefeld_000000_027954.png
1268,train,cityscapes,streetViewData\train\cityscapes\mask\erfurt_000048_000019.png,streetViewData\train\cityscapes\img\erfurt_000048_000019.png
1269,train,cityscapes,streetViewData\train\cityscapes\mask\erfurt_000106_000019.png,streetViewData\train\cityscapes\img\erfurt_000106_000019.png
1270,train,cityscapes,streetViewData\train\cityscapes\mask\strasbourg_000000_034652.png,streetViewData\train\cityscapes\img\strasbourg_000000_034652.png
1271,train,cityscapes,streetViewData\train\cityscapes\mask\darmstadt_000000_000019.png,streetViewData\train\cityscapes\img\darmstadt_000000_000019.png
1272,train,cityscapes,streetViewData\train\cityscapes\mask\strasbourg_000001_022363.png,streetViewData\train\cityscapes\img\strasbourg_000001_022363.png
1273,train,cityscapes,streetViewData\train\cityscapes\mask\jena_000037_000019.png,streetViewData\train\cityscapes\img\jena_000037_000019.png
1274,train,cityscapes,streetViewData\train\cityscapes\mask\krefeld_000000_008239.png,streetViewData\train\cityscapes\img\krefeld_000000_008239.png
1275,train,cityscapes,streetViewData\train\cityscapes\mask\monchengladbach_000000_026602.png,streetViewData\train\cityscapes\img\monchengladbach_000000_026602.png
1276,train,cityscapes,streetViewData\train\cityscapes\mask\cologne_000088_000019.png,streetViewData\train\cityscapes\img\cologne_000088_000019.png
1277,train,cityscapes,streetViewData\train\cityscapes\mask\krefeld_000000_018747.png,streetViewData\train\cityscapes\img\krefeld_000000_018747.png
1278,train,cityscapes,streetViewData\train\cityscapes\mask\jena_000061_000019.png,streetViewData\train\cityscapes\img\jena_000061_000019.png
1279,train,cityscapes,streetViewData\train\cityscapes\mask\bochum_000000_031477.png,streetViewData\train\cityscapes\img\bochum_000000_031477.png
1280,train,cityscapes,streetViewData\train\cityscapes\mask\hamburg_000000_080169.png,streetViewData\train\cityscapes\img\hamburg_000000_080169.png
1281,train,cityscapes,streetViewData\train\cityscapes\mask\monchengladbach_000000_010505.png,streetViewData\train\cityscapes\img\monchengladbach_000000_010505.png
1282,train,cityscapes,streetViewData\train\cityscapes\mask\hamburg_000000_084865.png,streetViewData\train\cityscapes\img\hamburg_000000_084865.png
1283,train,cityscapes,streetViewData\train\cityscapes\mask\hanover_000000_002458.png,streetViewData\train\cityscapes\img\hanover_000000_002458.png
1284,train,cityscapes,streetViewData\train\cityscapes\mask\cologne_000150_000019.png,streetViewData\train\cityscapes\img\cologne_000150_000019.png
1285,train,cityscapes,streetViewData\train\cityscapes\mask\stuttgart_000100_000019.png,streetViewData\train\cityscapes\img\stuttgart_000100_000019.png
1286,train,cityscapes,streetViewData\train\cityscapes\mask\hamburg_000000_070444.png,streetViewData\train\cityscapes\img\hamburg_000000_070444.png
1287,train,cityscapes,streetViewData\train\cityscapes\mask\tubingen_000133_000019.png,streetViewData\train\cityscapes\img\tubingen_000133_000019.png
1288,train,cityscapes,streetViewData\train\cityscapes\mask\cologne_000141_000019.png,streetViewData\train\cityscapes\img\cologne_000141_000019.png
1289,train,cityscapes,streetViewData\train\cityscapes\mask\hanover_000000_051152.png,streetViewData\train\cityscapes\img\hanover_000000_051152.png
1290,train,cityscapes,streetViewData\train\cityscapes\mask\hamburg_000000_090742.png,streetViewData\train\cityscapes\img\hamburg_000000_090742.png
1291,train,cityscapes,streetViewData\train\cityscapes\mask\ulm_000006_000019.png,streetViewData\train\cityscapes\img\ulm_000006_000019.png
1292,train,cityscapes,streetViewData\train\cityscapes\mask\hamburg_000000_019760.png,streetViewData\train\cityscapes\img\hamburg_000000_019760.png
1293,train,cityscapes,streetViewData\train\cityscapes\mask\strasbourg_000000_013863.png,streetViewData\train\cityscapes\img\strasbourg_000000_013863.png
1294,train,cityscapes,streetViewData\train\cityscapes\mask\hamburg_000000_103367.png,streetViewData\train\cityscapes\img\hamburg_000000_103367.png
1295,train,cityscapes,streetViewData\train\cityscapes\mask\bochum_000000_003245.png,streetViewData\train\cityscapes\img\bochum_000000_003245.png
1296,train,cityscapes,streetViewData\train\cityscapes\mask\ulm_000007_000019.png,streetViewData\train\cityscapes\img\ulm_000007_000019.png
1297,train,cityscapes,streetViewData\train\cityscapes\mask\hanover_000000_021337.png,streetViewData\train\cityscapes\img\hanover_000000_021337.png
1298,train,cityscapes,streetViewData\train\cityscapes\mask\hanover_000000_000381.png,streetViewData\train\cityscapes\img\hanover_000000_000381.png
1299,train,cityscapes,streetViewData\train\cityscapes\mask\hamburg_000000_057487.png,streetViewData\train\cityscapes\img\hamburg_000000_057487.png
1300,train,cityscapes,streetViewData\train\cityscapes\mask\stuttgart_000193_000019.png,streetViewData\train\cityscapes\img\stuttgart_000193_000019.png
1301,train,cityscapes,streetViewData\train\cityscapes\mask\bochum_000000_028764.png,streetViewData\train\cityscapes\img\bochum_000000_028764.png
1302,train,cityscapes,streetViewData\train\cityscapes\mask\krefeld_000000_023143.png,streetViewData\train\cityscapes\img\krefeld_000000_023143.png
1303,train,cityscapes,streetViewData\train\cityscapes\mask\stuttgart_000166_000019.png,streetViewData\train\cityscapes\img\stuttgart_000166_000019.png
1304,train,cityscapes,streetViewData\train\cityscapes\mask\hanover_000000_042382.png,streetViewData\train\cityscapes\img\hanover_000000_042382.png
1305,train,cityscapes,streetViewData\train\cityscapes\mask\krefeld_000000_017042.png,streetViewData\train\cityscapes\img\krefeld_000000_017042.png
1306,train,cityscapes,streetViewData\train\cityscapes\mask\tubingen_000067_000019.png,streetViewData\train\cityscapes\img\tubingen_000067_000019.png
1307,train,cityscapes,streetViewData\train\cityscapes\mask\monchengladbach_000000_014685.png,streetViewData\train\cityscapes\img\monchengladbach_000000_014685.png
1308,train,cityscapes,streetViewData\train\cityscapes\mask\jena_000079_000019.png,streetViewData\train\cityscapes\img\jena_000079_000019.png
1309,train,cityscapes,streetViewData\train\cityscapes\mask\hanover_000000_039470.png,streetViewData\train\cityscapes\img\hanover_000000_039470.png
1310,train,cityscapes,streetViewData\train\cityscapes\mask\darmstadt_000059_000019.png,streetViewData\train\cityscapes\img\darmstadt_000059_000019.png
1311,train,cityscapes,streetViewData\train\cityscapes\mask\krefeld_000000_014886.png,streetViewData\train\cityscapes\img\krefeld_000000_014886.png
1312,train,cityscapes,streetViewData\train\cityscapes\mask\ulm_000017_000019.png,streetViewData\train\cityscapes\img\ulm_000017_000019.png
1313,train,cityscapes,streetViewData\train\cityscapes\mask\hanover_000000_047629.png,streetViewData\train\cityscapes\img\hanover_000000_047629.png
1314,train,cityscapes,streetViewData\train\cityscapes\mask\stuttgart_000191_000019.png,streetViewData\train\cityscapes\img\stuttgart_000191_000019.png
1315,train,cityscapes,streetViewData\train\cityscapes\mask\tubingen_000004_000019.png,streetViewData\train\cityscapes\img\tubingen_000004_000019.png
1316,train,cityscapes,streetViewData\train\cityscapes\mask\strasbourg_000000_014416.png,streetViewData\train\cityscapes\img\strasbourg_000000_014416.png
1317,train,cityscapes,streetViewData\train\cityscapes\mask\stuttgart_000180_000019.png,streetViewData\train\cityscapes\img\stuttgart_000180_000019.png
1318,train,cityscapes,streetViewData\train\cityscapes\mask\stuttgart_000059_000019.png,streetViewData\train\cityscapes\img\stuttgart_000059_000019.png
1319,train,cityscapes,streetViewData\train\cityscapes\mask\hamburg_000000_067587.png,streetViewData\train\cityscapes\img\hamburg_000000_067587.png
1320,train,cityscapes,streetViewData\train\cityscapes\mask\tubingen_000134_000019.png,streetViewData\train\cityscapes\img\tubingen_000134_000019.png
1321,train,cityscapes,streetViewData\train\cityscapes\mask\stuttgart_000168_000019.png,streetViewData\train\cityscapes\img\stuttgart_000168_000019.png
1322,train,cityscapes,streetViewData\train\cityscapes\mask\bochum_000000_008162.png,streetViewData\train\cityscapes\img\bochum_000000_008162.png
1323,train,cityscapes,streetViewData\train\cityscapes\mask\hamburg_000000_099368.png,streetViewData\train\cityscapes\img\hamburg_000000_099368.png
1324,train,cityscapes,streetViewData\train\cityscapes\mask\erfurt_000070_000019.png,streetViewData\train\cityscapes\img\erfurt_000070_000019.png
1325,train,cityscapes,streetViewData\train\cityscapes\mask\darmstadt_000031_000019.png,streetViewData\train\cityscapes\img\darmstadt_000031_000019.png
1326,train,cityscapes,streetViewData\train\cityscapes\mask\bochum_000000_003005.png,streetViewData\train\cityscapes\img\bochum_000000_003005.png
1327,train,cityscapes,streetViewData\train\cityscapes\mask\strasbourg_000000_029020.png,streetViewData\train\cityscapes\img\strasbourg_000000_029020.png
1328,train,cityscapes,streetViewData\train\cityscapes\mask\tubingen_000098_000019.png,streetViewData\train\cityscapes\img\tubingen_000098_000019.png
1329,train,cityscapes,streetViewData\train\cityscapes\mask\hamburg_000000_078579.png,streetViewData\train\cityscapes\img\hamburg_000000_078579.png
1330,train,cityscapes,streetViewData\train\cityscapes\mask\krefeld_000000_018514.png,streetViewData\train\cityscapes\img\krefeld_000000_018514.png
1331,train,cityscapes,streetViewData\train\cityscapes\mask\darmstadt_000043_000019.png,streetViewData\train\cityscapes\img\darmstadt_000043_000019.png
1332,train,cityscapes,streetViewData\train\cityscapes\mask\cologne_000139_000019.png,streetViewData\train\cityscapes\img\cologne_000139_000019.png
1333,train,cityscapes,streetViewData\train\cityscapes\mask\hamburg_000000_078842.png,streetViewData\train\cityscapes\img\hamburg_000000_078842.png
1334,train,cityscapes,streetViewData\train\cityscapes\mask\monchengladbach_000000_023052.png,streetViewData\train\cityscapes\img\monchengladbach_000000_023052.png
1335,train,cityscapes,streetViewData\train\cityscapes\mask\tubingen_000069_000019.png,streetViewData\train\cityscapes\img\tubingen_000069_000019.png
1336,train,cityscapes,streetViewData\train\cityscapes\mask\hamburg_000000_089696.png,streetViewData\train\cityscapes\img\hamburg_000000_089696.png
1337,train,cityscapes,streetViewData\train\cityscapes\mask\cologne_000098_000019.png,streetViewData\train\cityscapes\img\cologne_000098_000019.png
1338,train,cityscapes,streetViewData\train\cityscapes\mask\stuttgart_000017_000019.png,streetViewData\train\cityscapes\img\stuttgart_000017_000019.png
1339,train,cityscapes,streetViewData\train\cityscapes\mask\stuttgart_000155_000019.png,streetViewData\train\cityscapes\img\stuttgart_000155_000019.png
1340,train,cityscapes,streetViewData\train\cityscapes\mask\ulm_000079_000019.png,streetViewData\train\cityscapes\img\ulm_000079_000019.png
1341,train,cityscapes,streetViewData\train\cityscapes\mask\tubingen_000115_000019.png,streetViewData\train\cityscapes\img\tubingen_000115_000019.png
1342,train,cityscapes,streetViewData\train\cityscapes\mask\cologne_000003_000019.png,streetViewData\train\cityscapes\img\cologne_000003_000019.png
1343,train,cityscapes,streetViewData\train\cityscapes\mask\strasbourg_000001_012956.png,streetViewData\train\cityscapes\img\strasbourg_000001_012956.png
1344,train,cityscapes,streetViewData\train\cityscapes\mask\ulm_000046_000019.png,streetViewData\train\cityscapes\img\ulm_000046_000019.png
1345,train,cityscapes,streetViewData\train\cityscapes\mask\strasbourg_000001_036480.png,streetViewData\train\cityscapes\img\strasbourg_000001_036480.png
1346,train,cityscapes,streetViewData\train\cityscapes\mask\strasbourg_000001_057517.png,streetViewData\train\cityscapes\img\strasbourg_000001_057517.png
1347,train,cityscapes,streetViewData\train\cityscapes\mask\bochum_000000_014658.png,streetViewData\train\cityscapes\img\bochum_000000_014658.png
1348,train,cityscapes,streetViewData\train\cityscapes\mask\ulm_000084_000019.png,streetViewData\train\cityscapes\img\ulm_000084_000019.png
1349,train,cityscapes,streetViewData\train\cityscapes\mask\erfurt_000038_000019.png,streetViewData\train\cityscapes\img\erfurt_000038_000019.png
1350,train,cityscapes,streetViewData\train\cityscapes\mask\hanover_000000_056800.png,streetViewData\train\cityscapes\img\hanover_000000_056800.png
1351,train,cityscapes,streetViewData\train\cityscapes\mask\hanover_000000_020089.png,streetViewData\train\cityscapes\img\hanover_000000_020089.png
1352,train,cityscapes,streetViewData\train\cityscapes\mask\hanover_000000_035606.png,streetViewData\train\cityscapes\img\hanover_000000_035606.png
1353,train,cityscapes,streetViewData\train\cityscapes\mask\tubingen_000126_000019.png,streetViewData\train\cityscapes\img\tubingen_000126_000019.png
1354,train,cityscapes,streetViewData\train\cityscapes\mask\strasbourg_000000_019229.png,streetViewData\train\cityscapes\img\strasbourg_000000_019229.png
1355,train,cityscapes,streetViewData\train\cityscapes\mask\ulm_000022_000019.png,streetViewData\train\cityscapes\img\ulm_000022_000019.png
1356,train,cityscapes,streetViewData\train\cityscapes\mask\krefeld_000000_030111.png,streetViewData\train\cityscapes\img\krefeld_000000_030111.png
1357,train,cityscapes,streetViewData\train\cityscapes\mask\tubingen_000105_000019.png,streetViewData\train\cityscapes\img\tubingen_000105_000019.png
1358,train,cityscapes,streetViewData\train\cityscapes\mask\strasbourg_000001_016253.png,streetViewData\train\cityscapes\img\strasbourg_000001_016253.png
1359,train,cityscapes,streetViewData\train\cityscapes\mask\erfurt_000039_000019.png,streetViewData\train\cityscapes\img\erfurt_000039_000019.png
1360,train,cityscapes,streetViewData\train\cityscapes\mask\hanover_000000_013094.png,streetViewData\train\cityscapes\img\hanover_000000_013094.png
1361,train,cityscapes,streetViewData\train\cityscapes\mask\hamburg_000000_039546.png,streetViewData\train\cityscapes\img\hamburg_000000_039546.png
1362,train,cityscapes,streetViewData\train\cityscapes\mask\ulm_000063_000019.png,streetViewData\train\cityscapes\img\ulm_000063_000019.png
1363,train,cityscapes,streetViewData\train\cityscapes\mask\cologne_000072_000019.png,streetViewData\train\cityscapes\img\cologne_000072_000019.png
1364,train,cityscapes,streetViewData\train\cityscapes\mask\darmstadt_000013_000019.png,streetViewData\train\cityscapes\img\darmstadt_000013_000019.png
1365,train,cityscapes,streetViewData\train\cityscapes\mask\stuttgart_000195_000019.png,streetViewData\train\cityscapes\img\stuttgart_000195_000019.png
1366,train,cityscapes,streetViewData\train\cityscapes\mask\strasbourg_000001_014629.png,streetViewData\train\cityscapes\img\strasbourg_000001_014629.png
1367,train,cityscapes,streetViewData\train\cityscapes\mask\hanover_000000_027390.png,streetViewData\train\cityscapes\img\hanover_000000_027390.png
1368,train,cityscapes,streetViewData\train\cityscapes\mask\krefeld_000000_000316.png,streetViewData\train\cityscapes\img\krefeld_000000_000316.png
1369,train,cityscapes,streetViewData\train\cityscapes\mask\jena_000098_000019.png,streetViewData\train\cityscapes\img\jena_000098_000019.png
1370,train,cityscapes,streetViewData\train\cityscapes\mask\bochum_000000_029721.png,streetViewData\train\cityscapes\img\bochum_000000_029721.png
1371,train,cityscapes,streetViewData\train\cityscapes\mask\cologne_000048_000019.png,streetViewData\train\cityscapes\img\cologne_000048_000019.png
1372,train,cityscapes,streetViewData\train\cityscapes\mask\cologne_000135_000019.png,streetViewData\train\cityscapes\img\cologne_000135_000019.png
1373,train,cityscapes,streetViewData\train\cityscapes\mask\ulm_000018_000019.png,streetViewData\train\cityscapes\img\ulm_000018_000019.png
1374,train,cityscapes,streetViewData\train\cityscapes\mask\tubingen_000136_000019.png,streetViewData\train\cityscapes\img\tubingen_000136_000019.png
1375,train,cityscapes,streetViewData\train\cityscapes\mask\hanover_000000_024719.png,streetViewData\train\cityscapes\img\hanover_000000_024719.png
1376,train,cityscapes,streetViewData\train\cityscapes\mask\ulm_000094_000019.png,streetViewData\train\cityscapes\img\ulm_000094_000019.png
1377,train,cityscapes,streetViewData\train\cityscapes\mask\erfurt_000069_000019.png,streetViewData\train\cityscapes\img\erfurt_000069_000019.png
1378,train,cityscapes,streetViewData\train\cityscapes\mask\hanover_000000_052729.png,streetViewData\train\cityscapes\img\hanover_000000_052729.png
1379,train,cityscapes,streetViewData\train\cityscapes\mask\krefeld_000000_004608.png,streetViewData\train\cityscapes\img\krefeld_000000_004608.png
1380,train,cityscapes,streetViewData\train\cityscapes\mask\monchengladbach_000000_020303.png,streetViewData\train\cityscapes\img\monchengladbach_000000_020303.png
1381,train,cityscapes,streetViewData\train\cityscapes\mask\cologne_000030_000019.png,streetViewData\train\cityscapes\img\cologne_000030_000019.png
1382,train,cityscapes,streetViewData\train\cityscapes\mask\jena_000027_000019.png,streetViewData\train\cityscapes\img\jena_000027_000019.png
1383,train,cityscapes,streetViewData\train\cityscapes\mask\strasbourg_000001_029980.png,streetViewData\train\cityscapes\img\strasbourg_000001_029980.png
1384,train,cityscapes,streetViewData\train\cityscapes\mask\stuttgart_000004_000019.png,streetViewData\train\cityscapes\img\stuttgart_000004_000019.png
1385,train,cityscapes,streetViewData\train\cityscapes\mask\krefeld_000000_025434.png,streetViewData\train\cityscapes\img\krefeld_000000_025434.png
1386,train,cityscapes,streetViewData\train\cityscapes\mask\hamburg_000000_103856.png,streetViewData\train\cityscapes\img\hamburg_000000_103856.png
1387,train,cityscapes,streetViewData\train\cityscapes\mask\stuttgart_000033_000019.png,streetViewData\train\cityscapes\img\stuttgart_000033_000019.png
1388,train,cityscapes,streetViewData\train\cityscapes\mask\stuttgart_000111_000019.png,streetViewData\train\cityscapes\img\stuttgart_000111_000019.png
1389,train,cityscapes,streetViewData\train\cityscapes\mask\hanover_000000_035768.png,streetViewData\train\cityscapes\img\hanover_000000_035768.png
1390,train,cityscapes,streetViewData\train\cityscapes\mask\hamburg_000000_027304.png,streetViewData\train\cityscapes\img\hamburg_000000_027304.png
1391,train,cityscapes,streetViewData\train\cityscapes\mask\krefeld_000000_024276.png,streetViewData\train\cityscapes\img\krefeld_000000_024276.png
1392,train,cityscapes,streetViewData\train\cityscapes\mask\hamburg_000000_062964.png,streetViewData\train\cityscapes\img\hamburg_000000_062964.png
1393,train,cityscapes,streetViewData\train\cityscapes\mask\monchengladbach_000000_036139.png,streetViewData\train\cityscapes\img\monchengladbach_000000_036139.png
1394,train,cityscapes,streetViewData\train\cityscapes\mask\cologne_000130_000019.png,streetViewData\train\cityscapes\img\cologne_000130_000019.png
1395,train,cityscapes,streetViewData\train\cityscapes\mask\stuttgart_000141_000019.png,streetViewData\train\cityscapes\img\stuttgart_000141_000019.png
1396,train,cityscapes,streetViewData\train\cityscapes\mask\hamburg_000000_021961.png,streetViewData\train\cityscapes\img\hamburg_000000_021961.png
1397,train,cityscapes,streetViewData\train\cityscapes\mask\hanover_000000_045446.png,streetViewData\train\cityscapes\img\hanover_000000_045446.png
1398,train,cityscapes,streetViewData\train\cityscapes\mask\jena_000045_000019.png,streetViewData\train\cityscapes\img\jena_000045_000019.png
1399,train,cityscapes,streetViewData\train\cityscapes\mask\stuttgart_000050_000019.png,streetViewData\train\cityscapes\img\stuttgart_000050_000019.png
1400,train,cityscapes,streetViewData\train\cityscapes\mask\strasbourg_000001_014033.png,streetViewData\train\cityscapes\img\strasbourg_000001_014033.png
1401,train,cityscapes,streetViewData\train\cityscapes\mask\bochum_000000_018195.png,streetViewData\train\cityscapes\img\bochum_000000_018195.png
1402,train,cityscapes,streetViewData\train\cityscapes\mask\bochum_000000_015645.png,streetViewData\train\cityscapes\img\bochum_000000_015645.png
1403,train,cityscapes,streetViewData\train\cityscapes\mask\jena_000096_000019.png,streetViewData\train\cityscapes\img\jena_000096_000019.png
1404,train,cityscapes,streetViewData\train\cityscapes\mask\tubingen_000114_000019.png,streetViewData\train\cityscapes\img\tubingen_000114_000019.png
1405,train,cityscapes,streetViewData\train\cityscapes\mask\ulm_000001_000019.png,streetViewData\train\cityscapes\img\ulm_000001_000019.png
1406,train,cityscapes,streetViewData\train\cityscapes\mask\hamburg_000000_092850.png,streetViewData\train\cityscapes\img\hamburg_000000_092850.png
1407,train,cityscapes,streetViewData\train\cityscapes\mask\hanover_000000_023276.png,streetViewData\train\cityscapes\img\hanover_000000_023276.png
1408,train,cityscapes,streetViewData\train\cityscapes\mask\hamburg_000000_054029.png,streetViewData\train\cityscapes\img\hamburg_000000_054029.png
1409,train,cityscapes,streetViewData\train\cityscapes\mask\stuttgart_000142_000019.png,streetViewData\train\cityscapes\img\stuttgart_000142_000019.png
1410,train,cityscapes,streetViewData\train\cityscapes\mask\krefeld_000000_029704.png,streetViewData\train\cityscapes\img\krefeld_000000_029704.png
1411,train,cityscapes,streetViewData\train\cityscapes\mask\hamburg_000000_016447.png,streetViewData\train\cityscapes\img\hamburg_000000_016447.png
1412,train,cityscapes,streetViewData\train\cityscapes\mask\krefeld_000000_032614.png,streetViewData\train\cityscapes\img\krefeld_000000_032614.png
1413,train,cityscapes,streetViewData\train\cityscapes\mask\monchengladbach_000000_022361.png,streetViewData\train\cityscapes\img\monchengladbach_000000_022361.png
1414,train,cityscapes,streetViewData\train\cityscapes\mask\tubingen_000139_000019.png,streetViewData\train\cityscapes\img\tubingen_000139_000019.png
1415,train,cityscapes,streetViewData\train\cityscapes\mask\ulm_000028_000019.png,streetViewData\train\cityscapes\img\ulm_000028_000019.png
1416,train,cityscapes,streetViewData\train\cityscapes\mask\strasbourg_000000_020432.png,streetViewData\train\cityscapes\img\strasbourg_000000_020432.png
1417,train,cityscapes,streetViewData\train\cityscapes\mask\cologne_000005_000019.png,streetViewData\train\cityscapes\img\cologne_000005_000019.png
1418,train,cityscapes,streetViewData\train\cityscapes\mask\hanover_000000_041493.png,streetViewData\train\cityscapes\img\hanover_000000_041493.png
1419,train,cityscapes,streetViewData\train\cityscapes\mask\ulm_000086_000019.png,streetViewData\train\cityscapes\img\ulm_000086_000019.png
1420,train,cityscapes,streetViewData\train\cityscapes\mask\darmstadt_000036_000019.png,streetViewData\train\cityscapes\img\darmstadt_000036_000019.png
1421,train,cityscapes,streetViewData\train\cityscapes\mask\bochum_000000_014332.png,streetViewData\train\cityscapes\img\bochum_000000_014332.png
1422,train,cityscapes,streetViewData\train\cityscapes\mask\hamburg_000000_103186.png,streetViewData\train\cityscapes\img\hamburg_000000_103186.png
1423,train,cityscapes,streetViewData\train\cityscapes\mask\strasbourg_000001_021951.png,streetViewData\train\cityscapes\img\strasbourg_000001_021951.png
1424,train,cityscapes,streetViewData\train\cityscapes\mask\hanover_000000_018800.png,streetViewData\train\cityscapes\img\hanover_000000_018800.png
1425,train,cityscapes,streetViewData\train\cityscapes\mask\stuttgart_000146_000019.png,streetViewData\train\cityscapes\img\stuttgart_000146_000019.png
1426,train,cityscapes,streetViewData\train\cityscapes\mask\cologne_000145_000019.png,streetViewData\train\cityscapes\img\cologne_000145_000019.png
1427,train,cityscapes,streetViewData\train\cityscapes\mask\erfurt_000036_000019.png,streetViewData\train\cityscapes\img\erfurt_000036_000019.png
1428,train,cityscapes,streetViewData\train\cityscapes\mask\stuttgart_000172_000019.png,streetViewData\train\cityscapes\img\stuttgart_000172_000019.png
1429,train,cityscapes,streetViewData\train\cityscapes\mask\erfurt_000041_000019.png,streetViewData\train\cityscapes\img\erfurt_000041_000019.png
1430,train,cityscapes,streetViewData\train\cityscapes\mask\stuttgart_000002_000019.png,streetViewData\train\cityscapes\img\stuttgart_000002_000019.png
1431,train,cityscapes,streetViewData\train\cityscapes\mask\hanover_000000_005175.png,streetViewData\train\cityscapes\img\hanover_000000_005175.png
1432,train,cityscapes,streetViewData\train\cityscapes\mask\bochum_000000_024196.png,streetViewData\train\cityscapes\img\bochum_000000_024196.png
1433,train,cityscapes,streetViewData\train\cityscapes\mask\monchengladbach_000000_034302.png,streetViewData\train\cityscapes\img\monchengladbach_000000_034302.png
1434,train,cityscapes,streetViewData\train\cityscapes\mask\hanover_000000_044622.png,streetViewData\train\cityscapes\img\hanover_000000_044622.png
1435,train,cityscapes,streetViewData\train\cityscapes\mask\stuttgart_000025_000019.png,streetViewData\train\cityscapes\img\stuttgart_000025_000019.png
1436,train,cityscapes,streetViewData\train\cityscapes\mask\cologne_000029_000019.png,streetViewData\train\cityscapes\img\cologne_000029_000019.png
1437,train,cityscapes,streetViewData\train\cityscapes\mask\stuttgart_000124_000019.png,streetViewData\train\cityscapes\img\stuttgart_000124_000019.png
1438,train,cityscapes,streetViewData\train\cityscapes\mask\stuttgart_000000_000019.png,streetViewData\train\cityscapes\img\stuttgart_000000_000019.png
1439,train,cityscapes,streetViewData\train\cityscapes\mask\tubingen_000027_000019.png,streetViewData\train\cityscapes\img\tubingen_000027_000019.png
1440,train,cityscapes,streetViewData\train\cityscapes\mask\tubingen_000057_000019.png,streetViewData\train\cityscapes\img\tubingen_000057_000019.png
1441,train,cityscapes,streetViewData\train\cityscapes\mask\ulm_000092_000019.png,streetViewData\train\cityscapes\img\ulm_000092_000019.png
1442,train,cityscapes,streetViewData\train\cityscapes\mask\strasbourg_000000_034387.png,streetViewData\train\cityscapes\img\strasbourg_000000_034387.png
1443,train,cityscapes,streetViewData\train\cityscapes\mask\stuttgart_000084_000019.png,streetViewData\train\cityscapes\img\stuttgart_000084_000019.png
1444,train,cityscapes,streetViewData\train\cityscapes\mask\cologne_000032_000019.png,streetViewData\train\cityscapes\img\cologne_000032_000019.png
1445,train,cityscapes,streetViewData\train\cityscapes\mask\monchengladbach_000000_028883.png,streetViewData\train\cityscapes\img\monchengladbach_000000_028883.png
1446,train,cityscapes,streetViewData\train\cityscapes\mask\hanover_000000_023614.png,streetViewData\train\cityscapes\img\hanover_000000_023614.png
1447,train,cityscapes,streetViewData\train\cityscapes\mask\strasbourg_000001_055698.png,streetViewData\train\cityscapes\img\strasbourg_000001_055698.png
1448,train,cityscapes,streetViewData\train\cityscapes\mask\strasbourg_000001_022560.png,streetViewData\train\cityscapes\img\strasbourg_000001_022560.png
1449,train,cityscapes,streetViewData\train\cityscapes\mask\cologne_000142_000019.png,streetViewData\train\cityscapes\img\cologne_000142_000019.png
1450,train,cityscapes,streetViewData\train\cityscapes\mask\tubingen_000017_000019.png,streetViewData\train\cityscapes\img\tubingen_000017_000019.png
1451,train,cityscapes,streetViewData\train\cityscapes\mask\tubingen_000116_000019.png,streetViewData\train\cityscapes\img\tubingen_000116_000019.png
1452,train,cityscapes,streetViewData\train\cityscapes\mask\hanover_000000_043102.png,streetViewData\train\cityscapes\img\hanover_000000_043102.png
1453,train,cityscapes,streetViewData\train\cityscapes\mask\strasbourg_000000_023854.png,streetViewData\train\cityscapes\img\strasbourg_000000_023854.png
1454,train,cityscapes,streetViewData\train\cityscapes\mask\hanover_000000_046572.png,streetViewData\train\cityscapes\img\hanover_000000_046572.png
1455,train,cityscapes,streetViewData\train\cityscapes\mask\krefeld_000000_020873.png,streetViewData\train\cityscapes\img\krefeld_000000_020873.png
1456,train,cityscapes,streetViewData\train\cityscapes\mask\hamburg_000000_093787.png,streetViewData\train\cityscapes\img\hamburg_000000_093787.png
1457,train,cityscapes,streetViewData\train\cityscapes\mask\ulm_000080_000019.png,streetViewData\train\cityscapes\img\ulm_000080_000019.png
1458,train,cityscapes,streetViewData\train\cityscapes\mask\cologne_000016_000019.png,streetViewData\train\cityscapes\img\cologne_000016_000019.png
1459,train,cityscapes,streetViewData\train\cityscapes\mask\jena_000078_000019.png,streetViewData\train\cityscapes\img\jena_000078_000019.png
1460,train,cityscapes,streetViewData\train\cityscapes\mask\tubingen_000093_000019.png,streetViewData\train\cityscapes\img\tubingen_000093_000019.png
1461,train,cityscapes,streetViewData\train\cityscapes\mask\hanover_000000_029325.png,streetViewData\train\cityscapes\img\hanover_000000_029325.png
1462,train,cityscapes,streetViewData\train\cityscapes\mask\erfurt_000031_000019.png,streetViewData\train\cityscapes\img\erfurt_000031_000019.png
1463,train,cityscapes,streetViewData\train\cityscapes\mask\cologne_000147_000019.png,streetViewData\train\cityscapes\img\cologne_000147_000019.png
1464,train,cityscapes,streetViewData\train\cityscapes\mask\jena_000023_000019.png,streetViewData\train\cityscapes\img\jena_000023_000019.png
1465,train,cityscapes,streetViewData\train\cityscapes\mask\tubingen_000046_000019.png,streetViewData\train\cityscapes\img\tubingen_000046_000019.png
1466,train,cityscapes,streetViewData\train\cityscapes\mask\monchengladbach_000000_030010.png,streetViewData\train\cityscapes\img\monchengladbach_000000_030010.png
1467,train,cityscapes,streetViewData\train\cityscapes\mask\hanover_000000_027481.png,streetViewData\train\cityscapes\img\hanover_000000_027481.png
1468,train,cityscapes,streetViewData\train\cityscapes\mask\bochum_000000_021393.png,streetViewData\train\cityscapes\img\bochum_000000_021393.png
1469,train,cityscapes,streetViewData\train\cityscapes\mask\hanover_000000_031144.png,streetViewData\train\cityscapes\img\hanover_000000_031144.png
1470,train,cityscapes,streetViewData\train\cityscapes\mask\strasbourg_000001_052430.png,streetViewData\train\cityscapes\img\strasbourg_000001_052430.png
1471,train,cityscapes,streetViewData\train\cityscapes\mask\stuttgart_000031_000019.png,streetViewData\train\cityscapes\img\stuttgart_000031_000019.png
1472,train,cityscapes,streetViewData\train\cityscapes\mask\tubingen_000110_000019.png,streetViewData\train\cityscapes\img\tubingen_000110_000019.png
1473,train,cityscapes,streetViewData\train\cityscapes\mask\stuttgart_000137_000019.png,streetViewData\train\cityscapes\img\stuttgart_000137_000019.png
1474,train,cityscapes,streetViewData\train\cityscapes\mask\strasbourg_000000_004383.png,streetViewData\train\cityscapes\img\strasbourg_000000_004383.png
1475,train,cityscapes,streetViewData\train\cityscapes\mask\jena_000007_000019.png,streetViewData\train\cityscapes\img\jena_000007_000019.png
1476,train,cityscapes,streetViewData\train\cityscapes\mask\krefeld_000000_025812.png,streetViewData\train\cityscapes\img\krefeld_000000_025812.png
1477,train,cityscapes,streetViewData\train\cityscapes\mask\krefeld_000000_017342.png,streetViewData\train\cityscapes\img\krefeld_000000_017342.png
1478,train,cityscapes,streetViewData\train\cityscapes\mask\hamburg_000000_041667.png,streetViewData\train\cityscapes\img\hamburg_000000_041667.png
1479,train,cityscapes,streetViewData\train\cityscapes\mask\stuttgart_000047_000019.png,streetViewData\train\cityscapes\img\stuttgart_000047_000019.png
1480,train,cityscapes,streetViewData\train\cityscapes\mask\hanover_000000_034935.png,streetViewData\train\cityscapes\img\hanover_000000_034935.png
1481,train,cityscapes,streetViewData\train\cityscapes\mask\strasbourg_000000_023694.png,streetViewData\train\cityscapes\img\strasbourg_000000_023694.png
1482,train,cityscapes,streetViewData\train\cityscapes\mask\tubingen_000112_000019.png,streetViewData\train\cityscapes\img\tubingen_000112_000019.png
1483,train,cityscapes,streetViewData\train\cityscapes\mask\bochum_000000_013209.png,streetViewData\train\cityscapes\img\bochum_000000_013209.png
1484,train,cityscapes,streetViewData\train\cityscapes\mask\hamburg_000000_061048.png,streetViewData\train\cityscapes\img\hamburg_000000_061048.png
1485,train,cityscapes,streetViewData\train\cityscapes\mask\tubingen_000053_000019.png,streetViewData\train\cityscapes\img\tubingen_000053_000019.png
1486,train,cityscapes,streetViewData\train\cityscapes\mask\stuttgart_000169_000019.png,streetViewData\train\cityscapes\img\stuttgart_000169_000019.png
1487,train,cityscapes,streetViewData\train\cityscapes\mask\ulm_000055_000019.png,streetViewData\train\cityscapes\img\ulm_000055_000019.png
1488,train,cityscapes,streetViewData\train\cityscapes\mask\jena_000086_000019.png,streetViewData\train\cityscapes\img\jena_000086_000019.png
1489,train,cityscapes,streetViewData\train\cityscapes\mask\tubingen_000087_000019.png,streetViewData\train\cityscapes\img\tubingen_000087_000019.png
1490,train,cityscapes,streetViewData\train\cityscapes\mask\erfurt_000029_000019.png,streetViewData\train\cityscapes\img\erfurt_000029_000019.png
1491,train,cityscapes,streetViewData\train\cityscapes\mask\monchengladbach_000000_007098.png,streetViewData\train\cityscapes\img\monchengladbach_000000_007098.png
1492,train,cityscapes,streetViewData\train\cityscapes\mask\cologne_000131_000019.png,streetViewData\train\cityscapes\img\cologne_000131_000019.png
1493,train,cityscapes,streetViewData\train\cityscapes\mask\hanover_000000_031856.png,streetViewData\train\cityscapes\img\hanover_000000_031856.png
1494,train,cityscapes,streetViewData\train\cityscapes\mask\strasbourg_000001_000508.png,streetViewData\train\cityscapes\img\strasbourg_000001_000508.png
1495,train,cityscapes,streetViewData\train\cityscapes\mask\strasbourg_000001_062691.png,streetViewData\train\cityscapes\img\strasbourg_000001_062691.png
1496,train,cityscapes,streetViewData\train\cityscapes\mask\jena_000039_000019.png,streetViewData\train\cityscapes\img\jena_000039_000019.png
1497,train,cityscapes,streetViewData\train\cityscapes\mask\hanover_000000_044195.png,streetViewData\train\cityscapes\img\hanover_000000_044195.png
1498,train,cityscapes,streetViewData\train\cityscapes\mask\hanover_000000_008200.png,streetViewData\train\cityscapes\img\hanover_000000_008200.png
1499,train,cityscapes,streetViewData\train\cityscapes\mask\jena_000015_000019.png,streetViewData\train\cityscapes\img\jena_000015_000019.png
1500,train,cityscapes,streetViewData\train\cityscapes\mask\strasbourg_000001_009471.png,streetViewData\train\cityscapes\img\strasbourg_000001_009471.png
1501,train,synscapes,streetViewData\train\synscapes\mask\1505.png,streetViewData\train\synscapes\img\1505.png
1502,train,synscapes,streetViewData\train\synscapes\mask\349.png,streetViewData\train\synscapes\img\349.png
1503,train,synscapes,streetViewData\train\synscapes\mask\365.png,streetViewData\train\synscapes\img\365.png
1504,train,synscapes,streetViewData\train\synscapes\mask\277.png,streetViewData\train\synscapes\img\277.png
1505,train,synscapes,streetViewData\train\synscapes\mask\209.png,streetViewData\train\synscapes\img\209.png
1506,train,synscapes,streetViewData\train\synscapes\mask\510.png,streetViewData\train\synscapes\img\510.png
1507,train,synscapes,streetViewData\train\synscapes\mask\1598.png,streetViewData\train\synscapes\img\1598.png
1508,train,synscapes,streetViewData\train\synscapes\mask\1700.png,streetViewData\train\synscapes\img\1700.png
1509,train,synscapes,streetViewData\train\synscapes\mask\3.png,streetViewData\train\synscapes\img\3.png
1510,train,synscapes,streetViewData\train\synscapes\mask\1977.png,streetViewData\train\synscapes\img\1977.png
1511,train,synscapes,streetViewData\train\synscapes\mask\1541.png,streetViewData\train\synscapes\img\1541.png
1512,train,synscapes,streetViewData\train\synscapes\mask\1835.png,streetViewData\train\synscapes\img\1835.png
1513,train,synscapes,streetViewData\train\synscapes\mask\1930.png,streetViewData\train\synscapes\img\1930.png
1514,train,synscapes,streetViewData\train\synscapes\mask\313.png,streetViewData\train\synscapes\img\313.png
1515,train,synscapes,streetViewData\train\synscapes\mask\1792.png,streetViewData\train\synscapes\img\1792.png
1516,train,synscapes,streetViewData\train\synscapes\mask\1181.png,streetViewData\train\synscapes\img\1181.png
1517,train,synscapes,streetViewData\train\synscapes\mask\660.png,streetViewData\train\synscapes\img\660.png
1518,train,synscapes,streetViewData\train\synscapes\mask\492.png,streetViewData\train\synscapes\img\492.png
1519,train,synscapes,streetViewData\train\synscapes\mask\1209.png,streetViewData\train\synscapes\img\1209.png
1520,train,synscapes,streetViewData\train\synscapes\mask\770.png,streetViewData\train\synscapes\img\770.png
1521,train,synscapes,streetViewData\train\synscapes\mask\404.png,streetViewData\train\synscapes\img\404.png
1522,train,synscapes,streetViewData\train\synscapes\mask\399.png,streetViewData\train\synscapes\img\399.png
1523,train,synscapes,streetViewData\train\synscapes\mask\816.png,streetViewData\train\synscapes\img\816.png
1524,train,synscapes,streetViewData\train\synscapes\mask\615.png,streetViewData\train\synscapes\img\615.png
1525,train,synscapes,streetViewData\train\synscapes\mask\214.png,streetViewData\train\synscapes\img\214.png
1526,train,synscapes,streetViewData\train\synscapes\mask\527.png,streetViewData\train\synscapes\img\527.png
1527,train,synscapes,streetViewData\train\synscapes\mask\794.png,streetViewData\train\synscapes\img\794.png
1528,train,synscapes,streetViewData\train\synscapes\mask\1395.png,streetViewData\train\synscapes\img\1395.png
1529,train,synscapes,streetViewData\train\synscapes\mask\1791.png,streetViewData\train\synscapes\img\1791.png
1530,train,synscapes,streetViewData\train\synscapes\mask\1830.png,streetViewData\train\synscapes\img\1830.png
1531,train,synscapes,streetViewData\train\synscapes\mask\835.png,streetViewData\train\synscapes\img\835.png
1532,train,synscapes,streetViewData\train\synscapes\mask\1419.png,streetViewData\train\synscapes\img\1419.png
1533,train,synscapes,streetViewData\train\synscapes\mask\1761.png,streetViewData\train\synscapes\img\1761.png
1534,train,synscapes,streetViewData\train\synscapes\mask\1623.png,streetViewData\train\synscapes\img\1623.png
1535,train,synscapes,streetViewData\train\synscapes\mask\723.png,streetViewData\train\synscapes\img\723.png
1536,train,synscapes,streetViewData\train\synscapes\mask\1834.png,streetViewData\train\synscapes\img\1834.png
1537,train,synscapes,streetViewData\train\synscapes\mask\1733.png,streetViewData\train\synscapes\img\1733.png
1538,train,synscapes,streetViewData\train\synscapes\mask\1765.png,streetViewData\train\synscapes\img\1765.png
1539,train,synscapes,streetViewData\train\synscapes\mask\543.png,streetViewData\train\synscapes\img\543.png
1540,train,synscapes,streetViewData\train\synscapes\mask\1173.png,streetViewData\train\synscapes\img\1173.png
1541,train,synscapes,streetViewData\train\synscapes\mask\1575.png,streetViewData\train\synscapes\img\1575.png
1542,train,synscapes,streetViewData\train\synscapes\mask\1786.png,streetViewData\train\synscapes\img\1786.png
1543,train,synscapes,streetViewData\train\synscapes\mask\962.png,streetViewData\train\synscapes\img\962.png
1544,train,synscapes,streetViewData\train\synscapes\mask\424.png,streetViewData\train\synscapes\img\424.png
1545,train,synscapes,streetViewData\train\synscapes\mask\1469.png,streetViewData\train\synscapes\img\1469.png
1546,train,synscapes,streetViewData\train\synscapes\mask\1689.png,streetViewData\train\synscapes\img\1689.png
1547,train,synscapes,streetViewData\train\synscapes\mask\956.png,streetViewData\train\synscapes\img\956.png
1548,train,synscapes,streetViewData\train\synscapes\mask\128.png,streetViewData\train\synscapes\img\128.png
1549,train,synscapes,streetViewData\train\synscapes\mask\464.png,streetViewData\train\synscapes\img\464.png
1550,train,synscapes,streetViewData\train\synscapes\mask\90.png,streetViewData\train\synscapes\img\90.png
1551,train,synscapes,streetViewData\train\synscapes\mask\1873.png,streetViewData\train\synscapes\img\1873.png
1552,train,synscapes,streetViewData\train\synscapes\mask\1121.png,streetViewData\train\synscapes\img\1121.png
1553,train,synscapes,streetViewData\train\synscapes\mask\1166.png,streetViewData\train\synscapes\img\1166.png
1554,train,synscapes,streetViewData\train\synscapes\mask\731.png,streetViewData\train\synscapes\img\731.png
1555,train,synscapes,streetViewData\train\synscapes\mask\1155.png,streetViewData\train\synscapes\img\1155.png
1556,train,synscapes,streetViewData\train\synscapes\mask\117.png,streetViewData\train\synscapes\img\117.png
1557,train,synscapes,streetViewData\train\synscapes\mask\1795.png,streetViewData\train\synscapes\img\1795.png
1558,train,synscapes,streetViewData\train\synscapes\mask\1176.png,streetViewData\train\synscapes\img\1176.png
1559,train,synscapes,streetViewData\train\synscapes\mask\570.png,streetViewData\train\synscapes\img\570.png
1560,train,synscapes,streetViewData\train\synscapes\mask\560.png,streetViewData\train\synscapes\img\560.png
1561,train,synscapes,streetViewData\train\synscapes\mask\1686.png,streetViewData\train\synscapes\img\1686.png
1562,train,synscapes,streetViewData\train\synscapes\mask\695.png,streetViewData\train\synscapes\img\695.png
1563,train,synscapes,streetViewData\train\synscapes\mask\1238.png,streetViewData\train\synscapes\img\1238.png
1564,train,synscapes,streetViewData\train\synscapes\mask\223.png,streetViewData\train\synscapes\img\223.png
1565,train,synscapes,streetViewData\train\synscapes\mask\1108.png,streetViewData\train\synscapes\img\1108.png
1566,train,synscapes,streetViewData\train\synscapes\mask\28.png,streetViewData\train\synscapes\img\28.png
1567,train,synscapes,streetViewData\train\synscapes\mask\233.png,streetViewData\train\synscapes\img\233.png
1568,train,synscapes,streetViewData\train\synscapes\mask\939.png,streetViewData\train\synscapes\img\939.png
1569,train,synscapes,streetViewData\train\synscapes\mask\1606.png,streetViewData\train\synscapes\img\1606.png
1570,train,synscapes,streetViewData\train\synscapes\mask\433.png,streetViewData\train\synscapes\img\433.png
1571,train,synscapes,streetViewData\train\synscapes\mask\1223.png,streetViewData\train\synscapes\img\1223.png
1572,train,synscapes,streetViewData\train\synscapes\mask\1756.png,streetViewData\train\synscapes\img\1756.png
1573,train,synscapes,streetViewData\train\synscapes\mask\1650.png,streetViewData\train\synscapes\img\1650.png
1574,train,synscapes,streetViewData\train\synscapes\mask\809.png,streetViewData\train\synscapes\img\809.png
1575,train,synscapes,streetViewData\train\synscapes\mask\96.png,streetViewData\train\synscapes\img\96.png
1576,train,synscapes,streetViewData\train\synscapes\mask\581.png,streetViewData\train\synscapes\img\581.png
1577,train,synscapes,streetViewData\train\synscapes\mask\1779.png,streetViewData\train\synscapes\img\1779.png
1578,train,synscapes,streetViewData\train\synscapes\mask\799.png,streetViewData\train\synscapes\img\799.png
1579,train,synscapes,streetViewData\train\synscapes\mask\887.png,streetViewData\train\synscapes\img\887.png
1580,train,synscapes,streetViewData\train\synscapes\mask\976.png,streetViewData\train\synscapes\img\976.png
1581,train,synscapes,streetViewData\train\synscapes\mask\1093.png,streetViewData\train\synscapes\img\1093.png
1582,train,synscapes,streetViewData\train\synscapes\mask\1529.png,streetViewData\train\synscapes\img\1529.png
1583,train,synscapes,streetViewData\train\synscapes\mask\304.png,streetViewData\train\synscapes\img\304.png
1584,train,synscapes,streetViewData\train\synscapes\mask\1574.png,streetViewData\train\synscapes\img\1574.png
1585,train,synscapes,streetViewData\train\synscapes\mask\1647.png,streetViewData\train\synscapes\img\1647.png
1586,train,synscapes,streetViewData\train\synscapes\mask\119.png,streetViewData\train\synscapes\img\119.png
1587,train,synscapes,streetViewData\train\synscapes\mask\263.png,streetViewData\train\synscapes\img\263.png
1588,train,synscapes,streetViewData\train\synscapes\mask\1934.png,streetViewData\train\synscapes\img\1934.png
1589,train,synscapes,streetViewData\train\synscapes\mask\1390.png,streetViewData\train\synscapes\img\1390.png
1590,train,synscapes,streetViewData\train\synscapes\mask\1283.png,streetViewData\train\synscapes\img\1283.png
1591,train,synscapes,streetViewData\train\synscapes\mask\408.png,streetViewData\train\synscapes\img\408.png
1592,train,synscapes,streetViewData\train\synscapes\mask\1888.png,streetViewData\train\synscapes\img\1888.png
1593,train,synscapes,streetViewData\train\synscapes\mask\1411.png,streetViewData\train\synscapes\img\1411.png
1594,train,synscapes,streetViewData\train\synscapes\mask\760.png,streetViewData\train\synscapes\img\760.png
1595,train,synscapes,streetViewData\train\synscapes\mask\1198.png,streetViewData\train\synscapes\img\1198.png
1596,train,synscapes,streetViewData\train\synscapes\mask\1644.png,streetViewData\train\synscapes\img\1644.png
1597,train,synscapes,streetViewData\train\synscapes\mask\757.png,streetViewData\train\synscapes\img\757.png
1598,train,synscapes,streetViewData\train\synscapes\mask\941.png,streetViewData\train\synscapes\img\941.png
1599,train,synscapes,streetViewData\train\synscapes\mask\1676.png,streetViewData\train\synscapes\img\1676.png
1600,train,synscapes,streetViewData\train\synscapes\mask\121.png,streetViewData\train\synscapes\img\121.png
1601,train,synscapes,streetViewData\train\synscapes\mask\603.png,streetViewData\train\synscapes\img\603.png
1602,train,synscapes,streetViewData\train\synscapes\mask\1511.png,streetViewData\train\synscapes\img\1511.png
1603,train,synscapes,streetViewData\train\synscapes\mask\256.png,streetViewData\train\synscapes\img\256.png
1604,train,synscapes,streetViewData\train\synscapes\mask\1415.png,streetViewData\train\synscapes\img\1415.png
1605,train,synscapes,streetViewData\train\synscapes\mask\687.png,streetViewData\train\synscapes\img\687.png
1606,train,synscapes,streetViewData\train\synscapes\mask\179.png,streetViewData\train\synscapes\img\179.png
1607,train,synscapes,streetViewData\train\synscapes\mask\756.png,streetViewData\train\synscapes\img\756.png
1608,train,synscapes,streetViewData\train\synscapes\mask\231.png,streetViewData\train\synscapes\img\231.png
1609,train,synscapes,streetViewData\train\synscapes\mask\612.png,streetViewData\train\synscapes\img\612.png
1610,train,synscapes,streetViewData\train\synscapes\mask\707.png,streetViewData\train\synscapes\img\707.png
1611,train,synscapes,streetViewData\train\synscapes\mask\344.png,streetViewData\train\synscapes\img\344.png
1612,train,synscapes,streetViewData\train\synscapes\mask\329.png,streetViewData\train\synscapes\img\329.png
1613,train,synscapes,streetViewData\train\synscapes\mask\442.png,streetViewData\train\synscapes\img\442.png
1614,train,synscapes,streetViewData\train\synscapes\mask\383.png,streetViewData\train\synscapes\img\383.png
1615,train,synscapes,streetViewData\train\synscapes\mask\224.png,streetViewData\train\synscapes\img\224.png
1616,train,synscapes,streetViewData\train\synscapes\mask\1046.png,streetViewData\train\synscapes\img\1046.png
1617,train,synscapes,streetViewData\train\synscapes\mask\320.png,streetViewData\train\synscapes\img\320.png
1618,train,synscapes,streetViewData\train\synscapes\mask\410.png,streetViewData\train\synscapes\img\410.png
1619,train,synscapes,streetViewData\train\synscapes\mask\727.png,streetViewData\train\synscapes\img\727.png
1620,train,synscapes,streetViewData\train\synscapes\mask\477.png,streetViewData\train\synscapes\img\477.png
1621,train,synscapes,streetViewData\train\synscapes\mask\1491.png,streetViewData\train\synscapes\img\1491.png
1622,train,synscapes,streetViewData\train\synscapes\mask\1051.png,streetViewData\train\synscapes\img\1051.png
1623,train,synscapes,streetViewData\train\synscapes\mask\1330.png,streetViewData\train\synscapes\img\1330.png
1624,train,synscapes,streetViewData\train\synscapes\mask\1501.png,streetViewData\train\synscapes\img\1501.png
1625,train,synscapes,streetViewData\train\synscapes\mask\494.png,streetViewData\train\synscapes\img\494.png
1626,train,synscapes,streetViewData\train\synscapes\mask\908.png,streetViewData\train\synscapes\img\908.png
1627,train,synscapes,streetViewData\train\synscapes\mask\1568.png,streetViewData\train\synscapes\img\1568.png
1628,train,synscapes,streetViewData\train\synscapes\mask\1624.png,streetViewData\train\synscapes\img\1624.png
1629,train,synscapes,streetViewData\train\synscapes\mask\1645.png,streetViewData\train\synscapes\img\1645.png
1630,train,synscapes,streetViewData\train\synscapes\mask\1009.png,streetViewData\train\synscapes\img\1009.png
1631,train,synscapes,streetViewData\train\synscapes\mask\1332.png,streetViewData\train\synscapes\img\1332.png
1632,train,synscapes,streetViewData\train\synscapes\mask\801.png,streetViewData\train\synscapes\img\801.png
1633,train,synscapes,streetViewData\train\synscapes\mask\1262.png,streetViewData\train\synscapes\img\1262.png
1634,train,synscapes,streetViewData\train\synscapes\mask\241.png,streetViewData\train\synscapes\img\241.png
1635,train,synscapes,streetViewData\train\synscapes\mask\41.png,streetViewData\train\synscapes\img\41.png
1636,train,synscapes,streetViewData\train\synscapes\mask\1737.png,streetViewData\train\synscapes\img\1737.png
1637,train,synscapes,streetViewData\train\synscapes\mask\1126.png,streetViewData\train\synscapes\img\1126.png
1638,train,synscapes,streetViewData\train\synscapes\mask\126.png,streetViewData\train\synscapes\img\126.png
1639,train,synscapes,streetViewData\train\synscapes\mask\564.png,streetViewData\train\synscapes\img\564.png
1640,train,synscapes,streetViewData\train\synscapes\mask\997.png,streetViewData\train\synscapes\img\997.png
1641,train,synscapes,streetViewData\train\synscapes\mask\1054.png,streetViewData\train\synscapes\img\1054.png
1642,train,synscapes,streetViewData\train\synscapes\mask\1167.png,streetViewData\train\synscapes\img\1167.png
1643,train,synscapes,streetViewData\train\synscapes\mask\574.png,streetViewData\train\synscapes\img\574.png
1644,train,synscapes,streetViewData\train\synscapes\mask\990.png,streetViewData\train\synscapes\img\990.png
1645,train,synscapes,streetViewData\train\synscapes\mask\974.png,streetViewData\train\synscapes\img\974.png
1646,train,synscapes,streetViewData\train\synscapes\mask\1692.png,streetViewData\train\synscapes\img\1692.png
1647,train,synscapes,streetViewData\train\synscapes\mask\1772.png,streetViewData\train\synscapes\img\1772.png
1648,train,synscapes,streetViewData\train\synscapes\mask\989.png,streetViewData\train\synscapes\img\989.png
1649,train,synscapes,streetViewData\train\synscapes\mask\1627.png,streetViewData\train\synscapes\img\1627.png
1650,train,synscapes,streetViewData\train\synscapes\mask\1289.png,streetViewData\train\synscapes\img\1289.png
1651,train,synscapes,streetViewData\train\synscapes\mask\1680.png,streetViewData\train\synscapes\img\1680.png
1652,train,synscapes,streetViewData\train\synscapes\mask\1573.png,streetViewData\train\synscapes\img\1573.png
1653,train,synscapes,streetViewData\train\synscapes\mask\528.png,streetViewData\train\synscapes\img\528.png
1654,train,synscapes,streetViewData\train\synscapes\mask\1597.png,streetViewData\train\synscapes\img\1597.png
1655,train,synscapes,streetViewData\train\synscapes\mask\63.png,streetViewData\train\synscapes\img\63.png
1656,train,synscapes,streetViewData\train\synscapes\mask\244.png,streetViewData\train\synscapes\img\244.png
1657,train,synscapes,streetViewData\train\synscapes\mask\298.png,streetViewData\train\synscapes\img\298.png
1658,train,synscapes,streetViewData\train\synscapes\mask\1154.png,streetViewData\train\synscapes\img\1154.png
1659,train,synscapes,streetViewData\train\synscapes\mask\827.png,streetViewData\train\synscapes\img\827.png
1660,train,synscapes,streetViewData\train\synscapes\mask\1095.png,streetViewData\train\synscapes\img\1095.png
1661,train,synscapes,streetViewData\train\synscapes\mask\1285.png,streetViewData\train\synscapes\img\1285.png
1662,train,synscapes,streetViewData\train\synscapes\mask\864.png,streetViewData\train\synscapes\img\864.png
1663,train,synscapes,streetViewData\train\synscapes\mask\59.png,streetViewData\train\synscapes\img\59.png
1664,train,synscapes,streetViewData\train\synscapes\mask\337.png,streetViewData\train\synscapes\img\337.png
1665,train,synscapes,streetViewData\train\synscapes\mask\109.png,streetViewData\train\synscapes\img\109.png
1666,train,synscapes,streetViewData\train\synscapes\mask\440.png,streetViewData\train\synscapes\img\440.png
1667,train,synscapes,streetViewData\train\synscapes\mask\1149.png,streetViewData\train\synscapes\img\1149.png
1668,train,synscapes,streetViewData\train\synscapes\mask\150.png,streetViewData\train\synscapes\img\150.png
1669,train,synscapes,streetViewData\train\synscapes\mask\1815.png,streetViewData\train\synscapes\img\1815.png
1670,train,synscapes,streetViewData\train\synscapes\mask\418.png,streetViewData\train\synscapes\img\418.png
1671,train,synscapes,streetViewData\train\synscapes\mask\1780.png,streetViewData\train\synscapes\img\1780.png
1672,train,synscapes,streetViewData\train\synscapes\mask\1894.png,streetViewData\train\synscapes\img\1894.png
1673,train,synscapes,streetViewData\train\synscapes\mask\317.png,streetViewData\train\synscapes\img\317.png
1674,train,synscapes,streetViewData\train\synscapes\mask\1813.png,streetViewData\train\synscapes\img\1813.png
1675,train,synscapes,streetViewData\train\synscapes\mask\1762.png,streetViewData\train\synscapes\img\1762.png
1676,train,synscapes,streetViewData\train\synscapes\mask\888.png,streetViewData\train\synscapes\img\888.png
1677,train,synscapes,streetViewData\train\synscapes\mask\1396.png,streetViewData\train\synscapes\img\1396.png
1678,train,synscapes,streetViewData\train\synscapes\mask\590.png,streetViewData\train\synscapes\img\590.png
1679,train,synscapes,streetViewData\train\synscapes\mask\1943.png,streetViewData\train\synscapes\img\1943.png
1680,train,synscapes,streetViewData\train\synscapes\mask\1208.png,streetViewData\train\synscapes\img\1208.png
1681,train,synscapes,streetViewData\train\synscapes\mask\1634.png,streetViewData\train\synscapes\img\1634.png
1682,train,synscapes,streetViewData\train\synscapes\mask\973.png,streetViewData\train\synscapes\img\973.png
1683,train,synscapes,streetViewData\train\synscapes\mask\1202.png,streetViewData\train\synscapes\img\1202.png
1684,train,synscapes,streetViewData\train\synscapes\mask\1520.png,streetViewData\train\synscapes\img\1520.png
1685,train,synscapes,streetViewData\train\synscapes\mask\448.png,streetViewData\train\synscapes\img\448.png
1686,train,synscapes,streetViewData\train\synscapes\mask\449.png,streetViewData\train\synscapes\img\449.png
1687,train,synscapes,streetViewData\train\synscapes\mask\291.png,streetViewData\train\synscapes\img\291.png
1688,train,synscapes,streetViewData\train\synscapes\mask\1896.png,streetViewData\train\synscapes\img\1896.png
1689,train,synscapes,streetViewData\train\synscapes\mask\1970.png,streetViewData\train\synscapes\img\1970.png
1690,train,synscapes,streetViewData\train\synscapes\mask\428.png,streetViewData\train\synscapes\img\428.png
1691,train,synscapes,streetViewData\train\synscapes\mask\1567.png,streetViewData\train\synscapes\img\1567.png
1692,train,synscapes,streetViewData\train\synscapes\mask\1082.png,streetViewData\train\synscapes\img\1082.png
1693,train,synscapes,streetViewData\train\synscapes\mask\1404.png,streetViewData\train\synscapes\img\1404.png
1694,train,synscapes,streetViewData\train\synscapes\mask\1727.png,streetViewData\train\synscapes\img\1727.png
1695,train,synscapes,streetViewData\train\synscapes\mask\302.png,streetViewData\train\synscapes\img\302.png
1696,train,synscapes,streetViewData\train\synscapes\mask\11.png,streetViewData\train\synscapes\img\11.png
1697,train,synscapes,streetViewData\train\synscapes\mask\1011.png,streetViewData\train\synscapes\img\1011.png
1698,train,synscapes,streetViewData\train\synscapes\mask\1375.png,streetViewData\train\synscapes\img\1375.png
1699,train,synscapes,streetViewData\train\synscapes\mask\1554.png,streetViewData\train\synscapes\img\1554.png
1700,train,synscapes,streetViewData\train\synscapes\mask\1388.png,streetViewData\train\synscapes\img\1388.png
1701,train,synscapes,streetViewData\train\synscapes\mask\900.png,streetViewData\train\synscapes\img\900.png
1702,train,synscapes,streetViewData\train\synscapes\mask\1251.png,streetViewData\train\synscapes\img\1251.png
1703,train,synscapes,streetViewData\train\synscapes\mask\607.png,streetViewData\train\synscapes\img\607.png
1704,train,synscapes,streetViewData\train\synscapes\mask\147.png,streetViewData\train\synscapes\img\147.png
1705,train,synscapes,streetViewData\train\synscapes\mask\1531.png,streetViewData\train\synscapes\img\1531.png
1706,train,synscapes,streetViewData\train\synscapes\mask\1602.png,streetViewData\train\synscapes\img\1602.png
1707,train,synscapes,streetViewData\train\synscapes\mask\1219.png,streetViewData\train\synscapes\img\1219.png
1708,train,synscapes,streetViewData\train\synscapes\mask\821.png,streetViewData\train\synscapes\img\821.png
1709,train,synscapes,streetViewData\train\synscapes\mask\1915.png,streetViewData\train\synscapes\img\1915.png
1710,train,synscapes,streetViewData\train\synscapes\mask\575.png,streetViewData\train\synscapes\img\575.png
1711,train,synscapes,streetViewData\train\synscapes\mask\986.png,streetViewData\train\synscapes\img\986.png
1712,train,synscapes,streetViewData\train\synscapes\mask\1321.png,streetViewData\train\synscapes\img\1321.png
1713,train,synscapes,streetViewData\train\synscapes\mask\1236.png,streetViewData\train\synscapes\img\1236.png
1714,train,synscapes,streetViewData\train\synscapes\mask\17.png,streetViewData\train\synscapes\img\17.png
1715,train,synscapes,streetViewData\train\synscapes\mask\1980.png,streetViewData\train\synscapes\img\1980.png
1716,train,synscapes,streetViewData\train\synscapes\mask\496.png,streetViewData\train\synscapes\img\496.png
1717,train,synscapes,streetViewData\train\synscapes\mask\1422.png,streetViewData\train\synscapes\img\1422.png
1718,train,synscapes,streetViewData\train\synscapes\mask\1920.png,streetViewData\train\synscapes\img\1920.png
1719,train,synscapes,streetViewData\train\synscapes\mask\228.png,streetViewData\train\synscapes\img\228.png
1720,train,synscapes,streetViewData\train\synscapes\mask\734.png,streetViewData\train\synscapes\img\734.png
1721,train,synscapes,streetViewData\train\synscapes\mask\43.png,streetViewData\train\synscapes\img\43.png
1722,train,synscapes,streetViewData\train\synscapes\mask\685.png,streetViewData\train\synscapes\img\685.png
1723,train,synscapes,streetViewData\train\synscapes\mask\1651.png,streetViewData\train\synscapes\img\1651.png
1724,train,synscapes,streetViewData\train\synscapes\mask\1130.png,streetViewData\train\synscapes\img\1130.png
1725,train,synscapes,streetViewData\train\synscapes\mask\1730.png,streetViewData\train\synscapes\img\1730.png
1726,train,synscapes,streetViewData\train\synscapes\mask\787.png,streetViewData\train\synscapes\img\787.png
1727,train,synscapes,streetViewData\train\synscapes\mask\566.png,streetViewData\train\synscapes\img\566.png
1728,train,synscapes,streetViewData\train\synscapes\mask\1076.png,streetViewData\train\synscapes\img\1076.png
1729,train,synscapes,streetViewData\train\synscapes\mask\1802.png,streetViewData\train\synscapes\img\1802.png
1730,train,synscapes,streetViewData\train\synscapes\mask\1032.png,streetViewData\train\synscapes\img\1032.png
1731,train,synscapes,streetViewData\train\synscapes\mask\1846.png,streetViewData\train\synscapes\img\1846.png
1732,train,synscapes,streetViewData\train\synscapes\mask\1141.png,streetViewData\train\synscapes\img\1141.png
1733,train,synscapes,streetViewData\train\synscapes\mask\788.png,streetViewData\train\synscapes\img\788.png
1734,train,synscapes,streetViewData\train\synscapes\mask\1576.png,streetViewData\train\synscapes\img\1576.png
1735,train,synscapes,streetViewData\train\synscapes\mask\26.png,streetViewData\train\synscapes\img\26.png
1736,train,synscapes,streetViewData\train\synscapes\mask\1790.png,streetViewData\train\synscapes\img\1790.png
1737,train,synscapes,streetViewData\train\synscapes\mask\255.png,streetViewData\train\synscapes\img\255.png
1738,train,synscapes,streetViewData\train\synscapes\mask\1744.png,streetViewData\train\synscapes\img\1744.png
1739,train,synscapes,streetViewData\train\synscapes\mask\506.png,streetViewData\train\synscapes\img\506.png
1740,train,synscapes,streetViewData\train\synscapes\mask\379.png,streetViewData\train\synscapes\img\379.png
1741,train,synscapes,streetViewData\train\synscapes\mask\1769.png,streetViewData\train\synscapes\img\1769.png
1742,train,synscapes,streetViewData\train\synscapes\mask\814.png,streetViewData\train\synscapes\img\814.png
1743,train,synscapes,streetViewData\train\synscapes\mask\909.png,streetViewData\train\synscapes\img\909.png
1744,train,synscapes,streetViewData\train\synscapes\mask\1745.png,streetViewData\train\synscapes\img\1745.png
1745,train,synscapes,streetViewData\train\synscapes\mask\1036.png,streetViewData\train\synscapes\img\1036.png
1746,train,synscapes,streetViewData\train\synscapes\mask\993.png,streetViewData\train\synscapes\img\993.png
1747,train,synscapes,streetViewData\train\synscapes\mask\1314.png,streetViewData\train\synscapes\img\1314.png
1748,train,synscapes,streetViewData\train\synscapes\mask\676.png,streetViewData\train\synscapes\img\676.png
1749,train,synscapes,streetViewData\train\synscapes\mask\851.png,streetViewData\train\synscapes\img\851.png
1750,train,synscapes,streetViewData\train\synscapes\mask\1847.png,streetViewData\train\synscapes\img\1847.png
1751,train,synscapes,streetViewData\train\synscapes\mask\950.png,streetViewData\train\synscapes\img\950.png
1752,train,synscapes,streetViewData\train\synscapes\mask\47.png,streetViewData\train\synscapes\img\47.png
1753,train,synscapes,streetViewData\train\synscapes\mask\1666.png,streetViewData\train\synscapes\img\1666.png
1754,train,synscapes,streetViewData\train\synscapes\mask\1160.png,streetViewData\train\synscapes\img\1160.png
1755,train,synscapes,streetViewData\train\synscapes\mask\1803.png,streetViewData\train\synscapes\img\1803.png
1756,train,synscapes,streetViewData\train\synscapes\mask\755.png,streetViewData\train\synscapes\img\755.png
1757,train,synscapes,streetViewData\train\synscapes\mask\1193.png,streetViewData\train\synscapes\img\1193.png
1758,train,synscapes,streetViewData\train\synscapes\mask\1447.png,streetViewData\train\synscapes\img\1447.png
1759,train,synscapes,streetViewData\train\synscapes\mask\1801.png,streetViewData\train\synscapes\img\1801.png
1760,train,synscapes,streetViewData\train\synscapes\mask\284.png,streetViewData\train\synscapes\img\284.png
1761,train,synscapes,streetViewData\train\synscapes\mask\877.png,streetViewData\train\synscapes\img\877.png
1762,train,synscapes,streetViewData\train\synscapes\mask\1965.png,streetViewData\train\synscapes\img\1965.png
1763,train,synscapes,streetViewData\train\synscapes\mask\1143.png,streetViewData\train\synscapes\img\1143.png
1764,train,synscapes,streetViewData\train\synscapes\mask\1728.png,streetViewData\train\synscapes\img\1728.png
1765,train,synscapes,streetViewData\train\synscapes\mask\1570.png,streetViewData\train\synscapes\img\1570.png
1766,train,synscapes,streetViewData\train\synscapes\mask\573.png,streetViewData\train\synscapes\img\573.png
1767,train,synscapes,streetViewData\train\synscapes\mask\884.png,streetViewData\train\synscapes\img\884.png
1768,train,synscapes,streetViewData\train\synscapes\mask\1406.png,streetViewData\train\synscapes\img\1406.png
1769,train,synscapes,streetViewData\train\synscapes\mask\1612.png,streetViewData\train\synscapes\img\1612.png
1770,train,synscapes,streetViewData\train\synscapes\mask\634.png,streetViewData\train\synscapes\img\634.png
1771,train,synscapes,streetViewData\train\synscapes\mask\1308.png,streetViewData\train\synscapes\img\1308.png
1772,train,synscapes,streetViewData\train\synscapes\mask\1139.png,streetViewData\train\synscapes\img\1139.png
1773,train,synscapes,streetViewData\train\synscapes\mask\194.png,streetViewData\train\synscapes\img\194.png
1774,train,synscapes,streetViewData\train\synscapes\mask\873.png,streetViewData\train\synscapes\img\873.png
1775,train,synscapes,streetViewData\train\synscapes\mask\837.png,streetViewData\train\synscapes\img\837.png
1776,train,synscapes,streetViewData\train\synscapes\mask\87.png,streetViewData\train\synscapes\img\87.png
1777,train,synscapes,streetViewData\train\synscapes\mask\1939.png,streetViewData\train\synscapes\img\1939.png
1778,train,synscapes,streetViewData\train\synscapes\mask\1356.png,streetViewData\train\synscapes\img\1356.png
1779,train,synscapes,streetViewData\train\synscapes\mask\629.png,streetViewData\train\synscapes\img\629.png
1780,train,synscapes,streetViewData\train\synscapes\mask\1642.png,streetViewData\train\synscapes\img\1642.png
1781,train,synscapes,streetViewData\train\synscapes\mask\1646.png,streetViewData\train\synscapes\img\1646.png
1782,train,synscapes,streetViewData\train\synscapes\mask\539.png,streetViewData\train\synscapes\img\539.png
1783,train,synscapes,streetViewData\train\synscapes\mask\708.png,streetViewData\train\synscapes\img\708.png
1784,train,synscapes,streetViewData\train\synscapes\mask\388.png,streetViewData\train\synscapes\img\388.png
1785,train,synscapes,streetViewData\train\synscapes\mask\700.png,streetViewData\train\synscapes\img\700.png
1786,train,synscapes,streetViewData\train\synscapes\mask\1270.png,streetViewData\train\synscapes\img\1270.png
1787,train,synscapes,streetViewData\train\synscapes\mask\1433.png,streetViewData\train\synscapes\img\1433.png
1788,train,synscapes,streetViewData\train\synscapes\mask\1188.png,streetViewData\train\synscapes\img\1188.png
1789,train,synscapes,streetViewData\train\synscapes\mask\1268.png,streetViewData\train\synscapes\img\1268.png
1790,train,synscapes,streetViewData\train\synscapes\mask\1470.png,streetViewData\train\synscapes\img\1470.png
1791,train,synscapes,streetViewData\train\synscapes\mask\1362.png,streetViewData\train\synscapes\img\1362.png
1792,train,synscapes,streetViewData\train\synscapes\mask\1318.png,streetViewData\train\synscapes\img\1318.png
1793,train,synscapes,streetViewData\train\synscapes\mask\308.png,streetViewData\train\synscapes\img\308.png
1794,train,synscapes,streetViewData\train\synscapes\mask\1280.png,streetViewData\train\synscapes\img\1280.png
1795,train,synscapes,streetViewData\train\synscapes\mask\6.png,streetViewData\train\synscapes\img\6.png
1796,train,synscapes,streetViewData\train\synscapes\mask\598.png,streetViewData\train\synscapes\img\598.png
1797,train,synscapes,streetViewData\train\synscapes\mask\406.png,streetViewData\train\synscapes\img\406.png
1798,train,synscapes,streetViewData\train\synscapes\mask\1137.png,streetViewData\train\synscapes\img\1137.png
1799,train,synscapes,streetViewData\train\synscapes\mask\1324.png,streetViewData\train\synscapes\img\1324.png
1800,train,synscapes,streetViewData\train\synscapes\mask\622.png,streetViewData\train\synscapes\img\622.png
1801,train,synscapes,streetViewData\train\synscapes\mask\356.png,streetViewData\train\synscapes\img\356.png
1802,train,synscapes,streetViewData\train\synscapes\mask\1909.png,streetViewData\train\synscapes\img\1909.png
1803,train,synscapes,streetViewData\train\synscapes\mask\1854.png,streetViewData\train\synscapes\img\1854.png
1804,train,synscapes,streetViewData\train\synscapes\mask\852.png,streetViewData\train\synscapes\img\852.png
1805,train,synscapes,streetViewData\train\synscapes\mask\237.png,streetViewData\train\synscapes\img\237.png
1806,train,synscapes,streetViewData\train\synscapes\mask\733.png,streetViewData\train\synscapes\img\733.png
1807,train,synscapes,streetViewData\train\synscapes\mask\266.png,streetViewData\train\synscapes\img\266.png
1808,train,synscapes,streetViewData\train\synscapes\mask\1826.png,streetViewData\train\synscapes\img\1826.png
1809,train,synscapes,streetViewData\train\synscapes\mask\453.png,streetViewData\train\synscapes\img\453.png
1810,train,synscapes,streetViewData\train\synscapes\mask\239.png,streetViewData\train\synscapes\img\239.png
1811,train,synscapes,streetViewData\train\synscapes\mask\897.png,streetViewData\train\synscapes\img\897.png
1812,train,synscapes,streetViewData\train\synscapes\mask\37.png,streetViewData\train\synscapes\img\37.png
1813,train,synscapes,streetViewData\train\synscapes\mask\35.png,streetViewData\train\synscapes\img\35.png
1814,train,synscapes,streetViewData\train\synscapes\mask\1594.png,streetViewData\train\synscapes\img\1594.png
1815,train,synscapes,streetViewData\train\synscapes\mask\354.png,streetViewData\train\synscapes\img\354.png
1816,train,synscapes,streetViewData\train\synscapes\mask\1581.png,streetViewData\train\synscapes\img\1581.png
1817,train,synscapes,streetViewData\train\synscapes\mask\1277.png,streetViewData\train\synscapes\img\1277.png
1818,train,synscapes,streetViewData\train\synscapes\mask\1809.png,streetViewData\train\synscapes\img\1809.png
1819,train,synscapes,streetViewData\train\synscapes\mask\1123.png,streetViewData\train\synscapes\img\1123.png
1820,train,synscapes,streetViewData\train\synscapes\mask\1863.png,streetViewData\train\synscapes\img\1863.png
1821,train,synscapes,streetViewData\train\synscapes\mask\842.png,streetViewData\train\synscapes\img\842.png
1822,train,synscapes,streetViewData\train\synscapes\mask\362.png,streetViewData\train\synscapes\img\362.png
1823,train,synscapes,streetViewData\train\synscapes\mask\1557.png,streetViewData\train\synscapes\img\1557.png
1824,train,synscapes,streetViewData\train\synscapes\mask\666.png,streetViewData\train\synscapes\img\666.png
1825,train,synscapes,streetViewData\train\synscapes\mask\1504.png,streetViewData\train\synscapes\img\1504.png
1826,train,synscapes,streetViewData\train\synscapes\mask\289.png,streetViewData\train\synscapes\img\289.png
1827,train,synscapes,streetViewData\train\synscapes\mask\1101.png,streetViewData\train\synscapes\img\1101.png
1828,train,synscapes,streetViewData\train\synscapes\mask\922.png,streetViewData\train\synscapes\img\922.png
1829,train,synscapes,streetViewData\train\synscapes\mask\92.png,streetViewData\train\synscapes\img\92.png
1830,train,synscapes,streetViewData\train\synscapes\mask\1134.png,streetViewData\train\synscapes\img\1134.png
1831,train,synscapes,streetViewData\train\synscapes\mask\914.png,streetViewData\train\synscapes\img\914.png
1832,train,synscapes,streetViewData\train\synscapes\mask\185.png,streetViewData\train\synscapes\img\185.png
1833,train,synscapes,streetViewData\train\synscapes\mask\1831.png,streetViewData\train\synscapes\img\1831.png
1834,train,synscapes,streetViewData\train\synscapes\mask\1068.png,streetViewData\train\synscapes\img\1068.png
1835,train,synscapes,streetViewData\train\synscapes\mask\1102.png,streetViewData\train\synscapes\img\1102.png
1836,train,synscapes,streetViewData\train\synscapes\mask\1679.png,streetViewData\train\synscapes\img\1679.png
1837,train,synscapes,streetViewData\train\synscapes\mask\1527.png,streetViewData\train\synscapes\img\1527.png
1838,train,synscapes,streetViewData\train\synscapes\mask\114.png,streetViewData\train\synscapes\img\114.png
1839,train,synscapes,streetViewData\train\synscapes\mask\387.png,streetViewData\train\synscapes\img\387.png
1840,train,synscapes,streetViewData\train\synscapes\mask\1164.png,streetViewData\train\synscapes\img\1164.png
1841,train,synscapes,streetViewData\train\synscapes\mask\331.png,streetViewData\train\synscapes\img\331.png
1842,train,synscapes,streetViewData\train\synscapes\mask\293.png,streetViewData\train\synscapes\img\293.png
1843,train,synscapes,streetViewData\train\synscapes\mask\1933.png,streetViewData\train\synscapes\img\1933.png
1844,train,synscapes,streetViewData\train\synscapes\mask\1707.png,streetViewData\train\synscapes\img\1707.png
1845,train,synscapes,streetViewData\train\synscapes\mask\1851.png,streetViewData\train\synscapes\img\1851.png
1846,train,synscapes,streetViewData\train\synscapes\mask\268.png,streetViewData\train\synscapes\img\268.png
1847,train,synscapes,streetViewData\train\synscapes\mask\22.png,streetViewData\train\synscapes\img\22.png
1848,train,synscapes,streetViewData\train\synscapes\mask\658.png,streetViewData\train\synscapes\img\658.png
1849,train,synscapes,streetViewData\train\synscapes\mask\945.png,streetViewData\train\synscapes\img\945.png
1850,train,synscapes,streetViewData\train\synscapes\mask\1074.png,streetViewData\train\synscapes\img\1074.png
1851,train,synscapes,streetViewData\train\synscapes\mask\1828.png,streetViewData\train\synscapes\img\1828.png
1852,train,synscapes,streetViewData\train\synscapes\mask\251.png,streetViewData\train\synscapes\img\251.png
1853,train,synscapes,streetViewData\train\synscapes\mask\4.png,streetViewData\train\synscapes\img\4.png
1854,train,synscapes,streetViewData\train\synscapes\mask\1345.png,streetViewData\train\synscapes\img\1345.png
1855,train,synscapes,streetViewData\train\synscapes\mask\1591.png,streetViewData\train\synscapes\img\1591.png
1856,train,synscapes,streetViewData\train\synscapes\mask\987.png,streetViewData\train\synscapes\img\987.png
1857,train,synscapes,streetViewData\train\synscapes\mask\1876.png,streetViewData\train\synscapes\img\1876.png
1858,train,synscapes,streetViewData\train\synscapes\mask\1922.png,streetViewData\train\synscapes\img\1922.png
1859,train,synscapes,streetViewData\train\synscapes\mask\1276.png,streetViewData\train\synscapes\img\1276.png
1860,train,synscapes,streetViewData\train\synscapes\mask\1111.png,streetViewData\train\synscapes\img\1111.png
1861,train,synscapes,streetViewData\train\synscapes\mask\1829.png,streetViewData\train\synscapes\img\1829.png
1862,train,synscapes,streetViewData\train\synscapes\mask\1189.png,streetViewData\train\synscapes\img\1189.png
1863,train,synscapes,streetViewData\train\synscapes\mask\1631.png,streetViewData\train\synscapes\img\1631.png
1864,train,synscapes,streetViewData\train\synscapes\mask\514.png,streetViewData\train\synscapes\img\514.png
1865,train,synscapes,streetViewData\train\synscapes\mask\1153.png,streetViewData\train\synscapes\img\1153.png
1866,train,synscapes,streetViewData\train\synscapes\mask\1929.png,streetViewData\train\synscapes\img\1929.png
1867,train,synscapes,streetViewData\train\synscapes\mask\39.png,streetViewData\train\synscapes\img\39.png
1868,train,synscapes,streetViewData\train\synscapes\mask\1316.png,streetViewData\train\synscapes\img\1316.png
1869,train,synscapes,streetViewData\train\synscapes\mask\1070.png,streetViewData\train\synscapes\img\1070.png
1870,train,synscapes,streetViewData\train\synscapes\mask\1455.png,streetViewData\train\synscapes\img\1455.png
1871,train,synscapes,streetViewData\train\synscapes\mask\502.png,streetViewData\train\synscapes\img\502.png
1872,train,synscapes,streetViewData\train\synscapes\mask\1805.png,streetViewData\train\synscapes\img\1805.png
1873,train,synscapes,streetViewData\train\synscapes\mask\1808.png,streetViewData\train\synscapes\img\1808.png
1874,train,synscapes,streetViewData\train\synscapes\mask\763.png,streetViewData\train\synscapes\img\763.png
1875,train,synscapes,streetViewData\train\synscapes\mask\1962.png,streetViewData\train\synscapes\img\1962.png
1876,train,synscapes,streetViewData\train\synscapes\mask\321.png,streetViewData\train\synscapes\img\321.png
1877,train,synscapes,streetViewData\train\synscapes\mask\1291.png,streetViewData\train\synscapes\img\1291.png
1878,train,synscapes,streetViewData\train\synscapes\mask\167.png,streetViewData\train\synscapes\img\167.png
1879,train,synscapes,streetViewData\train\synscapes\mask\944.png,streetViewData\train\synscapes\img\944.png
1880,train,synscapes,streetViewData\train\synscapes\mask\152.png,streetViewData\train\synscapes\img\152.png
1881,train,synscapes,streetViewData\train\synscapes\mask\1712.png,streetViewData\train\synscapes\img\1712.png
1882,train,synscapes,streetViewData\train\synscapes\mask\1752.png,streetViewData\train\synscapes\img\1752.png
1883,train,synscapes,streetViewData\train\synscapes\mask\626.png,streetViewData\train\synscapes\img\626.png
1884,train,synscapes,streetViewData\train\synscapes\mask\1621.png,streetViewData\train\synscapes\img\1621.png
1885,train,synscapes,streetViewData\train\synscapes\mask\45.png,streetViewData\train\synscapes\img\45.png
1886,train,synscapes,streetViewData\train\synscapes\mask\30.png,streetViewData\train\synscapes\img\30.png
1887,train,synscapes,streetViewData\train\synscapes\mask\855.png,streetViewData\train\synscapes\img\855.png
1888,train,synscapes,streetViewData\train\synscapes\mask\361.png,streetViewData\train\synscapes\img\361.png
1889,train,synscapes,streetViewData\train\synscapes\mask\391.png,streetViewData\train\synscapes\img\391.png
1890,train,synscapes,streetViewData\train\synscapes\mask\1615.png,streetViewData\train\synscapes\img\1615.png
1891,train,synscapes,streetViewData\train\synscapes\mask\1119.png,streetViewData\train\synscapes\img\1119.png
1892,train,synscapes,streetViewData\train\synscapes\mask\937.png,streetViewData\train\synscapes\img\937.png
1893,train,synscapes,streetViewData\train\synscapes\mask\1172.png,streetViewData\train\synscapes\img\1172.png
1894,train,synscapes,streetViewData\train\synscapes\mask\226.png,streetViewData\train\synscapes\img\226.png
1895,train,synscapes,streetViewData\train\synscapes\mask\831.png,streetViewData\train\synscapes\img\831.png
1896,train,synscapes,streetViewData\train\synscapes\mask\1710.png,streetViewData\train\synscapes\img\1710.png
1897,train,synscapes,streetViewData\train\synscapes\mask\1521.png,streetViewData\train\synscapes\img\1521.png
1898,train,synscapes,streetViewData\train\synscapes\mask\1463.png,streetViewData\train\synscapes\img\1463.png
1899,train,synscapes,streetViewData\train\synscapes\mask\532.png,streetViewData\train\synscapes\img\532.png
1900,train,synscapes,streetViewData\train\synscapes\mask\917.png,streetViewData\train\synscapes\img\917.png
1901,train,synscapes,streetViewData\train\synscapes\mask\309.png,streetViewData\train\synscapes\img\309.png
1902,train,synscapes,streetViewData\train\synscapes\mask\1275.png,streetViewData\train\synscapes\img\1275.png
1903,train,synscapes,streetViewData\train\synscapes\mask\911.png,streetViewData\train\synscapes\img\911.png
1904,train,synscapes,streetViewData\train\synscapes\mask\1148.png,streetViewData\train\synscapes\img\1148.png
1905,train,synscapes,streetViewData\train\synscapes\mask\272.png,streetViewData\train\synscapes\img\272.png
1906,train,synscapes,streetViewData\train\synscapes\mask\421.png,streetViewData\train\synscapes\img\421.png
1907,train,synscapes,streetViewData\train\synscapes\mask\1259.png,streetViewData\train\synscapes\img\1259.png
1908,train,synscapes,streetViewData\train\synscapes\mask\1643.png,streetViewData\train\synscapes\img\1643.png
1909,train,synscapes,streetViewData\train\synscapes\mask\742.png,streetViewData\train\synscapes\img\742.png
1910,train,synscapes,streetViewData\train\synscapes\mask\407.png,streetViewData\train\synscapes\img\407.png
1911,train,synscapes,streetViewData\train\synscapes\mask\486.png,streetViewData\train\synscapes\img\486.png
1912,train,synscapes,streetViewData\train\synscapes\mask\419.png,streetViewData\train\synscapes\img\419.png
1913,train,synscapes,streetViewData\train\synscapes\mask\1720.png,streetViewData\train\synscapes\img\1720.png
1914,train,synscapes,streetViewData\train\synscapes\mask\807.png,streetViewData\train\synscapes\img\807.png
1915,train,synscapes,streetViewData\train\synscapes\mask\295.png,streetViewData\train\synscapes\img\295.png
1916,train,synscapes,streetViewData\train\synscapes\mask\504.png,streetViewData\train\synscapes\img\504.png
1917,train,synscapes,streetViewData\train\synscapes\mask\857.png,streetViewData\train\synscapes\img\857.png
1918,train,synscapes,streetViewData\train\synscapes\mask\157.png,streetViewData\train\synscapes\img\157.png
1919,train,synscapes,streetViewData\train\synscapes\mask\880.png,streetViewData\train\synscapes\img\880.png
1920,train,synscapes,streetViewData\train\synscapes\mask\1693.png,streetViewData\train\synscapes\img\1693.png
1921,train,synscapes,streetViewData\train\synscapes\mask\384.png,streetViewData\train\synscapes\img\384.png
1922,train,synscapes,streetViewData\train\synscapes\mask\1603.png,streetViewData\train\synscapes\img\1603.png
1923,train,synscapes,streetViewData\train\synscapes\mask\1233.png,streetViewData\train\synscapes\img\1233.png
1924,train,synscapes,streetViewData\train\synscapes\mask\936.png,streetViewData\train\synscapes\img\936.png
1925,train,synscapes,streetViewData\train\synscapes\mask\928.png,streetViewData\train\synscapes\img\928.png
1926,train,synscapes,streetViewData\train\synscapes\mask\8.png,streetViewData\train\synscapes\img\8.png
1927,train,synscapes,streetViewData\train\synscapes\mask\461.png,streetViewData\train\synscapes\img\461.png
1928,train,synscapes,streetViewData\train\synscapes\mask\197.png,streetViewData\train\synscapes\img\197.png
1929,train,synscapes,streetViewData\train\synscapes\mask\1170.png,streetViewData\train\synscapes\img\1170.png
1930,train,synscapes,streetViewData\train\synscapes\mask\669.png,streetViewData\train\synscapes\img\669.png
1931,train,synscapes,streetViewData\train\synscapes\mask\434.png,streetViewData\train\synscapes\img\434.png
1932,train,synscapes,streetViewData\train\synscapes\mask\178.png,streetViewData\train\synscapes\img\178.png
1933,train,synscapes,streetViewData\train\synscapes\mask\1936.png,streetViewData\train\synscapes\img\1936.png
1934,train,synscapes,streetViewData\train\synscapes\mask\771.png,streetViewData\train\synscapes\img\771.png
1935,train,synscapes,streetViewData\train\synscapes\mask\1031.png,streetViewData\train\synscapes\img\1031.png
1936,train,synscapes,streetViewData\train\synscapes\mask\1667.png,streetViewData\train\synscapes\img\1667.png
1937,train,synscapes,streetViewData\train\synscapes\mask\885.png,streetViewData\train\synscapes\img\885.png
1938,train,synscapes,streetViewData\train\synscapes\mask\889.png,streetViewData\train\synscapes\img\889.png
1939,train,synscapes,streetViewData\train\synscapes\mask\1393.png,streetViewData\train\synscapes\img\1393.png
1940,train,synscapes,streetViewData\train\synscapes\mask\1628.png,streetViewData\train\synscapes\img\1628.png
1941,train,synscapes,streetViewData\train\synscapes\mask\1895.png,streetViewData\train\synscapes\img\1895.png
1942,train,synscapes,streetViewData\train\synscapes\mask\1352.png,streetViewData\train\synscapes\img\1352.png
1943,train,synscapes,streetViewData\train\synscapes\mask\905.png,streetViewData\train\synscapes\img\905.png
1944,train,synscapes,streetViewData\train\synscapes\mask\817.png,streetViewData\train\synscapes\img\817.png
1945,train,synscapes,streetViewData\train\synscapes\mask\1284.png,streetViewData\train\synscapes\img\1284.png
1946,train,synscapes,streetViewData\train\synscapes\mask\1140.png,streetViewData\train\synscapes\img\1140.png
1947,train,synscapes,streetViewData\train\synscapes\mask\1543.png,streetViewData\train\synscapes\img\1543.png
1948,train,synscapes,streetViewData\train\synscapes\mask\1185.png,streetViewData\train\synscapes\img\1185.png
1949,train,synscapes,streetViewData\train\synscapes\mask\702.png,streetViewData\train\synscapes\img\702.png
1950,train,synscapes,streetViewData\train\synscapes\mask\1994.png,streetViewData\train\synscapes\img\1994.png
1951,train,synscapes,streetViewData\train\synscapes\mask\56.png,streetViewData\train\synscapes\img\56.png
1952,train,synscapes,streetViewData\train\synscapes\mask\613.png,streetViewData\train\synscapes\img\613.png
1953,train,synscapes,streetViewData\train\synscapes\mask\699.png,streetViewData\train\synscapes\img\699.png
1954,train,synscapes,streetViewData\train\synscapes\mask\846.png,streetViewData\train\synscapes\img\846.png
1955,train,synscapes,streetViewData\train\synscapes\mask\1619.png,streetViewData\train\synscapes\img\1619.png
1956,train,synscapes,streetViewData\train\synscapes\mask\775.png,streetViewData\train\synscapes\img\775.png
1957,train,synscapes,streetViewData\train\synscapes\mask\124.png,streetViewData\train\synscapes\img\124.png
1958,train,synscapes,streetViewData\train\synscapes\mask\991.png,streetViewData\train\synscapes\img\991.png
1959,train,synscapes,streetViewData\train\synscapes\mask\620.png,streetViewData\train\synscapes\img\620.png
1960,train,synscapes,streetViewData\train\synscapes\mask\1282.png,streetViewData\train\synscapes\img\1282.png
1961,train,synscapes,streetViewData\train\synscapes\mask\1298.png,streetViewData\train\synscapes\img\1298.png
1962,train,synscapes,streetViewData\train\synscapes\mask\1331.png,streetViewData\train\synscapes\img\1331.png
1963,train,synscapes,streetViewData\train\synscapes\mask\475.png,streetViewData\train\synscapes\img\475.png
1964,train,synscapes,streetViewData\train\synscapes\mask\717.png,streetViewData\train\synscapes\img\717.png
1965,train,synscapes,streetViewData\train\synscapes\mask\1303.png,streetViewData\train\synscapes\img\1303.png
1966,train,synscapes,streetViewData\train\synscapes\mask\927.png,streetViewData\train\synscapes\img\927.png
1967,train,synscapes,streetViewData\train\synscapes\mask\664.png,streetViewData\train\synscapes\img\664.png
1968,train,synscapes,streetViewData\train\synscapes\mask\1079.png,streetViewData\train\synscapes\img\1079.png
1969,train,synscapes,streetViewData\train\synscapes\mask\934.png,streetViewData\train\synscapes\img\934.png
1970,train,synscapes,streetViewData\train\synscapes\mask\1670.png,streetViewData\train\synscapes\img\1670.png
1971,train,synscapes,streetViewData\train\synscapes\mask\445.png,streetViewData\train\synscapes\img\445.png
1972,train,synscapes,streetViewData\train\synscapes\mask\524.png,streetViewData\train\synscapes\img\524.png
1973,train,synscapes,streetViewData\train\synscapes\mask\1436.png,streetViewData\train\synscapes\img\1436.png
1974,train,synscapes,streetViewData\train\synscapes\mask\1817.png,streetViewData\train\synscapes\img\1817.png
1975,train,synscapes,streetViewData\train\synscapes\mask\323.png,streetViewData\train\synscapes\img\323.png
1976,train,synscapes,streetViewData\train\synscapes\mask\1523.png,streetViewData\train\synscapes\img\1523.png
1977,train,synscapes,streetViewData\train\synscapes\mask\721.png,streetViewData\train\synscapes\img\721.png
1978,train,synscapes,streetViewData\train\synscapes\mask\143.png,streetViewData\train\synscapes\img\143.png
1979,train,synscapes,streetViewData\train\synscapes\mask\1983.png,streetViewData\train\synscapes\img\1983.png
1980,train,synscapes,streetViewData\train\synscapes\mask\1439.png,streetViewData\train\synscapes\img\1439.png
1981,train,synscapes,streetViewData\train\synscapes\mask\1569.png,streetViewData\train\synscapes\img\1569.png
1982,train,synscapes,streetViewData\train\synscapes\mask\710.png,streetViewData\train\synscapes\img\710.png
1983,train,synscapes,streetViewData\train\synscapes\mask\749.png,streetViewData\train\synscapes\img\749.png
1984,train,synscapes,streetViewData\train\synscapes\mask\1677.png,streetViewData\train\synscapes\img\1677.png
1985,train,synscapes,streetViewData\train\synscapes\mask\643.png,streetViewData\train\synscapes\img\643.png
1986,train,synscapes,streetViewData\train\synscapes\mask\25.png,streetViewData\train\synscapes\img\25.png
1987,train,synscapes,streetViewData\train\synscapes\mask\1810.png,streetViewData\train\synscapes\img\1810.png
1988,train,synscapes,streetViewData\train\synscapes\mask\70.png,streetViewData\train\synscapes\img\70.png
1989,train,synscapes,streetViewData\train\synscapes\mask\1518.png,streetViewData\train\synscapes\img\1518.png
1990,train,synscapes,streetViewData\train\synscapes\mask\1702.png,streetViewData\train\synscapes\img\1702.png
1991,train,synscapes,streetViewData\train\synscapes\mask\1925.png,streetViewData\train\synscapes\img\1925.png
1992,train,synscapes,streetViewData\train\synscapes\mask\1971.png,streetViewData\train\synscapes\img\1971.png
1993,train,synscapes,streetViewData\train\synscapes\mask\1770.png,streetViewData\train\synscapes\img\1770.png
1994,train,synscapes,streetViewData\train\synscapes\mask\1297.png,streetViewData\train\synscapes\img\1297.png
1995,train,synscapes,streetViewData\train\synscapes\mask\1366.png,streetViewData\train\synscapes\img\1366.png
1996,train,synscapes,streetViewData\train\synscapes\mask\312.png,streetViewData\train\synscapes\img\312.png
1997,train,synscapes,streetViewData\train\synscapes\mask\1253.png,streetViewData\train\synscapes\img\1253.png
1998,train,synscapes,streetViewData\train\synscapes\mask\146.png,streetViewData\train\synscapes\img\146.png
1999,train,synscapes,streetViewData\train\synscapes\mask\1094.png,streetViewData\train\synscapes\img\1094.png
2000,train,synscapes,streetViewData\train\synscapes\mask\380.png,streetViewData\train\synscapes\img\380.png
