sample_id,split,source_dataset,mask_path,img_path
1,train,synscapes,streetViewData\train\synscapes\mask\377.png,streetViewData\train\synscapes\img\377.png
2,train,synscapes,streetViewData\train\synscapes\mask\1203.png,streetViewData\train\synscapes\img\1203.png
3,train,synscapes,streetViewData\train\synscapes\mask\1044.png,streetViewData\train\synscapes\img\1044.png
4,train,synscapes,streetViewData\train\synscapes\mask\565.png,streetViewData\train\synscapes\img\565.png
5,train,synscapes,streetViewData\train\synscapes\mask\1505.png,streetViewData\train\synscapes\img\1505.png
6,train,synscapes,streetViewData\train\synscapes\mask\145.png,streetViewData\train\synscapes\img\145.png
7,train,synscapes,streetViewData\train\synscapes\mask\141.png,streetViewData\train\synscapes\img\141.png
8,train,synscapes,streetViewData\train\synscapes\mask\1255.png,streetViewData\train\synscapes\img\1255.png
9,train,synscapes,streetViewData\train\synscapes\mask\556.png,streetViewData\train\synscapes\img\556.png
10,train,synscapes,streetViewData\train\synscapes\mask\1187.png,streetViewData\train\synscapes\img\1187.png
11,train,synscapes,streetViewData\train\synscapes\mask\445.png,streetViewData\train\synscapes\img\445.png
12,train,synscapes,streetViewData\train\synscapes\mask\563.png,streetViewData\train\synscapes\img\563.png
13,train,synscapes,streetViewData\train\synscapes\mask\843.png,streetViewData\train\synscapes\img\843.png
14,train,synscapes,streetViewData\train\synscapes\mask\202.png,streetViewData\train\synscapes\img\202.png
15,train,synscapes,streetViewData\train\synscapes\mask\1159.png,streetViewData\train\synscapes\img\1159.png
16,train,synscapes,streetViewData\train\synscapes\mask\287.png,streetViewData\train\synscapes\img\287.png
17,train,synscapes,streetViewData\train\synscapes\mask\1777.png,streetViewData\train\synscapes\img\1777.png
18,train,synscapes,streetViewData\train\synscapes\mask\1057.png,streetViewData\train\synscapes\img\1057.png
19,train,synscapes,streetViewData\train\synscapes\mask\1053.png,streetViewData\train\synscapes\img\1053.png
20,train,synscapes,streetViewData\train\synscapes\mask\1170.png,streetViewData\train\synscapes\img\1170.png
21,train,synscapes,streetViewData\train\synscapes\mask\1400.png,streetViewData\train\synscapes\img\1400.png
22,train,synscapes,streetViewData\train\synscapes\mask\1427.png,streetViewData\train\synscapes\img\1427.png
23,train,synscapes,streetViewData\train\synscapes\mask\193.png,streetViewData\train\synscapes\img\193.png
24,train,synscapes,streetViewData\train\synscapes\mask\307.png,streetViewData\train\synscapes\img\307.png
25,train,synscapes,streetViewData\train\synscapes\mask\1047.png,streetViewData\train\synscapes\img\1047.png
26,train,synscapes,streetViewData\train\synscapes\mask\232.png,streetViewData\train\synscapes\img\232.png
27,train,synscapes,streetViewData\train\synscapes\mask\1365.png,streetViewData\train\synscapes\img\1365.png
28,train,synscapes,streetViewData\train\synscapes\mask\518.png,streetViewData\train\synscapes\img\518.png
29,train,synscapes,streetViewData\train\synscapes\mask\396.png,streetViewData\train\synscapes\img\396.png
30,train,synscapes,streetViewData\train\synscapes\mask\491.png,streetViewData\train\synscapes\img\491.png
31,train,synscapes,streetViewData\train\synscapes\mask\987.png,streetViewData\train\synscapes\img\987.png
32,train,synscapes,streetViewData\train\synscapes\mask\1772.png,streetViewData\train\synscapes\img\1772.png
33,train,synscapes,streetViewData\train\synscapes\mask\1404.png,streetViewData\train\synscapes\img\1404.png
34,train,synscapes,streetViewData\train\synscapes\mask\1826.png,streetViewData\train\synscapes\img\1826.png
35,train,synscapes,streetViewData\train\synscapes\mask\284.png,streetViewData\train\synscapes\img\284.png
36,train,synscapes,streetViewData\train\synscapes\mask\1510.png,streetViewData\train\synscapes\img\1510.png
37,train,synscapes,streetViewData\train\synscapes\mask\690.png,streetViewData\train\synscapes\img\690.png
38,train,synscapes,streetViewData\train\synscapes\mask\800.png,streetViewData\train\synscapes\img\800.png
39,train,synscapes,streetViewData\train\synscapes\mask\101.png,streetViewData\train\synscapes\img\101.png
40,train,synscapes,streetViewData\train\synscapes\mask\598.png,streetViewData\train\synscapes\img\598.png
41,train,synscapes,streetViewData\train\synscapes\mask\684.png,streetViewData\train\synscapes\img\684.png
42,train,synscapes,streetViewData\train\synscapes\mask\1292.png,streetViewData\train\synscapes\img\1292.png
43,train,synscapes,streetViewData\train\synscapes\mask\485.png,streetViewData\train\synscapes\img\485.png
44,train,synscapes,streetViewData\train\synscapes\mask\1778.png,streetViewData\train\synscapes\img\1778.png
45,train,synscapes,streetViewData\train\synscapes\mask\1625.png,streetViewData\train\synscapes\img\1625.png
46,train,synscapes,streetViewData\train\synscapes\mask\967.png,streetViewData\train\synscapes\img\967.png
47,train,synscapes,streetViewData\train\synscapes\mask\1285.png,streetViewData\train\synscapes\img\1285.png
48,train,synscapes,streetViewData\train\synscapes\mask\1395.png,streetViewData\train\synscapes\img\1395.png
49,train,synscapes,streetViewData\train\synscapes\mask\605.png,streetViewData\train\synscapes\img\605.png
50,train,synscapes,streetViewData\train\synscapes\mask\1619.png,streetViewData\train\synscapes\img\1619.png
51,train,synscapes,streetViewData\train\synscapes\mask\990.png,streetViewData\train\synscapes\img\990.png
52,train,synscapes,streetViewData\train\synscapes\mask\1169.png,streetViewData\train\synscapes\img\1169.png
53,train,synscapes,streetViewData\train\synscapes\mask\17.png,streetViewData\train\synscapes\img\17.png
54,train,synscapes,streetViewData\train\synscapes\mask\1177.png,streetViewData\train\synscapes\img\1177.png
55,train,synscapes,streetViewData\train\synscapes\mask\1660.png,streetViewData\train\synscapes\img\1660.png
56,train,synscapes,streetViewData\train\synscapes\mask\760.png,streetViewData\train\synscapes\img\760.png
57,train,synscapes,streetViewData\train\synscapes\mask\1632.png,streetViewData\train\synscapes\img\1632.png
58,train,synscapes,streetViewData\train\synscapes\mask\310.png,streetViewData\train\synscapes\img\310.png
59,train,synscapes,streetViewData\train\synscapes\mask\1486.png,streetViewData\train\synscapes\img\1486.png
60,train,synscapes,streetViewData\train\synscapes\mask\686.png,streetViewData\train\synscapes\img\686.png
61,train,synscapes,streetViewData\train\synscapes\mask\1078.png,streetViewData\train\synscapes\img\1078.png
62,train,synscapes,streetViewData\train\synscapes\mask\543.png,streetViewData\train\synscapes\img\543.png
63,train,synscapes,streetViewData\train\synscapes\mask\1845.png,streetViewData\train\synscapes\img\1845.png
64,train,synscapes,streetViewData\train\synscapes\mask\1988.png,streetViewData\train\synscapes\img\1988.png
65,train,synscapes,streetViewData\train\synscapes\mask\1228.png,streetViewData\train\synscapes\img\1228.png
66,train,synscapes,streetViewData\train\synscapes\mask\899.png,streetViewData\train\synscapes\img\899.png
67,train,synscapes,streetViewData\train\synscapes\mask\1697.png,streetViewData\train\synscapes\img\1697.png
68,train,synscapes,streetViewData\train\synscapes\mask\1143.png,streetViewData\train\synscapes\img\1143.png
69,train,synscapes,streetViewData\train\synscapes\mask\215.png,streetViewData\train\synscapes\img\215.png
70,train,synscapes,streetViewData\train\synscapes\mask\1539.png,streetViewData\train\synscapes\img\1539.png
71,train,synscapes,streetViewData\train\synscapes\mask\727.png,streetViewData\train\synscapes\img\727.png
72,train,synscapes,streetViewData\train\synscapes\mask\357.png,streetViewData\train\synscapes\img\357.png
73,train,synscapes,streetViewData\train\synscapes\mask\338.png,streetViewData\train\synscapes\img\338.png
74,train,synscapes,streetViewData\train\synscapes\mask\830.png,streetViewData\train\synscapes\img\830.png
75,train,synscapes,streetViewData\train\synscapes\mask\787.png,streetViewData\train\synscapes\img\787.png
76,train,synscapes,streetViewData\train\synscapes\mask\1665.png,streetViewData\train\synscapes\img\1665.png
77,train,synscapes,streetViewData\train\synscapes\mask\262.png,streetViewData\train\synscapes\img\262.png
78,train,synscapes,streetViewData\train\synscapes\mask\1352.png,streetViewData\train\synscapes\img\1352.png
79,train,synscapes,streetViewData\train\synscapes\mask\497.png,streetViewData\train\synscapes\img\497.png
80,train,synscapes,streetViewData\train\synscapes\mask\1126.png,streetViewData\train\synscapes\img\1126.png
81,train,synscapes,streetViewData\train\synscapes\mask\1082.png,streetViewData\train\synscapes\img\1082.png
82,train,synscapes,streetViewData\train\synscapes\mask\417.png,streetViewData\train\synscapes\img\417.png
83,train,synscapes,streetViewData\train\synscapes\mask\1418.png,streetViewData\train\synscapes\img\1418.png
84,train,synscapes,streetViewData\train\synscapes\mask\623.png,streetViewData\train\synscapes\img\623.png
85,train,synscapes,streetViewData\train\synscapes\mask\1531.png,streetViewData\train\synscapes\img\1531.png
86,train,synscapes,streetViewData\train\synscapes\mask\1145.png,streetViewData\train\synscapes\img\1145.png
87,train,synscapes,streetViewData\train\synscapes\mask\775.png,streetViewData\train\synscapes\img\775.png
88,train,synscapes,streetViewData\train\synscapes\mask\98.png,streetViewData\train\synscapes\img\98.png
89,train,synscapes,streetViewData\train\synscapes\mask\796.png,streetViewData\train\synscapes\img\796.png
90,train,synscapes,streetViewData\train\synscapes\mask\1184.png,streetViewData\train\synscapes\img\1184.png
91,train,synscapes,streetViewData\train\synscapes\mask\951.png,streetViewData\train\synscapes\img\951.png
92,train,synscapes,streetViewData\train\synscapes\mask\958.png,streetViewData\train\synscapes\img\958.png
93,train,synscapes,streetViewData\train\synscapes\mask\1834.png,streetViewData\train\synscapes\img\1834.png
94,train,synscapes,streetViewData\train\synscapes\mask\37.png,streetViewData\train\synscapes\img\37.png
95,train,synscapes,streetViewData\train\synscapes\mask\736.png,streetViewData\train\synscapes\img\736.png
96,train,synscapes,streetViewData\train\synscapes\mask\1671.png,streetViewData\train\synscapes\img\1671.png
97,train,synscapes,streetViewData\train\synscapes\mask\1299.png,streetViewData\train\synscapes\img\1299.png
98,train,synscapes,streetViewData\train\synscapes\mask\1681.png,streetViewData\train\synscapes\img\1681.png
99,train,synscapes,streetViewData\train\synscapes\mask\1653.png,streetViewData\train\synscapes\img\1653.png
100,train,synscapes,streetViewData\train\synscapes\mask\1385.png,streetViewData\train\synscapes\img\1385.png
101,train,synscapes,streetViewData\train\synscapes\mask\433.png,streetViewData\train\synscapes\img\433.png
102,train,synscapes,streetViewData\train\synscapes\mask\1490.png,streetViewData\train\synscapes\img\1490.png
103,train,synscapes,streetViewData\train\synscapes\mask\492.png,streetViewData\train\synscapes\img\492.png
104,train,synscapes,streetViewData\train\synscapes\mask\458.png,streetViewData\train\synscapes\img\458.png
105,train,synscapes,streetViewData\train\synscapes\mask\393.png,streetViewData\train\synscapes\img\393.png
106,train,synscapes,streetViewData\train\synscapes\mask\113.png,streetViewData\train\synscapes\img\113.png
107,train,synscapes,streetViewData\train\synscapes\mask\320.png,streetViewData\train\synscapes\img\320.png
108,train,synscapes,streetViewData\train\synscapes\mask\369.png,streetViewData\train\synscapes\img\369.png
109,train,synscapes,streetViewData\train\synscapes\mask\1313.png,streetViewData\train\synscapes\img\1313.png
110,train,synscapes,streetViewData\train\synscapes\mask\1983.png,streetViewData\train\synscapes\img\1983.png
111,train,synscapes,streetViewData\train\synscapes\mask\542.png,streetViewData\train\synscapes\img\542.png
112,train,synscapes,streetViewData\train\synscapes\mask\994.png,streetViewData\train\synscapes\img\994.png
113,train,synscapes,streetViewData\train\synscapes\mask\13.png,streetViewData\train\synscapes\img\13.png
114,train,synscapes,streetViewData\train\synscapes\mask\1850.png,streetViewData\train\synscapes\img\1850.png
115,train,synscapes,streetViewData\train\synscapes\mask\1699.png,streetViewData\train\synscapes\img\1699.png
116,train,synscapes,streetViewData\train\synscapes\mask\1496.png,streetViewData\train\synscapes\img\1496.png
117,train,synscapes,streetViewData\train\synscapes\mask\378.png,streetViewData\train\synscapes\img\378.png
118,train,synscapes,streetViewData\train\synscapes\mask\467.png,streetViewData\train\synscapes\img\467.png
119,train,synscapes,streetViewData\train\synscapes\mask\224.png,streetViewData\train\synscapes\img\224.png
120,train,synscapes,streetViewData\train\synscapes\mask\1402.png,streetViewData\train\synscapes\img\1402.png
121,train,synscapes,streetViewData\train\synscapes\mask\460.png,streetViewData\train\synscapes\img\460.png
122,train,synscapes,streetViewData\train\synscapes\mask\1597.png,streetViewData\train\synscapes\img\1597.png
123,train,synscapes,streetViewData\train\synscapes\mask\752.png,streetViewData\train\synscapes\img\752.png
124,train,synscapes,streetViewData\train\synscapes\mask\614.png,streetViewData\train\synscapes\img\614.png
125,train,synscapes,streetViewData\train\synscapes\mask\629.png,streetViewData\train\synscapes\img\629.png
126,train,synscapes,streetViewData\train\synscapes\mask\1100.png,streetViewData\train\synscapes\img\1100.png
127,train,synscapes,streetViewData\train\synscapes\mask\1420.png,streetViewData\train\synscapes\img\1420.png
128,train,synscapes,streetViewData\train\synscapes\mask\713.png,streetViewData\train\synscapes\img\713.png
129,train,synscapes,streetViewData\train\synscapes\mask\983.png,streetViewData\train\synscapes\img\983.png
130,train,synscapes,streetViewData\train\synscapes\mask\682.png,streetViewData\train\synscapes\img\682.png
131,train,synscapes,streetViewData\train\synscapes\mask\1580.png,streetViewData\train\synscapes\img\1580.png
132,train,synscapes,streetViewData\train\synscapes\mask\1738.png,streetViewData\train\synscapes\img\1738.png
133,train,synscapes,streetViewData\train\synscapes\mask\1492.png,streetViewData\train\synscapes\img\1492.png
134,train,synscapes,streetViewData\train\synscapes\mask\112.png,streetViewData\train\synscapes\img\112.png
135,train,synscapes,streetViewData\train\synscapes\mask\1388.png,streetViewData\train\synscapes\img\1388.png
136,train,synscapes,streetViewData\train\synscapes\mask\243.png,streetViewData\train\synscapes\img\243.png
137,train,synscapes,streetViewData\train\synscapes\mask\813.png,streetViewData\train\synscapes\img\813.png
138,train,synscapes,streetViewData\train\synscapes\mask\521.png,streetViewData\train\synscapes\img\521.png
139,train,synscapes,streetViewData\train\synscapes\mask\1579.png,streetViewData\train\synscapes\img\1579.png
140,train,synscapes,streetViewData\train\synscapes\mask\1390.png,streetViewData\train\synscapes\img\1390.png
141,train,synscapes,streetViewData\train\synscapes\mask\406.png,streetViewData\train\synscapes\img\406.png
142,train,synscapes,streetViewData\train\synscapes\mask\1919.png,streetViewData\train\synscapes\img\1919.png
143,train,synscapes,streetViewData\train\synscapes\mask\1728.png,streetViewData\train\synscapes\img\1728.png
144,train,synscapes,streetViewData\train\synscapes\mask\829.png,streetViewData\train\synscapes\img\829.png
145,train,synscapes,streetViewData\train\synscapes\mask\383.png,streetViewData\train\synscapes\img\383.png
146,train,synscapes,streetViewData\train\synscapes\mask\1844.png,streetViewData\train\synscapes\img\1844.png
147,train,synscapes,streetViewData\train\synscapes\mask\1261.png,streetViewData\train\synscapes\img\1261.png
148,train,synscapes,streetViewData\train\synscapes\mask\1487.png,streetViewData\train\synscapes\img\1487.png
149,train,synscapes,streetViewData\train\synscapes\mask\992.png,streetViewData\train\synscapes\img\992.png
150,train,synscapes,streetViewData\train\synscapes\mask\1453.png,streetViewData\train\synscapes\img\1453.png
151,train,synscapes,streetViewData\train\synscapes\mask\571.png,streetViewData\train\synscapes\img\571.png
152,train,synscapes,streetViewData\train\synscapes\mask\976.png,streetViewData\train\synscapes\img\976.png
153,train,synscapes,streetViewData\train\synscapes\mask\1992.png,streetViewData\train\synscapes\img\1992.png
154,train,synscapes,streetViewData\train\synscapes\mask\1483.png,streetViewData\train\synscapes\img\1483.png
155,train,synscapes,streetViewData\train\synscapes\mask\575.png,streetViewData\train\synscapes\img\575.png
156,train,synscapes,streetViewData\train\synscapes\mask\276.png,streetViewData\train\synscapes\img\276.png
157,train,synscapes,streetViewData\train\synscapes\mask\1789.png,streetViewData\train\synscapes\img\1789.png
158,train,synscapes,streetViewData\train\synscapes\mask\853.png,streetViewData\train\synscapes\img\853.png
159,train,synscapes,streetViewData\train\synscapes\mask\274.png,streetViewData\train\synscapes\img\274.png
160,train,synscapes,streetViewData\train\synscapes\mask\1734.png,streetViewData\train\synscapes\img\1734.png
161,train,synscapes,streetViewData\train\synscapes\mask\1666.png,streetViewData\train\synscapes\img\1666.png
162,train,synscapes,streetViewData\train\synscapes\mask\891.png,streetViewData\train\synscapes\img\891.png
163,train,synscapes,streetViewData\train\synscapes\mask\1253.png,streetViewData\train\synscapes\img\1253.png
164,train,synscapes,streetViewData\train\synscapes\mask\1938.png,streetViewData\train\synscapes\img\1938.png
165,train,synscapes,streetViewData\train\synscapes\mask\1908.png,streetViewData\train\synscapes\img\1908.png
166,train,synscapes,streetViewData\train\synscapes\mask\1166.png,streetViewData\train\synscapes\img\1166.png
167,train,synscapes,streetViewData\train\synscapes\mask\591.png,streetViewData\train\synscapes\img\591.png
168,train,synscapes,streetViewData\train\synscapes\mask\1085.png,streetViewData\train\synscapes\img\1085.png
169,train,synscapes,streetViewData\train\synscapes\mask\786.png,streetViewData\train\synscapes\img\786.png
170,train,synscapes,streetViewData\train\synscapes\mask\120.png,streetViewData\train\synscapes\img\120.png
171,train,synscapes,streetViewData\train\synscapes\mask\1280.png,streetViewData\train\synscapes\img\1280.png
172,train,synscapes,streetViewData\train\synscapes\mask\355.png,streetViewData\train\synscapes\img\355.png
173,train,synscapes,streetViewData\train\synscapes\mask\1293.png,streetViewData\train\synscapes\img\1293.png
174,train,synscapes,streetViewData\train\synscapes\mask\659.png,streetViewData\train\synscapes\img\659.png
175,train,synscapes,streetViewData\train\synscapes\mask\452.png,streetViewData\train\synscapes\img\452.png
176,train,synscapes,streetViewData\train\synscapes\mask\984.png,streetViewData\train\synscapes\img\984.png
177,train,synscapes,streetViewData\train\synscapes\mask\298.png,streetViewData\train\synscapes\img\298.png
178,train,synscapes,streetViewData\train\synscapes\mask\1115.png,streetViewData\train\synscapes\img\1115.png
179,train,synscapes,streetViewData\train\synscapes\mask\1708.png,streetViewData\train\synscapes\img\1708.png
180,train,synscapes,streetViewData\train\synscapes\mask\1701.png,streetViewData\train\synscapes\img\1701.png
181,train,synscapes,streetViewData\train\synscapes\mask\297.png,streetViewData\train\synscapes\img\297.png
182,train,synscapes,streetViewData\train\synscapes\mask\1861.png,streetViewData\train\synscapes\img\1861.png
183,train,synscapes,streetViewData\train\synscapes\mask\1974.png,streetViewData\train\synscapes\img\1974.png
184,train,synscapes,streetViewData\train\synscapes\mask\1461.png,streetViewData\train\synscapes\img\1461.png
185,train,synscapes,streetViewData\train\synscapes\mask\218.png,streetViewData\train\synscapes\img\218.png
186,train,synscapes,streetViewData\train\synscapes\mask\785.png,streetViewData\train\synscapes\img\785.png
187,train,synscapes,streetViewData\train\synscapes\mask\1019.png,streetViewData\train\synscapes\img\1019.png
188,train,synscapes,streetViewData\train\synscapes\mask\841.png,streetViewData\train\synscapes\img\841.png
189,train,synscapes,streetViewData\train\synscapes\mask\527.png,streetViewData\train\synscapes\img\527.png
190,train,synscapes,streetViewData\train\synscapes\mask\1209.png,streetViewData\train\synscapes\img\1209.png
191,train,synscapes,streetViewData\train\synscapes\mask\455.png,streetViewData\train\synscapes\img\455.png
192,train,synscapes,streetViewData\train\synscapes\mask\1989.png,streetViewData\train\synscapes\img\1989.png
193,train,synscapes,streetViewData\train\synscapes\mask\582.png,streetViewData\train\synscapes\img\582.png
194,train,synscapes,streetViewData\train\synscapes\mask\907.png,streetViewData\train\synscapes\img\907.png
195,train,synscapes,streetViewData\train\synscapes\mask\615.png,streetViewData\train\synscapes\img\615.png
196,train,synscapes,streetViewData\train\synscapes\mask\38.png,streetViewData\train\synscapes\img\38.png
197,train,synscapes,streetViewData\train\synscapes\mask\959.png,streetViewData\train\synscapes\img\959.png
198,train,synscapes,streetViewData\train\synscapes\mask\998.png,streetViewData\train\synscapes\img\998.png
199,train,synscapes,streetViewData\train\synscapes\mask\154.png,streetViewData\train\synscapes\img\154.png
200,train,synscapes,streetViewData\train\synscapes\mask\180.png,streetViewData\train\synscapes\img\180.png
201,train,synscapes,streetViewData\train\synscapes\mask\129.png,streetViewData\train\synscapes\img\129.png
202,train,synscapes,streetViewData\train\synscapes\mask\1835.png,streetViewData\train\synscapes\img\1835.png
203,train,synscapes,streetViewData\train\synscapes\mask\1003.png,streetViewData\train\synscapes\img\1003.png
204,train,synscapes,streetViewData\train\synscapes\mask\529.png,streetViewData\train\synscapes\img\529.png
205,train,synscapes,streetViewData\train\synscapes\mask\812.png,streetViewData\train\synscapes\img\812.png
206,train,synscapes,streetViewData\train\synscapes\mask\524.png,streetViewData\train\synscapes\img\524.png
207,train,synscapes,streetViewData\train\synscapes\mask\1484.png,streetViewData\train\synscapes\img\1484.png
208,train,synscapes,streetViewData\train\synscapes\mask\1921.png,streetViewData\train\synscapes\img\1921.png
209,train,synscapes,streetViewData\train\synscapes\mask\602.png,streetViewData\train\synscapes\img\602.png
210,train,synscapes,streetViewData\train\synscapes\mask\1327.png,streetViewData\train\synscapes\img\1327.png
211,train,synscapes,streetViewData\train\synscapes\mask\1934.png,streetViewData\train\synscapes\img\1934.png
212,train,synscapes,streetViewData\train\synscapes\mask\1194.png,streetViewData\train\synscapes\img\1194.png
213,train,synscapes,streetViewData\train\synscapes\mask\802.png,streetViewData\train\synscapes\img\802.png
214,train,synscapes,streetViewData\train\synscapes\mask\350.png,streetViewData\train\synscapes\img\350.png
215,train,synscapes,streetViewData\train\synscapes\mask\1549.png,streetViewData\train\synscapes\img\1549.png
216,train,synscapes,streetViewData\train\synscapes\mask\75.png,streetViewData\train\synscapes\img\75.png
217,train,synscapes,streetViewData\train\synscapes\mask\376.png,streetViewData\train\synscapes\img\376.png
218,train,synscapes,streetViewData\train\synscapes\mask\809.png,streetViewData\train\synscapes\img\809.png
219,train,synscapes,streetViewData\train\synscapes\mask\902.png,streetViewData\train\synscapes\img\902.png
220,train,synscapes,streetViewData\train\synscapes\mask\975.png,streetViewData\train\synscapes\img\975.png
221,train,synscapes,streetViewData\train\synscapes\mask\845.png,streetViewData\train\synscapes\img\845.png
222,train,synscapes,streetViewData\train\synscapes\mask\1688.png,streetViewData\train\synscapes\img\1688.png
223,train,synscapes,streetViewData\train\synscapes\mask\603.png,streetViewData\train\synscapes\img\603.png
224,train,synscapes,streetViewData\train\synscapes\mask\1296.png,streetViewData\train\synscapes\img\1296.png
225,train,synscapes,streetViewData\train\synscapes\mask\1993.png,streetViewData\train\synscapes\img\1993.png
226,train,synscapes,streetViewData\train\synscapes\mask\633.png,streetViewData\train\synscapes\img\633.png
227,train,synscapes,streetViewData\train\synscapes\mask\1977.png,streetViewData\train\synscapes\img\1977.png
228,train,synscapes,streetViewData\train\synscapes\mask\10.png,streetViewData\train\synscapes\img\10.png
229,train,synscapes,streetViewData\train\synscapes\mask\301.png,streetViewData\train\synscapes\img\301.png
230,train,synscapes,streetViewData\train\synscapes\mask\1596.png,streetViewData\train\synscapes\img\1596.png
231,train,synscapes,streetViewData\train\synscapes\mask\19.png,streetViewData\train\synscapes\img\19.png
232,train,synscapes,streetViewData\train\synscapes\mask\1033.png,streetViewData\train\synscapes\img\1033.png
233,train,synscapes,streetViewData\train\synscapes\mask\1204.png,streetViewData\train\synscapes\img\1204.png
234,train,synscapes,streetViewData\train\synscapes\mask\1668.png,streetViewData\train\synscapes\img\1668.png
235,train,synscapes,streetViewData\train\synscapes\mask\731.png,streetViewData\train\synscapes\img\731.png
236,train,synscapes,streetViewData\train\synscapes\mask\945.png,streetViewData\train\synscapes\img\945.png
237,train,synscapes,streetViewData\train\synscapes\mask\1565.png,streetViewData\train\synscapes\img\1565.png
238,train,synscapes,streetViewData\train\synscapes\mask\144.png,streetViewData\train\synscapes\img\144.png
239,train,synscapes,streetViewData\train\synscapes\mask\1104.png,streetViewData\train\synscapes\img\1104.png
240,train,synscapes,streetViewData\train\synscapes\mask\1442.png,streetViewData\train\synscapes\img\1442.png
241,train,synscapes,streetViewData\train\synscapes\mask\877.png,streetViewData\train\synscapes\img\877.png
242,train,synscapes,streetViewData\train\synscapes\mask\938.png,streetViewData\train\synscapes\img\938.png
243,train,synscapes,streetViewData\train\synscapes\mask\1156.png,streetViewData\train\synscapes\img\1156.png
244,train,synscapes,streetViewData\train\synscapes\mask\547.png,streetViewData\train\synscapes\img\547.png
245,train,synscapes,streetViewData\train\synscapes\mask\1895.png,streetViewData\train\synscapes\img\1895.png
246,train,synscapes,streetViewData\train\synscapes\mask\702.png,streetViewData\train\synscapes\img\702.png
247,train,synscapes,streetViewData\train\synscapes\mask\1125.png,streetViewData\train\synscapes\img\1125.png
248,train,synscapes,streetViewData\train\synscapes\mask\60.png,streetViewData\train\synscapes\img\60.png
249,train,synscapes,streetViewData\train\synscapes\mask\1980.png,streetViewData\train\synscapes\img\1980.png
250,train,synscapes,streetViewData\train\synscapes\mask\61.png,streetViewData\train\synscapes\img\61.png
251,train,synscapes,streetViewData\train\synscapes\mask\123.png,streetViewData\train\synscapes\img\123.png
252,train,synscapes,streetViewData\train\synscapes\mask\1234.png,streetViewData\train\synscapes\img\1234.png
253,train,synscapes,streetViewData\train\synscapes\mask\414.png,streetViewData\train\synscapes\img\414.png
254,train,synscapes,streetViewData\train\synscapes\mask\1875.png,streetViewData\train\synscapes\img\1875.png
255,train,synscapes,streetViewData\train\synscapes\mask\210.png,streetViewData\train\synscapes\img\210.png
256,train,synscapes,streetViewData\train\synscapes\mask\1302.png,streetViewData\train\synscapes\img\1302.png
257,train,synscapes,streetViewData\train\synscapes\mask\866.png,streetViewData\train\synscapes\img\866.png
258,train,synscapes,streetViewData\train\synscapes\mask\1971.png,streetViewData\train\synscapes\img\1971.png
259,train,synscapes,streetViewData\train\synscapes\mask\316.png,streetViewData\train\synscapes\img\316.png
260,train,synscapes,streetViewData\train\synscapes\mask\1779.png,streetViewData\train\synscapes\img\1779.png
261,train,synscapes,streetViewData\train\synscapes\mask\1389.png,streetViewData\train\synscapes\img\1389.png
262,train,synscapes,streetViewData\train\synscapes\mask\797.png,streetViewData\train\synscapes\img\797.png
263,train,synscapes,streetViewData\train\synscapes\mask\590.png,streetViewData\train\synscapes\img\590.png
264,train,synscapes,streetViewData\train\synscapes\mask\943.png,streetViewData\train\synscapes\img\943.png
265,train,synscapes,streetViewData\train\synscapes\mask\47.png,streetViewData\train\synscapes\img\47.png
266,train,synscapes,streetViewData\train\synscapes\mask\1369.png,streetViewData\train\synscapes\img\1369.png
267,train,synscapes,streetViewData\train\synscapes\mask\512.png,streetViewData\train\synscapes\img\512.png
268,train,synscapes,streetViewData\train\synscapes\mask\1573.png,streetViewData\train\synscapes\img\1573.png
269,train,synscapes,streetViewData\train\synscapes\mask\855.png,streetViewData\train\synscapes\img\855.png
270,train,synscapes,streetViewData\train\synscapes\mask\436.png,streetViewData\train\synscapes\img\436.png
271,train,synscapes,streetViewData\train\synscapes\mask\973.png,streetViewData\train\synscapes\img\973.png
272,train,synscapes,streetViewData\train\synscapes\mask\1687.png,streetViewData\train\synscapes\img\1687.png
273,train,synscapes,streetViewData\train\synscapes\mask\1806.png,streetViewData\train\synscapes\img\1806.png
274,train,synscapes,streetViewData\train\synscapes\mask\1952.png,streetViewData\train\synscapes\img\1952.png
275,train,synscapes,streetViewData\train\synscapes\mask\1830.png,streetViewData\train\synscapes\img\1830.png
276,train,synscapes,streetViewData\train\synscapes\mask\1220.png,streetViewData\train\synscapes\img\1220.png
277,train,synscapes,streetViewData\train\synscapes\mask\1455.png,streetViewData\train\synscapes\img\1455.png
278,train,synscapes,streetViewData\train\synscapes\mask\1412.png,streetViewData\train\synscapes\img\1412.png
279,train,synscapes,streetViewData\train\synscapes\mask\1116.png,streetViewData\train\synscapes\img\1116.png
280,train,synscapes,streetViewData\train\synscapes\mask\1621.png,streetViewData\train\synscapes\img\1621.png
281,train,synscapes,streetViewData\train\synscapes\mask\1037.png,streetViewData\train\synscapes\img\1037.png
282,train,synscapes,streetViewData\train\synscapes\mask\282.png,streetViewData\train\synscapes\img\282.png
283,train,synscapes,streetViewData\train\synscapes\mask\219.png,streetViewData\train\synscapes\img\219.png
284,train,synscapes,streetViewData\train\synscapes\mask\1422.png,streetViewData\train\synscapes\img\1422.png
285,train,synscapes,streetViewData\train\synscapes\mask\283.png,streetViewData\train\synscapes\img\283.png
286,train,synscapes,streetViewData\train\synscapes\mask\97.png,streetViewData\train\synscapes\img\97.png
287,train,synscapes,streetViewData\train\synscapes\mask\1010.png,streetViewData\train\synscapes\img\1010.png
288,train,synscapes,streetViewData\train\synscapes\mask\1129.png,streetViewData\train\synscapes\img\1129.png
289,train,synscapes,streetViewData\train\synscapes\mask\502.png,streetViewData\train\synscapes\img\502.png
290,train,synscapes,streetViewData\train\synscapes\mask\361.png,streetViewData\train\synscapes\img\361.png
291,train,synscapes,streetViewData\train\synscapes\mask\1106.png,streetViewData\train\synscapes\img\1106.png
292,train,synscapes,streetViewData\train\synscapes\mask\142.png,streetViewData\train\synscapes\img\142.png
293,train,synscapes,streetViewData\train\synscapes\mask\1122.png,streetViewData\train\synscapes\img\1122.png
294,train,synscapes,streetViewData\train\synscapes\mask\1056.png,streetViewData\train\synscapes\img\1056.png
295,train,synscapes,streetViewData\train\synscapes\mask\1607.png,streetViewData\train\synscapes\img\1607.png
296,train,synscapes,streetViewData\train\synscapes\mask\74.png,streetViewData\train\synscapes\img\74.png
297,train,synscapes,streetViewData\train\synscapes\mask\1946.png,streetViewData\train\synscapes\img\1946.png
298,train,synscapes,streetViewData\train\synscapes\mask\1437.png,streetViewData\train\synscapes\img\1437.png
299,train,synscapes,streetViewData\train\synscapes\mask\1511.png,streetViewData\train\synscapes\img\1511.png
300,train,synscapes,streetViewData\train\synscapes\mask\431.png,streetViewData\train\synscapes\img\431.png
301,train,synscapes,streetViewData\train\synscapes\mask\1894.png,streetViewData\train\synscapes\img\1894.png
302,train,synscapes,streetViewData\train\synscapes\mask\1393.png,streetViewData\train\synscapes\img\1393.png
303,train,synscapes,streetViewData\train\synscapes\mask\763.png,streetViewData\train\synscapes\img\763.png
304,train,synscapes,streetViewData\train\synscapes\mask\1241.png,streetViewData\train\synscapes\img\1241.png
305,train,synscapes,streetViewData\train\synscapes\mask\531.png,streetViewData\train\synscapes\img\531.png
306,train,synscapes,streetViewData\train\synscapes\mask\250.png,streetViewData\train\synscapes\img\250.png
307,train,synscapes,streetViewData\train\synscapes\mask\260.png,streetViewData\train\synscapes\img\260.png
308,train,synscapes,streetViewData\train\synscapes\mask\1870.png,streetViewData\train\synscapes\img\1870.png
309,train,synscapes,streetViewData\train\synscapes\mask\1446.png,streetViewData\train\synscapes\img\1446.png
310,train,synscapes,streetViewData\train\synscapes\mask\644.png,streetViewData\train\synscapes\img\644.png
311,train,synscapes,streetViewData\train\synscapes\mask\721.png,streetViewData\train\synscapes\img\721.png
312,train,synscapes,streetViewData\train\synscapes\mask\687.png,streetViewData\train\synscapes\img\687.png
313,train,synscapes,streetViewData\train\synscapes\mask\1749.png,streetViewData\train\synscapes\img\1749.png
314,train,synscapes,streetViewData\train\synscapes\mask\1349.png,streetViewData\train\synscapes\img\1349.png
315,train,synscapes,streetViewData\train\synscapes\mask\1172.png,streetViewData\train\synscapes\img\1172.png
316,train,synscapes,streetViewData\train\synscapes\mask\950.png,streetViewData\train\synscapes\img\950.png
317,train,synscapes,streetViewData\train\synscapes\mask\412.png,streetViewData\train\synscapes\img\412.png
318,train,synscapes,streetViewData\train\synscapes\mask\1793.png,streetViewData\train\synscapes\img\1793.png
319,train,synscapes,streetViewData\train\synscapes\mask\1651.png,streetViewData\train\synscapes\img\1651.png
320,train,synscapes,streetViewData\train\synscapes\mask\178.png,streetViewData\train\synscapes\img\178.png
321,train,synscapes,streetViewData\train\synscapes\mask\1756.png,streetViewData\train\synscapes\img\1756.png
322,train,synscapes,streetViewData\train\synscapes\mask\186.png,streetViewData\train\synscapes\img\186.png
323,train,synscapes,streetViewData\train\synscapes\mask\9.png,streetViewData\train\synscapes\img\9.png
324,train,synscapes,streetViewData\train\synscapes\mask\1098.png,streetViewData\train\synscapes\img\1098.png
325,train,synscapes,streetViewData\train\synscapes\mask\44.png,streetViewData\train\synscapes\img\44.png
326,train,synscapes,streetViewData\train\synscapes\mask\402.png,streetViewData\train\synscapes\img\402.png
327,train,synscapes,streetViewData\train\synscapes\mask\39.png,streetViewData\train\synscapes\img\39.png
328,train,synscapes,streetViewData\train\synscapes\mask\118.png,streetViewData\train\synscapes\img\118.png
329,train,synscapes,streetViewData\train\synscapes\mask\111.png,streetViewData\train\synscapes\img\111.png
330,train,synscapes,streetViewData\train\synscapes\mask\1740.png,streetViewData\train\synscapes\img\1740.png
331,train,synscapes,streetViewData\train\synscapes\mask\540.png,streetViewData\train\synscapes\img\540.png
332,train,synscapes,streetViewData\train\synscapes\mask\1623.png,streetViewData\train\synscapes\img\1623.png
333,train,synscapes,streetViewData\train\synscapes\mask\674.png,streetViewData\train\synscapes\img\674.png
334,train,synscapes,streetViewData\train\synscapes\mask\12.png,streetViewData\train\synscapes\img\12.png
335,train,synscapes,streetViewData\train\synscapes\mask\1457.png,streetViewData\train\synscapes\img\1457.png
336,train,synscapes,streetViewData\train\synscapes\mask\1351.png,streetViewData\train\synscapes\img\1351.png
337,train,synscapes,streetViewData\train\synscapes\mask\716.png,streetViewData\train\synscapes\img\716.png
338,train,synscapes,streetViewData\train\synscapes\mask\941.png,streetViewData\train\synscapes\img\941.png
339,train,synscapes,streetViewData\train\synscapes\mask\1825.png,streetViewData\train\synscapes\img\1825.png
340,train,synscapes,streetViewData\train\synscapes\mask\1257.png,streetViewData\train\synscapes\img\1257.png
341,train,synscapes,streetViewData\train\synscapes\mask\840.png,streetViewData\train\synscapes\img\840.png
342,train,synscapes,streetViewData\train\synscapes\mask\1336.png,streetViewData\train\synscapes\img\1336.png
343,train,synscapes,streetViewData\train\synscapes\mask\73.png,streetViewData\train\synscapes\img\73.png
344,train,synscapes,streetViewData\train\synscapes\mask\1851.png,streetViewData\train\synscapes\img\1851.png
345,train,synscapes,streetViewData\train\synscapes\mask\1459.png,streetViewData\train\synscapes\img\1459.png
346,train,synscapes,streetViewData\train\synscapes\mask\1137.png,streetViewData\train\synscapes\img\1137.png
347,train,synscapes,streetViewData\train\synscapes\mask\1815.png,streetViewData\train\synscapes\img\1815.png
348,train,synscapes,streetViewData\train\synscapes\mask\212.png,streetViewData\train\synscapes\img\212.png
349,train,synscapes,streetViewData\train\synscapes\mask\1179.png,streetViewData\train\synscapes\img\1179.png
350,train,synscapes,streetViewData\train\synscapes\mask\1091.png,streetViewData\train\synscapes\img\1091.png
351,train,synscapes,streetViewData\train\synscapes\mask\40.png,streetViewData\train\synscapes\img\40.png
352,train,synscapes,streetViewData\train\synscapes\mask\1996.png,streetViewData\train\synscapes\img\1996.png
353,train,synscapes,streetViewData\train\synscapes\mask\1025.png,streetViewData\train\synscapes\img\1025.png
354,train,synscapes,streetViewData\train\synscapes\mask\981.png,streetViewData\train\synscapes\img\981.png
355,train,synscapes,streetViewData\train\synscapes\mask\588.png,streetViewData\train\synscapes\img\588.png
356,train,synscapes,streetViewData\train\synscapes\mask\1434.png,streetViewData\train\synscapes\img\1434.png
357,train,synscapes,streetViewData\train\synscapes\mask\1304.png,streetViewData\train\synscapes\img\1304.png
358,train,synscapes,streetViewData\train\synscapes\mask\1748.png,streetViewData\train\synscapes\img\1748.png
359,train,synscapes,streetViewData\train\synscapes\mask\728.png,streetViewData\train\synscapes\img\728.png
360,train,synscapes,streetViewData\train\synscapes\mask\1886.png,streetViewData\train\synscapes\img\1886.png
361,train,synscapes,streetViewData\train\synscapes\mask\1392.png,streetViewData\train\synscapes\img\1392.png
362,train,synscapes,streetViewData\train\synscapes\mask\880.png,streetViewData\train\synscapes\img\880.png
363,train,synscapes,streetViewData\train\synscapes\mask\737.png,streetViewData\train\synscapes\img\737.png
364,train,synscapes,streetViewData\train\synscapes\mask\1301.png,streetViewData\train\synscapes\img\1301.png
365,train,synscapes,streetViewData\train\synscapes\mask\1698.png,streetViewData\train\synscapes\img\1698.png
366,train,synscapes,streetViewData\train\synscapes\mask\1001.png,streetViewData\train\synscapes\img\1001.png
367,train,synscapes,streetViewData\train\synscapes\mask\1718.png,streetViewData\train\synscapes\img\1718.png
368,train,synscapes,streetViewData\train\synscapes\mask\1488.png,streetViewData\train\synscapes\img\1488.png
369,train,synscapes,streetViewData\train\synscapes\mask\643.png,streetViewData\train\synscapes\img\643.png
370,train,synscapes,streetViewData\train\synscapes\mask\645.png,streetViewData\train\synscapes\img\645.png
371,train,synscapes,streetViewData\train\synscapes\mask\1837.png,streetViewData\train\synscapes\img\1837.png
372,train,synscapes,streetViewData\train\synscapes\mask\1524.png,streetViewData\train\synscapes\img\1524.png
373,train,synscapes,streetViewData\train\synscapes\mask\765.png,streetViewData\train\synscapes\img\765.png
374,train,synscapes,streetViewData\train\synscapes\mask\482.png,streetViewData\train\synscapes\img\482.png
375,train,synscapes,streetViewData\train\synscapes\mask\545.png,streetViewData\train\synscapes\img\545.png
376,train,synscapes,streetViewData\train\synscapes\mask\642.png,streetViewData\train\synscapes\img\642.png
377,train,synscapes,streetViewData\train\synscapes\mask\222.png,streetViewData\train\synscapes\img\222.png
378,train,synscapes,streetViewData\train\synscapes\mask\418.png,streetViewData\train\synscapes\img\418.png
379,train,synscapes,streetViewData\train\synscapes\mask\522.png,streetViewData\train\synscapes\img\522.png
380,train,synscapes,streetViewData\train\synscapes\mask\1896.png,streetViewData\train\synscapes\img\1896.png
381,train,synscapes,streetViewData\train\synscapes\mask\1284.png,streetViewData\train\synscapes\img\1284.png
382,train,synscapes,streetViewData\train\synscapes\mask\1348.png,streetViewData\train\synscapes\img\1348.png
383,train,synscapes,streetViewData\train\synscapes\mask\1545.png,streetViewData\train\synscapes\img\1545.png
384,train,synscapes,streetViewData\train\synscapes\mask\14.png,streetViewData\train\synscapes\img\14.png
385,train,synscapes,streetViewData\train\synscapes\mask\1105.png,streetViewData\train\synscapes\img\1105.png
386,train,synscapes,streetViewData\train\synscapes\mask\266.png,streetViewData\train\synscapes\img\266.png
387,train,synscapes,streetViewData\train\synscapes\mask\554.png,streetViewData\train\synscapes\img\554.png
388,train,synscapes,streetViewData\train\synscapes\mask\1999.png,streetViewData\train\synscapes\img\1999.png
389,train,synscapes,streetViewData\train\synscapes\mask\778.png,streetViewData\train\synscapes\img\778.png
390,train,synscapes,streetViewData\train\synscapes\mask\577.png,streetViewData\train\synscapes\img\577.png
391,train,synscapes,streetViewData\train\synscapes\mask\1577.png,streetViewData\train\synscapes\img\1577.png
392,train,synscapes,streetViewData\train\synscapes\mask\1103.png,streetViewData\train\synscapes\img\1103.png
393,train,synscapes,streetViewData\train\synscapes\mask\1090.png,streetViewData\train\synscapes\img\1090.png
394,train,synscapes,streetViewData\train\synscapes\mask\275.png,streetViewData\train\synscapes\img\275.png
395,train,synscapes,streetViewData\train\synscapes\mask\1878.png,streetViewData\train\synscapes\img\1878.png
396,train,synscapes,streetViewData\train\synscapes\mask\1925.png,streetViewData\train\synscapes\img\1925.png
397,train,synscapes,streetViewData\train\synscapes\mask\1978.png,streetViewData\train\synscapes\img\1978.png
398,train,synscapes,streetViewData\train\synscapes\mask\1289.png,streetViewData\train\synscapes\img\1289.png
399,train,synscapes,streetViewData\train\synscapes\mask\1102.png,streetViewData\train\synscapes\img\1102.png
400,train,synscapes,streetViewData\train\synscapes\mask\1935.png,streetViewData\train\synscapes\img\1935.png
401,train,synscapes,streetViewData\train\synscapes\mask\1146.png,streetViewData\train\synscapes\img\1146.png
402,train,synscapes,streetViewData\train\synscapes\mask\1340.png,streetViewData\train\synscapes\img\1340.png
403,train,synscapes,streetViewData\train\synscapes\mask\1124.png,streetViewData\train\synscapes\img\1124.png
404,train,synscapes,streetViewData\train\synscapes\mask\295.png,streetViewData\train\synscapes\img\295.png
405,train,synscapes,streetViewData\train\synscapes\mask\1123.png,streetViewData\train\synscapes\img\1123.png
406,train,synscapes,streetViewData\train\synscapes\mask\442.png,streetViewData\train\synscapes\img\442.png
407,train,synscapes,streetViewData\train\synscapes\mask\1431.png,streetViewData\train\synscapes\img\1431.png
408,train,synscapes,streetViewData\train\synscapes\mask\1742.png,streetViewData\train\synscapes\img\1742.png
409,train,synscapes,streetViewData\train\synscapes\mask\1219.png,streetViewData\train\synscapes\img\1219.png
410,train,synscapes,streetViewData\train\synscapes\mask\248.png,streetViewData\train\synscapes\img\248.png
411,train,synscapes,streetViewData\train\synscapes\mask\1452.png,streetViewData\train\synscapes\img\1452.png
412,train,synscapes,streetViewData\train\synscapes\mask\265.png,streetViewData\train\synscapes\img\265.png
413,train,synscapes,streetViewData\train\synscapes\mask\294.png,streetViewData\train\synscapes\img\294.png
414,train,synscapes,streetViewData\train\synscapes\mask\1071.png,streetViewData\train\synscapes\img\1071.png
415,train,synscapes,streetViewData\train\synscapes\mask\34.png,streetViewData\train\synscapes\img\34.png
416,train,synscapes,streetViewData\train\synscapes\mask\1149.png,streetViewData\train\synscapes\img\1149.png
417,train,synscapes,streetViewData\train\synscapes\mask\1771.png,streetViewData\train\synscapes\img\1771.png
418,train,synscapes,streetViewData\train\synscapes\mask\41.png,streetViewData\train\synscapes\img\41.png
419,train,synscapes,streetViewData\train\synscapes\mask\856.png,streetViewData\train\synscapes\img\856.png
420,train,synscapes,streetViewData\train\synscapes\mask\24.png,streetViewData\train\synscapes\img\24.png
421,train,synscapes,streetViewData\train\synscapes\mask\1962.png,streetViewData\train\synscapes\img\1962.png
422,train,synscapes,streetViewData\train\synscapes\mask\1581.png,streetViewData\train\synscapes\img\1581.png
423,train,synscapes,streetViewData\train\synscapes\mask\148.png,streetViewData\train\synscapes\img\148.png
424,train,synscapes,streetViewData\train\synscapes\mask\1375.png,streetViewData\train\synscapes\img\1375.png
425,train,synscapes,streetViewData\train\synscapes\mask\432.png,streetViewData\train\synscapes\img\432.png
426,train,synscapes,streetViewData\train\synscapes\mask\974.png,streetViewData\train\synscapes\img\974.png
427,train,synscapes,streetViewData\train\synscapes\mask\1578.png,streetViewData\train\synscapes\img\1578.png
428,train,synscapes,streetViewData\train\synscapes\mask\1438.png,streetViewData\train\synscapes\img\1438.png
429,train,synscapes,streetViewData\train\synscapes\mask\668.png,streetViewData\train\synscapes\img\668.png
430,train,synscapes,streetViewData\train\synscapes\mask\870.png,streetViewData\train\synscapes\img\870.png
431,train,synscapes,streetViewData\train\synscapes\mask\124.png,streetViewData\train\synscapes\img\124.png
432,train,synscapes,streetViewData\train\synscapes\mask\756.png,streetViewData\train\synscapes\img\756.png
433,train,synscapes,streetViewData\train\synscapes\mask\388.png,streetViewData\train\synscapes\img\388.png
434,train,synscapes,streetViewData\train\synscapes\mask\1551.png,streetViewData\train\synscapes\img\1551.png
435,train,synscapes,streetViewData\train\synscapes\mask\1841.png,streetViewData\train\synscapes\img\1841.png
436,train,synscapes,streetViewData\train\synscapes\mask\619.png,streetViewData\train\synscapes\img\619.png
437,train,synscapes,streetViewData\train\synscapes\mask\584.png,streetViewData\train\synscapes\img\584.png
438,train,synscapes,streetViewData\train\synscapes\mask\1131.png,streetViewData\train\synscapes\img\1131.png
439,train,synscapes,streetViewData\train\synscapes\mask\1015.png,streetViewData\train\synscapes\img\1015.png
440,train,synscapes,streetViewData\train\synscapes\mask\1843.png,streetViewData\train\synscapes\img\1843.png
441,train,synscapes,streetViewData\train\synscapes\mask\343.png,streetViewData\train\synscapes\img\343.png
442,train,synscapes,streetViewData\train\synscapes\mask\236.png,streetViewData\train\synscapes\img\236.png
443,train,synscapes,streetViewData\train\synscapes\mask\1182.png,streetViewData\train\synscapes\img\1182.png
444,train,synscapes,streetViewData\train\synscapes\mask\1133.png,streetViewData\train\synscapes\img\1133.png
445,train,synscapes,streetViewData\train\synscapes\mask\1990.png,streetViewData\train\synscapes\img\1990.png
446,train,synscapes,streetViewData\train\synscapes\mask\1391.png,streetViewData\train\synscapes\img\1391.png
447,train,synscapes,streetViewData\train\synscapes\mask\1931.png,streetViewData\train\synscapes\img\1931.png
448,train,synscapes,streetViewData\train\synscapes\mask\612.png,streetViewData\train\synscapes\img\612.png
449,train,synscapes,streetViewData\train\synscapes\mask\1242.png,streetViewData\train\synscapes\img\1242.png
450,train,synscapes,streetViewData\train\synscapes\mask\1641.png,streetViewData\train\synscapes\img\1641.png
451,train,synscapes,streetViewData\train\synscapes\mask\636.png,streetViewData\train\synscapes\img\636.png
452,train,synscapes,streetViewData\train\synscapes\mask\1449.png,streetViewData\train\synscapes\img\1449.png
453,train,synscapes,streetViewData\train\synscapes\mask\168.png,streetViewData\train\synscapes\img\168.png
454,train,synscapes,streetViewData\train\synscapes\mask\1523.png,streetViewData\train\synscapes\img\1523.png
455,train,synscapes,streetViewData\train\synscapes\mask\818.png,streetViewData\train\synscapes\img\818.png
456,train,synscapes,streetViewData\train\synscapes\mask\753.png,streetViewData\train\synscapes\img\753.png
457,train,synscapes,streetViewData\train\synscapes\mask\20.png,streetViewData\train\synscapes\img\20.png
458,train,synscapes,streetViewData\train\synscapes\mask\495.png,streetViewData\train\synscapes\img\495.png
459,train,synscapes,streetViewData\train\synscapes\mask\1556.png,streetViewData\train\synscapes\img\1556.png
460,train,synscapes,streetViewData\train\synscapes\mask\325.png,streetViewData\train\synscapes\img\325.png
461,train,synscapes,streetViewData\train\synscapes\mask\403.png,streetViewData\train\synscapes\img\403.png
462,train,synscapes,streetViewData\train\synscapes\mask\834.png,streetViewData\train\synscapes\img\834.png
463,train,synscapes,streetViewData\train\synscapes\mask\1012.png,streetViewData\train\synscapes\img\1012.png
464,train,synscapes,streetViewData\train\synscapes\mask\429.png,streetViewData\train\synscapes\img\429.png
465,train,synscapes,streetViewData\train\synscapes\mask\22.png,streetViewData\train\synscapes\img\22.png
466,train,synscapes,streetViewData\train\synscapes\mask\1550.png,streetViewData\train\synscapes\img\1550.png
467,train,synscapes,streetViewData\train\synscapes\mask\420.png,streetViewData\train\synscapes\img\420.png
468,train,synscapes,streetViewData\train\synscapes\mask\119.png,streetViewData\train\synscapes\img\119.png
469,train,synscapes,streetViewData\train\synscapes\mask\1246.png,streetViewData\train\synscapes\img\1246.png
470,train,synscapes,streetViewData\train\synscapes\mask\946.png,streetViewData\train\synscapes\img\946.png
471,train,synscapes,streetViewData\train\synscapes\mask\1210.png,streetViewData\train\synscapes\img\1210.png
472,train,synscapes,streetViewData\train\synscapes\mask\1196.png,streetViewData\train\synscapes\img\1196.png
473,train,synscapes,streetViewData\train\synscapes\mask\567.png,streetViewData\train\synscapes\img\567.png
474,train,synscapes,streetViewData\train\synscapes\mask\832.png,streetViewData\train\synscapes\img\832.png
475,train,synscapes,streetViewData\train\synscapes\mask\957.png,streetViewData\train\synscapes\img\957.png
476,train,synscapes,streetViewData\train\synscapes\mask\150.png,streetViewData\train\synscapes\img\150.png
477,train,synscapes,streetViewData\train\synscapes\mask\1518.png,streetViewData\train\synscapes\img\1518.png
478,train,synscapes,streetViewData\train\synscapes\mask\312.png,streetViewData\train\synscapes\img\312.png
479,train,synscapes,streetViewData\train\synscapes\mask\1387.png,streetViewData\train\synscapes\img\1387.png
480,train,synscapes,streetViewData\train\synscapes\mask\520.png,streetViewData\train\synscapes\img\520.png
481,train,synscapes,streetViewData\train\synscapes\mask\1630.png,streetViewData\train\synscapes\img\1630.png
482,train,synscapes,streetViewData\train\synscapes\mask\1373.png,streetViewData\train\synscapes\img\1373.png
483,train,synscapes,streetViewData\train\synscapes\mask\465.png,streetViewData\train\synscapes\img\465.png
484,train,synscapes,streetViewData\train\synscapes\mask\367.png,streetViewData\train\synscapes\img\367.png
485,train,synscapes,streetViewData\train\synscapes\mask\1485.png,streetViewData\train\synscapes\img\1485.png
486,train,synscapes,streetViewData\train\synscapes\mask\1930.png,streetViewData\train\synscapes\img\1930.png
487,train,synscapes,streetViewData\train\synscapes\mask\791.png,streetViewData\train\synscapes\img\791.png
488,train,synscapes,streetViewData\train\synscapes\mask\833.png,streetViewData\train\synscapes\img\833.png
489,train,synscapes,streetViewData\train\synscapes\mask\1092.png,streetViewData\train\synscapes\img\1092.png
490,train,synscapes,streetViewData\train\synscapes\mask\952.png,streetViewData\train\synscapes\img\952.png
491,train,synscapes,streetViewData\train\synscapes\mask\368.png,streetViewData\train\synscapes\img\368.png
492,train,synscapes,streetViewData\train\synscapes\mask\710.png,streetViewData\train\synscapes\img\710.png
493,train,synscapes,streetViewData\train\synscapes\mask\1508.png,streetViewData\train\synscapes\img\1508.png
494,train,synscapes,streetViewData\train\synscapes\mask\108.png,streetViewData\train\synscapes\img\108.png
495,train,synscapes,streetViewData\train\synscapes\mask\1004.png,streetViewData\train\synscapes\img\1004.png
496,train,synscapes,streetViewData\train\synscapes\mask\1613.png,streetViewData\train\synscapes\img\1613.png
497,train,synscapes,streetViewData\train\synscapes\mask\1239.png,streetViewData\train\synscapes\img\1239.png
498,train,synscapes,streetViewData\train\synscapes\mask\372.png,streetViewData\train\synscapes\img\372.png
499,train,synscapes,streetViewData\train\synscapes\mask\1481.png,streetViewData\train\synscapes\img\1481.png
500,train,synscapes,streetViewData\train\synscapes\mask\798.png,streetViewData\train\synscapes\img\798.png
501,train,synscapes,streetViewData\train\synscapes\mask\1812.png,streetViewData\train\synscapes\img\1812.png
502,train,synscapes,streetViewData\train\synscapes\mask\214.png,streetViewData\train\synscapes\img\214.png
503,train,synscapes,streetViewData\train\synscapes\mask\5.png,streetViewData\train\synscapes\img\5.png
504,train,synscapes,streetViewData\train\synscapes\mask\1787.png,streetViewData\train\synscapes\img\1787.png
505,train,synscapes,streetViewData\train\synscapes\mask\231.png,streetViewData\train\synscapes\img\231.png
506,train,synscapes,streetViewData\train\synscapes\mask\799.png,streetViewData\train\synscapes\img\799.png
507,train,synscapes,streetViewData\train\synscapes\mask\79.png,streetViewData\train\synscapes\img\79.png
508,train,synscapes,streetViewData\train\synscapes\mask\688.png,streetViewData\train\synscapes\img\688.png
509,train,synscapes,streetViewData\train\synscapes\mask\472.png,streetViewData\train\synscapes\img\472.png
510,train,synscapes,streetViewData\train\synscapes\mask\1273.png,streetViewData\train\synscapes\img\1273.png
511,train,synscapes,streetViewData\train\synscapes\mask\203.png,streetViewData\train\synscapes\img\203.png
512,train,synscapes,streetViewData\train\synscapes\mask\1064.png,streetViewData\train\synscapes\img\1064.png
513,train,synscapes,streetViewData\train\synscapes\mask\849.png,streetViewData\train\synscapes\img\849.png
514,train,synscapes,streetViewData\train\synscapes\mask\271.png,streetViewData\train\synscapes\img\271.png
515,train,synscapes,streetViewData\train\synscapes\mask\216.png,streetViewData\train\synscapes\img\216.png
516,train,synscapes,streetViewData\train\synscapes\mask\1271.png,streetViewData\train\synscapes\img\1271.png
517,train,synscapes,streetViewData\train\synscapes\mask\1791.png,streetViewData\train\synscapes\img\1791.png
518,train,synscapes,streetViewData\train\synscapes\mask\1233.png,streetViewData\train\synscapes\img\1233.png
519,train,synscapes,streetViewData\train\synscapes\mask\1075.png,streetViewData\train\synscapes\img\1075.png
520,train,synscapes,streetViewData\train\synscapes\mask\1567.png,streetViewData\train\synscapes\img\1567.png
521,train,synscapes,streetViewData\train\synscapes\mask\1670.png,streetViewData\train\synscapes\img\1670.png
522,train,synscapes,streetViewData\train\synscapes\mask\626.png,streetViewData\train\synscapes\img\626.png
523,train,synscapes,streetViewData\train\synscapes\mask\1658.png,streetViewData\train\synscapes\img\1658.png
524,train,synscapes,streetViewData\train\synscapes\mask\1386.png,streetViewData\train\synscapes\img\1386.png
525,train,synscapes,streetViewData\train\synscapes\mask\827.png,streetViewData\train\synscapes\img\827.png
526,train,synscapes,streetViewData\train\synscapes\mask\689.png,streetViewData\train\synscapes\img\689.png
527,train,synscapes,streetViewData\train\synscapes\mask\427.png,streetViewData\train\synscapes\img\427.png
528,train,synscapes,streetViewData\train\synscapes\mask\1188.png,streetViewData\train\synscapes\img\1188.png
529,train,synscapes,streetViewData\train\synscapes\mask\1650.png,streetViewData\train\synscapes\img\1650.png
530,train,synscapes,streetViewData\train\synscapes\mask\23.png,streetViewData\train\synscapes\img\23.png
531,train,synscapes,streetViewData\train\synscapes\mask\677.png,streetViewData\train\synscapes\img\677.png
532,train,synscapes,streetViewData\train\synscapes\mask\342.png,streetViewData\train\synscapes\img\342.png
533,train,synscapes,streetViewData\train\synscapes\mask\1283.png,streetViewData\train\synscapes\img\1283.png
534,train,synscapes,streetViewData\train\synscapes\mask\679.png,streetViewData\train\synscapes\img\679.png
535,train,synscapes,streetViewData\train\synscapes\mask\1298.png,streetViewData\train\synscapes\img\1298.png
536,train,synscapes,streetViewData\train\synscapes\mask\1324.png,streetViewData\train\synscapes\img\1324.png
537,train,synscapes,streetViewData\train\synscapes\mask\1759.png,streetViewData\train\synscapes\img\1759.png
538,train,synscapes,streetViewData\train\synscapes\mask\1043.png,streetViewData\train\synscapes\img\1043.png
539,train,synscapes,streetViewData\train\synscapes\mask\1329.png,streetViewData\train\synscapes\img\1329.png
540,train,synscapes,streetViewData\train\synscapes\mask\1610.png,streetViewData\train\synscapes\img\1610.png
541,train,synscapes,streetViewData\train\synscapes\mask\1758.png,streetViewData\train\synscapes\img\1758.png
542,train,synscapes,streetViewData\train\synscapes\mask\616.png,streetViewData\train\synscapes\img\616.png
543,train,synscapes,streetViewData\train\synscapes\mask\1456.png,streetViewData\train\synscapes\img\1456.png
544,train,synscapes,streetViewData\train\synscapes\mask\824.png,streetViewData\train\synscapes\img\824.png
545,train,synscapes,streetViewData\train\synscapes\mask\961.png,streetViewData\train\synscapes\img\961.png
546,train,synscapes,streetViewData\train\synscapes\mask\972.png,streetViewData\train\synscapes\img\972.png
547,train,synscapes,streetViewData\train\synscapes\mask\1198.png,streetViewData\train\synscapes\img\1198.png
548,train,synscapes,streetViewData\train\synscapes\mask\1703.png,streetViewData\train\synscapes\img\1703.png
549,train,synscapes,streetViewData\train\synscapes\mask\107.png,streetViewData\train\synscapes\img\107.png
550,train,synscapes,streetViewData\train\synscapes\mask\1866.png,streetViewData\train\synscapes\img\1866.png
551,train,synscapes,streetViewData\train\synscapes\mask\1408.png,streetViewData\train\synscapes\img\1408.png
552,train,synscapes,streetViewData\train\synscapes\mask\1366.png,streetViewData\train\synscapes\img\1366.png
553,train,synscapes,streetViewData\train\synscapes\mask\1847.png,streetViewData\train\synscapes\img\1847.png
554,train,synscapes,streetViewData\train\synscapes\mask\1643.png,streetViewData\train\synscapes\img\1643.png
555,train,synscapes,streetViewData\train\synscapes\mask\1561.png,streetViewData\train\synscapes\img\1561.png
556,train,synscapes,streetViewData\train\synscapes\mask\924.png,streetViewData\train\synscapes\img\924.png
557,train,synscapes,streetViewData\train\synscapes\mask\1409.png,streetViewData\train\synscapes\img\1409.png
558,train,synscapes,streetViewData\train\synscapes\mask\1041.png,streetViewData\train\synscapes\img\1041.png
559,train,synscapes,streetViewData\train\synscapes\mask\771.png,streetViewData\train\synscapes\img\771.png
560,train,synscapes,streetViewData\train\synscapes\mask\1354.png,streetViewData\train\synscapes\img\1354.png
561,train,synscapes,streetViewData\train\synscapes\mask\1733.png,streetViewData\train\synscapes\img\1733.png
562,train,synscapes,streetViewData\train\synscapes\mask\1603.png,streetViewData\train\synscapes\img\1603.png
563,train,synscapes,streetViewData\train\synscapes\mask\966.png,streetViewData\train\synscapes\img\966.png
564,train,synscapes,streetViewData\train\synscapes\mask\927.png,streetViewData\train\synscapes\img\927.png
565,train,synscapes,streetViewData\train\synscapes\mask\1512.png,streetViewData\train\synscapes\img\1512.png
566,train,synscapes,streetViewData\train\synscapes\mask\1646.png,streetViewData\train\synscapes\img\1646.png
567,train,synscapes,streetViewData\train\synscapes\mask\380.png,streetViewData\train\synscapes\img\380.png
568,train,synscapes,streetViewData\train\synscapes\mask\851.png,streetViewData\train\synscapes\img\851.png
569,train,synscapes,streetViewData\train\synscapes\mask\1735.png,streetViewData\train\synscapes\img\1735.png
570,train,synscapes,streetViewData\train\synscapes\mask\450.png,streetViewData\train\synscapes\img\450.png
571,train,synscapes,streetViewData\train\synscapes\mask\695.png,streetViewData\train\synscapes\img\695.png
572,train,synscapes,streetViewData\train\synscapes\mask\1609.png,streetViewData\train\synscapes\img\1609.png
573,train,synscapes,streetViewData\train\synscapes\mask\1049.png,streetViewData\train\synscapes\img\1049.png
574,train,synscapes,streetViewData\train\synscapes\mask\86.png,streetViewData\train\synscapes\img\86.png
575,train,synscapes,streetViewData\train\synscapes\mask\618.png,streetViewData\train\synscapes\img\618.png
576,train,synscapes,streetViewData\train\synscapes\mask\81.png,streetViewData\train\synscapes\img\81.png
577,train,synscapes,streetViewData\train\synscapes\mask\269.png,streetViewData\train\synscapes\img\269.png
578,train,synscapes,streetViewData\train\synscapes\mask\596.png,streetViewData\train\synscapes\img\596.png
579,train,synscapes,streetViewData\train\synscapes\mask\1069.png,streetViewData\train\synscapes\img\1069.png
580,train,synscapes,streetViewData\train\synscapes\mask\1199.png,streetViewData\train\synscapes\img\1199.png
581,train,synscapes,streetViewData\train\synscapes\mask\84.png,streetViewData\train\synscapes\img\84.png
582,train,synscapes,streetViewData\train\synscapes\mask\18.png,streetViewData\train\synscapes\img\18.png
583,train,synscapes,streetViewData\train\synscapes\mask\1635.png,streetViewData\train\synscapes\img\1635.png
584,train,synscapes,streetViewData\train\synscapes\mask\647.png,streetViewData\train\synscapes\img\647.png
585,train,synscapes,streetViewData\train\synscapes\mask\1802.png,streetViewData\train\synscapes\img\1802.png
586,train,synscapes,streetViewData\train\synscapes\mask\315.png,streetViewData\train\synscapes\img\315.png
587,train,synscapes,streetViewData\train\synscapes\mask\1941.png,streetViewData\train\synscapes\img\1941.png
588,train,synscapes,streetViewData\train\synscapes\mask\662.png,streetViewData\train\synscapes\img\662.png
589,train,synscapes,streetViewData\train\synscapes\mask\838.png,streetViewData\train\synscapes\img\838.png
590,train,synscapes,streetViewData\train\synscapes\mask\722.png,streetViewData\train\synscapes\img\722.png
591,train,synscapes,streetViewData\train\synscapes\mask\696.png,streetViewData\train\synscapes\img\696.png
592,train,synscapes,streetViewData\train\synscapes\mask\1468.png,streetViewData\train\synscapes\img\1468.png
593,train,synscapes,streetViewData\train\synscapes\mask\650.png,streetViewData\train\synscapes\img\650.png
594,train,synscapes,streetViewData\train\synscapes\mask\700.png,streetViewData\train\synscapes\img\700.png
595,train,synscapes,streetViewData\train\synscapes\mask\1000.png,streetViewData\train\synscapes\img\1000.png
596,train,synscapes,streetViewData\train\synscapes\mask\1957.png,streetViewData\train\synscapes\img\1957.png
597,train,synscapes,streetViewData\train\synscapes\mask\1991.png,streetViewData\train\synscapes\img\1991.png
598,train,synscapes,streetViewData\train\synscapes\mask\434.png,streetViewData\train\synscapes\img\434.png
599,train,synscapes,streetViewData\train\synscapes\mask\1361.png,streetViewData\train\synscapes\img\1361.png
600,train,synscapes,streetViewData\train\synscapes\mask\167.png,streetViewData\train\synscapes\img\167.png
601,train,synscapes,streetViewData\train\synscapes\mask\1794.png,streetViewData\train\synscapes\img\1794.png
602,train,synscapes,streetViewData\train\synscapes\mask\1127.png,streetViewData\train\synscapes\img\1127.png
603,train,synscapes,streetViewData\train\synscapes\mask\422.png,streetViewData\train\synscapes\img\422.png
604,train,synscapes,streetViewData\train\synscapes\mask\733.png,streetViewData\train\synscapes\img\733.png
605,train,synscapes,streetViewData\train\synscapes\mask\347.png,streetViewData\train\synscapes\img\347.png
606,train,synscapes,streetViewData\train\synscapes\mask\473.png,streetViewData\train\synscapes\img\473.png
607,train,synscapes,streetViewData\train\synscapes\mask\579.png,streetViewData\train\synscapes\img\579.png
608,train,synscapes,streetViewData\train\synscapes\mask\940.png,streetViewData\train\synscapes\img\940.png
609,train,synscapes,streetViewData\train\synscapes\mask\1552.png,streetViewData\train\synscapes\img\1552.png
610,train,synscapes,streetViewData\train\synscapes\mask\1933.png,streetViewData\train\synscapes\img\1933.png
611,train,synscapes,streetViewData\train\synscapes\mask\1569.png,streetViewData\train\synscapes\img\1569.png
612,train,synscapes,streetViewData\train\synscapes\mask\876.png,streetViewData\train\synscapes\img\876.png
613,train,synscapes,streetViewData\train\synscapes\mask\1751.png,streetViewData\train\synscapes\img\1751.png
614,train,synscapes,streetViewData\train\synscapes\mask\160.png,streetViewData\train\synscapes\img\160.png
615,train,synscapes,streetViewData\train\synscapes\mask\701.png,streetViewData\train\synscapes\img\701.png
616,train,synscapes,streetViewData\train\synscapes\mask\1543.png,streetViewData\train\synscapes\img\1543.png
617,train,synscapes,streetViewData\train\synscapes\mask\580.png,streetViewData\train\synscapes\img\580.png
618,train,synscapes,streetViewData\train\synscapes\mask\1232.png,streetViewData\train\synscapes\img\1232.png
619,train,synscapes,streetViewData\train\synscapes\mask\697.png,streetViewData\train\synscapes\img\697.png
620,train,synscapes,streetViewData\train\synscapes\mask\1774.png,streetViewData\train\synscapes\img\1774.png
621,train,synscapes,streetViewData\train\synscapes\mask\423.png,streetViewData\train\synscapes\img\423.png
622,train,synscapes,streetViewData\train\synscapes\mask\670.png,streetViewData\train\synscapes\img\670.png
623,train,synscapes,streetViewData\train\synscapes\mask\1319.png,streetViewData\train\synscapes\img\1319.png
624,train,synscapes,streetViewData\train\synscapes\mask\332.png,streetViewData\train\synscapes\img\332.png
625,train,synscapes,streetViewData\train\synscapes\mask\247.png,streetViewData\train\synscapes\img\247.png
626,train,synscapes,streetViewData\train\synscapes\mask\1553.png,streetViewData\train\synscapes\img\1553.png
627,train,synscapes,streetViewData\train\synscapes\mask\1747.png,streetViewData\train\synscapes\img\1747.png
628,train,synscapes,streetViewData\train\synscapes\mask\208.png,streetViewData\train\synscapes\img\208.png
629,train,synscapes,streetViewData\train\synscapes\mask\1.png,streetViewData\train\synscapes\img\1.png
630,train,synscapes,streetViewData\train\synscapes\mask\1559.png,streetViewData\train\synscapes\img\1559.png
631,train,synscapes,streetViewData\train\synscapes\mask\1527.png,streetViewData\train\synscapes\img\1527.png
632,train,synscapes,streetViewData\train\synscapes\mask\87.png,streetViewData\train\synscapes\img\87.png
633,train,synscapes,streetViewData\train\synscapes\mask\533.png,streetViewData\train\synscapes\img\533.png
634,train,synscapes,streetViewData\train\synscapes\mask\267.png,streetViewData\train\synscapes\img\267.png
635,train,synscapes,streetViewData\train\synscapes\mask\766.png,streetViewData\train\synscapes\img\766.png
636,train,synscapes,streetViewData\train\synscapes\mask\404.png,streetViewData\train\synscapes\img\404.png
637,train,synscapes,streetViewData\train\synscapes\mask\1592.png,streetViewData\train\synscapes\img\1592.png
638,train,synscapes,streetViewData\train\synscapes\mask\1856.png,streetViewData\train\synscapes\img\1856.png
639,train,synscapes,streetViewData\train\synscapes\mask\548.png,streetViewData\train\synscapes\img\548.png
640,train,synscapes,streetViewData\train\synscapes\mask\1813.png,streetViewData\train\synscapes\img\1813.png
641,train,synscapes,streetViewData\train\synscapes\mask\7.png,streetViewData\train\synscapes\img\7.png
642,train,synscapes,streetViewData\train\synscapes\mask\1940.png,streetViewData\train\synscapes\img\1940.png
643,train,synscapes,streetViewData\train\synscapes\mask\1871.png,streetViewData\train\synscapes\img\1871.png
644,train,synscapes,streetViewData\train\synscapes\mask\1310.png,streetViewData\train\synscapes\img\1310.png
645,train,synscapes,streetViewData\train\synscapes\mask\884.png,streetViewData\train\synscapes\img\884.png
646,train,synscapes,streetViewData\train\synscapes\mask\1154.png,streetViewData\train\synscapes\img\1154.png
647,train,synscapes,streetViewData\train\synscapes\mask\1521.png,streetViewData\train\synscapes\img\1521.png
648,train,synscapes,streetViewData\train\synscapes\mask\1949.png,streetViewData\train\synscapes\img\1949.png
649,train,synscapes,streetViewData\train\synscapes\mask\365.png,streetViewData\train\synscapes\img\365.png
650,train,synscapes,streetViewData\train\synscapes\mask\625.png,streetViewData\train\synscapes\img\625.png
651,train,synscapes,streetViewData\train\synscapes\mask\1616.png,streetViewData\train\synscapes\img\1616.png
652,train,synscapes,streetViewData\train\synscapes\mask\680.png,streetViewData\train\synscapes\img\680.png
653,train,synscapes,streetViewData\train\synscapes\mask\632.png,streetViewData\train\synscapes\img\632.png
654,train,synscapes,streetViewData\train\synscapes\mask\1570.png,streetViewData\train\synscapes\img\1570.png
655,train,synscapes,streetViewData\train\synscapes\mask\749.png,streetViewData\train\synscapes\img\749.png
656,train,synscapes,streetViewData\train\synscapes\mask\965.png,streetViewData\train\synscapes\img\965.png
657,train,synscapes,streetViewData\train\synscapes\mask\127.png,streetViewData\train\synscapes\img\127.png
658,train,synscapes,streetViewData\train\synscapes\mask\514.png,streetViewData\train\synscapes\img\514.png
659,train,synscapes,streetViewData\train\synscapes\mask\1083.png,streetViewData\train\synscapes\img\1083.png
660,train,synscapes,streetViewData\train\synscapes\mask\94.png,streetViewData\train\synscapes\img\94.png
661,train,synscapes,streetViewData\train\synscapes\mask\770.png,streetViewData\train\synscapes\img\770.png
662,train,synscapes,streetViewData\train\synscapes\mask\324.png,streetViewData\train\synscapes\img\324.png
663,train,synscapes,streetViewData\train\synscapes\mask\1132.png,streetViewData\train\synscapes\img\1132.png
664,train,synscapes,streetViewData\train\synscapes\mask\1838.png,streetViewData\train\synscapes\img\1838.png
665,train,synscapes,streetViewData\train\synscapes\mask\1762.png,streetViewData\train\synscapes\img\1762.png
666,train,synscapes,streetViewData\train\synscapes\mask\359.png,streetViewData\train\synscapes\img\359.png
667,train,synscapes,streetViewData\train\synscapes\mask\259.png,streetViewData\train\synscapes\img\259.png
668,train,synscapes,streetViewData\train\synscapes\mask\1357.png,streetViewData\train\synscapes\img\1357.png
669,train,synscapes,streetViewData\train\synscapes\mask\1706.png,streetViewData\train\synscapes\img\1706.png
670,train,synscapes,streetViewData\train\synscapes\mask\191.png,streetViewData\train\synscapes\img\191.png
671,train,synscapes,streetViewData\train\synscapes\mask\487.png,streetViewData\train\synscapes\img\487.png
672,train,synscapes,streetViewData\train\synscapes\mask\1448.png,streetViewData\train\synscapes\img\1448.png
673,train,synscapes,streetViewData\train\synscapes\mask\1270.png,streetViewData\train\synscapes\img\1270.png
674,train,synscapes,streetViewData\train\synscapes\mask\1008.png,streetViewData\train\synscapes\img\1008.png
675,train,synscapes,streetViewData\train\synscapes\mask\1195.png,streetViewData\train\synscapes\img\1195.png
676,train,synscapes,streetViewData\train\synscapes\mask\1782.png,streetViewData\train\synscapes\img\1782.png
677,train,synscapes,streetViewData\train\synscapes\mask\1401.png,streetViewData\train\synscapes\img\1401.png
678,train,synscapes,streetViewData\train\synscapes\mask\1322.png,streetViewData\train\synscapes\img\1322.png
679,train,synscapes,streetViewData\train\synscapes\mask\1953.png,streetViewData\train\synscapes\img\1953.png
680,train,synscapes,streetViewData\train\synscapes\mask\1855.png,streetViewData\train\synscapes\img\1855.png
681,train,synscapes,streetViewData\train\synscapes\mask\666.png,streetViewData\train\synscapes\img\666.png
682,train,synscapes,streetViewData\train\synscapes\mask\225.png,streetViewData\train\synscapes\img\225.png
683,train,synscapes,streetViewData\train\synscapes\mask\1458.png,streetViewData\train\synscapes\img\1458.png
684,train,synscapes,streetViewData\train\synscapes\mask\1221.png,streetViewData\train\synscapes\img\1221.png
685,train,synscapes,streetViewData\train\synscapes\mask\184.png,streetViewData\train\synscapes\img\184.png
686,train,synscapes,streetViewData\train\synscapes\mask\1244.png,streetViewData\train\synscapes\img\1244.png
687,train,synscapes,streetViewData\train\synscapes\mask\387.png,streetViewData\train\synscapes\img\387.png
688,train,synscapes,streetViewData\train\synscapes\mask\641.png,streetViewData\train\synscapes\img\641.png
689,train,synscapes,streetViewData\train\synscapes\mask\228.png,streetViewData\train\synscapes\img\228.png
690,train,synscapes,streetViewData\train\synscapes\mask\296.png,streetViewData\train\synscapes\img\296.png
691,train,synscapes,streetViewData\train\synscapes\mask\1583.png,streetViewData\train\synscapes\img\1583.png
692,train,synscapes,streetViewData\train\synscapes\mask\1814.png,streetViewData\train\synscapes\img\1814.png
693,train,synscapes,streetViewData\train\synscapes\mask\327.png,streetViewData\train\synscapes\img\327.png
694,train,synscapes,streetViewData\train\synscapes\mask\1929.png,streetViewData\train\synscapes\img\1929.png
695,train,synscapes,streetViewData\train\synscapes\mask\1785.png,streetViewData\train\synscapes\img\1785.png
696,train,synscapes,streetViewData\train\synscapes\mask\908.png,streetViewData\train\synscapes\img\908.png
697,train,synscapes,streetViewData\train\synscapes\mask\1820.png,streetViewData\train\synscapes\img\1820.png
698,train,synscapes,streetViewData\train\synscapes\mask\1291.png,streetViewData\train\synscapes\img\1291.png
699,train,synscapes,streetViewData\train\synscapes\mask\1874.png,streetViewData\train\synscapes\img\1874.png
700,train,synscapes,streetViewData\train\synscapes\mask\1828.png,streetViewData\train\synscapes\img\1828.png
701,train,synscapes,streetViewData\train\synscapes\mask\1476.png,streetViewData\train\synscapes\img\1476.png
702,train,synscapes,streetViewData\train\synscapes\mask\1454.png,streetViewData\train\synscapes\img\1454.png
703,train,synscapes,streetViewData\train\synscapes\mask\1509.png,streetViewData\train\synscapes\img\1509.png
704,train,synscapes,streetViewData\train\synscapes\mask\196.png,streetViewData\train\synscapes\img\196.png
705,train,synscapes,streetViewData\train\synscapes\mask\1892.png,streetViewData\train\synscapes\img\1892.png
706,train,synscapes,streetViewData\train\synscapes\mask\353.png,streetViewData\train\synscapes\img\353.png
707,train,synscapes,streetViewData\train\synscapes\mask\1439.png,streetViewData\train\synscapes\img\1439.png
708,train,synscapes,streetViewData\train\synscapes\mask\1504.png,streetViewData\train\synscapes\img\1504.png
709,train,synscapes,streetViewData\train\synscapes\mask\1809.png,streetViewData\train\synscapes\img\1809.png
710,train,synscapes,streetViewData\train\synscapes\mask\1140.png,streetViewData\train\synscapes\img\1140.png
711,train,synscapes,streetViewData\train\synscapes\mask\1525.png,streetViewData\train\synscapes\img\1525.png
712,train,synscapes,streetViewData\train\synscapes\mask\1430.png,streetViewData\train\synscapes\img\1430.png
713,train,synscapes,streetViewData\train\synscapes\mask\15.png,streetViewData\train\synscapes\img\15.png
714,train,synscapes,streetViewData\train\synscapes\mask\1617.png,streetViewData\train\synscapes\img\1617.png
715,train,synscapes,streetViewData\train\synscapes\mask\1588.png,streetViewData\train\synscapes\img\1588.png
716,train,synscapes,streetViewData\train\synscapes\mask\1995.png,streetViewData\train\synscapes\img\1995.png
717,train,synscapes,streetViewData\train\synscapes\mask\1147.png,streetViewData\train\synscapes\img\1147.png
718,train,synscapes,streetViewData\train\synscapes\mask\852.png,streetViewData\train\synscapes\img\852.png
719,train,synscapes,streetViewData\train\synscapes\mask\1276.png,streetViewData\train\synscapes\img\1276.png
720,train,synscapes,streetViewData\train\synscapes\mask\1424.png,streetViewData\train\synscapes\img\1424.png
721,train,synscapes,streetViewData\train\synscapes\mask\1704.png,streetViewData\train\synscapes\img\1704.png
722,train,synscapes,streetViewData\train\synscapes\mask\128.png,streetViewData\train\synscapes\img\128.png
723,train,synscapes,streetViewData\train\synscapes\mask\935.png,streetViewData\train\synscapes\img\935.png
724,train,synscapes,streetViewData\train\synscapes\mask\748.png,streetViewData\train\synscapes\img\748.png
725,train,synscapes,streetViewData\train\synscapes\mask\1763.png,streetViewData\train\synscapes\img\1763.png
726,train,synscapes,streetViewData\train\synscapes\mask\175.png,streetViewData\train\synscapes\img\175.png
727,train,synscapes,streetViewData\train\synscapes\mask\1608.png,streetViewData\train\synscapes\img\1608.png
728,train,synscapes,streetViewData\train\synscapes\mask\2.png,streetViewData\train\synscapes\img\2.png
729,train,synscapes,streetViewData\train\synscapes\mask\1858.png,streetViewData\train\synscapes\img\1858.png
730,train,synscapes,streetViewData\train\synscapes\mask\1765.png,streetViewData\train\synscapes\img\1765.png
731,train,synscapes,streetViewData\train\synscapes\mask\1112.png,streetViewData\train\synscapes\img\1112.png
732,train,synscapes,streetViewData\train\synscapes\mask\138.png,streetViewData\train\synscapes\img\138.png
733,train,synscapes,streetViewData\train\synscapes\mask\1773.png,streetViewData\train\synscapes\img\1773.png
734,train,synscapes,streetViewData\train\synscapes\mask\1716.png,streetViewData\train\synscapes\img\1716.png
735,train,synscapes,streetViewData\train\synscapes\mask\72.png,streetViewData\train\synscapes\img\72.png
736,train,synscapes,streetViewData\train\synscapes\mask\1034.png,streetViewData\train\synscapes\img\1034.png
737,train,synscapes,streetViewData\train\synscapes\mask\26.png,streetViewData\train\synscapes\img\26.png
738,train,synscapes,streetViewData\train\synscapes\mask\170.png,streetViewData\train\synscapes\img\170.png
739,train,synscapes,streetViewData\train\synscapes\mask\667.png,streetViewData\train\synscapes\img\667.png
740,train,synscapes,streetViewData\train\synscapes\mask\1009.png,streetViewData\train\synscapes\img\1009.png
741,train,synscapes,streetViewData\train\synscapes\mask\1647.png,streetViewData\train\synscapes\img\1647.png
742,train,synscapes,streetViewData\train\synscapes\mask\805.png,streetViewData\train\synscapes\img\805.png
743,train,synscapes,streetViewData\train\synscapes\mask\1717.png,streetViewData\train\synscapes\img\1717.png
744,train,synscapes,streetViewData\train\synscapes\mask\923.png,streetViewData\train\synscapes\img\923.png
745,train,synscapes,streetViewData\train\synscapes\mask\461.png,streetViewData\train\synscapes\img\461.png
746,train,synscapes,streetViewData\train\synscapes\mask\204.png,streetViewData\train\synscapes\img\204.png
747,train,synscapes,streetViewData\train\synscapes\mask\31.png,streetViewData\train\synscapes\img\31.png
748,train,synscapes,streetViewData\train\synscapes\mask\741.png,streetViewData\train\synscapes\img\741.png
749,train,synscapes,streetViewData\train\synscapes\mask\1899.png,streetViewData\train\synscapes\img\1899.png
750,train,synscapes,streetViewData\train\synscapes\mask\857.png,streetViewData\train\synscapes\img\857.png
751,train,synscapes,streetViewData\train\synscapes\mask\1500.png,streetViewData\train\synscapes\img\1500.png
752,train,synscapes,streetViewData\train\synscapes\mask\1801.png,streetViewData\train\synscapes\img\1801.png
753,train,synscapes,streetViewData\train\synscapes\mask\676.png,streetViewData\train\synscapes\img\676.png
754,train,synscapes,streetViewData\train\synscapes\mask\1051.png,streetViewData\train\synscapes\img\1051.png
755,train,synscapes,streetViewData\train\synscapes\mask\1715.png,streetViewData\train\synscapes\img\1715.png
756,train,synscapes,streetViewData\train\synscapes\mask\1618.png,streetViewData\train\synscapes\img\1618.png
757,train,synscapes,streetViewData\train\synscapes\mask\1744.png,streetViewData\train\synscapes\img\1744.png
758,train,synscapes,streetViewData\train\synscapes\mask\769.png,streetViewData\train\synscapes\img\769.png
759,train,synscapes,streetViewData\train\synscapes\mask\1860.png,streetViewData\train\synscapes\img\1860.png
760,train,synscapes,streetViewData\train\synscapes\mask\532.png,streetViewData\train\synscapes\img\532.png
761,train,synscapes,streetViewData\train\synscapes\mask\90.png,streetViewData\train\synscapes\img\90.png
762,train,synscapes,streetViewData\train\synscapes\mask\1048.png,streetViewData\train\synscapes\img\1048.png
763,train,synscapes,streetViewData\train\synscapes\mask\1724.png,streetViewData\train\synscapes\img\1724.png
764,train,synscapes,streetViewData\train\synscapes\mask\29.png,streetViewData\train\synscapes\img\29.png
765,train,synscapes,streetViewData\train\synscapes\mask\238.png,streetViewData\train\synscapes\img\238.png
766,train,synscapes,streetViewData\train\synscapes\mask\569.png,streetViewData\train\synscapes\img\569.png
767,train,synscapes,streetViewData\train\synscapes\mask\1152.png,streetViewData\train\synscapes\img\1152.png
768,train,synscapes,streetViewData\train\synscapes\mask\858.png,streetViewData\train\synscapes\img\858.png
769,train,synscapes,streetViewData\train\synscapes\mask\1248.png,streetViewData\train\synscapes\img\1248.png
770,train,synscapes,streetViewData\train\synscapes\mask\185.png,streetViewData\train\synscapes\img\185.png
771,train,synscapes,streetViewData\train\synscapes\mask\1333.png,streetViewData\train\synscapes\img\1333.png
772,train,synscapes,streetViewData\train\synscapes\mask\386.png,streetViewData\train\synscapes\img\386.png
773,train,synscapes,streetViewData\train\synscapes\mask\1478.png,streetViewData\train\synscapes\img\1478.png
774,train,synscapes,streetViewData\train\synscapes\mask\439.png,streetViewData\train\synscapes\img\439.png
775,train,synscapes,streetViewData\train\synscapes\mask\1601.png,streetViewData\train\synscapes\img\1601.png
776,train,synscapes,streetViewData\train\synscapes\mask\764.png,streetViewData\train\synscapes\img\764.png
777,train,synscapes,streetViewData\train\synscapes\mask\665.png,streetViewData\train\synscapes\img\665.png
778,train,synscapes,streetViewData\train\synscapes\mask\1600.png,streetViewData\train\synscapes\img\1600.png
779,train,synscapes,streetViewData\train\synscapes\mask\1620.png,streetViewData\train\synscapes\img\1620.png
780,train,synscapes,streetViewData\train\synscapes\mask\793.png,streetViewData\train\synscapes\img\793.png
781,train,synscapes,streetViewData\train\synscapes\mask\916.png,streetViewData\train\synscapes\img\916.png
782,train,synscapes,streetViewData\train\synscapes\mask\1776.png,streetViewData\train\synscapes\img\1776.png
783,train,synscapes,streetViewData\train\synscapes\mask\1463.png,streetViewData\train\synscapes\img\1463.png
784,train,synscapes,streetViewData\train\synscapes\mask\624.png,streetViewData\train\synscapes\img\624.png
785,train,synscapes,streetViewData\train\synscapes\mask\503.png,streetViewData\train\synscapes\img\503.png
786,train,synscapes,streetViewData\train\synscapes\mask\790.png,streetViewData\train\synscapes\img\790.png
787,train,synscapes,streetViewData\train\synscapes\mask\726.png,streetViewData\train\synscapes\img\726.png
788,train,synscapes,streetViewData\train\synscapes\mask\1094.png,streetViewData\train\synscapes\img\1094.png
789,train,synscapes,streetViewData\train\synscapes\mask\50.png,streetViewData\train\synscapes\img\50.png
790,train,synscapes,streetViewData\train\synscapes\mask\1411.png,streetViewData\train\synscapes\img\1411.png
791,train,synscapes,streetViewData\train\synscapes\mask\593.png,streetViewData\train\synscapes\img\593.png
792,train,synscapes,streetViewData\train\synscapes\mask\1072.png,streetViewData\train\synscapes\img\1072.png
793,train,synscapes,streetViewData\train\synscapes\mask\1055.png,streetViewData\train\synscapes\img\1055.png
794,train,synscapes,streetViewData\train\synscapes\mask\989.png,streetViewData\train\synscapes\img\989.png
795,train,synscapes,streetViewData\train\synscapes\mask\501.png,streetViewData\train\synscapes\img\501.png
796,train,synscapes,streetViewData\train\synscapes\mask\1035.png,streetViewData\train\synscapes\img\1035.png
797,train,synscapes,streetViewData\train\synscapes\mask\349.png,streetViewData\train\synscapes\img\349.png
798,train,synscapes,streetViewData\train\synscapes\mask\613.png,streetViewData\train\synscapes\img\613.png
799,train,synscapes,streetViewData\train\synscapes\mask\1230.png,streetViewData\train\synscapes\img\1230.png
800,train,synscapes,streetViewData\train\synscapes\mask\42.png,streetViewData\train\synscapes\img\42.png
801,train,synscapes,streetViewData\train\synscapes\mask\828.png,streetViewData\train\synscapes\img\828.png
802,train,synscapes,streetViewData\train\synscapes\mask\326.png,streetViewData\train\synscapes\img\326.png
803,train,synscapes,streetViewData\train\synscapes\mask\140.png,streetViewData\train\synscapes\img\140.png
804,train,synscapes,streetViewData\train\synscapes\mask\424.png,streetViewData\train\synscapes\img\424.png
805,train,synscapes,streetViewData\train\synscapes\mask\1470.png,streetViewData\train\synscapes\img\1470.png
806,train,synscapes,streetViewData\train\synscapes\mask\1679.png,streetViewData\train\synscapes\img\1679.png
807,train,synscapes,streetViewData\train\synscapes\mask\1307.png,streetViewData\train\synscapes\img\1307.png
808,train,synscapes,streetViewData\train\synscapes\mask\278.png,streetViewData\train\synscapes\img\278.png
809,train,synscapes,streetViewData\train\synscapes\mask\130.png,streetViewData\train\synscapes\img\130.png
810,train,synscapes,streetViewData\train\synscapes\mask\1572.png,streetViewData\train\synscapes\img\1572.png
811,train,synscapes,streetViewData\train\synscapes\mask\506.png,streetViewData\train\synscapes\img\506.png
812,train,synscapes,streetViewData\train\synscapes\mask\628.png,streetViewData\train\synscapes\img\628.png
813,train,synscapes,streetViewData\train\synscapes\mask\1045.png,streetViewData\train\synscapes\img\1045.png
814,train,synscapes,streetViewData\train\synscapes\mask\758.png,streetViewData\train\synscapes\img\758.png
815,train,synscapes,streetViewData\train\synscapes\mask\335.png,streetViewData\train\synscapes\img\335.png
816,train,synscapes,streetViewData\train\synscapes\mask\1690.png,streetViewData\train\synscapes\img\1690.png
817,train,synscapes,streetViewData\train\synscapes\mask\173.png,streetViewData\train\synscapes\img\173.png
818,train,synscapes,streetViewData\train\synscapes\mask\1364.png,streetViewData\train\synscapes\img\1364.png
819,train,synscapes,streetViewData\train\synscapes\mask\1138.png,streetViewData\train\synscapes\img\1138.png
820,train,synscapes,streetViewData\train\synscapes\mask\720.png,streetViewData\train\synscapes\img\720.png
821,train,synscapes,streetViewData\train\synscapes\mask\1186.png,streetViewData\train\synscapes\img\1186.png
822,train,synscapes,streetViewData\train\synscapes\mask\1554.png,streetViewData\train\synscapes\img\1554.png
823,train,synscapes,streetViewData\train\synscapes\mask\750.png,streetViewData\train\synscapes\img\750.png
824,train,synscapes,streetViewData\train\synscapes\mask\241.png,streetViewData\train\synscapes\img\241.png
825,train,synscapes,streetViewData\train\synscapes\mask\1074.png,streetViewData\train\synscapes\img\1074.png
826,train,synscapes,streetViewData\train\synscapes\mask\1639.png,streetViewData\train\synscapes\img\1639.png
827,train,synscapes,streetViewData\train\synscapes\mask\1981.png,streetViewData\train\synscapes\img\1981.png
828,train,synscapes,streetViewData\train\synscapes\mask\978.png,streetViewData\train\synscapes\img\978.png
829,train,synscapes,streetViewData\train\synscapes\mask\910.png,streetViewData\train\synscapes\img\910.png
830,train,synscapes,streetViewData\train\synscapes\mask\777.png,streetViewData\train\synscapes\img\777.png
831,train,synscapes,streetViewData\train\synscapes\mask\597.png,streetViewData\train\synscapes\img\597.png
832,train,synscapes,streetViewData\train\synscapes\mask\1627.png,streetViewData\train\synscapes\img\1627.png
833,train,synscapes,streetViewData\train\synscapes\mask\1020.png,streetViewData\train\synscapes\img\1020.png
834,train,synscapes,streetViewData\train\synscapes\mask\339.png,streetViewData\train\synscapes\img\339.png
835,train,synscapes,streetViewData\train\synscapes\mask\1901.png,streetViewData\train\synscapes\img\1901.png
836,train,synscapes,streetViewData\train\synscapes\mask\1193.png,streetViewData\train\synscapes\img\1193.png
837,train,synscapes,streetViewData\train\synscapes\mask\1798.png,streetViewData\train\synscapes\img\1798.png
838,train,synscapes,streetViewData\train\synscapes\mask\854.png,streetViewData\train\synscapes\img\854.png
839,train,synscapes,streetViewData\train\synscapes\mask\1846.png,streetViewData\train\synscapes\img\1846.png
840,train,synscapes,streetViewData\train\synscapes\mask\80.png,streetViewData\train\synscapes\img\80.png
841,train,synscapes,streetViewData\train\synscapes\mask\1800.png,streetViewData\train\synscapes\img\1800.png
842,train,synscapes,streetViewData\train\synscapes\mask\389.png,streetViewData\train\synscapes\img\389.png
843,train,synscapes,streetViewData\train\synscapes\mask\1960.png,streetViewData\train\synscapes\img\1960.png
844,train,synscapes,streetViewData\train\synscapes\mask\1497.png,streetViewData\train\synscapes\img\1497.png
845,train,synscapes,streetViewData\train\synscapes\mask\328.png,streetViewData\train\synscapes\img\328.png
846,train,synscapes,streetViewData\train\synscapes\mask\1890.png,streetViewData\train\synscapes\img\1890.png
847,train,synscapes,streetViewData\train\synscapes\mask\337.png,streetViewData\train\synscapes\img\337.png
848,train,synscapes,streetViewData\train\synscapes\mask\321.png,streetViewData\train\synscapes\img\321.png
849,train,synscapes,streetViewData\train\synscapes\mask\1493.png,streetViewData\train\synscapes\img\1493.png
850,train,synscapes,streetViewData\train\synscapes\mask\1593.png,streetViewData\train\synscapes\img\1593.png
851,train,synscapes,streetViewData\train\synscapes\mask\1450.png,streetViewData\train\synscapes\img\1450.png
852,train,synscapes,streetViewData\train\synscapes\mask\1158.png,streetViewData\train\synscapes\img\1158.png
853,train,synscapes,streetViewData\train\synscapes\mask\490.png,streetViewData\train\synscapes\img\490.png
854,train,synscapes,streetViewData\train\synscapes\mask\183.png,streetViewData\train\synscapes\img\183.png
855,train,synscapes,streetViewData\train\synscapes\mask\394.png,streetViewData\train\synscapes\img\394.png
856,train,synscapes,streetViewData\train\synscapes\mask\489.png,streetViewData\train\synscapes\img\489.png
857,train,synscapes,streetViewData\train\synscapes\mask\836.png,streetViewData\train\synscapes\img\836.png
858,train,synscapes,streetViewData\train\synscapes\mask\318.png,streetViewData\train\synscapes\img\318.png
859,train,synscapes,streetViewData\train\synscapes\mask\1050.png,streetViewData\train\synscapes\img\1050.png
860,train,synscapes,streetViewData\train\synscapes\mask\755.png,streetViewData\train\synscapes\img\755.png
861,train,synscapes,streetViewData\train\synscapes\mask\1598.png,streetViewData\train\synscapes\img\1598.png
862,train,synscapes,streetViewData\train\synscapes\mask\304.png,streetViewData\train\synscapes\img\304.png
863,train,synscapes,streetViewData\train\synscapes\mask\1898.png,streetViewData\train\synscapes\img\1898.png
864,train,synscapes,streetViewData\train\synscapes\mask\139.png,streetViewData\train\synscapes\img\139.png
865,train,synscapes,streetViewData\train\synscapes\mask\1652.png,streetViewData\train\synscapes\img\1652.png
866,train,synscapes,streetViewData\train\synscapes\mask\1475.png,streetViewData\train\synscapes\img\1475.png
867,train,synscapes,streetViewData\train\synscapes\mask\1626.png,streetViewData\train\synscapes\img\1626.png
868,train,synscapes,streetViewData\train\synscapes\mask\1513.png,streetViewData\train\synscapes\img\1513.png
869,train,synscapes,streetViewData\train\synscapes\mask\1507.png,streetViewData\train\synscapes\img\1507.png
870,train,synscapes,streetViewData\train\synscapes\mask\1016.png,streetViewData\train\synscapes\img\1016.png
871,train,synscapes,streetViewData\train\synscapes\mask\1951.png,streetViewData\train\synscapes\img\1951.png
872,train,synscapes,streetViewData\train\synscapes\mask\1350.png,streetViewData\train\synscapes\img\1350.png
873,train,synscapes,streetViewData\train\synscapes\mask\780.png,streetViewData\train\synscapes\img\780.png
874,train,synscapes,streetViewData\train\synscapes\mask\1443.png,streetViewData\train\synscapes\img\1443.png
875,train,synscapes,streetViewData\train\synscapes\mask\573.png,streetViewData\train\synscapes\img\573.png
876,train,synscapes,streetViewData\train\synscapes\mask\560.png,streetViewData\train\synscapes\img\560.png
877,train,synscapes,streetViewData\train\synscapes\mask\1441.png,streetViewData\train\synscapes\img\1441.png
878,train,synscapes,streetViewData\train\synscapes\mask\1877.png,streetViewData\train\synscapes\img\1877.png
879,train,synscapes,streetViewData\train\synscapes\mask\1903.png,streetViewData\train\synscapes\img\1903.png
880,train,synscapes,streetViewData\train\synscapes\mask\1824.png,streetViewData\train\synscapes\img\1824.png
881,train,synscapes,streetViewData\train\synscapes\mask\103.png,streetViewData\train\synscapes\img\103.png
882,train,synscapes,streetViewData\train\synscapes\mask\117.png,streetViewData\train\synscapes\img\117.png
883,train,synscapes,streetViewData\train\synscapes\mask\1540.png,streetViewData\train\synscapes\img\1540.png
884,train,synscapes,streetViewData\train\synscapes\mask\1406.png,streetViewData\train\synscapes\img\1406.png
885,train,synscapes,streetViewData\train\synscapes\mask\317.png,streetViewData\train\synscapes\img\317.png
886,train,synscapes,streetViewData\train\synscapes\mask\1447.png,streetViewData\train\synscapes\img\1447.png
887,train,synscapes,streetViewData\train\synscapes\mask\1563.png,streetViewData\train\synscapes\img\1563.png
888,train,synscapes,streetViewData\train\synscapes\mask\273.png,streetViewData\train\synscapes\img\273.png
889,train,synscapes,streetViewData\train\synscapes\mask\279.png,streetViewData\train\synscapes\img\279.png
890,train,synscapes,streetViewData\train\synscapes\mask\822.png,streetViewData\train\synscapes\img\822.png
891,train,synscapes,streetViewData\train\synscapes\mask\948.png,streetViewData\train\synscapes\img\948.png
892,train,synscapes,streetViewData\train\synscapes\mask\1783.png,streetViewData\train\synscapes\img\1783.png
893,train,synscapes,streetViewData\train\synscapes\mask\344.png,streetViewData\train\synscapes\img\344.png
894,train,synscapes,streetViewData\train\synscapes\mask\331.png,streetViewData\train\synscapes\img\331.png
895,train,synscapes,streetViewData\train\synscapes\mask\817.png,streetViewData\train\synscapes\img\817.png
896,train,synscapes,streetViewData\train\synscapes\mask\1498.png,streetViewData\train\synscapes\img\1498.png
897,train,synscapes,streetViewData\train\synscapes\mask\200.png,streetViewData\train\synscapes\img\200.png
898,train,synscapes,streetViewData\train\synscapes\mask\56.png,streetViewData\train\synscapes\img\56.png
899,train,synscapes,streetViewData\train\synscapes\mask\1423.png,streetViewData\train\synscapes\img\1423.png
900,train,synscapes,streetViewData\train\synscapes\mask\258.png,streetViewData\train\synscapes\img\258.png
901,train,synscapes,streetViewData\train\synscapes\mask\1353.png,streetViewData\train\synscapes\img\1353.png
902,train,synscapes,streetViewData\train\synscapes\mask\881.png,streetViewData\train\synscapes\img\881.png
903,train,synscapes,streetViewData\train\synscapes\mask\1218.png,streetViewData\train\synscapes\img\1218.png
904,train,synscapes,streetViewData\train\synscapes\mask\134.png,streetViewData\train\synscapes\img\134.png
905,train,synscapes,streetViewData\train\synscapes\mask\441.png,streetViewData\train\synscapes\img\441.png
906,train,synscapes,streetViewData\train\synscapes\mask\1398.png,streetViewData\train\synscapes\img\1398.png
907,train,synscapes,streetViewData\train\synscapes\mask\1891.png,streetViewData\train\synscapes\img\1891.png
908,train,synscapes,streetViewData\train\synscapes\mask\555.png,streetViewData\train\synscapes\img\555.png
909,train,synscapes,streetViewData\train\synscapes\mask\1966.png,streetViewData\train\synscapes\img\1966.png
910,train,synscapes,streetViewData\train\synscapes\mask\152.png,streetViewData\train\synscapes\img\152.png
911,train,synscapes,streetViewData\train\synscapes\mask\1183.png,streetViewData\train\synscapes\img\1183.png
912,train,synscapes,streetViewData\train\synscapes\mask\1356.png,streetViewData\train\synscapes\img\1356.png
913,train,synscapes,streetViewData\train\synscapes\mask\1544.png,streetViewData\train\synscapes\img\1544.png
914,train,synscapes,streetViewData\train\synscapes\mask\1417.png,streetViewData\train\synscapes\img\1417.png
915,train,synscapes,streetViewData\train\synscapes\mask\1664.png,streetViewData\train\synscapes\img\1664.png
916,train,synscapes,streetViewData\train\synscapes\mask\513.png,streetViewData\train\synscapes\img\513.png
917,train,synscapes,streetViewData\train\synscapes\mask\586.png,streetViewData\train\synscapes\img\586.png
918,train,synscapes,streetViewData\train\synscapes\mask\1023.png,streetViewData\train\synscapes\img\1023.png
919,train,synscapes,streetViewData\train\synscapes\mask\1231.png,streetViewData\train\synscapes\img\1231.png
920,train,synscapes,streetViewData\train\synscapes\mask\1503.png,streetViewData\train\synscapes\img\1503.png
921,train,synscapes,streetViewData\train\synscapes\mask\926.png,streetViewData\train\synscapes\img\926.png
922,train,synscapes,streetViewData\train\synscapes\mask\1099.png,streetViewData\train\synscapes\img\1099.png
923,train,synscapes,streetViewData\train\synscapes\mask\1537.png,streetViewData\train\synscapes\img\1537.png
924,train,synscapes,streetViewData\train\synscapes\mask\28.png,streetViewData\train\synscapes\img\28.png
925,train,synscapes,streetViewData\train\synscapes\mask\207.png,streetViewData\train\synscapes\img\207.png
926,train,synscapes,streetViewData\train\synscapes\mask\523.png,streetViewData\train\synscapes\img\523.png
927,train,synscapes,streetViewData\train\synscapes\mask\249.png,streetViewData\train\synscapes\img\249.png
928,train,synscapes,streetViewData\train\synscapes\mask\1522.png,streetViewData\train\synscapes\img\1522.png
929,train,synscapes,streetViewData\train\synscapes\mask\1864.png,streetViewData\train\synscapes\img\1864.png
930,train,synscapes,streetViewData\train\synscapes\mask\1881.png,streetViewData\train\synscapes\img\1881.png
931,train,synscapes,streetViewData\train\synscapes\mask\1810.png,streetViewData\train\synscapes\img\1810.png
932,train,synscapes,streetViewData\train\synscapes\mask\572.png,streetViewData\train\synscapes\img\572.png
933,train,synscapes,streetViewData\train\synscapes\mask\1338.png,streetViewData\train\synscapes\img\1338.png
934,train,synscapes,streetViewData\train\synscapes\mask\1093.png,streetViewData\train\synscapes\img\1093.png
935,train,synscapes,streetViewData\train\synscapes\mask\1464.png,streetViewData\train\synscapes\img\1464.png
936,train,synscapes,streetViewData\train\synscapes\mask\188.png,streetViewData\train\synscapes\img\188.png
937,train,synscapes,streetViewData\train\synscapes\mask\1208.png,streetViewData\train\synscapes\img\1208.png
938,train,synscapes,streetViewData\train\synscapes\mask\1118.png,streetViewData\train\synscapes\img\1118.png
939,train,synscapes,streetViewData\train\synscapes\mask\1737.png,streetViewData\train\synscapes\img\1737.png
940,train,synscapes,streetViewData\train\synscapes\mask\1905.png,streetViewData\train\synscapes\img\1905.png
941,train,synscapes,streetViewData\train\synscapes\mask\1134.png,streetViewData\train\synscapes\img\1134.png
942,train,synscapes,streetViewData\train\synscapes\mask\1097.png,streetViewData\train\synscapes\img\1097.png
943,train,synscapes,streetViewData\train\synscapes\mask\1278.png,streetViewData\train\synscapes\img\1278.png
944,train,synscapes,streetViewData\train\synscapes\mask\54.png,streetViewData\train\synscapes\img\54.png
945,train,synscapes,streetViewData\train\synscapes\mask\729.png,streetViewData\train\synscapes\img\729.png
946,train,synscapes,streetViewData\train\synscapes\mask\1155.png,streetViewData\train\synscapes\img\1155.png
947,train,synscapes,streetViewData\train\synscapes\mask\51.png,streetViewData\train\synscapes\img\51.png
948,train,synscapes,streetViewData\train\synscapes\mask\1216.png,streetViewData\train\synscapes\img\1216.png
949,train,synscapes,streetViewData\train\synscapes\mask\1766.png,streetViewData\train\synscapes\img\1766.png
950,train,synscapes,streetViewData\train\synscapes\mask\1414.png,streetViewData\train\synscapes\img\1414.png
951,train,synscapes,streetViewData\train\synscapes\mask\334.png,streetViewData\train\synscapes\img\334.png
952,train,synscapes,streetViewData\train\synscapes\mask\1829.png,streetViewData\train\synscapes\img\1829.png
953,train,synscapes,streetViewData\train\synscapes\mask\803.png,streetViewData\train\synscapes\img\803.png
954,train,synscapes,streetViewData\train\synscapes\mask\1546.png,streetViewData\train\synscapes\img\1546.png
955,train,synscapes,streetViewData\train\synscapes\mask\179.png,streetViewData\train\synscapes\img\179.png
956,train,synscapes,streetViewData\train\synscapes\mask\546.png,streetViewData\train\synscapes\img\546.png
957,train,synscapes,streetViewData\train\synscapes\mask\1109.png,streetViewData\train\synscapes\img\1109.png
958,train,synscapes,streetViewData\train\synscapes\mask\1181.png,streetViewData\train\synscapes\img\1181.png
959,train,synscapes,streetViewData\train\synscapes\mask\1381.png,streetViewData\train\synscapes\img\1381.png
960,train,synscapes,streetViewData\train\synscapes\mask\878.png,streetViewData\train\synscapes\img\878.png
961,train,synscapes,streetViewData\train\synscapes\mask\576.png,streetViewData\train\synscapes\img\576.png
962,train,synscapes,streetViewData\train\synscapes\mask\1148.png,streetViewData\train\synscapes\img\1148.png
963,train,synscapes,streetViewData\train\synscapes\mask\1288.png,streetViewData\train\synscapes\img\1288.png
964,train,synscapes,streetViewData\train\synscapes\mask\1440.png,streetViewData\train\synscapes\img\1440.png
965,train,synscapes,streetViewData\train\synscapes\mask\1318.png,streetViewData\train\synscapes\img\1318.png
966,train,synscapes,streetViewData\train\synscapes\mask\1136.png,streetViewData\train\synscapes\img\1136.png
967,train,synscapes,streetViewData\train\synscapes\mask\1287.png,streetViewData\train\synscapes\img\1287.png
968,train,synscapes,streetViewData\train\synscapes\mask\1002.png,streetViewData\train\synscapes\img\1002.png
969,train,synscapes,streetViewData\train\synscapes\mask\447.png,streetViewData\train\synscapes\img\447.png
970,train,synscapes,streetViewData\train\synscapes\mask\1942.png,streetViewData\train\synscapes\img\1942.png
971,train,synscapes,streetViewData\train\synscapes\mask\1865.png,streetViewData\train\synscapes\img\1865.png
972,train,synscapes,streetViewData\train\synscapes\mask\1535.png,streetViewData\train\synscapes\img\1535.png
973,train,synscapes,streetViewData\train\synscapes\mask\1058.png,streetViewData\train\synscapes\img\1058.png
974,train,synscapes,streetViewData\train\synscapes\mask\1425.png,streetViewData\train\synscapes\img\1425.png
975,train,synscapes,streetViewData\train\synscapes\mask\153.png,streetViewData\train\synscapes\img\153.png
976,train,synscapes,streetViewData\train\synscapes\mask\920.png,streetViewData\train\synscapes\img\920.png
977,train,synscapes,streetViewData\train\synscapes\mask\1994.png,streetViewData\train\synscapes\img\1994.png
978,train,synscapes,streetViewData\train\synscapes\mask\1063.png,streetViewData\train\synscapes\img\1063.png
979,train,synscapes,streetViewData\train\synscapes\mask\1631.png,streetViewData\train\synscapes\img\1631.png
980,train,synscapes,streetViewData\train\synscapes\mask\1213.png,streetViewData\train\synscapes\img\1213.png
981,train,synscapes,streetViewData\train\synscapes\mask\897.png,streetViewData\train\synscapes\img\897.png
982,train,synscapes,streetViewData\train\synscapes\mask\725.png,streetViewData\train\synscapes\img\725.png
983,train,synscapes,streetViewData\train\synscapes\mask\311.png,streetViewData\train\synscapes\img\311.png
984,train,synscapes,streetViewData\train\synscapes\mask\611.png,streetViewData\train\synscapes\img\611.png
985,train,synscapes,streetViewData\train\synscapes\mask\1575.png,streetViewData\train\synscapes\img\1575.png
986,train,synscapes,streetViewData\train\synscapes\mask\1541.png,streetViewData\train\synscapes\img\1541.png
987,train,synscapes,streetViewData\train\synscapes\mask\882.png,streetViewData\train\synscapes\img\882.png
988,train,synscapes,streetViewData\train\synscapes\mask\174.png,streetViewData\train\synscapes\img\174.png
989,train,synscapes,streetViewData\train\synscapes\mask\709.png,streetViewData\train\synscapes\img\709.png
990,train,synscapes,streetViewData\train\synscapes\mask\1180.png,streetViewData\train\synscapes\img\1180.png
991,train,synscapes,streetViewData\train\synscapes\mask\873.png,streetViewData\train\synscapes\img\873.png
992,train,synscapes,streetViewData\train\synscapes\mask\646.png,streetViewData\train\synscapes\img\646.png
993,train,synscapes,streetViewData\train\synscapes\mask\570.png,streetViewData\train\synscapes\img\570.png
994,train,synscapes,streetViewData\train\synscapes\mask\1205.png,streetViewData\train\synscapes\img\1205.png
995,train,synscapes,streetViewData\train\synscapes\mask\792.png,streetViewData\train\synscapes\img\792.png
996,train,synscapes,streetViewData\train\synscapes\mask\1135.png,streetViewData\train\synscapes\img\1135.png
997,train,synscapes,streetViewData\train\synscapes\mask\1836.png,streetViewData\train\synscapes\img\1836.png
998,train,synscapes,streetViewData\train\synscapes\mask\1243.png,streetViewData\train\synscapes\img\1243.png
999,train,synscapes,streetViewData\train\synscapes\mask\1760.png,streetViewData\train\synscapes\img\1760.png
1000,train,synscapes,streetViewData\train\synscapes\mask\732.png,streetViewData\train\synscapes\img\732.png
1001,train,synscapes,streetViewData\train\synscapes\mask\538.png,streetViewData\train\synscapes\img\538.png
1002,train,synscapes,streetViewData\train\synscapes\mask\982.png,streetViewData\train\synscapes\img\982.png
1003,train,synscapes,streetViewData\train\synscapes\mask\1150.png,streetViewData\train\synscapes\img\1150.png
1004,train,synscapes,streetViewData\train\synscapes\mask\1729.png,streetViewData\train\synscapes\img\1729.png
1005,train,synscapes,streetViewData\train\synscapes\mask\1281.png,streetViewData\train\synscapes\img\1281.png
1006,train,synscapes,streetViewData\train\synscapes\mask\1547.png,streetViewData\train\synscapes\img\1547.png
1007,train,synscapes,streetViewData\train\synscapes\mask\1689.png,streetViewData\train\synscapes\img\1689.png
1008,train,synscapes,streetViewData\train\synscapes\mask\515.png,streetViewData\train\synscapes\img\515.png
1009,train,synscapes,streetViewData\train\synscapes\mask\1964.png,streetViewData\train\synscapes\img\1964.png
1010,train,synscapes,streetViewData\train\synscapes\mask\1848.png,streetViewData\train\synscapes\img\1848.png
1011,train,synscapes,streetViewData\train\synscapes\mask\1264.png,streetViewData\train\synscapes\img\1264.png
1012,train,synscapes,streetViewData\train\synscapes\mask\323.png,streetViewData\train\synscapes\img\323.png
1013,train,synscapes,streetViewData\train\synscapes\mask\340.png,streetViewData\train\synscapes\img\340.png
1014,train,synscapes,streetViewData\train\synscapes\mask\143.png,streetViewData\train\synscapes\img\143.png
1015,train,synscapes,streetViewData\train\synscapes\mask\1633.png,streetViewData\train\synscapes\img\1633.png
1016,train,synscapes,streetViewData\train\synscapes\mask\1279.png,streetViewData\train\synscapes\img\1279.png
1017,train,synscapes,streetViewData\train\synscapes\mask\289.png,streetViewData\train\synscapes\img\289.png
1018,train,synscapes,streetViewData\train\synscapes\mask\137.png,streetViewData\train\synscapes\img\137.png
1019,train,synscapes,streetViewData\train\synscapes\mask\1868.png,streetViewData\train\synscapes\img\1868.png
1020,train,synscapes,streetViewData\train\synscapes\mask\1249.png,streetViewData\train\synscapes\img\1249.png
1021,train,synscapes,streetViewData\train\synscapes\mask\146.png,streetViewData\train\synscapes\img\146.png
1022,train,synscapes,streetViewData\train\synscapes\mask\895.png,streetViewData\train\synscapes\img\895.png
1023,train,synscapes,streetViewData\train\synscapes\mask\864.png,streetViewData\train\synscapes\img\864.png
1024,train,synscapes,streetViewData\train\synscapes\mask\704.png,streetViewData\train\synscapes\img\704.png
1025,train,synscapes,streetViewData\train\synscapes\mask\286.png,streetViewData\train\synscapes\img\286.png
1026,train,synscapes,streetViewData\train\synscapes\mask\155.png,streetViewData\train\synscapes\img\155.png
1027,train,synscapes,streetViewData\train\synscapes\mask\336.png,streetViewData\train\synscapes\img\336.png
1028,train,synscapes,streetViewData\train\synscapes\mask\1818.png,streetViewData\train\synscapes\img\1818.png
1029,train,synscapes,streetViewData\train\synscapes\mask\1397.png,streetViewData\train\synscapes\img\1397.png
1030,train,synscapes,streetViewData\train\synscapes\mask\1676.png,streetViewData\train\synscapes\img\1676.png
1031,train,synscapes,streetViewData\train\synscapes\mask\549.png,streetViewData\train\synscapes\img\549.png
1032,train,synscapes,streetViewData\train\synscapes\mask\1555.png,streetViewData\train\synscapes\img\1555.png
1033,train,synscapes,streetViewData\train\synscapes\mask\1229.png,streetViewData\train\synscapes\img\1229.png
1034,train,synscapes,streetViewData\train\synscapes\mask\1021.png,streetViewData\train\synscapes\img\1021.png
1035,train,synscapes,streetViewData\train\synscapes\mask\1970.png,streetViewData\train\synscapes\img\1970.png
1036,train,synscapes,streetViewData\train\synscapes\mask\536.png,streetViewData\train\synscapes\img\536.png
1037,train,synscapes,streetViewData\train\synscapes\mask\162.png,streetViewData\train\synscapes\img\162.png
1038,train,synscapes,streetViewData\train\synscapes\mask\177.png,streetViewData\train\synscapes\img\177.png
1039,train,synscapes,streetViewData\train\synscapes\mask\1792.png,streetViewData\train\synscapes\img\1792.png
1040,train,synscapes,streetViewData\train\synscapes\mask\1529.png,streetViewData\train\synscapes\img\1529.png
1041,train,synscapes,streetViewData\train\synscapes\mask\82.png,streetViewData\train\synscapes\img\82.png
1042,train,synscapes,streetViewData\train\synscapes\mask\1017.png,streetViewData\train\synscapes\img\1017.png
1043,train,synscapes,streetViewData\train\synscapes\mask\505.png,streetViewData\train\synscapes\img\505.png
1044,train,synscapes,streetViewData\train\synscapes\mask\226.png,streetViewData\train\synscapes\img\226.png
1045,train,synscapes,streetViewData\train\synscapes\mask\71.png,streetViewData\train\synscapes\img\71.png
1046,train,synscapes,streetViewData\train\synscapes\mask\648.png,streetViewData\train\synscapes\img\648.png
1047,train,synscapes,streetViewData\train\synscapes\mask\811.png,streetViewData\train\synscapes\img\811.png
1048,train,synscapes,streetViewData\train\synscapes\mask\745.png,streetViewData\train\synscapes\img\745.png
1049,train,synscapes,streetViewData\train\synscapes\mask\837.png,streetViewData\train\synscapes\img\837.png
1050,train,synscapes,streetViewData\train\synscapes\mask\1696.png,streetViewData\train\synscapes\img\1696.png
1051,train,synscapes,streetViewData\train\synscapes\mask\116.png,streetViewData\train\synscapes\img\116.png
1052,train,synscapes,streetViewData\train\synscapes\mask\410.png,streetViewData\train\synscapes\img\410.png
1053,train,synscapes,streetViewData\train\synscapes\mask\1477.png,streetViewData\train\synscapes\img\1477.png
1054,train,synscapes,streetViewData\train\synscapes\mask\16.png,streetViewData\train\synscapes\img\16.png
1055,train,synscapes,streetViewData\train\synscapes\mask\1405.png,streetViewData\train\synscapes\img\1405.png
1056,train,synscapes,streetViewData\train\synscapes\mask\810.png,streetViewData\train\synscapes\img\810.png
1057,train,synscapes,streetViewData\train\synscapes\mask\1254.png,streetViewData\train\synscapes\img\1254.png
1058,train,synscapes,streetViewData\train\synscapes\mask\1165.png,streetViewData\train\synscapes\img\1165.png
1059,train,synscapes,streetViewData\train\synscapes\mask\1538.png,streetViewData\train\synscapes\img\1538.png
1060,train,synscapes,streetViewData\train\synscapes\mask\859.png,streetViewData\train\synscapes\img\859.png
1061,train,synscapes,streetViewData\train\synscapes\mask\1584.png,streetViewData\train\synscapes\img\1584.png
1062,train,synscapes,streetViewData\train\synscapes\mask\717.png,streetViewData\train\synscapes\img\717.png
1063,train,synscapes,streetViewData\train\synscapes\mask\1451.png,streetViewData\train\synscapes\img\1451.png
1064,train,synscapes,streetViewData\train\synscapes\mask\1882.png,streetViewData\train\synscapes\img\1882.png
1065,train,synscapes,streetViewData\train\synscapes\mask\1852.png,streetViewData\train\synscapes\img\1852.png
1066,train,synscapes,streetViewData\train\synscapes\mask\438.png,streetViewData\train\synscapes\img\438.png
1067,train,synscapes,streetViewData\train\synscapes\mask\617.png,streetViewData\train\synscapes\img\617.png
1068,train,synscapes,streetViewData\train\synscapes\mask\1305.png,streetViewData\train\synscapes\img\1305.png
1069,train,synscapes,streetViewData\train\synscapes\mask\1294.png,streetViewData\train\synscapes\img\1294.png
1070,train,synscapes,streetViewData\train\synscapes\mask\842.png,streetViewData\train\synscapes\img\842.png
1071,train,synscapes,streetViewData\train\synscapes\mask\1095.png,streetViewData\train\synscapes\img\1095.png
1072,train,synscapes,streetViewData\train\synscapes\mask\194.png,streetViewData\train\synscapes\img\194.png
1073,train,synscapes,streetViewData\train\synscapes\mask\638.png,streetViewData\train\synscapes\img\638.png
1074,train,synscapes,streetViewData\train\synscapes\mask\671.png,streetViewData\train\synscapes\img\671.png
1075,train,synscapes,streetViewData\train\synscapes\mask\1378.png,streetViewData\train\synscapes\img\1378.png
1076,train,synscapes,streetViewData\train\synscapes\mask\1638.png,streetViewData\train\synscapes\img\1638.png
1077,train,synscapes,streetViewData\train\synscapes\mask\804.png,streetViewData\train\synscapes\img\804.png
1078,train,synscapes,streetViewData\train\synscapes\mask\189.png,streetViewData\train\synscapes\img\189.png
1079,train,synscapes,streetViewData\train\synscapes\mask\484.png,streetViewData\train\synscapes\img\484.png
1080,train,synscapes,streetViewData\train\synscapes\mask\1368.png,streetViewData\train\synscapes\img\1368.png
1081,train,synscapes,streetViewData\train\synscapes\mask\1849.png,streetViewData\train\synscapes\img\1849.png
1082,train,synscapes,streetViewData\train\synscapes\mask\917.png,streetViewData\train\synscapes\img\917.png
1083,train,synscapes,streetViewData\train\synscapes\mask\995.png,streetViewData\train\synscapes\img\995.png
1084,train,synscapes,streetViewData\train\synscapes\mask\1031.png,streetViewData\train\synscapes\img\1031.png
1085,train,synscapes,streetViewData\train\synscapes\mask\795.png,streetViewData\train\synscapes\img\795.png
1086,train,synscapes,streetViewData\train\synscapes\mask\564.png,streetViewData\train\synscapes\img\564.png
1087,train,synscapes,streetViewData\train\synscapes\mask\640.png,streetViewData\train\synscapes\img\640.png
1088,train,synscapes,streetViewData\train\synscapes\mask\1968.png,streetViewData\train\synscapes\img\1968.png
1089,train,synscapes,streetViewData\train\synscapes\mask\1297.png,streetViewData\train\synscapes\img\1297.png
1090,train,synscapes,streetViewData\train\synscapes\mask\784.png,streetViewData\train\synscapes\img\784.png
1091,train,synscapes,streetViewData\train\synscapes\mask\1710.png,streetViewData\train\synscapes\img\1710.png
1092,train,synscapes,streetViewData\train\synscapes\mask\1370.png,streetViewData\train\synscapes\img\1370.png
1093,train,synscapes,streetViewData\train\synscapes\mask\1796.png,streetViewData\train\synscapes\img\1796.png
1094,train,synscapes,streetViewData\train\synscapes\mask\1472.png,streetViewData\train\synscapes\img\1472.png
1095,train,synscapes,streetViewData\train\synscapes\mask\364.png,streetViewData\train\synscapes\img\364.png
1096,train,synscapes,streetViewData\train\synscapes\mask\794.png,streetViewData\train\synscapes\img\794.png
1097,train,synscapes,streetViewData\train\synscapes\mask\1604.png,streetViewData\train\synscapes\img\1604.png
1098,train,synscapes,streetViewData\train\synscapes\mask\819.png,streetViewData\train\synscapes\img\819.png
1099,train,synscapes,streetViewData\train\synscapes\mask\1499.png,streetViewData\train\synscapes\img\1499.png
1100,train,synscapes,streetViewData\train\synscapes\mask\806.png,streetViewData\train\synscapes\img\806.png
1101,train,synscapes,streetViewData\train\synscapes\mask\413.png,streetViewData\train\synscapes\img\413.png
1102,train,synscapes,streetViewData\train\synscapes\mask\309.png,streetViewData\train\synscapes\img\309.png
1103,train,synscapes,streetViewData\train\synscapes\mask\1171.png,streetViewData\train\synscapes\img\1171.png
1104,train,synscapes,streetViewData\train\synscapes\mask\557.png,streetViewData\train\synscapes\img\557.png
1105,train,synscapes,streetViewData\train\synscapes\mask\1331.png,streetViewData\train\synscapes\img\1331.png
1106,train,synscapes,streetViewData\train\synscapes\mask\27.png,streetViewData\train\synscapes\img\27.png
1107,train,synscapes,streetViewData\train\synscapes\mask\1854.png,streetViewData\train\synscapes\img\1854.png
1108,train,synscapes,streetViewData\train\synscapes\mask\384.png,streetViewData\train\synscapes\img\384.png
1109,train,synscapes,streetViewData\train\synscapes\mask\1912.png,streetViewData\train\synscapes\img\1912.png
1110,train,synscapes,streetViewData\train\synscapes\mask\305.png,streetViewData\train\synscapes\img\305.png
1111,train,synscapes,streetViewData\train\synscapes\mask\694.png,streetViewData\train\synscapes\img\694.png
1112,train,synscapes,streetViewData\train\synscapes\mask\428.png,streetViewData\train\synscapes\img\428.png
1113,train,synscapes,streetViewData\train\synscapes\mask\268.png,streetViewData\train\synscapes\img\268.png
1114,train,synscapes,streetViewData\train\synscapes\mask\381.png,streetViewData\train\synscapes\img\381.png
1115,train,synscapes,streetViewData\train\synscapes\mask\738.png,streetViewData\train\synscapes\img\738.png
1116,train,synscapes,streetViewData\train\synscapes\mask\1119.png,streetViewData\train\synscapes\img\1119.png
1117,train,synscapes,streetViewData\train\synscapes\mask\1263.png,streetViewData\train\synscapes\img\1263.png
1118,train,synscapes,streetViewData\train\synscapes\mask\333.png,streetViewData\train\synscapes\img\333.png
1119,train,synscapes,streetViewData\train\synscapes\mask\1642.png,streetViewData\train\synscapes\img\1642.png
1120,train,synscapes,streetViewData\train\synscapes\mask\1445.png,streetViewData\train\synscapes\img\1445.png
1121,train,synscapes,streetViewData\train\synscapes\mask\649.png,streetViewData\train\synscapes\img\649.png
1122,train,synscapes,streetViewData\train\synscapes\mask\1024.png,streetViewData\train\synscapes\img\1024.png
1123,train,synscapes,streetViewData\train\synscapes\mask\158.png,streetViewData\train\synscapes\img\158.png
1124,train,synscapes,streetViewData\train\synscapes\mask\156.png,streetViewData\train\synscapes\img\156.png
1125,train,synscapes,streetViewData\train\synscapes\mask\395.png,streetViewData\train\synscapes\img\395.png
1126,train,synscapes,streetViewData\train\synscapes\mask\630.png,streetViewData\train\synscapes\img\630.png
1127,train,synscapes,streetViewData\train\synscapes\mask\443.png,streetViewData\train\synscapes\img\443.png
1128,train,synscapes,streetViewData\train\synscapes\mask\1144.png,streetViewData\train\synscapes\img\1144.png
1129,train,synscapes,streetViewData\train\synscapes\mask\863.png,streetViewData\train\synscapes\img\863.png
1130,train,synscapes,streetViewData\train\synscapes\mask\1506.png,streetViewData\train\synscapes\img\1506.png
1131,train,synscapes,streetViewData\train\synscapes\mask\740.png,streetViewData\train\synscapes\img\740.png
1132,train,synscapes,streetViewData\train\synscapes\mask\535.png,streetViewData\train\synscapes\img\535.png
1133,train,synscapes,streetViewData\train\synscapes\mask\1374.png,streetViewData\train\synscapes\img\1374.png
1134,train,synscapes,streetViewData\train\synscapes\mask\1084.png,streetViewData\train\synscapes\img\1084.png
1135,train,synscapes,streetViewData\train\synscapes\mask\1904.png,streetViewData\train\synscapes\img\1904.png
1136,train,synscapes,streetViewData\train\synscapes\mask\440.png,streetViewData\train\synscapes\img\440.png
1137,train,synscapes,streetViewData\train\synscapes\mask\64.png,streetViewData\train\synscapes\img\64.png
1138,train,synscapes,streetViewData\train\synscapes\mask\599.png,streetViewData\train\synscapes\img\599.png
1139,train,synscapes,streetViewData\train\synscapes\mask\672.png,streetViewData\train\synscapes\img\672.png
1140,train,synscapes,streetViewData\train\synscapes\mask\1967.png,streetViewData\train\synscapes\img\1967.png
1141,train,synscapes,streetViewData\train\synscapes\mask\1945.png,streetViewData\train\synscapes\img\1945.png
1142,train,synscapes,streetViewData\train\synscapes\mask\114.png,streetViewData\train\synscapes\img\114.png
1143,train,synscapes,streetViewData\train\synscapes\mask\235.png,streetViewData\train\synscapes\img\235.png
1144,train,synscapes,streetViewData\train\synscapes\mask\1659.png,streetViewData\train\synscapes\img\1659.png
1145,train,synscapes,streetViewData\train\synscapes\mask\1267.png,streetViewData\train\synscapes\img\1267.png
1146,train,synscapes,streetViewData\train\synscapes\mask\466.png,streetViewData\train\synscapes\img\466.png
1147,train,synscapes,streetViewData\train\synscapes\mask\1649.png,streetViewData\train\synscapes\img\1649.png
1148,train,synscapes,streetViewData\train\synscapes\mask\125.png,streetViewData\train\synscapes\img\125.png
1149,train,synscapes,streetViewData\train\synscapes\mask\1936.png,streetViewData\train\synscapes\img\1936.png
1150,train,synscapes,streetViewData\train\synscapes\mask\211.png,streetViewData\train\synscapes\img\211.png
1151,train,synscapes,streetViewData\train\synscapes\mask\1433.png,streetViewData\train\synscapes\img\1433.png
1152,train,synscapes,streetViewData\train\synscapes\mask\1222.png,streetViewData\train\synscapes\img\1222.png
1153,train,synscapes,streetViewData\train\synscapes\mask\1419.png,streetViewData\train\synscapes\img\1419.png
1154,train,synscapes,streetViewData\train\synscapes\mask\390.png,streetViewData\train\synscapes\img\390.png
1155,train,synscapes,streetViewData\train\synscapes\mask\604.png,streetViewData\train\synscapes\img\604.png
1156,train,synscapes,streetViewData\train\synscapes\mask\1985.png,streetViewData\train\synscapes\img\1985.png
1157,train,synscapes,streetViewData\train\synscapes\mask\1174.png,streetViewData\train\synscapes\img\1174.png
1158,train,synscapes,streetViewData\train\synscapes\mask\58.png,streetViewData\train\synscapes\img\58.png
1159,train,synscapes,streetViewData\train\synscapes\mask\1467.png,streetViewData\train\synscapes\img\1467.png
1160,train,synscapes,streetViewData\train\synscapes\mask\754.png,streetViewData\train\synscapes\img\754.png
1161,train,synscapes,streetViewData\train\synscapes\mask\634.png,streetViewData\train\synscapes\img\634.png
1162,train,synscapes,streetViewData\train\synscapes\mask\1062.png,streetViewData\train\synscapes\img\1062.png
1163,train,synscapes,streetViewData\train\synscapes\mask\1252.png,streetViewData\train\synscapes\img\1252.png
1164,train,synscapes,streetViewData\train\synscapes\mask\1817.png,streetViewData\train\synscapes\img\1817.png
1165,train,synscapes,streetViewData\train\synscapes\mask\1726.png,streetViewData\train\synscapes\img\1726.png
1166,train,synscapes,streetViewData\train\synscapes\mask\1380.png,streetViewData\train\synscapes\img\1380.png
1167,train,synscapes,streetViewData\train\synscapes\mask\1311.png,streetViewData\train\synscapes\img\1311.png
1168,train,synscapes,streetViewData\train\synscapes\mask\1914.png,streetViewData\train\synscapes\img\1914.png
1169,train,synscapes,streetViewData\train\synscapes\mask\1466.png,streetViewData\train\synscapes\img\1466.png
1170,train,synscapes,streetViewData\train\synscapes\mask\1797.png,streetViewData\train\synscapes\img\1797.png
1171,train,synscapes,streetViewData\train\synscapes\mask\100.png,streetViewData\train\synscapes\img\100.png
1172,train,synscapes,streetViewData\train\synscapes\mask\1259.png,streetViewData\train\synscapes\img\1259.png
1173,train,synscapes,streetViewData\train\synscapes\mask\789.png,streetViewData\train\synscapes\img\789.png
1174,train,synscapes,streetViewData\train\synscapes\mask\195.png,streetViewData\train\synscapes\img\195.png
1175,train,synscapes,streetViewData\train\synscapes\mask\1862.png,streetViewData\train\synscapes\img\1862.png
1176,train,synscapes,streetViewData\train\synscapes\mask\1532.png,streetViewData\train\synscapes\img\1532.png
1177,train,synscapes,streetViewData\train\synscapes\mask\1606.png,streetViewData\train\synscapes\img\1606.png
1178,train,synscapes,streetViewData\train\synscapes\mask\426.png,streetViewData\train\synscapes\img\426.png
1179,train,synscapes,streetViewData\train\synscapes\mask\1902.png,streetViewData\train\synscapes\img\1902.png
1180,train,synscapes,streetViewData\train\synscapes\mask\993.png,streetViewData\train\synscapes\img\993.png
1181,train,synscapes,streetViewData\train\synscapes\mask\1495.png,streetViewData\train\synscapes\img\1495.png
1182,train,synscapes,streetViewData\train\synscapes\mask\1444.png,streetViewData\train\synscapes\img\1444.png
1183,train,synscapes,streetViewData\train\synscapes\mask\1316.png,streetViewData\train\synscapes\img\1316.png
1184,train,synscapes,streetViewData\train\synscapes\mask\678.png,streetViewData\train\synscapes\img\678.png
1185,train,synscapes,streetViewData\train\synscapes\mask\1780.png,streetViewData\train\synscapes\img\1780.png
1186,train,synscapes,streetViewData\train\synscapes\mask\379.png,streetViewData\train\synscapes\img\379.png
1187,train,synscapes,streetViewData\train\synscapes\mask\934.png,streetViewData\train\synscapes\img\934.png
1188,train,synscapes,streetViewData\train\synscapes\mask\1346.png,streetViewData\train\synscapes\img\1346.png
1189,train,synscapes,streetViewData\train\synscapes\mask\499.png,streetViewData\train\synscapes\img\499.png
1190,train,synscapes,streetViewData\train\synscapes\mask\1295.png,streetViewData\train\synscapes\img\1295.png
1191,train,synscapes,streetViewData\train\synscapes\mask\715.png,streetViewData\train\synscapes\img\715.png
1192,train,synscapes,streetViewData\train\synscapes\mask\594.png,streetViewData\train\synscapes\img\594.png
1193,train,synscapes,streetViewData\train\synscapes\mask\1987.png,streetViewData\train\synscapes\img\1987.png
1194,train,synscapes,streetViewData\train\synscapes\mask\4.png,streetViewData\train\synscapes\img\4.png
1195,train,synscapes,streetViewData\train\synscapes\mask\456.png,streetViewData\train\synscapes\img\456.png
1196,train,synscapes,streetViewData\train\synscapes\mask\1917.png,streetViewData\train\synscapes\img\1917.png
1197,train,synscapes,streetViewData\train\synscapes\mask\1713.png,streetViewData\train\synscapes\img\1713.png
1198,train,synscapes,streetViewData\train\synscapes\mask\1377.png,streetViewData\train\synscapes\img\1377.png
1199,train,synscapes,streetViewData\train\synscapes\mask\1038.png,streetViewData\train\synscapes\img\1038.png
1200,train,synscapes,streetViewData\train\synscapes\mask\370.png,streetViewData\train\synscapes\img\370.png
1201,train,synscapes,streetViewData\train\synscapes\mask\1685.png,streetViewData\train\synscapes\img\1685.png
1202,train,synscapes,streetViewData\train\synscapes\mask\823.png,streetViewData\train\synscapes\img\823.png
1203,train,synscapes,streetViewData\train\synscapes\mask\1767.png,streetViewData\train\synscapes\img\1767.png
1204,train,synscapes,streetViewData\train\synscapes\mask\135.png,streetViewData\train\synscapes\img\135.png
1205,train,synscapes,streetViewData\train\synscapes\mask\587.png,streetViewData\train\synscapes\img\587.png
1206,train,synscapes,streetViewData\train\synscapes\mask\161.png,streetViewData\train\synscapes\img\161.png
1207,train,synscapes,streetViewData\train\synscapes\mask\1916.png,streetViewData\train\synscapes\img\1916.png
1208,train,synscapes,streetViewData\train\synscapes\mask\261.png,streetViewData\train\synscapes\img\261.png
1209,train,synscapes,streetViewData\train\synscapes\mask\875.png,streetViewData\train\synscapes\img\875.png
1210,train,synscapes,streetViewData\train\synscapes\mask\1823.png,streetViewData\train\synscapes\img\1823.png
1211,train,synscapes,streetViewData\train\synscapes\mask\1114.png,streetViewData\train\synscapes\img\1114.png
1212,train,synscapes,streetViewData\train\synscapes\mask\277.png,streetViewData\train\synscapes\img\277.png
1213,train,synscapes,streetViewData\train\synscapes\mask\1542.png,streetViewData\train\synscapes\img\1542.png
1214,train,synscapes,streetViewData\train\synscapes\mask\1303.png,streetViewData\train\synscapes\img\1303.png
1215,train,synscapes,streetViewData\train\synscapes\mask\303.png,streetViewData\train\synscapes\img\303.png
1216,train,synscapes,streetViewData\train\synscapes\mask\1403.png,streetViewData\train\synscapes\img\1403.png
1217,train,synscapes,streetViewData\train\synscapes\mask\1705.png,streetViewData\train\synscapes\img\1705.png
1218,train,synscapes,streetViewData\train\synscapes\mask\860.png,streetViewData\train\synscapes\img\860.png
1219,train,synscapes,streetViewData\train\synscapes\mask\1761.png,streetViewData\train\synscapes\img\1761.png
1220,train,synscapes,streetViewData\train\synscapes\mask\1011.png,streetViewData\train\synscapes\img\1011.png
1221,train,synscapes,streetViewData\train\synscapes\mask\1976.png,streetViewData\train\synscapes\img\1976.png
1222,train,synscapes,streetViewData\train\synscapes\mask\1130.png,streetViewData\train\synscapes\img\1130.png
1223,train,synscapes,streetViewData\train\synscapes\mask\1376.png,streetViewData\train\synscapes\img\1376.png
1224,train,synscapes,streetViewData\train\synscapes\mask\300.png,streetViewData\train\synscapes\img\300.png
1225,train,synscapes,streetViewData\train\synscapes\mask\36.png,streetViewData\train\synscapes\img\36.png
1226,train,synscapes,streetViewData\train\synscapes\mask\1067.png,streetViewData\train\synscapes\img\1067.png
1227,train,synscapes,streetViewData\train\synscapes\mask\358.png,streetViewData\train\synscapes\img\358.png
1228,train,synscapes,streetViewData\train\synscapes\mask\595.png,streetViewData\train\synscapes\img\595.png
1229,train,synscapes,streetViewData\train\synscapes\mask\131.png,streetViewData\train\synscapes\img\131.png
1230,train,synscapes,streetViewData\train\synscapes\mask\651.png,streetViewData\train\synscapes\img\651.png
1231,train,synscapes,streetViewData\train\synscapes\mask\1637.png,streetViewData\train\synscapes\img\1637.png
1232,train,synscapes,streetViewData\train\synscapes\mask\408.png,streetViewData\train\synscapes\img\408.png
1233,train,synscapes,streetViewData\train\synscapes\mask\223.png,streetViewData\train\synscapes\img\223.png
1234,train,synscapes,streetViewData\train\synscapes\mask\550.png,streetViewData\train\synscapes\img\550.png
1235,train,synscapes,streetViewData\train\synscapes\mask\1300.png,streetViewData\train\synscapes\img\1300.png
1236,train,synscapes,streetViewData\train\synscapes\mask\292.png,streetViewData\train\synscapes\img\292.png
1237,train,synscapes,streetViewData\train\synscapes\mask\509.png,streetViewData\train\synscapes\img\509.png
1238,train,synscapes,streetViewData\train\synscapes\mask\893.png,streetViewData\train\synscapes\img\893.png
1239,train,synscapes,streetViewData\train\synscapes\mask\1290.png,streetViewData\train\synscapes\img\1290.png
1240,train,synscapes,streetViewData\train\synscapes\mask\1576.png,streetViewData\train\synscapes\img\1576.png
1241,train,synscapes,streetViewData\train\synscapes\mask\95.png,streetViewData\train\synscapes\img\95.png
1242,train,synscapes,streetViewData\train\synscapes\mask\229.png,streetViewData\train\synscapes\img\229.png
1243,train,synscapes,streetViewData\train\synscapes\mask\290.png,streetViewData\train\synscapes\img\290.png
1244,train,synscapes,streetViewData\train\synscapes\mask\1030.png,streetViewData\train\synscapes\img\1030.png
1245,train,synscapes,streetViewData\train\synscapes\mask\1568.png,streetViewData\train\synscapes\img\1568.png
1246,train,synscapes,streetViewData\train\synscapes\mask\1061.png,streetViewData\train\synscapes\img\1061.png
1247,train,synscapes,streetViewData\train\synscapes\mask\1214.png,streetViewData\train\synscapes\img\1214.png
1248,train,synscapes,streetViewData\train\synscapes\mask\960.png,streetViewData\train\synscapes\img\960.png
1249,train,synscapes,streetViewData\train\synscapes\mask\1629.png,streetViewData\train\synscapes\img\1629.png
1250,train,synscapes,streetViewData\train\synscapes\mask\905.png,streetViewData\train\synscapes\img\905.png
1251,train,synscapes,streetViewData\train\synscapes\mask\1207.png,streetViewData\train\synscapes\img\1207.png
1252,train,synscapes,streetViewData\train\synscapes\mask\1081.png,streetViewData\train\synscapes\img\1081.png
1253,train,synscapes,streetViewData\train\synscapes\mask\1399.png,streetViewData\train\synscapes\img\1399.png
1254,train,synscapes,streetViewData\train\synscapes\mask\1089.png,streetViewData\train\synscapes\img\1089.png
1255,train,synscapes,streetViewData\train\synscapes\mask\1582.png,streetViewData\train\synscapes\img\1582.png
1256,train,synscapes,streetViewData\train\synscapes\mask\354.png,streetViewData\train\synscapes\img\354.png
1257,train,synscapes,streetViewData\train\synscapes\mask\471.png,streetViewData\train\synscapes\img\471.png
1258,train,synscapes,streetViewData\train\synscapes\mask\1407.png,streetViewData\train\synscapes\img\1407.png
1259,train,synscapes,streetViewData\train\synscapes\mask\1151.png,streetViewData\train\synscapes\img\1151.png
1260,train,synscapes,streetViewData\train\synscapes\mask\751.png,streetViewData\train\synscapes\img\751.png
1261,train,synscapes,streetViewData\train\synscapes\mask\1274.png,streetViewData\train\synscapes\img\1274.png
1262,train,synscapes,streetViewData\train\synscapes\mask\915.png,streetViewData\train\synscapes\img\915.png
1263,train,synscapes,streetViewData\train\synscapes\mask\1040.png,streetViewData\train\synscapes\img\1040.png
1264,train,synscapes,streetViewData\train\synscapes\mask\517.png,streetViewData\train\synscapes\img\517.png
1265,train,synscapes,streetViewData\train\synscapes\mask\105.png,streetViewData\train\synscapes\img\105.png
1266,train,synscapes,streetViewData\train\synscapes\mask\1269.png,streetViewData\train\synscapes\img\1269.png
1267,train,synscapes,streetViewData\train\synscapes\mask\1975.png,streetViewData\train\synscapes\img\1975.png
1268,train,synscapes,streetViewData\train\synscapes\mask\1343.png,streetViewData\train\synscapes\img\1343.png
1269,train,synscapes,streetViewData\train\synscapes\mask\1396.png,streetViewData\train\synscapes\img\1396.png
1270,train,synscapes,streetViewData\train\synscapes\mask\401.png,streetViewData\train\synscapes\img\401.png
1271,train,synscapes,streetViewData\train\synscapes\mask\1223.png,streetViewData\train\synscapes\img\1223.png
1272,train,synscapes,streetViewData\train\synscapes\mask\479.png,streetViewData\train\synscapes\img\479.png
1273,train,synscapes,streetViewData\train\synscapes\mask\1831.png,streetViewData\train\synscapes\img\1831.png
1274,train,synscapes,streetViewData\train\synscapes\mask\1920.png,streetViewData\train\synscapes\img\1920.png
1275,train,synscapes,streetViewData\train\synscapes\mask\25.png,streetViewData\train\synscapes\img\25.png
1276,train,synscapes,streetViewData\train\synscapes\mask\1164.png,streetViewData\train\synscapes\img\1164.png
1277,train,synscapes,streetViewData\train\synscapes\mask\1948.png,streetViewData\train\synscapes\img\1948.png
1278,train,synscapes,streetViewData\train\synscapes\mask\1853.png,streetViewData\train\synscapes\img\1853.png
1279,train,synscapes,streetViewData\train\synscapes\mask\1070.png,streetViewData\train\synscapes\img\1070.png
1280,train,synscapes,streetViewData\train\synscapes\mask\1560.png,streetViewData\train\synscapes\img\1560.png
1281,train,synscapes,streetViewData\train\synscapes\mask\213.png,streetViewData\train\synscapes\img\213.png
1282,train,synscapes,streetViewData\train\synscapes\mask\157.png,streetViewData\train\synscapes\img\157.png
1283,train,synscapes,streetViewData\train\synscapes\mask\1628.png,streetViewData\train\synscapes\img\1628.png
1284,train,synscapes,streetViewData\train\synscapes\mask\122.png,streetViewData\train\synscapes\img\122.png
1285,train,synscapes,streetViewData\train\synscapes\mask\698.png,streetViewData\train\synscapes\img\698.png
1286,train,synscapes,streetViewData\train\synscapes\mask\1536.png,streetViewData\train\synscapes\img\1536.png
1287,train,synscapes,streetViewData\train\synscapes\mask\903.png,streetViewData\train\synscapes\img\903.png
1288,train,synscapes,streetViewData\train\synscapes\mask\1211.png,streetViewData\train\synscapes\img\1211.png
1289,train,synscapes,streetViewData\train\synscapes\mask\1775.png,streetViewData\train\synscapes\img\1775.png
1290,train,synscapes,streetViewData\train\synscapes\mask\1587.png,streetViewData\train\synscapes\img\1587.png
1291,train,synscapes,streetViewData\train\synscapes\mask\919.png,streetViewData\train\synscapes\img\919.png
1292,train,synscapes,streetViewData\train\synscapes\mask\1421.png,streetViewData\train\synscapes\img\1421.png
1293,train,synscapes,streetViewData\train\synscapes\mask\314.png,streetViewData\train\synscapes\img\314.png
1294,train,synscapes,streetViewData\train\synscapes\mask\1612.png,streetViewData\train\synscapes\img\1612.png
1295,train,synscapes,streetViewData\train\synscapes\mask\1006.png,streetViewData\train\synscapes\img\1006.png
1296,train,synscapes,streetViewData\train\synscapes\mask\92.png,streetViewData\train\synscapes\img\92.png
1297,train,synscapes,streetViewData\train\synscapes\mask\1674.png,streetViewData\train\synscapes\img\1674.png
1298,train,synscapes,streetViewData\train\synscapes\mask\1622.png,streetViewData\train\synscapes\img\1622.png
1299,train,synscapes,streetViewData\train\synscapes\mask\1501.png,streetViewData\train\synscapes\img\1501.png
1300,train,synscapes,streetViewData\train\synscapes\mask\781.png,streetViewData\train\synscapes\img\781.png
1301,train,synscapes,streetViewData\train\synscapes\mask\1066.png,streetViewData\train\synscapes\img\1066.png
1302,train,synscapes,streetViewData\train\synscapes\mask\1961.png,streetViewData\train\synscapes\img\1961.png
1303,train,synscapes,streetViewData\train\synscapes\mask\757.png,streetViewData\train\synscapes\img\757.png
1304,train,synscapes,streetViewData\train\synscapes\mask\1741.png,streetViewData\train\synscapes\img\1741.png
1305,train,synscapes,streetViewData\train\synscapes\mask\1943.png,streetViewData\train\synscapes\img\1943.png
1306,train,synscapes,streetViewData\train\synscapes\mask\844.png,streetViewData\train\synscapes\img\844.png
1307,train,synscapes,streetViewData\train\synscapes\mask\220.png,streetViewData\train\synscapes\img\220.png
1308,train,synscapes,streetViewData\train\synscapes\mask\187.png,streetViewData\train\synscapes\img\187.png
1309,train,synscapes,streetViewData\train\synscapes\mask\1731.png,streetViewData\train\synscapes\img\1731.png
1310,train,synscapes,streetViewData\train\synscapes\mask\1277.png,streetViewData\train\synscapes\img\1277.png
1311,train,synscapes,streetViewData\train\synscapes\mask\1937.png,streetViewData\train\synscapes\img\1937.png
1312,train,synscapes,streetViewData\train\synscapes\mask\929.png,streetViewData\train\synscapes\img\929.png
1313,train,synscapes,streetViewData\train\synscapes\mask\1764.png,streetViewData\train\synscapes\img\1764.png
1314,train,synscapes,streetViewData\train\synscapes\mask\78.png,streetViewData\train\synscapes\img\78.png
1315,train,synscapes,streetViewData\train\synscapes\mask\788.png,streetViewData\train\synscapes\img\788.png
1316,train,synscapes,streetViewData\train\synscapes\mask\319.png,streetViewData\train\synscapes\img\319.png
1317,train,synscapes,streetViewData\train\synscapes\mask\77.png,streetViewData\train\synscapes\img\77.png
1318,train,synscapes,streetViewData\train\synscapes\mask\660.png,streetViewData\train\synscapes\img\660.png
1319,train,synscapes,streetViewData\train\synscapes\mask\1528.png,streetViewData\train\synscapes\img\1528.png
1320,train,synscapes,streetViewData\train\synscapes\mask\904.png,streetViewData\train\synscapes\img\904.png
1321,train,synscapes,streetViewData\train\synscapes\mask\759.png,streetViewData\train\synscapes\img\759.png
1322,train,synscapes,streetViewData\train\synscapes\mask\1018.png,streetViewData\train\synscapes\img\1018.png
1323,train,synscapes,streetViewData\train\synscapes\mask\1605.png,streetViewData\train\synscapes\img\1605.png
1324,train,synscapes,streetViewData\train\synscapes\mask\1363.png,streetViewData\train\synscapes\img\1363.png
1325,train,synscapes,streetViewData\train\synscapes\mask\1251.png,streetViewData\train\synscapes\img\1251.png
1326,train,synscapes,streetViewData\train\synscapes\mask\1005.png,streetViewData\train\synscapes\img\1005.png
1327,train,synscapes,streetViewData\train\synscapes\mask\373.png,streetViewData\train\synscapes\img\373.png
1328,train,synscapes,streetViewData\train\synscapes\mask\872.png,streetViewData\train\synscapes\img\872.png
1329,train,synscapes,streetViewData\train\synscapes\mask\1557.png,streetViewData\train\synscapes\img\1557.png
1330,train,synscapes,streetViewData\train\synscapes\mask\1947.png,streetViewData\train\synscapes\img\1947.png
1331,train,synscapes,streetViewData\train\synscapes\mask\1262.png,streetViewData\train\synscapes\img\1262.png
1332,train,synscapes,streetViewData\train\synscapes\mask\121.png,streetViewData\train\synscapes\img\121.png
1333,train,synscapes,streetViewData\train\synscapes\mask\1558.png,streetViewData\train\synscapes\img\1558.png
1334,train,synscapes,streetViewData\train\synscapes\mask\240.png,streetViewData\train\synscapes\img\240.png
1335,train,synscapes,streetViewData\train\synscapes\mask\846.png,streetViewData\train\synscapes\img\846.png
1336,train,synscapes,streetViewData\train\synscapes\mask\1585.png,streetViewData\train\synscapes\img\1585.png
1337,train,synscapes,streetViewData\train\synscapes\mask\1173.png,streetViewData\train\synscapes\img\1173.png
1338,train,synscapes,streetViewData\train\synscapes\mask\622.png,streetViewData\train\synscapes\img\622.png
1339,train,synscapes,streetViewData\train\synscapes\mask\747.png,streetViewData\train\synscapes\img\747.png
1340,train,synscapes,streetViewData\train\synscapes\mask\985.png,streetViewData\train\synscapes\img\985.png
1341,train,synscapes,streetViewData\train\synscapes\mask\888.png,streetViewData\train\synscapes\img\888.png
1342,train,synscapes,streetViewData\train\synscapes\mask\1088.png,streetViewData\train\synscapes\img\1088.png
1343,train,synscapes,streetViewData\train\synscapes\mask\453.png,streetViewData\train\synscapes\img\453.png
1344,train,synscapes,streetViewData\train\synscapes\mask\955.png,streetViewData\train\synscapes\img\955.png
1345,train,synscapes,streetViewData\train\synscapes\mask\519.png,streetViewData\train\synscapes\img\519.png
1346,train,synscapes,streetViewData\train\synscapes\mask\585.png,streetViewData\train\synscapes\img\585.png
1347,train,synscapes,streetViewData\train\synscapes\mask\1029.png,streetViewData\train\synscapes\img\1029.png
1348,train,synscapes,streetViewData\train\synscapes\mask\99.png,streetViewData\train\synscapes\img\99.png
1349,train,synscapes,streetViewData\train\synscapes\mask\1334.png,streetViewData\train\synscapes\img\1334.png
1350,train,synscapes,streetViewData\train\synscapes\mask\1795.png,streetViewData\train\synscapes\img\1795.png
1351,train,synscapes,streetViewData\train\synscapes\mask\1672.png,streetViewData\train\synscapes\img\1672.png
1352,train,synscapes,streetViewData\train\synscapes\mask\1721.png,streetViewData\train\synscapes\img\1721.png
1353,train,synscapes,streetViewData\train\synscapes\mask\898.png,streetViewData\train\synscapes\img\898.png
1354,train,synscapes,streetViewData\train\synscapes\mask\341.png,streetViewData\train\synscapes\img\341.png
1355,train,synscapes,streetViewData\train\synscapes\mask\933.png,streetViewData\train\synscapes\img\933.png
1356,train,synscapes,streetViewData\train\synscapes\mask\198.png,streetViewData\train\synscapes\img\198.png
1357,train,synscapes,streetViewData\train\synscapes\mask\879.png,streetViewData\train\synscapes\img\879.png
1358,train,synscapes,streetViewData\train\synscapes\mask\462.png,streetViewData\train\synscapes\img\462.png
1359,train,synscapes,streetViewData\train\synscapes\mask\1335.png,streetViewData\train\synscapes\img\1335.png
1360,train,synscapes,streetViewData\train\synscapes\mask\1654.png,streetViewData\train\synscapes\img\1654.png
1361,train,synscapes,streetViewData\train\synscapes\mask\1460.png,streetViewData\train\synscapes\img\1460.png
1362,train,synscapes,streetViewData\train\synscapes\mask\970.png,streetViewData\train\synscapes\img\970.png
1363,train,synscapes,streetViewData\train\synscapes\mask\115.png,streetViewData\train\synscapes\img\115.png
1364,train,synscapes,streetViewData\train\synscapes\mask\1235.png,streetViewData\train\synscapes\img\1235.png
1365,train,synscapes,streetViewData\train\synscapes\mask\783.png,streetViewData\train\synscapes\img\783.png
1366,train,synscapes,streetViewData\train\synscapes\mask\459.png,streetViewData\train\synscapes\img\459.png
1367,train,synscapes,streetViewData\train\synscapes\mask\1693.png,streetViewData\train\synscapes\img\1693.png
1368,train,synscapes,streetViewData\train\synscapes\mask\1906.png,streetViewData\train\synscapes\img\1906.png
1369,train,synscapes,streetViewData\train\synscapes\mask\1887.png,streetViewData\train\synscapes\img\1887.png
1370,train,synscapes,streetViewData\train\synscapes\mask\1068.png,streetViewData\train\synscapes\img\1068.png
1371,train,synscapes,streetViewData\train\synscapes\mask\1128.png,streetViewData\train\synscapes\img\1128.png
1372,train,synscapes,streetViewData\train\synscapes\mask\1206.png,streetViewData\train\synscapes\img\1206.png
1373,train,synscapes,streetViewData\train\synscapes\mask\93.png,streetViewData\train\synscapes\img\93.png
1374,train,synscapes,streetViewData\train\synscapes\mask\906.png,streetViewData\train\synscapes\img\906.png
1375,train,synscapes,streetViewData\train\synscapes\mask\1683.png,streetViewData\train\synscapes\img\1683.png
1376,train,synscapes,streetViewData\train\synscapes\mask\999.png,streetViewData\train\synscapes\img\999.png
1377,train,synscapes,streetViewData\train\synscapes\mask\1362.png,streetViewData\train\synscapes\img\1362.png
1378,train,synscapes,streetViewData\train\synscapes\mask\1781.png,streetViewData\train\synscapes\img\1781.png
1379,train,synscapes,streetViewData\train\synscapes\mask\1915.png,streetViewData\train\synscapes\img\1915.png
1380,train,synscapes,streetViewData\train\synscapes\mask\234.png,streetViewData\train\synscapes\img\234.png
1381,train,synscapes,streetViewData\train\synscapes\mask\1111.png,streetViewData\train\synscapes\img\1111.png
1382,train,synscapes,streetViewData\train\synscapes\mask\1822.png,streetViewData\train\synscapes\img\1822.png
1383,train,synscapes,streetViewData\train\synscapes\mask\496.png,streetViewData\train\synscapes\img\496.png
1384,train,synscapes,streetViewData\train\synscapes\mask\610.png,streetViewData\train\synscapes\img\610.png
1385,train,synscapes,streetViewData\train\synscapes\mask\1969.png,streetViewData\train\synscapes\img\1969.png
1386,train,synscapes,streetViewData\train\synscapes\mask\1614.png,streetViewData\train\synscapes\img\1614.png
1387,train,synscapes,streetViewData\train\synscapes\mask\637.png,streetViewData\train\synscapes\img\637.png
1388,train,synscapes,streetViewData\train\synscapes\mask\707.png,streetViewData\train\synscapes\img\707.png
1389,train,synscapes,streetViewData\train\synscapes\mask\1722.png,streetViewData\train\synscapes\img\1722.png
1390,train,synscapes,streetViewData\train\synscapes\mask\1432.png,streetViewData\train\synscapes\img\1432.png
1391,train,synscapes,streetViewData\train\synscapes\mask\1965.png,streetViewData\train\synscapes\img\1965.png
1392,train,synscapes,streetViewData\train\synscapes\mask\1515.png,streetViewData\train\synscapes\img\1515.png
1393,train,synscapes,streetViewData\train\synscapes\mask\270.png,streetViewData\train\synscapes\img\270.png
1394,train,synscapes,streetViewData\train\synscapes\mask\1201.png,streetViewData\train\synscapes\img\1201.png
1395,train,synscapes,streetViewData\train\synscapes\mask\734.png,streetViewData\train\synscapes\img\734.png
1396,train,synscapes,streetViewData\train\synscapes\mask\1426.png,streetViewData\train\synscapes\img\1426.png
1397,train,synscapes,streetViewData\train\synscapes\mask\1755.png,streetViewData\train\synscapes\img\1755.png
1398,train,synscapes,streetViewData\train\synscapes\mask\1839.png,streetViewData\train\synscapes\img\1839.png
1399,train,synscapes,streetViewData\train\synscapes\mask\652.png,streetViewData\train\synscapes\img\652.png
1400,train,synscapes,streetViewData\train\synscapes\mask\457.png,streetViewData\train\synscapes\img\457.png
1401,train,synscapes,streetViewData\train\synscapes\mask\104.png,streetViewData\train\synscapes\img\104.png
1402,train,synscapes,streetViewData\train\synscapes\mask\1032.png,streetViewData\train\synscapes\img\1032.png
1403,train,synscapes,streetViewData\train\synscapes\mask\1885.png,streetViewData\train\synscapes\img\1885.png
1404,train,synscapes,streetViewData\train\synscapes\mask\887.png,streetViewData\train\synscapes\img\887.png
1405,train,synscapes,streetViewData\train\synscapes\mask\914.png,streetViewData\train\synscapes\img\914.png
1406,train,synscapes,streetViewData\train\synscapes\mask\1591.png,streetViewData\train\synscapes\img\1591.png
1407,train,synscapes,streetViewData\train\synscapes\mask\1677.png,streetViewData\train\synscapes\img\1677.png
1408,train,synscapes,streetViewData\train\synscapes\mask\1494.png,streetViewData\train\synscapes\img\1494.png
1409,train,synscapes,streetViewData\train\synscapes\mask\735.png,streetViewData\train\synscapes\img\735.png
1410,train,synscapes,streetViewData\train\synscapes\mask\1979.png,streetViewData\train\synscapes\img\1979.png
1411,train,synscapes,streetViewData\train\synscapes\mask\1416.png,streetViewData\train\synscapes\img\1416.png
1412,train,synscapes,streetViewData\train\synscapes\mask\1986.png,streetViewData\train\synscapes\img\1986.png
1413,train,synscapes,streetViewData\train\synscapes\mask\239.png,streetViewData\train\synscapes\img\239.png
1414,train,synscapes,streetViewData\train\synscapes\mask\909.png,streetViewData\train\synscapes\img\909.png
1415,train,synscapes,streetViewData\train\synscapes\mask\939.png,streetViewData\train\synscapes\img\939.png
1416,train,synscapes,streetViewData\train\synscapes\mask\345.png,streetViewData\train\synscapes\img\345.png
1417,train,synscapes,streetViewData\train\synscapes\mask\109.png,streetViewData\train\synscapes\img\109.png
1418,train,synscapes,streetViewData\train\synscapes\mask\1739.png,streetViewData\train\synscapes\img\1739.png
1419,train,synscapes,streetViewData\train\synscapes\mask\991.png,streetViewData\train\synscapes\img\991.png
1420,train,synscapes,streetViewData\train\synscapes\mask\1256.png,streetViewData\train\synscapes\img\1256.png
1421,train,synscapes,streetViewData\train\synscapes\mask\1028.png,streetViewData\train\synscapes\img\1028.png
1422,train,synscapes,streetViewData\train\synscapes\mask\1611.png,streetViewData\train\synscapes\img\1611.png
1423,train,synscapes,streetViewData\train\synscapes\mask\477.png,streetViewData\train\synscapes\img\477.png
1424,train,synscapes,streetViewData\train\synscapes\mask\1667.png,streetViewData\train\synscapes\img\1667.png
1425,train,synscapes,streetViewData\train\synscapes\mask\739.png,streetViewData\train\synscapes\img\739.png
1426,train,synscapes,streetViewData\train\synscapes\mask\1215.png,streetViewData\train\synscapes\img\1215.png
1427,train,synscapes,streetViewData\train\synscapes\mask\1332.png,streetViewData\train\synscapes\img\1332.png
1428,train,synscapes,streetViewData\train\synscapes\mask\762.png,streetViewData\train\synscapes\img\762.png
1429,train,synscapes,streetViewData\train\synscapes\mask\1337.png,streetViewData\train\synscapes\img\1337.png
1430,train,synscapes,streetViewData\train\synscapes\mask\609.png,streetViewData\train\synscapes\img\609.png
1431,train,synscapes,streetViewData\train\synscapes\mask\1634.png,streetViewData\train\synscapes\img\1634.png
1432,train,synscapes,streetViewData\train\synscapes\mask\1054.png,streetViewData\train\synscapes\img\1054.png
1433,train,synscapes,streetViewData\train\synscapes\mask\264.png,streetViewData\train\synscapes\img\264.png
1434,train,synscapes,streetViewData\train\synscapes\mask\1752.png,streetViewData\train\synscapes\img\1752.png
1435,train,synscapes,streetViewData\train\synscapes\mask\63.png,streetViewData\train\synscapes\img\63.png
1436,train,synscapes,streetViewData\train\synscapes\mask\1110.png,streetViewData\train\synscapes\img\1110.png
1437,train,synscapes,streetViewData\train\synscapes\mask\719.png,streetViewData\train\synscapes\img\719.png
1438,train,synscapes,streetViewData\train\synscapes\mask\607.png,streetViewData\train\synscapes\img\607.png
1439,train,synscapes,streetViewData\train\synscapes\mask\808.png,streetViewData\train\synscapes\img\808.png
1440,train,synscapes,streetViewData\train\synscapes\mask\835.png,streetViewData\train\synscapes\img\835.png
1441,train,synscapes,streetViewData\train\synscapes\mask\997.png,streetViewData\train\synscapes\img\997.png
1442,train,synscapes,streetViewData\train\synscapes\mask\400.png,streetViewData\train\synscapes\img\400.png
1443,train,synscapes,streetViewData\train\synscapes\mask\683.png,streetViewData\train\synscapes\img\683.png
1444,train,synscapes,streetViewData\train\synscapes\mask\1113.png,streetViewData\train\synscapes\img\1113.png
1445,train,synscapes,streetViewData\train\synscapes\mask\254.png,streetViewData\train\synscapes\img\254.png
1446,train,synscapes,streetViewData\train\synscapes\mask\1678.png,streetViewData\train\synscapes\img\1678.png
1447,train,synscapes,streetViewData\train\synscapes\mask\578.png,streetViewData\train\synscapes\img\578.png
1448,train,synscapes,streetViewData\train\synscapes\mask\48.png,streetViewData\train\synscapes\img\48.png
1449,train,synscapes,streetViewData\train\synscapes\mask\1212.png,streetViewData\train\synscapes\img\1212.png
1450,train,synscapes,streetViewData\train\synscapes\mask\8.png,streetViewData\train\synscapes\img\8.png
1451,train,synscapes,streetViewData\train\synscapes\mask\889.png,streetViewData\train\synscapes\img\889.png
1452,train,synscapes,streetViewData\train\synscapes\mask\1745.png,streetViewData\train\synscapes\img\1745.png
1453,train,synscapes,streetViewData\train\synscapes\mask\352.png,streetViewData\train\synscapes\img\352.png
1454,train,synscapes,streetViewData\train\synscapes\mask\176.png,streetViewData\train\synscapes\img\176.png
1455,train,synscapes,streetViewData\train\synscapes\mask\1955.png,streetViewData\train\synscapes\img\1955.png
1456,train,synscapes,streetViewData\train\synscapes\mask\1594.png,streetViewData\train\synscapes\img\1594.png
1457,train,synscapes,streetViewData\train\synscapes\mask\986.png,streetViewData\train\synscapes\img\986.png
1458,train,synscapes,streetViewData\train\synscapes\mask\11.png,streetViewData\train\synscapes\img\11.png
1459,train,synscapes,streetViewData\train\synscapes\mask\1869.png,streetViewData\train\synscapes\img\1869.png
1460,train,synscapes,streetViewData\train\synscapes\mask\868.png,streetViewData\train\synscapes\img\868.png
1461,train,synscapes,streetViewData\train\synscapes\mask\1700.png,streetViewData\train\synscapes\img\1700.png
1462,train,synscapes,streetViewData\train\synscapes\mask\1328.png,streetViewData\train\synscapes\img\1328.png
1463,train,synscapes,streetViewData\train\synscapes\mask\1217.png,streetViewData\train\synscapes\img\1217.png
1464,train,synscapes,streetViewData\train\synscapes\mask\1819.png,streetViewData\train\synscapes\img\1819.png
1465,train,synscapes,streetViewData\train\synscapes\mask\825.png,streetViewData\train\synscapes\img\825.png
1466,train,synscapes,streetViewData\train\synscapes\mask\257.png,streetViewData\train\synscapes\img\257.png
1467,train,synscapes,streetViewData\train\synscapes\mask\1694.png,streetViewData\train\synscapes\img\1694.png
1468,train,synscapes,streetViewData\train\synscapes\mask\1046.png,streetViewData\train\synscapes\img\1046.png
1469,train,synscapes,streetViewData\train\synscapes\mask\1709.png,streetViewData\train\synscapes\img\1709.png
1470,train,synscapes,streetViewData\train\synscapes\mask\568.png,streetViewData\train\synscapes\img\568.png
1471,train,synscapes,streetViewData\train\synscapes\mask\635.png,streetViewData\train\synscapes\img\635.png
1472,train,synscapes,streetViewData\train\synscapes\mask\883.png,streetViewData\train\synscapes\img\883.png
1473,train,synscapes,streetViewData\train\synscapes\mask\730.png,streetViewData\train\synscapes\img\730.png
1474,train,synscapes,streetViewData\train\synscapes\mask\288.png,streetViewData\train\synscapes\img\288.png
1475,train,synscapes,streetViewData\train\synscapes\mask\1804.png,streetViewData\train\synscapes\img\1804.png
1476,train,synscapes,streetViewData\train\synscapes\mask\197.png,streetViewData\train\synscapes\img\197.png
1477,train,synscapes,streetViewData\train\synscapes\mask\1944.png,streetViewData\train\synscapes\img\1944.png
1478,train,synscapes,streetViewData\train\synscapes\mask\1462.png,streetViewData\train\synscapes\img\1462.png
1479,train,synscapes,streetViewData\train\synscapes\mask\65.png,streetViewData\train\synscapes\img\65.png
1480,train,synscapes,streetViewData\train\synscapes\mask\172.png,streetViewData\train\synscapes\img\172.png
1481,train,synscapes,streetViewData\train\synscapes\mask\351.png,streetViewData\train\synscapes\img\351.png
1482,train,synscapes,streetViewData\train\synscapes\mask\885.png,streetViewData\train\synscapes\img\885.png
1483,train,synscapes,streetViewData\train\synscapes\mask\1026.png,streetViewData\train\synscapes\img\1026.png
1484,train,synscapes,streetViewData\train\synscapes\mask\151.png,streetViewData\train\synscapes\img\151.png
1485,train,synscapes,streetViewData\train\synscapes\mask\831.png,streetViewData\train\synscapes\img\831.png
1486,train,synscapes,streetViewData\train\synscapes\mask\76.png,streetViewData\train\synscapes\img\76.png
1487,train,synscapes,streetViewData\train\synscapes\mask\963.png,streetViewData\train\synscapes\img\963.png
1488,train,synscapes,streetViewData\train\synscapes\mask\1876.png,streetViewData\train\synscapes\img\1876.png
1489,train,synscapes,streetViewData\train\synscapes\mask\862.png,streetViewData\train\synscapes\img\862.png
1490,train,synscapes,streetViewData\train\synscapes\mask\1326.png,streetViewData\train\synscapes\img\1326.png
1491,train,synscapes,streetViewData\train\synscapes\mask\206.png,streetViewData\train\synscapes\img\206.png
1492,train,synscapes,streetViewData\train\synscapes\mask\1202.png,streetViewData\train\synscapes\img\1202.png
1493,train,synscapes,streetViewData\train\synscapes\mask\171.png,streetViewData\train\synscapes\img\171.png
1494,train,synscapes,streetViewData\train\synscapes\mask\409.png,streetViewData\train\synscapes\img\409.png
1495,train,synscapes,streetViewData\train\synscapes\mask\600.png,streetViewData\train\synscapes\img\600.png
1496,train,synscapes,streetViewData\train\synscapes\mask\1833.png,streetViewData\train\synscapes\img\1833.png
1497,train,synscapes,streetViewData\train\synscapes\mask\1750.png,streetViewData\train\synscapes\img\1750.png
1498,train,synscapes,streetViewData\train\synscapes\mask\1644.png,streetViewData\train\synscapes\img\1644.png
1499,train,synscapes,streetViewData\train\synscapes\mask\1811.png,streetViewData\train\synscapes\img\1811.png
1500,train,synscapes,streetViewData\train\synscapes\mask\444.png,streetViewData\train\synscapes\img\444.png
1501,train,synscapes,streetViewData\train\synscapes\mask\233.png,streetViewData\train\synscapes\img\233.png
1502,train,synscapes,streetViewData\train\synscapes\mask\1286.png,streetViewData\train\synscapes\img\1286.png
1503,train,synscapes,streetViewData\train\synscapes\mask\1684.png,streetViewData\train\synscapes\img\1684.png
1504,train,synscapes,streetViewData\train\synscapes\mask\1268.png,streetViewData\train\synscapes\img\1268.png
1505,train,synscapes,streetViewData\train\synscapes\mask\1250.png,streetViewData\train\synscapes\img\1250.png
1506,train,synscapes,streetViewData\train\synscapes\mask\1770.png,streetViewData\train\synscapes\img\1770.png
1507,train,synscapes,streetViewData\train\synscapes\mask\45.png,streetViewData\train\synscapes\img\45.png
1508,train,synscapes,streetViewData\train\synscapes\mask\511.png,streetViewData\train\synscapes\img\511.png
1509,train,synscapes,streetViewData\train\synscapes\mask\631.png,streetViewData\train\synscapes\img\631.png
1510,train,synscapes,streetViewData\train\synscapes\mask\1479.png,streetViewData\train\synscapes\img\1479.png
1511,train,synscapes,streetViewData\train\synscapes\mask\6.png,streetViewData\train\synscapes\img\6.png
1512,train,synscapes,streetViewData\train\synscapes\mask\1673.png,streetViewData\train\synscapes\img\1673.png
1513,train,synscapes,streetViewData\train\synscapes\mask\182.png,streetViewData\train\synscapes\img\182.png
1514,train,synscapes,streetViewData\train\synscapes\mask\1911.png,streetViewData\train\synscapes\img\1911.png
1515,train,synscapes,streetViewData\train\synscapes\mask\1197.png,streetViewData\train\synscapes\img\1197.png
1516,train,synscapes,streetViewData\train\synscapes\mask\493.png,streetViewData\train\synscapes\img\493.png
1517,train,synscapes,streetViewData\train\synscapes\mask\861.png,streetViewData\train\synscapes\img\861.png
1518,train,synscapes,streetViewData\train\synscapes\mask\1321.png,streetViewData\train\synscapes\img\1321.png
1519,train,synscapes,streetViewData\train\synscapes\mask\385.png,streetViewData\train\synscapes\img\385.png
1520,train,synscapes,streetViewData\train\synscapes\mask\1574.png,streetViewData\train\synscapes\img\1574.png
1521,train,synscapes,streetViewData\train\synscapes\mask\654.png,streetViewData\train\synscapes\img\654.png
1522,train,synscapes,streetViewData\train\synscapes\mask\911.png,streetViewData\train\synscapes\img\911.png
1523,train,synscapes,streetViewData\train\synscapes\mask\1889.png,streetViewData\train\synscapes\img\1889.png
1524,train,synscapes,streetViewData\train\synscapes\mask\1909.png,streetViewData\train\synscapes\img\1909.png
1525,train,synscapes,streetViewData\train\synscapes\mask\1982.png,streetViewData\train\synscapes\img\1982.png
1526,train,synscapes,streetViewData\train\synscapes\mask\1330.png,streetViewData\train\synscapes\img\1330.png
1527,train,synscapes,streetViewData\train\synscapes\mask\1984.png,streetViewData\train\synscapes\img\1984.png
1528,train,synscapes,streetViewData\train\synscapes\mask\1880.png,streetViewData\train\synscapes\img\1880.png
1529,train,synscapes,streetViewData\train\synscapes\mask\1435.png,streetViewData\train\synscapes\img\1435.png
1530,train,synscapes,streetViewData\train\synscapes\mask\1564.png,streetViewData\train\synscapes\img\1564.png
1531,train,synscapes,streetViewData\train\synscapes\mask\1517.png,streetViewData\train\synscapes\img\1517.png
1532,train,synscapes,streetViewData\train\synscapes\mask\744.png,streetViewData\train\synscapes\img\744.png
1533,train,synscapes,streetViewData\train\synscapes\mask\1189.png,streetViewData\train\synscapes\img\1189.png
1534,train,synscapes,streetViewData\train\synscapes\mask\925.png,streetViewData\train\synscapes\img\925.png
1535,train,synscapes,streetViewData\train\synscapes\mask\1808.png,streetViewData\train\synscapes\img\1808.png
1536,train,synscapes,streetViewData\train\synscapes\mask\280.png,streetViewData\train\synscapes\img\280.png
1537,train,synscapes,streetViewData\train\synscapes\mask\776.png,streetViewData\train\synscapes\img\776.png
1538,train,synscapes,streetViewData\train\synscapes\mask\430.png,streetViewData\train\synscapes\img\430.png
1539,train,synscapes,streetViewData\train\synscapes\mask\89.png,streetViewData\train\synscapes\img\89.png
1540,train,synscapes,streetViewData\train\synscapes\mask\928.png,streetViewData\train\synscapes\img\928.png
1541,train,synscapes,streetViewData\train\synscapes\mask\1142.png,streetViewData\train\synscapes\img\1142.png
1542,train,synscapes,streetViewData\train\synscapes\mask\391.png,streetViewData\train\synscapes\img\391.png
1543,train,synscapes,streetViewData\train\synscapes\mask\470.png,streetViewData\train\synscapes\img\470.png
1544,train,synscapes,streetViewData\train\synscapes\mask\494.png,streetViewData\train\synscapes\img\494.png
1545,train,synscapes,streetViewData\train\synscapes\mask\839.png,streetViewData\train\synscapes\img\839.png
1546,train,synscapes,streetViewData\train\synscapes\mask\411.png,streetViewData\train\synscapes\img\411.png
1547,train,synscapes,streetViewData\train\synscapes\mask\478.png,streetViewData\train\synscapes\img\478.png
1548,train,synscapes,streetViewData\train\synscapes\mask\1314.png,streetViewData\train\synscapes\img\1314.png
1549,train,synscapes,streetViewData\train\synscapes\mask\1615.png,streetViewData\train\synscapes\img\1615.png
1550,train,synscapes,streetViewData\train\synscapes\mask\930.png,streetViewData\train\synscapes\img\930.png
1551,train,synscapes,streetViewData\train\synscapes\mask\782.png,streetViewData\train\synscapes\img\782.png
1552,train,synscapes,streetViewData\train\synscapes\mask\1872.png,streetViewData\train\synscapes\img\1872.png
1553,train,synscapes,streetViewData\train\synscapes\mask\746.png,streetViewData\train\synscapes\img\746.png
1554,train,synscapes,streetViewData\train\synscapes\mask\1662.png,streetViewData\train\synscapes\img\1662.png
1555,train,synscapes,streetViewData\train\synscapes\mask\1590.png,streetViewData\train\synscapes\img\1590.png
1556,train,synscapes,streetViewData\train\synscapes\mask\1042.png,streetViewData\train\synscapes\img\1042.png
1557,train,synscapes,streetViewData\train\synscapes\mask\1341.png,streetViewData\train\synscapes\img\1341.png
1558,train,synscapes,streetViewData\train\synscapes\mask\1339.png,streetViewData\train\synscapes\img\1339.png
1559,train,synscapes,streetViewData\train\synscapes\mask\375.png,streetViewData\train\synscapes\img\375.png
1560,train,synscapes,streetViewData\train\synscapes\mask\1372.png,streetViewData\train\synscapes\img\1372.png
1561,train,synscapes,streetViewData\train\synscapes\mask\1923.png,streetViewData\train\synscapes\img\1923.png
1562,train,synscapes,streetViewData\train\synscapes\mask\237.png,streetViewData\train\synscapes\img\237.png
1563,train,synscapes,streetViewData\train\synscapes\mask\681.png,streetViewData\train\synscapes\img\681.png
1564,train,synscapes,streetViewData\train\synscapes\mask\166.png,streetViewData\train\synscapes\img\166.png
1565,train,synscapes,streetViewData\train\synscapes\mask\693.png,streetViewData\train\synscapes\img\693.png
1566,train,synscapes,streetViewData\train\synscapes\mask\1907.png,streetViewData\train\synscapes\img\1907.png
1567,train,synscapes,streetViewData\train\synscapes\mask\1803.png,streetViewData\train\synscapes\img\1803.png
1568,train,synscapes,streetViewData\train\synscapes\mask\272.png,streetViewData\train\synscapes\img\272.png
1569,train,synscapes,streetViewData\train\synscapes\mask\627.png,streetViewData\train\synscapes\img\627.png
1570,train,synscapes,streetViewData\train\synscapes\mask\181.png,streetViewData\train\synscapes\img\181.png
1571,train,synscapes,streetViewData\train\synscapes\mask\1161.png,streetViewData\train\synscapes\img\1161.png
1572,train,synscapes,streetViewData\train\synscapes\mask\498.png,streetViewData\train\synscapes\img\498.png
1573,train,synscapes,streetViewData\train\synscapes\mask\1344.png,streetViewData\train\synscapes\img\1344.png
1574,train,synscapes,streetViewData\train\synscapes\mask\246.png,streetViewData\train\synscapes\img\246.png
1575,train,synscapes,streetViewData\train\synscapes\mask\1922.png,streetViewData\train\synscapes\img\1922.png
1576,train,synscapes,streetViewData\train\synscapes\mask\807.png,streetViewData\train\synscapes\img\807.png
1577,train,synscapes,streetViewData\train\synscapes\mask\475.png,streetViewData\train\synscapes\img\475.png
1578,train,synscapes,streetViewData\train\synscapes\mask\1275.png,streetViewData\train\synscapes\img\1275.png
1579,train,synscapes,streetViewData\train\synscapes\mask\1141.png,streetViewData\train\synscapes\img\1141.png
1580,train,synscapes,streetViewData\train\synscapes\mask\1160.png,streetViewData\train\synscapes\img\1160.png
1581,train,synscapes,streetViewData\train\synscapes\mask\302.png,streetViewData\train\synscapes\img\302.png
1582,train,synscapes,streetViewData\train\synscapes\mask\1926.png,streetViewData\train\synscapes\img\1926.png
1583,train,synscapes,streetViewData\train\synscapes\mask\1972.png,streetViewData\train\synscapes\img\1972.png
1584,train,synscapes,streetViewData\train\synscapes\mask\1096.png,streetViewData\train\synscapes\img\1096.png
1585,train,synscapes,streetViewData\train\synscapes\mask\504.png,streetViewData\train\synscapes\img\504.png
1586,train,synscapes,streetViewData\train\synscapes\mask\922.png,streetViewData\train\synscapes\img\922.png
1587,train,synscapes,streetViewData\train\synscapes\mask\1884.png,streetViewData\train\synscapes\img\1884.png
1588,train,synscapes,streetViewData\train\synscapes\mask\886.png,streetViewData\train\synscapes\img\886.png
1589,train,synscapes,streetViewData\train\synscapes\mask\1807.png,streetViewData\train\synscapes\img\1807.png
1590,train,synscapes,streetViewData\train\synscapes\mask\253.png,streetViewData\train\synscapes\img\253.png
1591,train,synscapes,streetViewData\train\synscapes\mask\348.png,streetViewData\train\synscapes\img\348.png
1592,train,synscapes,streetViewData\train\synscapes\mask\1168.png,streetViewData\train\synscapes\img\1168.png
1593,train,synscapes,streetViewData\train\synscapes\mask\1840.png,streetViewData\train\synscapes\img\1840.png
1594,train,synscapes,streetViewData\train\synscapes\mask\608.png,streetViewData\train\synscapes\img\608.png
1595,train,synscapes,streetViewData\train\synscapes\mask\507.png,streetViewData\train\synscapes\img\507.png
1596,train,synscapes,streetViewData\train\synscapes\mask\299.png,streetViewData\train\synscapes\img\299.png
1597,train,synscapes,streetViewData\train\synscapes\mask\1101.png,streetViewData\train\synscapes\img\1101.png
1598,train,synscapes,streetViewData\train\synscapes\mask\574.png,streetViewData\train\synscapes\img\574.png
1599,train,synscapes,streetViewData\train\synscapes\mask\566.png,streetViewData\train\synscapes\img\566.png
1600,train,synscapes,streetViewData\train\synscapes\mask\1723.png,streetViewData\train\synscapes\img\1723.png
1601,train,synscapes,streetViewData\train\synscapes\mask\1997.png,streetViewData\train\synscapes\img\1997.png
1602,train,synscapes,streetViewData\train\synscapes\mask\779.png,streetViewData\train\synscapes\img\779.png
1603,train,synscapes,streetViewData\train\synscapes\mask\1309.png,streetViewData\train\synscapes\img\1309.png
1604,train,synscapes,streetViewData\train\synscapes\mask\1913.png,streetViewData\train\synscapes\img\1913.png
1605,train,synscapes,streetViewData\train\synscapes\mask\865.png,streetViewData\train\synscapes\img\865.png
1606,train,synscapes,streetViewData\train\synscapes\mask\964.png,streetViewData\train\synscapes\img\964.png
1607,train,synscapes,streetViewData\train\synscapes\mask\1842.png,streetViewData\train\synscapes\img\1842.png
1608,train,synscapes,streetViewData\train\synscapes\mask\1371.png,streetViewData\train\synscapes\img\1371.png
1609,train,synscapes,streetViewData\train\synscapes\mask\561.png,streetViewData\train\synscapes\img\561.png
1610,train,synscapes,streetViewData\train\synscapes\mask\1120.png,streetViewData\train\synscapes\img\1120.png
1611,train,synscapes,streetViewData\train\synscapes\mask\415.png,streetViewData\train\synscapes\img\415.png
1612,train,synscapes,streetViewData\train\synscapes\mask\1669.png,streetViewData\train\synscapes\img\1669.png
1613,train,synscapes,streetViewData\train\synscapes\mask\1754.png,streetViewData\train\synscapes\img\1754.png
1614,train,synscapes,streetViewData\train\synscapes\mask\1548.png,streetViewData\train\synscapes\img\1548.png
1615,train,synscapes,streetViewData\train\synscapes\mask\552.png,streetViewData\train\synscapes\img\552.png
1616,train,synscapes,streetViewData\train\synscapes\mask\657.png,streetViewData\train\synscapes\img\657.png
1617,train,synscapes,streetViewData\train\synscapes\mask\1827.png,streetViewData\train\synscapes\img\1827.png
1618,train,synscapes,streetViewData\train\synscapes\mask\463.png,streetViewData\train\synscapes\img\463.png
1619,train,synscapes,streetViewData\train\synscapes\mask\655.png,streetViewData\train\synscapes\img\655.png
1620,train,synscapes,streetViewData\train\synscapes\mask\705.png,streetViewData\train\synscapes\img\705.png
1621,train,synscapes,streetViewData\train\synscapes\mask\201.png,streetViewData\train\synscapes\img\201.png
1622,train,synscapes,streetViewData\train\synscapes\mask\1359.png,streetViewData\train\synscapes\img\1359.png
1623,train,synscapes,streetViewData\train\synscapes\mask\874.png,streetViewData\train\synscapes\img\874.png
1624,train,synscapes,streetViewData\train\synscapes\mask\205.png,streetViewData\train\synscapes\img\205.png
1625,train,synscapes,streetViewData\train\synscapes\mask\871.png,streetViewData\train\synscapes\img\871.png
1626,train,synscapes,streetViewData\train\synscapes\mask\468.png,streetViewData\train\synscapes\img\468.png
1627,train,synscapes,streetViewData\train\synscapes\mask\814.png,streetViewData\train\synscapes\img\814.png
1628,train,synscapes,streetViewData\train\synscapes\mask\1428.png,streetViewData\train\synscapes\img\1428.png
1629,train,synscapes,streetViewData\train\synscapes\mask\1469.png,streetViewData\train\synscapes\img\1469.png
1630,train,synscapes,streetViewData\train\synscapes\mask\255.png,streetViewData\train\synscapes\img\255.png
1631,train,synscapes,streetViewData\train\synscapes\mask\589.png,streetViewData\train\synscapes\img\589.png
1632,train,synscapes,streetViewData\train\synscapes\mask\1191.png,streetViewData\train\synscapes\img\1191.png
1633,train,synscapes,streetViewData\train\synscapes\mask\1863.png,streetViewData\train\synscapes\img\1863.png
1634,train,synscapes,streetViewData\train\synscapes\mask\165.png,streetViewData\train\synscapes\img\165.png
1635,train,synscapes,streetViewData\train\synscapes\mask\1648.png,streetViewData\train\synscapes\img\1648.png
1636,train,synscapes,streetViewData\train\synscapes\mask\558.png,streetViewData\train\synscapes\img\558.png
1637,train,synscapes,streetViewData\train\synscapes\mask\91.png,streetViewData\train\synscapes\img\91.png
1638,train,synscapes,streetViewData\train\synscapes\mask\1595.png,streetViewData\train\synscapes\img\1595.png
1639,train,synscapes,streetViewData\train\synscapes\mask\126.png,streetViewData\train\synscapes\img\126.png
1640,train,synscapes,streetViewData\train\synscapes\mask\723.png,streetViewData\train\synscapes\img\723.png
1641,train,synscapes,streetViewData\train\synscapes\mask\980.png,streetViewData\train\synscapes\img\980.png
1642,train,synscapes,streetViewData\train\synscapes\mask\664.png,streetViewData\train\synscapes\img\664.png
1643,train,synscapes,streetViewData\train\synscapes\mask\956.png,streetViewData\train\synscapes\img\956.png
1644,train,synscapes,streetViewData\train\synscapes\mask\480.png,streetViewData\train\synscapes\img\480.png
1645,train,synscapes,streetViewData\train\synscapes\mask\1589.png,streetViewData\train\synscapes\img\1589.png
1646,train,synscapes,streetViewData\train\synscapes\mask\801.png,streetViewData\train\synscapes\img\801.png
1647,train,synscapes,streetViewData\train\synscapes\mask\1857.png,streetViewData\train\synscapes\img\1857.png
1648,train,synscapes,streetViewData\train\synscapes\mask\1879.png,streetViewData\train\synscapes\img\1879.png
1649,train,synscapes,streetViewData\train\synscapes\mask\1347.png,streetViewData\train\synscapes\img\1347.png
1650,train,synscapes,streetViewData\train\synscapes\mask\1768.png,streetViewData\train\synscapes\img\1768.png
1651,train,synscapes,streetViewData\train\synscapes\mask\448.png,streetViewData\train\synscapes\img\448.png
1652,train,synscapes,streetViewData\train\synscapes\mask\767.png,streetViewData\train\synscapes\img\767.png
1653,train,synscapes,streetViewData\train\synscapes\mask\869.png,streetViewData\train\synscapes\img\869.png
1654,train,synscapes,streetViewData\train\synscapes\mask\1950.png,streetViewData\train\synscapes\img\1950.png
1655,train,synscapes,streetViewData\train\synscapes\mask\900.png,streetViewData\train\synscapes\img\900.png
1656,train,synscapes,streetViewData\train\synscapes\mask\147.png,streetViewData\train\synscapes\img\147.png
1657,train,synscapes,streetViewData\train\synscapes\mask\711.png,streetViewData\train\synscapes\img\711.png
1658,train,synscapes,streetViewData\train\synscapes\mask\1471.png,streetViewData\train\synscapes\img\1471.png
1659,train,synscapes,streetViewData\train\synscapes\mask\772.png,streetViewData\train\synscapes\img\772.png
1660,train,synscapes,streetViewData\train\synscapes\mask\366.png,streetViewData\train\synscapes\img\366.png
1661,train,synscapes,streetViewData\train\synscapes\mask\1157.png,streetViewData\train\synscapes\img\1157.png
1662,train,synscapes,streetViewData\train\synscapes\mask\743.png,streetViewData\train\synscapes\img\743.png
1663,train,synscapes,streetViewData\train\synscapes\mask\483.png,streetViewData\train\synscapes\img\483.png
1664,train,synscapes,streetViewData\train\synscapes\mask\21.png,streetViewData\train\synscapes\img\21.png
1665,train,synscapes,streetViewData\train\synscapes\mask\534.png,streetViewData\train\synscapes\img\534.png
1666,train,synscapes,streetViewData\train\synscapes\mask\1562.png,streetViewData\train\synscapes\img\1562.png
1667,train,synscapes,streetViewData\train\synscapes\mask\1240.png,streetViewData\train\synscapes\img\1240.png
1668,train,synscapes,streetViewData\train\synscapes\mask\329.png,streetViewData\train\synscapes\img\329.png
1669,train,synscapes,streetViewData\train\synscapes\mask\932.png,streetViewData\train\synscapes\img\932.png
1670,train,synscapes,streetViewData\train\synscapes\mask\768.png,streetViewData\train\synscapes\img\768.png
1671,train,synscapes,streetViewData\train\synscapes\mask\850.png,streetViewData\train\synscapes\img\850.png
1672,train,synscapes,streetViewData\train\synscapes\mask\1624.png,streetViewData\train\synscapes\img\1624.png
1673,train,synscapes,streetViewData\train\synscapes\mask\1973.png,streetViewData\train\synscapes\img\1973.png
1674,train,synscapes,streetViewData\train\synscapes\mask\1342.png,streetViewData\train\synscapes\img\1342.png
1675,train,synscapes,streetViewData\train\synscapes\mask\559.png,streetViewData\train\synscapes\img\559.png
1676,train,synscapes,streetViewData\train\synscapes\mask\541.png,streetViewData\train\synscapes\img\541.png
1677,train,synscapes,streetViewData\train\synscapes\mask\996.png,streetViewData\train\synscapes\img\996.png
1678,train,synscapes,streetViewData\train\synscapes\mask\1680.png,streetViewData\train\synscapes\img\1680.png
1679,train,synscapes,streetViewData\train\synscapes\mask\1516.png,streetViewData\train\synscapes\img\1516.png
1680,train,synscapes,streetViewData\train\synscapes\mask\1686.png,streetViewData\train\synscapes\img\1686.png
1681,train,synscapes,streetViewData\train\synscapes\mask\293.png,streetViewData\train\synscapes\img\293.png
1682,train,synscapes,streetViewData\train\synscapes\mask\221.png,streetViewData\train\synscapes\img\221.png
1683,train,synscapes,streetViewData\train\synscapes\mask\508.png,streetViewData\train\synscapes\img\508.png
1684,train,synscapes,streetViewData\train\synscapes\mask\1227.png,streetViewData\train\synscapes\img\1227.png
1685,train,synscapes,streetViewData\train\synscapes\mask\1312.png,streetViewData\train\synscapes\img\1312.png
1686,train,synscapes,streetViewData\train\synscapes\mask\1079.png,streetViewData\train\synscapes\img\1079.png
1687,train,synscapes,streetViewData\train\synscapes\mask\1394.png,streetViewData\train\synscapes\img\1394.png
1688,train,synscapes,streetViewData\train\synscapes\mask\1732.png,streetViewData\train\synscapes\img\1732.png
1689,train,synscapes,streetViewData\train\synscapes\mask\1900.png,streetViewData\train\synscapes\img\1900.png
1690,train,synscapes,streetViewData\train\synscapes\mask\68.png,streetViewData\train\synscapes\img\68.png
1691,train,synscapes,streetViewData\train\synscapes\mask\1489.png,streetViewData\train\synscapes\img\1489.png
1692,train,synscapes,streetViewData\train\synscapes\mask\1520.png,streetViewData\train\synscapes\img\1520.png
1693,train,synscapes,streetViewData\train\synscapes\mask\1526.png,streetViewData\train\synscapes\img\1526.png
1694,train,synscapes,streetViewData\train\synscapes\mask\537.png,streetViewData\train\synscapes\img\537.png
1695,train,synscapes,streetViewData\train\synscapes\mask\954.png,streetViewData\train\synscapes\img\954.png
1696,train,synscapes,streetViewData\train\synscapes\mask\1502.png,streetViewData\train\synscapes\img\1502.png
1697,train,synscapes,streetViewData\train\synscapes\mask\699.png,streetViewData\train\synscapes\img\699.png
1698,train,synscapes,streetViewData\train\synscapes\mask\675.png,streetViewData\train\synscapes\img\675.png
1699,train,synscapes,streetViewData\train\synscapes\mask\446.png,streetViewData\train\synscapes\img\446.png
1700,train,synscapes,streetViewData\train\synscapes\mask\291.png,streetViewData\train\synscapes\img\291.png
1701,train,synscapes,streetViewData\train\synscapes\mask\1954.png,streetViewData\train\synscapes\img\1954.png
1702,train,synscapes,streetViewData\train\synscapes\mask\1918.png,streetViewData\train\synscapes\img\1918.png
1703,train,synscapes,streetViewData\train\synscapes\mask\1360.png,streetViewData\train\synscapes\img\1360.png
1704,train,synscapes,streetViewData\train\synscapes\mask\1788.png,streetViewData\train\synscapes\img\1788.png
1705,train,synscapes,streetViewData\train\synscapes\mask\1185.png,streetViewData\train\synscapes\img\1185.png
1706,train,synscapes,streetViewData\train\synscapes\mask\1190.png,streetViewData\train\synscapes\img\1190.png
1707,train,synscapes,streetViewData\train\synscapes\mask\374.png,streetViewData\train\synscapes\img\374.png
1708,train,synscapes,streetViewData\train\synscapes\mask\1384.png,streetViewData\train\synscapes\img\1384.png
1709,train,synscapes,streetViewData\train\synscapes\mask\539.png,streetViewData\train\synscapes\img\539.png
1710,train,synscapes,streetViewData\train\synscapes\mask\1007.png,streetViewData\train\synscapes\img\1007.png
1711,train,synscapes,streetViewData\train\synscapes\mask\516.png,streetViewData\train\synscapes\img\516.png
1712,train,synscapes,streetViewData\train\synscapes\mask\1077.png,streetViewData\train\synscapes\img\1077.png
1713,train,synscapes,streetViewData\train\synscapes\mask\407.png,streetViewData\train\synscapes\img\407.png
1714,train,synscapes,streetViewData\train\synscapes\mask\500.png,streetViewData\train\synscapes\img\500.png
1715,train,synscapes,streetViewData\train\synscapes\mask\1039.png,streetViewData\train\synscapes\img\1039.png
1716,train,synscapes,streetViewData\train\synscapes\mask\530.png,streetViewData\train\synscapes\img\530.png
1717,train,synscapes,streetViewData\train\synscapes\mask\977.png,streetViewData\train\synscapes\img\977.png
1718,train,synscapes,streetViewData\train\synscapes\mask\1790.png,streetViewData\train\synscapes\img\1790.png
1719,train,synscapes,streetViewData\train\synscapes\mask\1367.png,streetViewData\train\synscapes\img\1367.png
1720,train,synscapes,streetViewData\train\synscapes\mask\399.png,streetViewData\train\synscapes\img\399.png
1721,train,synscapes,streetViewData\train\synscapes\mask\435.png,streetViewData\train\synscapes\img\435.png
1722,train,synscapes,streetViewData\train\synscapes\mask\159.png,streetViewData\train\synscapes\img\159.png
1723,train,synscapes,streetViewData\train\synscapes\mask\1355.png,streetViewData\train\synscapes\img\1355.png
1724,train,synscapes,streetViewData\train\synscapes\mask\1345.png,streetViewData\train\synscapes\img\1345.png
1725,train,synscapes,streetViewData\train\synscapes\mask\1383.png,streetViewData\train\synscapes\img\1383.png
1726,train,synscapes,streetViewData\train\synscapes\mask\110.png,streetViewData\train\synscapes\img\110.png
1727,train,synscapes,streetViewData\train\synscapes\mask\244.png,streetViewData\train\synscapes\img\244.png
1728,train,synscapes,streetViewData\train\synscapes\mask\1076.png,streetViewData\train\synscapes\img\1076.png
1729,train,synscapes,streetViewData\train\synscapes\mask\1695.png,streetViewData\train\synscapes\img\1695.png
1730,train,synscapes,streetViewData\train\synscapes\mask\474.png,streetViewData\train\synscapes\img\474.png
1731,train,synscapes,streetViewData\train\synscapes\mask\867.png,streetViewData\train\synscapes\img\867.png
1732,train,synscapes,streetViewData\train\synscapes\mask\1712.png,streetViewData\train\synscapes\img\1712.png
1733,train,synscapes,streetViewData\train\synscapes\mask\1533.png,streetViewData\train\synscapes\img\1533.png
1734,train,synscapes,streetViewData\train\synscapes\mask\481.png,streetViewData\train\synscapes\img\481.png
1735,train,synscapes,streetViewData\train\synscapes\mask\528.png,streetViewData\train\synscapes\img\528.png
1736,train,synscapes,streetViewData\train\synscapes\mask\525.png,streetViewData\train\synscapes\img\525.png
1737,train,synscapes,streetViewData\train\synscapes\mask\692.png,streetViewData\train\synscapes\img\692.png
1738,train,synscapes,streetViewData\train\synscapes\mask\1799.png,streetViewData\train\synscapes\img\1799.png
1739,train,synscapes,streetViewData\train\synscapes\mask\1065.png,streetViewData\train\synscapes\img\1065.png
1740,train,synscapes,streetViewData\train\synscapes\mask\454.png,streetViewData\train\synscapes\img\454.png
1741,train,synscapes,streetViewData\train\synscapes\mask\217.png,streetViewData\train\synscapes\img\217.png
1742,train,synscapes,streetViewData\train\synscapes\mask\944.png,streetViewData\train\synscapes\img\944.png
1743,train,synscapes,streetViewData\train\synscapes\mask\971.png,streetViewData\train\synscapes\img\971.png
1744,train,synscapes,streetViewData\train\synscapes\mask\486.png,streetViewData\train\synscapes\img\486.png
1745,train,synscapes,streetViewData\train\synscapes\mask\1821.png,streetViewData\train\synscapes\img\1821.png
1746,train,synscapes,streetViewData\train\synscapes\mask\1482.png,streetViewData\train\synscapes\img\1482.png
1747,train,synscapes,streetViewData\train\synscapes\mask\1176.png,streetViewData\train\synscapes\img\1176.png
1748,train,synscapes,streetViewData\train\synscapes\mask\581.png,streetViewData\train\synscapes\img\581.png
1749,train,synscapes,streetViewData\train\synscapes\mask\583.png,streetViewData\train\synscapes\img\583.png
1750,train,synscapes,streetViewData\train\synscapes\mask\1534.png,streetViewData\train\synscapes\img\1534.png
1751,train,synscapes,streetViewData\train\synscapes\mask\1727.png,streetViewData\train\synscapes\img\1727.png
1752,train,synscapes,streetViewData\train\synscapes\mask\847.png,streetViewData\train\synscapes\img\847.png
1753,train,synscapes,streetViewData\train\synscapes\mask\281.png,streetViewData\train\synscapes\img\281.png
1754,train,synscapes,streetViewData\train\synscapes\mask\1265.png,streetViewData\train\synscapes\img\1265.png
1755,train,synscapes,streetViewData\train\synscapes\mask\1883.png,streetViewData\train\synscapes\img\1883.png
1756,train,synscapes,streetViewData\train\synscapes\mask\1702.png,streetViewData\train\synscapes\img\1702.png
1757,train,synscapes,streetViewData\train\synscapes\mask\949.png,streetViewData\train\synscapes\img\949.png
1758,train,synscapes,streetViewData\train\synscapes\mask\1200.png,streetViewData\train\synscapes\img\1200.png
1759,train,synscapes,streetViewData\train\synscapes\mask\419.png,streetViewData\train\synscapes\img\419.png
1760,train,synscapes,streetViewData\train\synscapes\mask\1924.png,streetViewData\train\synscapes\img\1924.png
1761,train,synscapes,streetViewData\train\synscapes\mask\1784.png,streetViewData\train\synscapes\img\1784.png
1762,train,synscapes,streetViewData\train\synscapes\mask\1325.png,streetViewData\train\synscapes\img\1325.png
1763,train,synscapes,streetViewData\train\synscapes\mask\1893.png,streetViewData\train\synscapes\img\1893.png
1764,train,synscapes,streetViewData\train\synscapes\mask\653.png,streetViewData\train\synscapes\img\653.png
1765,train,synscapes,streetViewData\train\synscapes\mask\1225.png,streetViewData\train\synscapes\img\1225.png
1766,train,synscapes,streetViewData\train\synscapes\mask\382.png,streetViewData\train\synscapes\img\382.png
1767,train,synscapes,streetViewData\train\synscapes\mask\1436.png,streetViewData\train\synscapes\img\1436.png
1768,train,synscapes,streetViewData\train\synscapes\mask\601.png,streetViewData\train\synscapes\img\601.png
1769,train,synscapes,streetViewData\train\synscapes\mask\1013.png,streetViewData\train\synscapes\img\1013.png
1770,train,synscapes,streetViewData\train\synscapes\mask\1571.png,streetViewData\train\synscapes\img\1571.png
1771,train,synscapes,streetViewData\train\synscapes\mask\1245.png,streetViewData\train\synscapes\img\1245.png
1772,train,synscapes,streetViewData\train\synscapes\mask\1675.png,streetViewData\train\synscapes\img\1675.png
1773,train,synscapes,streetViewData\train\synscapes\mask\1566.png,streetViewData\train\synscapes\img\1566.png
1774,train,synscapes,streetViewData\train\synscapes\mask\1599.png,streetViewData\train\synscapes\img\1599.png
1775,train,synscapes,streetViewData\train\synscapes\mask\371.png,streetViewData\train\synscapes\img\371.png
1776,train,synscapes,streetViewData\train\synscapes\mask\1602.png,streetViewData\train\synscapes\img\1602.png
1777,train,synscapes,streetViewData\train\synscapes\mask\669.png,streetViewData\train\synscapes\img\669.png
1778,train,synscapes,streetViewData\train\synscapes\mask\451.png,streetViewData\train\synscapes\img\451.png
1779,train,synscapes,streetViewData\train\synscapes\mask\69.png,streetViewData\train\synscapes\img\69.png
1780,train,synscapes,streetViewData\train\synscapes\mask\1014.png,streetViewData\train\synscapes\img\1014.png
1781,train,synscapes,streetViewData\train\synscapes\mask\132.png,streetViewData\train\synscapes\img\132.png
1782,train,synscapes,streetViewData\train\synscapes\mask\1655.png,streetViewData\train\synscapes\img\1655.png
1783,train,synscapes,streetViewData\train\synscapes\mask\46.png,streetViewData\train\synscapes\img\46.png
1784,train,synscapes,streetViewData\train\synscapes\mask\1645.png,streetViewData\train\synscapes\img\1645.png
1785,train,synscapes,streetViewData\train\synscapes\mask\892.png,streetViewData\train\synscapes\img\892.png
1786,train,synscapes,streetViewData\train\synscapes\mask\405.png,streetViewData\train\synscapes\img\405.png
1787,train,synscapes,streetViewData\train\synscapes\mask\1308.png,streetViewData\train\synscapes\img\1308.png
1788,train,synscapes,streetViewData\train\synscapes\mask\1757.png,streetViewData\train\synscapes\img\1757.png
1789,train,synscapes,streetViewData\train\synscapes\mask\761.png,streetViewData\train\synscapes\img\761.png
1790,train,synscapes,streetViewData\train\synscapes\mask\363.png,streetViewData\train\synscapes\img\363.png
1791,train,synscapes,streetViewData\train\synscapes\mask\55.png,streetViewData\train\synscapes\img\55.png
1792,train,synscapes,streetViewData\train\synscapes\mask\1661.png,streetViewData\train\synscapes\img\1661.png
1793,train,synscapes,streetViewData\train\synscapes\mask\673.png,streetViewData\train\synscapes\img\673.png
1794,train,synscapes,streetViewData\train\synscapes\mask\49.png,streetViewData\train\synscapes\img\49.png
1795,train,synscapes,streetViewData\train\synscapes\mask\1087.png,streetViewData\train\synscapes\img\1087.png
1796,train,synscapes,streetViewData\train\synscapes\mask\1410.png,streetViewData\train\synscapes\img\1410.png
1797,train,synscapes,streetViewData\train\synscapes\mask\1816.png,streetViewData\train\synscapes\img\1816.png
1798,train,synscapes,streetViewData\train\synscapes\mask\251.png,streetViewData\train\synscapes\img\251.png
1799,train,synscapes,streetViewData\train\synscapes\mask\356.png,streetViewData\train\synscapes\img\356.png
1800,train,synscapes,streetViewData\train\synscapes\mask\1323.png,streetViewData\train\synscapes\img\1323.png
1801,train,synscapes,streetViewData\train\synscapes\mask\969.png,streetViewData\train\synscapes\img\969.png
1802,train,synscapes,streetViewData\train\synscapes\mask\1640.png,streetViewData\train\synscapes\img\1640.png
1803,train,synscapes,streetViewData\train\synscapes\mask\1519.png,streetViewData\train\synscapes\img\1519.png
1804,train,synscapes,streetViewData\train\synscapes\mask\968.png,streetViewData\train\synscapes\img\968.png
1805,train,synscapes,streetViewData\train\synscapes\mask\164.png,streetViewData\train\synscapes\img\164.png
1806,train,synscapes,streetViewData\train\synscapes\mask\1939.png,streetViewData\train\synscapes\img\1939.png
1807,train,synscapes,streetViewData\train\synscapes\mask\1107.png,streetViewData\train\synscapes\img\1107.png
1808,train,synscapes,streetViewData\train\synscapes\mask\1730.png,streetViewData\train\synscapes\img\1730.png
1809,train,synscapes,streetViewData\train\synscapes\mask\1956.png,streetViewData\train\synscapes\img\1956.png
1810,train,synscapes,streetViewData\train\synscapes\mask\1413.png,streetViewData\train\synscapes\img\1413.png
1811,train,synscapes,streetViewData\train\synscapes\mask\1178.png,streetViewData\train\synscapes\img\1178.png
1812,train,synscapes,streetViewData\train\synscapes\mask\1320.png,streetViewData\train\synscapes\img\1320.png
1813,train,synscapes,streetViewData\train\synscapes\mask\1258.png,streetViewData\train\synscapes\img\1258.png
1814,train,synscapes,streetViewData\train\synscapes\mask\1162.png,streetViewData\train\synscapes\img\1162.png
1815,train,synscapes,streetViewData\train\synscapes\mask\1272.png,streetViewData\train\synscapes\img\1272.png
1816,train,synscapes,streetViewData\train\synscapes\mask\918.png,streetViewData\train\synscapes\img\918.png
1817,train,synscapes,streetViewData\train\synscapes\mask\43.png,streetViewData\train\synscapes\img\43.png
1818,train,synscapes,streetViewData\train\synscapes\mask\1859.png,streetViewData\train\synscapes\img\1859.png
1819,train,synscapes,streetViewData\train\synscapes\mask\685.png,streetViewData\train\synscapes\img\685.png
1820,train,synscapes,streetViewData\train\synscapes\mask\285.png,streetViewData\train\synscapes\img\285.png
1821,train,synscapes,streetViewData\train\synscapes\mask\894.png,streetViewData\train\synscapes\img\894.png
1822,train,synscapes,streetViewData\train\synscapes\mask\1237.png,streetViewData\train\synscapes\img\1237.png
1823,train,synscapes,streetViewData\train\synscapes\mask\562.png,streetViewData\train\synscapes\img\562.png
1824,train,synscapes,streetViewData\train\synscapes\mask\149.png,streetViewData\train\synscapes\img\149.png
1825,train,synscapes,streetViewData\train\synscapes\mask\1139.png,streetViewData\train\synscapes\img\1139.png
1826,train,synscapes,streetViewData\train\synscapes\mask\62.png,streetViewData\train\synscapes\img\62.png
1827,train,synscapes,streetViewData\train\synscapes\mask\718.png,streetViewData\train\synscapes\img\718.png
1828,train,synscapes,streetViewData\train\synscapes\mask\663.png,streetViewData\train\synscapes\img\663.png
1829,train,synscapes,streetViewData\train\synscapes\mask\691.png,streetViewData\train\synscapes\img\691.png
1830,train,synscapes,streetViewData\train\synscapes\mask\551.png,streetViewData\train\synscapes\img\551.png
1831,train,synscapes,streetViewData\train\synscapes\mask\1719.png,streetViewData\train\synscapes\img\1719.png
1832,train,synscapes,streetViewData\train\synscapes\mask\1998.png,streetViewData\train\synscapes\img\1998.png
1833,train,synscapes,streetViewData\train\synscapes\mask\979.png,streetViewData\train\synscapes\img\979.png
1834,train,synscapes,streetViewData\train\synscapes\mask\826.png,streetViewData\train\synscapes\img\826.png
1835,train,synscapes,streetViewData\train\synscapes\mask\820.png,streetViewData\train\synscapes\img\820.png
1836,train,synscapes,streetViewData\train\synscapes\mask\724.png,streetViewData\train\synscapes\img\724.png
1837,train,synscapes,streetViewData\train\synscapes\mask\1480.png,streetViewData\train\synscapes\img\1480.png
1838,train,synscapes,streetViewData\train\synscapes\mask\256.png,streetViewData\train\synscapes\img\256.png
1839,train,synscapes,streetViewData\train\synscapes\mask\102.png,streetViewData\train\synscapes\img\102.png
1840,train,synscapes,streetViewData\train\synscapes\mask\526.png,streetViewData\train\synscapes\img\526.png
1841,train,synscapes,streetViewData\train\synscapes\mask\661.png,streetViewData\train\synscapes\img\661.png
1842,train,synscapes,streetViewData\train\synscapes\mask\308.png,streetViewData\train\synscapes\img\308.png
1843,train,synscapes,streetViewData\train\synscapes\mask\592.png,streetViewData\train\synscapes\img\592.png
1844,train,synscapes,streetViewData\train\synscapes\mask\199.png,streetViewData\train\synscapes\img\199.png
1845,train,synscapes,streetViewData\train\synscapes\mask\1465.png,streetViewData\train\synscapes\img\1465.png
1846,train,synscapes,streetViewData\train\synscapes\mask\1586.png,streetViewData\train\synscapes\img\1586.png
1847,train,synscapes,streetViewData\train\synscapes\mask\937.png,streetViewData\train\synscapes\img\937.png
1848,train,synscapes,streetViewData\train\synscapes\mask\1656.png,streetViewData\train\synscapes\img\1656.png
1849,train,synscapes,streetViewData\train\synscapes\mask\3.png,streetViewData\train\synscapes\img\3.png
1850,train,synscapes,streetViewData\train\synscapes\mask\398.png,streetViewData\train\synscapes\img\398.png
1851,train,synscapes,streetViewData\train\synscapes\mask\1266.png,streetViewData\train\synscapes\img\1266.png
1852,train,synscapes,streetViewData\train\synscapes\mask\53.png,streetViewData\train\synscapes\img\53.png
1853,train,synscapes,streetViewData\train\synscapes\mask\313.png,streetViewData\train\synscapes\img\313.png
1854,train,synscapes,streetViewData\train\synscapes\mask\890.png,streetViewData\train\synscapes\img\890.png
1855,train,synscapes,streetViewData\train\synscapes\mask\1260.png,streetViewData\train\synscapes\img\1260.png
1856,train,synscapes,streetViewData\train\synscapes\mask\936.png,streetViewData\train\synscapes\img\936.png
1857,train,synscapes,streetViewData\train\synscapes\mask\848.png,streetViewData\train\synscapes\img\848.png
1858,train,synscapes,streetViewData\train\synscapes\mask\330.png,streetViewData\train\synscapes\img\330.png
1859,train,synscapes,streetViewData\train\synscapes\mask\1027.png,streetViewData\train\synscapes\img\1027.png
1860,train,synscapes,streetViewData\train\synscapes\mask\544.png,streetViewData\train\synscapes\img\544.png
1861,train,synscapes,streetViewData\train\synscapes\mask\953.png,streetViewData\train\synscapes\img\953.png
1862,train,synscapes,streetViewData\train\synscapes\mask\59.png,streetViewData\train\synscapes\img\59.png
1863,train,synscapes,streetViewData\train\synscapes\mask\1932.png,streetViewData\train\synscapes\img\1932.png
1864,train,synscapes,streetViewData\train\synscapes\mask\360.png,streetViewData\train\synscapes\img\360.png
1865,train,synscapes,streetViewData\train\synscapes\mask\67.png,streetViewData\train\synscapes\img\67.png
1866,train,synscapes,streetViewData\train\synscapes\mask\346.png,streetViewData\train\synscapes\img\346.png
1867,train,synscapes,streetViewData\train\synscapes\mask\1873.png,streetViewData\train\synscapes\img\1873.png
1868,train,synscapes,streetViewData\train\synscapes\mask\66.png,streetViewData\train\synscapes\img\66.png
1869,train,synscapes,streetViewData\train\synscapes\mask\1491.png,streetViewData\train\synscapes\img\1491.png
1870,train,synscapes,streetViewData\train\synscapes\mask\1167.png,streetViewData\train\synscapes\img\1167.png
1871,train,synscapes,streetViewData\train\synscapes\mask\1707.png,streetViewData\train\synscapes\img\1707.png
1872,train,synscapes,streetViewData\train\synscapes\mask\912.png,streetViewData\train\synscapes\img\912.png
1873,train,synscapes,streetViewData\train\synscapes\mask\1682.png,streetViewData\train\synscapes\img\1682.png
1874,train,synscapes,streetViewData\train\synscapes\mask\1636.png,streetViewData\train\synscapes\img\1636.png
1875,train,synscapes,streetViewData\train\synscapes\mask\476.png,streetViewData\train\synscapes\img\476.png
1876,train,synscapes,streetViewData\train\synscapes\mask\1382.png,streetViewData\train\synscapes\img\1382.png
1877,train,synscapes,streetViewData\train\synscapes\mask\1927.png,streetViewData\train\synscapes\img\1927.png
1878,train,synscapes,streetViewData\train\synscapes\mask\1530.png,streetViewData\train\synscapes\img\1530.png
1879,train,synscapes,streetViewData\train\synscapes\mask\620.png,streetViewData\train\synscapes\img\620.png
1880,train,synscapes,streetViewData\train\synscapes\mask\437.png,streetViewData\train\synscapes\img\437.png
1881,train,synscapes,streetViewData\train\synscapes\mask\245.png,streetViewData\train\synscapes\img\245.png
1882,train,synscapes,streetViewData\train\synscapes\mask\1736.png,streetViewData\train\synscapes\img\1736.png
1883,train,synscapes,streetViewData\train\synscapes\mask\1060.png,streetViewData\train\synscapes\img\1060.png
1884,train,synscapes,streetViewData\train\synscapes\mask\947.png,streetViewData\train\synscapes\img\947.png
1885,train,synscapes,streetViewData\train\synscapes\mask\133.png,streetViewData\train\synscapes\img\133.png
1886,train,synscapes,streetViewData\train\synscapes\mask\708.png,streetViewData\train\synscapes\img\708.png
1887,train,synscapes,streetViewData\train\synscapes\mask\1059.png,streetViewData\train\synscapes\img\1059.png
1888,train,synscapes,streetViewData\train\synscapes\mask\425.png,streetViewData\train\synscapes\img\425.png
1889,train,synscapes,streetViewData\train\synscapes\mask\136.png,streetViewData\train\synscapes\img\136.png
1890,train,synscapes,streetViewData\train\synscapes\mask\263.png,streetViewData\train\synscapes\img\263.png
1891,train,synscapes,streetViewData\train\synscapes\mask\1415.png,streetViewData\train\synscapes\img\1415.png
1892,train,synscapes,streetViewData\train\synscapes\mask\397.png,streetViewData\train\synscapes\img\397.png
1893,train,synscapes,streetViewData\train\synscapes\mask\921.png,streetViewData\train\synscapes\img\921.png
1894,train,synscapes,streetViewData\train\synscapes\mask\464.png,streetViewData\train\synscapes\img\464.png
1895,train,synscapes,streetViewData\train\synscapes\mask\1175.png,streetViewData\train\synscapes\img\1175.png
1896,train,synscapes,streetViewData\train\synscapes\mask\190.png,streetViewData\train\synscapes\img\190.png
1897,train,synscapes,streetViewData\train\synscapes\mask\2000.png,streetViewData\train\synscapes\img\2000.png
1898,train,synscapes,streetViewData\train\synscapes\mask\639.png,streetViewData\train\synscapes\img\639.png
1899,train,synscapes,streetViewData\train\synscapes\mask\1473.png,streetViewData\train\synscapes\img\1473.png
1900,train,synscapes,streetViewData\train\synscapes\mask\774.png,streetViewData\train\synscapes\img\774.png
1901,train,synscapes,streetViewData\train\synscapes\mask\1108.png,streetViewData\train\synscapes\img\1108.png
1902,train,synscapes,streetViewData\train\synscapes\mask\714.png,streetViewData\train\synscapes\img\714.png
1903,train,synscapes,streetViewData\train\synscapes\mask\252.png,streetViewData\train\synscapes\img\252.png
1904,train,synscapes,streetViewData\train\synscapes\mask\1832.png,streetViewData\train\synscapes\img\1832.png
1905,train,synscapes,streetViewData\train\synscapes\mask\1928.png,streetViewData\train\synscapes\img\1928.png
1906,train,synscapes,streetViewData\train\synscapes\mask\322.png,streetViewData\train\synscapes\img\322.png
1907,train,synscapes,streetViewData\train\synscapes\mask\1117.png,streetViewData\train\synscapes\img\1117.png
1908,train,synscapes,streetViewData\train\synscapes\mask\30.png,streetViewData\train\synscapes\img\30.png
1909,train,synscapes,streetViewData\train\synscapes\mask\421.png,streetViewData\train\synscapes\img\421.png
1910,train,synscapes,streetViewData\train\synscapes\mask\83.png,streetViewData\train\synscapes\img\83.png
1911,train,synscapes,streetViewData\train\synscapes\mask\773.png,streetViewData\train\synscapes\img\773.png
1912,train,synscapes,streetViewData\train\synscapes\mask\169.png,streetViewData\train\synscapes\img\169.png
1913,train,synscapes,streetViewData\train\synscapes\mask\1888.png,streetViewData\train\synscapes\img\1888.png
1914,train,synscapes,streetViewData\train\synscapes\mask\1663.png,streetViewData\train\synscapes\img\1663.png
1915,train,synscapes,streetViewData\train\synscapes\mask\106.png,streetViewData\train\synscapes\img\106.png
1916,train,synscapes,streetViewData\train\synscapes\mask\1080.png,streetViewData\train\synscapes\img\1080.png
1917,train,synscapes,streetViewData\train\synscapes\mask\1514.png,streetViewData\train\synscapes\img\1514.png
1918,train,synscapes,streetViewData\train\synscapes\mask\1052.png,streetViewData\train\synscapes\img\1052.png
1919,train,synscapes,streetViewData\train\synscapes\mask\1163.png,streetViewData\train\synscapes\img\1163.png
1920,train,synscapes,streetViewData\train\synscapes\mask\942.png,streetViewData\train\synscapes\img\942.png
1921,train,synscapes,streetViewData\train\synscapes\mask\1769.png,streetViewData\train\synscapes\img\1769.png
1922,train,synscapes,streetViewData\train\synscapes\mask\57.png,streetViewData\train\synscapes\img\57.png
1923,train,synscapes,streetViewData\train\synscapes\mask\32.png,streetViewData\train\synscapes\img\32.png
1924,train,synscapes,streetViewData\train\synscapes\mask\416.png,streetViewData\train\synscapes\img\416.png
1925,train,synscapes,streetViewData\train\synscapes\mask\1959.png,streetViewData\train\synscapes\img\1959.png
1926,train,synscapes,streetViewData\train\synscapes\mask\821.png,streetViewData\train\synscapes\img\821.png
1927,train,synscapes,streetViewData\train\synscapes\mask\1786.png,streetViewData\train\synscapes\img\1786.png
1928,train,synscapes,streetViewData\train\synscapes\mask\896.png,streetViewData\train\synscapes\img\896.png
1929,train,synscapes,streetViewData\train\synscapes\mask\962.png,streetViewData\train\synscapes\img\962.png
1930,train,synscapes,streetViewData\train\synscapes\mask\1317.png,streetViewData\train\synscapes\img\1317.png
1931,train,synscapes,streetViewData\train\synscapes\mask\1224.png,streetViewData\train\synscapes\img\1224.png
1932,train,synscapes,streetViewData\train\synscapes\mask\306.png,streetViewData\train\synscapes\img\306.png
1933,train,synscapes,streetViewData\train\synscapes\mask\816.png,streetViewData\train\synscapes\img\816.png
1934,train,synscapes,streetViewData\train\synscapes\mask\1358.png,streetViewData\train\synscapes\img\1358.png
1935,train,synscapes,streetViewData\train\synscapes\mask\1867.png,streetViewData\train\synscapes\img\1867.png
1936,train,synscapes,streetViewData\train\synscapes\mask\1226.png,streetViewData\train\synscapes\img\1226.png
1937,train,synscapes,streetViewData\train\synscapes\mask\1657.png,streetViewData\train\synscapes\img\1657.png
1938,train,synscapes,streetViewData\train\synscapes\mask\1282.png,streetViewData\train\synscapes\img\1282.png
1939,train,synscapes,streetViewData\train\synscapes\mask\1153.png,streetViewData\train\synscapes\img\1153.png
1940,train,synscapes,streetViewData\train\synscapes\mask\1236.png,streetViewData\train\synscapes\img\1236.png
1941,train,synscapes,streetViewData\train\synscapes\mask\1379.png,streetViewData\train\synscapes\img\1379.png
1942,train,synscapes,streetViewData\train\synscapes\mask\449.png,streetViewData\train\synscapes\img\449.png
1943,train,synscapes,streetViewData\train\synscapes\mask\988.png,streetViewData\train\synscapes\img\988.png
1944,train,synscapes,streetViewData\train\synscapes\mask\931.png,streetViewData\train\synscapes\img\931.png
1945,train,synscapes,streetViewData\train\synscapes\mask\658.png,streetViewData\train\synscapes\img\658.png
1946,train,synscapes,streetViewData\train\synscapes\mask\1247.png,streetViewData\train\synscapes\img\1247.png
1947,train,synscapes,streetViewData\train\synscapes\mask\1022.png,streetViewData\train\synscapes\img\1022.png
1948,train,synscapes,streetViewData\train\synscapes\mask\242.png,streetViewData\train\synscapes\img\242.png
1949,train,synscapes,streetViewData\train\synscapes\mask\1192.png,streetViewData\train\synscapes\img\1192.png
1950,train,synscapes,streetViewData\train\synscapes\mask\1121.png,streetViewData\train\synscapes\img\1121.png
1951,train,synscapes,streetViewData\train\synscapes\mask\901.png,streetViewData\train\synscapes\img\901.png
1952,train,synscapes,streetViewData\train\synscapes\mask\706.png,streetViewData\train\synscapes\img\706.png
1953,train,synscapes,streetViewData\train\synscapes\mask\742.png,streetViewData\train\synscapes\img\742.png
1954,train,synscapes,streetViewData\train\synscapes\mask\656.png,streetViewData\train\synscapes\img\656.png
1955,train,synscapes,streetViewData\train\synscapes\mask\70.png,streetViewData\train\synscapes\img\70.png
1956,train,synscapes,streetViewData\train\synscapes\mask\362.png,streetViewData\train\synscapes\img\362.png
1957,train,synscapes,streetViewData\train\synscapes\mask\1743.png,streetViewData\train\synscapes\img\1743.png
1958,train,synscapes,streetViewData\train\synscapes\mask\1720.png,streetViewData\train\synscapes\img\1720.png
1959,train,synscapes,streetViewData\train\synscapes\mask\815.png,streetViewData\train\synscapes\img\815.png
1960,train,synscapes,streetViewData\train\synscapes\mask\703.png,streetViewData\train\synscapes\img\703.png
1961,train,synscapes,streetViewData\train\synscapes\mask\1306.png,streetViewData\train\synscapes\img\1306.png
1962,train,synscapes,streetViewData\train\synscapes\mask\163.png,streetViewData\train\synscapes\img\163.png
1963,train,synscapes,streetViewData\train\synscapes\mask\209.png,streetViewData\train\synscapes\img\209.png
1964,train,synscapes,streetViewData\train\synscapes\mask\1753.png,streetViewData\train\synscapes\img\1753.png
1965,train,synscapes,streetViewData\train\synscapes\mask\1746.png,streetViewData\train\synscapes\img\1746.png
1966,train,synscapes,streetViewData\train\synscapes\mask\606.png,streetViewData\train\synscapes\img\606.png
1967,train,synscapes,streetViewData\train\synscapes\mask\469.png,streetViewData\train\synscapes\img\469.png
1968,train,synscapes,streetViewData\train\synscapes\mask\1910.png,streetViewData\train\synscapes\img\1910.png
1969,train,synscapes,streetViewData\train\synscapes\mask\88.png,streetViewData\train\synscapes\img\88.png
1970,train,synscapes,streetViewData\train\synscapes\mask\1963.png,streetViewData\train\synscapes\img\1963.png
1971,train,synscapes,streetViewData\train\synscapes\mask\1086.png,streetViewData\train\synscapes\img\1086.png
1972,train,synscapes,streetViewData\train\synscapes\mask\1474.png,streetViewData\train\synscapes\img\1474.png
1973,train,synscapes,streetViewData\train\synscapes\mask\1036.png,streetViewData\train\synscapes\img\1036.png
1974,train,synscapes,streetViewData\train\synscapes\mask\712.png,streetViewData\train\synscapes\img\712.png
1975,train,synscapes,streetViewData\train\synscapes\mask\1238.png,streetViewData\train\synscapes\img\1238.png
1976,train,synscapes,streetViewData\train\synscapes\mask\1315.png,streetViewData\train\synscapes\img\1315.png
1977,train,synscapes,streetViewData\train\synscapes\mask\33.png,streetViewData\train\synscapes\img\33.png
1978,train,synscapes,streetViewData\train\synscapes\mask\1691.png,streetViewData\train\synscapes\img\1691.png
1979,train,synscapes,streetViewData\train\synscapes\mask\1711.png,streetViewData\train\synscapes\img\1711.png
1980,train,synscapes,streetViewData\train\synscapes\mask\1897.png,streetViewData\train\synscapes\img\1897.png
1981,train,synscapes,streetViewData\train\synscapes\mask\510.png,streetViewData\train\synscapes\img\510.png
1982,train,synscapes,streetViewData\train\synscapes\mask\1958.png,streetViewData\train\synscapes\img\1958.png
1983,train,synscapes,streetViewData\train\synscapes\mask\913.png,streetViewData\train\synscapes\img\913.png
1984,train,synscapes,streetViewData\train\synscapes\mask\85.png,streetViewData\train\synscapes\img\85.png
1985,train,synscapes,streetViewData\train\synscapes\mask\230.png,streetViewData\train\synscapes\img\230.png
1986,train,synscapes,streetViewData\train\synscapes\mask\1692.png,streetViewData\train\synscapes\img\1692.png
1987,train,synscapes,streetViewData\train\synscapes\mask\1805.png,streetViewData\train\synscapes\img\1805.png
1988,train,synscapes,streetViewData\train\synscapes\mask\192.png,streetViewData\train\synscapes\img\192.png
1989,train,synscapes,streetViewData\train\synscapes\mask\392.png,streetViewData\train\synscapes\img\392.png
1990,train,synscapes,streetViewData\train\synscapes\mask\621.png,streetViewData\train\synscapes\img\621.png
1991,train,synscapes,streetViewData\train\synscapes\mask\96.png,streetViewData\train\synscapes\img\96.png
1992,train,synscapes,streetViewData\train\synscapes\mask\1073.png,streetViewData\train\synscapes\img\1073.png
1993,train,synscapes,streetViewData\train\synscapes\mask\488.png,streetViewData\train\synscapes\img\488.png
1994,train,synscapes,streetViewData\train\synscapes\mask\227.png,streetViewData\train\synscapes\img\227.png
1995,train,synscapes,streetViewData\train\synscapes\mask\35.png,streetViewData\train\synscapes\img\35.png
1996,train,synscapes,streetViewData\train\synscapes\mask\553.png,streetViewData\train\synscapes\img\553.png
1997,train,synscapes,streetViewData\train\synscapes\mask\1725.png,streetViewData\train\synscapes\img\1725.png
1998,train,synscapes,streetViewData\train\synscapes\mask\1429.png,streetViewData\train\synscapes\img\1429.png
1999,train,synscapes,streetViewData\train\synscapes\mask\52.png,streetViewData\train\synscapes\img\52.png
2000,train,synscapes,streetViewData\train\synscapes\mask\1714.png,streetViewData\train\synscapes\img\1714.png
