sample_id,split,source_dataset,mask_path,img_path
2501,test,cityscapes,streetViewData\test\cityscapes\mask\aachen_000000_000019.png,streetViewData\test\cityscapes\img\aachen_000000_000019.png
2502,test,cityscapes,streetViewData\test\cityscapes\mask\aachen_000001_000019.png,streetViewData\test\cityscapes\img\aachen_000001_000019.png
2503,test,cityscapes,streetViewData\test\cityscapes\mask\aachen_000002_000019.png,streetViewData\test\cityscapes\img\aachen_000002_000019.png
2504,test,cityscapes,streetViewData\test\cityscapes\mask\aachen_000003_000019.png,streetViewData\test\cityscapes\img\aachen_000003_000019.png
2505,test,cityscapes,streetViewData\test\cityscapes\mask\aachen_000004_000019.png,streetViewData\test\cityscapes\img\aachen_000004_000019.png
2506,test,cityscapes,streetViewData\test\cityscapes\mask\aachen_000005_000019.png,streetViewData\test\cityscapes\img\aachen_000005_000019.png
2507,test,cityscapes,streetViewData\test\cityscapes\mask\aachen_000006_000019.png,streetViewData\test\cityscapes\img\aachen_000006_000019.png
2508,test,cityscapes,streetViewData\test\cityscapes\mask\aachen_000007_000019.png,streetViewData\test\cityscapes\img\aachen_000007_000019.png
2509,test,cityscapes,streetViewData\test\cityscapes\mask\aachen_000008_000019.png,streetViewData\test\cityscapes\img\aachen_000008_000019.png
2510,test,cityscapes,streetViewData\test\cityscapes\mask\aachen_000009_000019.png,streetViewData\test\cityscapes\img\aachen_000009_000019.png
2511,test,cityscapes,streetViewData\test\cityscapes\mask\aachen_000010_000019.png,streetViewData\test\cityscapes\img\aachen_000010_000019.png
2512,test,cityscapes,streetViewData\test\cityscapes\mask\aachen_000011_000019.png,streetViewData\test\cityscapes\img\aachen_000011_000019.png
2513,test,cityscapes,streetViewData\test\cityscapes\mask\aachen_000012_000019.png,streetViewData\test\cityscapes\img\aachen_000012_000019.png
2514,test,cityscapes,streetViewData\test\cityscapes\mask\aachen_000013_000019.png,streetViewData\test\cityscapes\img\aachen_000013_000019.png
2515,test,cityscapes,streetViewData\test\cityscapes\mask\aachen_000014_000019.png,streetViewData\test\cityscapes\img\aachen_000014_000019.png
2516,test,cityscapes,streetViewData\test\cityscapes\mask\aachen_000015_000019.png,streetViewData\test\cityscapes\img\aachen_000015_000019.png
2517,test,cityscapes,streetViewData\test\cityscapes\mask\aachen_000016_000019.png,streetViewData\test\cityscapes\img\aachen_000016_000019.png
2518,test,cityscapes,streetViewData\test\cityscapes\mask\aachen_000017_000019.png,streetViewData\test\cityscapes\img\aachen_000017_000019.png
2519,test,cityscapes,streetViewData\test\cityscapes\mask\aachen_000018_000019.png,streetViewData\test\cityscapes\img\aachen_000018_000019.png
2520,test,cityscapes,streetViewData\test\cityscapes\mask\aachen_000019_000019.png,streetViewData\test\cityscapes\img\aachen_000019_000019.png
2521,test,cityscapes,streetViewData\test\cityscapes\mask\aachen_000020_000019.png,streetViewData\test\cityscapes\img\aachen_000020_000019.png
2522,test,cityscapes,streetViewData\test\cityscapes\mask\aachen_000021_000019.png,streetViewData\test\cityscapes\img\aachen_000021_000019.png
2523,test,cityscapes,streetViewData\test\cityscapes\mask\aachen_000022_000019.png,streetViewData\test\cityscapes\img\aachen_000022_000019.png
2524,test,cityscapes,streetViewData\test\cityscapes\mask\aachen_000023_000019.png,streetViewData\test\cityscapes\img\aachen_000023_000019.png
2525,test,cityscapes,streetViewData\test\cityscapes\mask\aachen_000024_000019.png,streetViewData\test\cityscapes\img\aachen_000024_000019.png
2526,test,cityscapes,streetViewData\test\cityscapes\mask\aachen_000025_000019.png,streetViewData\test\cityscapes\img\aachen_000025_000019.png
2527,test,cityscapes,streetViewData\test\cityscapes\mask\aachen_000026_000019.png,streetViewData\test\cityscapes\img\aachen_000026_000019.png
2528,test,cityscapes,streetViewData\test\cityscapes\mask\aachen_000027_000019.png,streetViewData\test\cityscapes\img\aachen_000027_000019.png
2529,test,cityscapes,streetViewData\test\cityscapes\mask\aachen_000028_000019.png,streetViewData\test\cityscapes\img\aachen_000028_000019.png
2530,test,cityscapes,streetViewData\test\cityscapes\mask\aachen_000029_000019.png,streetViewData\test\cityscapes\img\aachen_000029_000019.png
2531,test,cityscapes,streetViewData\test\cityscapes\mask\aachen_000030_000019.png,streetViewData\test\cityscapes\img\aachen_000030_000019.png
2532,test,cityscapes,streetViewData\test\cityscapes\mask\aachen_000031_000019.png,streetViewData\test\cityscapes\img\aachen_000031_000019.png
2533,test,cityscapes,streetViewData\test\cityscapes\mask\aachen_000032_000019.png,streetViewData\test\cityscapes\img\aachen_000032_000019.png
2534,test,cityscapes,streetViewData\test\cityscapes\mask\aachen_000033_000019.png,streetViewData\test\cityscapes\img\aachen_000033_000019.png
2535,test,cityscapes,streetViewData\test\cityscapes\mask\aachen_000034_000019.png,streetViewData\test\cityscapes\img\aachen_000034_000019.png
2536,test,cityscapes,streetViewData\test\cityscapes\mask\aachen_000035_000019.png,streetViewData\test\cityscapes\img\aachen_000035_000019.png
2537,test,cityscapes,streetViewData\test\cityscapes\mask\aachen_000036_000019.png,streetViewData\test\cityscapes\img\aachen_000036_000019.png
2538,test,cityscapes,streetViewData\test\cityscapes\mask\aachen_000037_000019.png,streetViewData\test\cityscapes\img\aachen_000037_000019.png
2539,test,cityscapes,streetViewData\test\cityscapes\mask\aachen_000038_000019.png,streetViewData\test\cityscapes\img\aachen_000038_000019.png
2540,test,cityscapes,streetViewData\test\cityscapes\mask\aachen_000039_000019.png,streetViewData\test\cityscapes\img\aachen_000039_000019.png
2541,test,cityscapes,streetViewData\test\cityscapes\mask\aachen_000040_000019.png,streetViewData\test\cityscapes\img\aachen_000040_000019.png
2542,test,cityscapes,streetViewData\test\cityscapes\mask\aachen_000041_000019.png,streetViewData\test\cityscapes\img\aachen_000041_000019.png
2543,test,cityscapes,streetViewData\test\cityscapes\mask\aachen_000042_000019.png,streetViewData\test\cityscapes\img\aachen_000042_000019.png
2544,test,cityscapes,streetViewData\test\cityscapes\mask\aachen_000043_000019.png,streetViewData\test\cityscapes\img\aachen_000043_000019.png
2545,test,cityscapes,streetViewData\test\cityscapes\mask\aachen_000044_000019.png,streetViewData\test\cityscapes\img\aachen_000044_000019.png
2546,test,cityscapes,streetViewData\test\cityscapes\mask\aachen_000045_000019.png,streetViewData\test\cityscapes\img\aachen_000045_000019.png
2547,test,cityscapes,streetViewData\test\cityscapes\mask\aachen_000046_000019.png,streetViewData\test\cityscapes\img\aachen_000046_000019.png
2548,test,cityscapes,streetViewData\test\cityscapes\mask\aachen_000047_000019.png,streetViewData\test\cityscapes\img\aachen_000047_000019.png
2549,test,cityscapes,streetViewData\test\cityscapes\mask\aachen_000048_000019.png,streetViewData\test\cityscapes\img\aachen_000048_000019.png
2550,test,cityscapes,streetViewData\test\cityscapes\mask\aachen_000049_000019.png,streetViewData\test\cityscapes\img\aachen_000049_000019.png
2551,test,cityscapes,streetViewData\test\cityscapes\mask\aachen_000050_000019.png,streetViewData\test\cityscapes\img\aachen_000050_000019.png
2552,test,cityscapes,streetViewData\test\cityscapes\mask\aachen_000051_000019.png,streetViewData\test\cityscapes\img\aachen_000051_000019.png
2553,test,cityscapes,streetViewData\test\cityscapes\mask\aachen_000052_000019.png,streetViewData\test\cityscapes\img\aachen_000052_000019.png
2554,test,cityscapes,streetViewData\test\cityscapes\mask\aachen_000053_000019.png,streetViewData\test\cityscapes\img\aachen_000053_000019.png
2555,test,cityscapes,streetViewData\test\cityscapes\mask\aachen_000054_000019.png,streetViewData\test\cityscapes\img\aachen_000054_000019.png
2556,test,cityscapes,streetViewData\test\cityscapes\mask\aachen_000055_000019.png,streetViewData\test\cityscapes\img\aachen_000055_000019.png
2557,test,cityscapes,streetViewData\test\cityscapes\mask\aachen_000056_000019.png,streetViewData\test\cityscapes\img\aachen_000056_000019.png
2558,test,cityscapes,streetViewData\test\cityscapes\mask\aachen_000057_000019.png,streetViewData\test\cityscapes\img\aachen_000057_000019.png
2559,test,cityscapes,streetViewData\test\cityscapes\mask\aachen_000058_000019.png,streetViewData\test\cityscapes\img\aachen_000058_000019.png
2560,test,cityscapes,streetViewData\test\cityscapes\mask\aachen_000059_000019.png,streetViewData\test\cityscapes\img\aachen_000059_000019.png
2561,test,cityscapes,streetViewData\test\cityscapes\mask\aachen_000060_000019.png,streetViewData\test\cityscapes\img\aachen_000060_000019.png
2562,test,cityscapes,streetViewData\test\cityscapes\mask\aachen_000061_000019.png,streetViewData\test\cityscapes\img\aachen_000061_000019.png
2563,test,cityscapes,streetViewData\test\cityscapes\mask\aachen_000062_000019.png,streetViewData\test\cityscapes\img\aachen_000062_000019.png
2564,test,cityscapes,streetViewData\test\cityscapes\mask\aachen_000063_000019.png,streetViewData\test\cityscapes\img\aachen_000063_000019.png
2565,test,cityscapes,streetViewData\test\cityscapes\mask\aachen_000064_000019.png,streetViewData\test\cityscapes\img\aachen_000064_000019.png
2566,test,cityscapes,streetViewData\test\cityscapes\mask\aachen_000065_000019.png,streetViewData\test\cityscapes\img\aachen_000065_000019.png
2567,test,cityscapes,streetViewData\test\cityscapes\mask\aachen_000066_000019.png,streetViewData\test\cityscapes\img\aachen_000066_000019.png
2568,test,cityscapes,streetViewData\test\cityscapes\mask\aachen_000067_000019.png,streetViewData\test\cityscapes\img\aachen_000067_000019.png
2569,test,cityscapes,streetViewData\test\cityscapes\mask\aachen_000068_000019.png,streetViewData\test\cityscapes\img\aachen_000068_000019.png
2570,test,cityscapes,streetViewData\test\cityscapes\mask\aachen_000069_000019.png,streetViewData\test\cityscapes\img\aachen_000069_000019.png
2571,test,cityscapes,streetViewData\test\cityscapes\mask\aachen_000070_000019.png,streetViewData\test\cityscapes\img\aachen_000070_000019.png
2572,test,cityscapes,streetViewData\test\cityscapes\mask\aachen_000071_000019.png,streetViewData\test\cityscapes\img\aachen_000071_000019.png
2573,test,cityscapes,streetViewData\test\cityscapes\mask\aachen_000072_000019.png,streetViewData\test\cityscapes\img\aachen_000072_000019.png
2574,test,cityscapes,streetViewData\test\cityscapes\mask\aachen_000073_000019.png,streetViewData\test\cityscapes\img\aachen_000073_000019.png
2575,test,cityscapes,streetViewData\test\cityscapes\mask\aachen_000074_000019.png,streetViewData\test\cityscapes\img\aachen_000074_000019.png
2576,test,cityscapes,streetViewData\test\cityscapes\mask\aachen_000075_000019.png,streetViewData\test\cityscapes\img\aachen_000075_000019.png
2577,test,cityscapes,streetViewData\test\cityscapes\mask\aachen_000076_000019.png,streetViewData\test\cityscapes\img\aachen_000076_000019.png
2578,test,cityscapes,streetViewData\test\cityscapes\mask\aachen_000077_000019.png,streetViewData\test\cityscapes\img\aachen_000077_000019.png
2579,test,cityscapes,streetViewData\test\cityscapes\mask\aachen_000078_000019.png,streetViewData\test\cityscapes\img\aachen_000078_000019.png
2580,test,cityscapes,streetViewData\test\cityscapes\mask\aachen_000079_000019.png,streetViewData\test\cityscapes\img\aachen_000079_000019.png
2581,test,cityscapes,streetViewData\test\cityscapes\mask\aachen_000080_000019.png,streetViewData\test\cityscapes\img\aachen_000080_000019.png
2582,test,cityscapes,streetViewData\test\cityscapes\mask\aachen_000081_000019.png,streetViewData\test\cityscapes\img\aachen_000081_000019.png
2583,test,cityscapes,streetViewData\test\cityscapes\mask\aachen_000082_000019.png,streetViewData\test\cityscapes\img\aachen_000082_000019.png
2584,test,cityscapes,streetViewData\test\cityscapes\mask\aachen_000083_000019.png,streetViewData\test\cityscapes\img\aachen_000083_000019.png
2585,test,cityscapes,streetViewData\test\cityscapes\mask\aachen_000084_000019.png,streetViewData\test\cityscapes\img\aachen_000084_000019.png
2586,test,cityscapes,streetViewData\test\cityscapes\mask\aachen_000085_000019.png,streetViewData\test\cityscapes\img\aachen_000085_000019.png
2587,test,cityscapes,streetViewData\test\cityscapes\mask\aachen_000086_000019.png,streetViewData\test\cityscapes\img\aachen_000086_000019.png
2588,test,cityscapes,streetViewData\test\cityscapes\mask\aachen_000087_000019.png,streetViewData\test\cityscapes\img\aachen_000087_000019.png
2589,test,cityscapes,streetViewData\test\cityscapes\mask\aachen_000088_000019.png,streetViewData\test\cityscapes\img\aachen_000088_000019.png
2590,test,cityscapes,streetViewData\test\cityscapes\mask\aachen_000089_000019.png,streetViewData\test\cityscapes\img\aachen_000089_000019.png
2591,test,cityscapes,streetViewData\test\cityscapes\mask\aachen_000090_000019.png,streetViewData\test\cityscapes\img\aachen_000090_000019.png
2592,test,cityscapes,streetViewData\test\cityscapes\mask\aachen_000091_000019.png,streetViewData\test\cityscapes\img\aachen_000091_000019.png
2593,test,cityscapes,streetViewData\test\cityscapes\mask\aachen_000092_000019.png,streetViewData\test\cityscapes\img\aachen_000092_000019.png
2594,test,cityscapes,streetViewData\test\cityscapes\mask\aachen_000093_000019.png,streetViewData\test\cityscapes\img\aachen_000093_000019.png
2595,test,cityscapes,streetViewData\test\cityscapes\mask\aachen_000094_000019.png,streetViewData\test\cityscapes\img\aachen_000094_000019.png
2596,test,cityscapes,streetViewData\test\cityscapes\mask\aachen_000095_000019.png,streetViewData\test\cityscapes\img\aachen_000095_000019.png
2597,test,cityscapes,streetViewData\test\cityscapes\mask\aachen_000096_000019.png,streetViewData\test\cityscapes\img\aachen_000096_000019.png
2598,test,cityscapes,streetViewData\test\cityscapes\mask\aachen_000097_000019.png,streetViewData\test\cityscapes\img\aachen_000097_000019.png
2599,test,cityscapes,streetViewData\test\cityscapes\mask\aachen_000098_000019.png,streetViewData\test\cityscapes\img\aachen_000098_000019.png
2600,test,cityscapes,streetViewData\test\cityscapes\mask\aachen_000099_000019.png,streetViewData\test\cityscapes\img\aachen_000099_000019.png
2601,test,cityscapes,streetViewData\test\cityscapes\mask\aachen_000100_000019.png,streetViewData\test\cityscapes\img\aachen_000100_000019.png
2602,test,cityscapes,streetViewData\test\cityscapes\mask\aachen_000101_000019.png,streetViewData\test\cityscapes\img\aachen_000101_000019.png
2603,test,cityscapes,streetViewData\test\cityscapes\mask\aachen_000102_000019.png,streetViewData\test\cityscapes\img\aachen_000102_000019.png
2604,test,cityscapes,streetViewData\test\cityscapes\mask\aachen_000103_000019.png,streetViewData\test\cityscapes\img\aachen_000103_000019.png
2605,test,cityscapes,streetViewData\test\cityscapes\mask\aachen_000104_000019.png,streetViewData\test\cityscapes\img\aachen_000104_000019.png
2606,test,cityscapes,streetViewData\test\cityscapes\mask\aachen_000105_000019.png,streetViewData\test\cityscapes\img\aachen_000105_000019.png
2607,test,cityscapes,streetViewData\test\cityscapes\mask\aachen_000106_000019.png,streetViewData\test\cityscapes\img\aachen_000106_000019.png
2608,test,cityscapes,streetViewData\test\cityscapes\mask\aachen_000107_000019.png,streetViewData\test\cityscapes\img\aachen_000107_000019.png
2609,test,cityscapes,streetViewData\test\cityscapes\mask\aachen_000108_000019.png,streetViewData\test\cityscapes\img\aachen_000108_000019.png
2610,test,cityscapes,streetViewData\test\cityscapes\mask\aachen_000109_000019.png,streetViewData\test\cityscapes\img\aachen_000109_000019.png
2611,test,cityscapes,streetViewData\test\cityscapes\mask\aachen_000110_000019.png,streetViewData\test\cityscapes\img\aachen_000110_000019.png
2612,test,cityscapes,streetViewData\test\cityscapes\mask\aachen_000111_000019.png,streetViewData\test\cityscapes\img\aachen_000111_000019.png
2613,test,cityscapes,streetViewData\test\cityscapes\mask\aachen_000112_000019.png,streetViewData\test\cityscapes\img\aachen_000112_000019.png
2614,test,cityscapes,streetViewData\test\cityscapes\mask\aachen_000113_000019.png,streetViewData\test\cityscapes\img\aachen_000113_000019.png
2615,test,cityscapes,streetViewData\test\cityscapes\mask\aachen_000114_000019.png,streetViewData\test\cityscapes\img\aachen_000114_000019.png
2616,test,cityscapes,streetViewData\test\cityscapes\mask\aachen_000115_000019.png,streetViewData\test\cityscapes\img\aachen_000115_000019.png
2617,test,cityscapes,streetViewData\test\cityscapes\mask\aachen_000116_000019.png,streetViewData\test\cityscapes\img\aachen_000116_000019.png
2618,test,cityscapes,streetViewData\test\cityscapes\mask\aachen_000117_000019.png,streetViewData\test\cityscapes\img\aachen_000117_000019.png
2619,test,cityscapes,streetViewData\test\cityscapes\mask\aachen_000118_000019.png,streetViewData\test\cityscapes\img\aachen_000118_000019.png
2620,test,cityscapes,streetViewData\test\cityscapes\mask\aachen_000119_000019.png,streetViewData\test\cityscapes\img\aachen_000119_000019.png
2621,test,cityscapes,streetViewData\test\cityscapes\mask\aachen_000120_000019.png,streetViewData\test\cityscapes\img\aachen_000120_000019.png
2622,test,cityscapes,streetViewData\test\cityscapes\mask\aachen_000121_000019.png,streetViewData\test\cityscapes\img\aachen_000121_000019.png
2623,test,cityscapes,streetViewData\test\cityscapes\mask\aachen_000122_000019.png,streetViewData\test\cityscapes\img\aachen_000122_000019.png
2624,test,cityscapes,streetViewData\test\cityscapes\mask\aachen_000123_000019.png,streetViewData\test\cityscapes\img\aachen_000123_000019.png
2625,test,cityscapes,streetViewData\test\cityscapes\mask\aachen_000124_000019.png,streetViewData\test\cityscapes\img\aachen_000124_000019.png
2626,test,cityscapes,streetViewData\test\cityscapes\mask\aachen_000125_000019.png,streetViewData\test\cityscapes\img\aachen_000125_000019.png
2627,test,cityscapes,streetViewData\test\cityscapes\mask\aachen_000126_000019.png,streetViewData\test\cityscapes\img\aachen_000126_000019.png
2628,test,cityscapes,streetViewData\test\cityscapes\mask\aachen_000127_000019.png,streetViewData\test\cityscapes\img\aachen_000127_000019.png
2629,test,cityscapes,streetViewData\test\cityscapes\mask\aachen_000128_000019.png,streetViewData\test\cityscapes\img\aachen_000128_000019.png
2630,test,cityscapes,streetViewData\test\cityscapes\mask\aachen_000129_000019.png,streetViewData\test\cityscapes\img\aachen_000129_000019.png
2631,test,cityscapes,streetViewData\test\cityscapes\mask\aachen_000130_000019.png,streetViewData\test\cityscapes\img\aachen_000130_000019.png
2632,test,cityscapes,streetViewData\test\cityscapes\mask\aachen_000131_000019.png,streetViewData\test\cityscapes\img\aachen_000131_000019.png
2633,test,cityscapes,streetViewData\test\cityscapes\mask\aachen_000132_000019.png,streetViewData\test\cityscapes\img\aachen_000132_000019.png
2634,test,cityscapes,streetViewData\test\cityscapes\mask\aachen_000133_000019.png,streetViewData\test\cityscapes\img\aachen_000133_000019.png
2635,test,cityscapes,streetViewData\test\cityscapes\mask\aachen_000134_000019.png,streetViewData\test\cityscapes\img\aachen_000134_000019.png
2636,test,cityscapes,streetViewData\test\cityscapes\mask\aachen_000135_000019.png,streetViewData\test\cityscapes\img\aachen_000135_000019.png
2637,test,cityscapes,streetViewData\test\cityscapes\mask\aachen_000136_000019.png,streetViewData\test\cityscapes\img\aachen_000136_000019.png
2638,test,cityscapes,streetViewData\test\cityscapes\mask\aachen_000137_000019.png,streetViewData\test\cityscapes\img\aachen_000137_000019.png
2639,test,cityscapes,streetViewData\test\cityscapes\mask\aachen_000138_000019.png,streetViewData\test\cityscapes\img\aachen_000138_000019.png
2640,test,cityscapes,streetViewData\test\cityscapes\mask\aachen_000139_000019.png,streetViewData\test\cityscapes\img\aachen_000139_000019.png
2641,test,cityscapes,streetViewData\test\cityscapes\mask\aachen_000140_000019.png,streetViewData\test\cityscapes\img\aachen_000140_000019.png
2642,test,cityscapes,streetViewData\test\cityscapes\mask\aachen_000141_000019.png,streetViewData\test\cityscapes\img\aachen_000141_000019.png
2643,test,cityscapes,streetViewData\test\cityscapes\mask\aachen_000142_000019.png,streetViewData\test\cityscapes\img\aachen_000142_000019.png
2644,test,cityscapes,streetViewData\test\cityscapes\mask\aachen_000143_000019.png,streetViewData\test\cityscapes\img\aachen_000143_000019.png
2645,test,cityscapes,streetViewData\test\cityscapes\mask\aachen_000144_000019.png,streetViewData\test\cityscapes\img\aachen_000144_000019.png
2646,test,cityscapes,streetViewData\test\cityscapes\mask\aachen_000145_000019.png,streetViewData\test\cityscapes\img\aachen_000145_000019.png
2647,test,cityscapes,streetViewData\test\cityscapes\mask\aachen_000146_000019.png,streetViewData\test\cityscapes\img\aachen_000146_000019.png
2648,test,cityscapes,streetViewData\test\cityscapes\mask\aachen_000147_000019.png,streetViewData\test\cityscapes\img\aachen_000147_000019.png
2649,test,cityscapes,streetViewData\test\cityscapes\mask\aachen_000148_000019.png,streetViewData\test\cityscapes\img\aachen_000148_000019.png
2650,test,cityscapes,streetViewData\test\cityscapes\mask\aachen_000149_000019.png,streetViewData\test\cityscapes\img\aachen_000149_000019.png
2651,test,cityscapes,streetViewData\test\cityscapes\mask\aachen_000150_000019.png,streetViewData\test\cityscapes\img\aachen_000150_000019.png
2652,test,cityscapes,streetViewData\test\cityscapes\mask\aachen_000151_000019.png,streetViewData\test\cityscapes\img\aachen_000151_000019.png
2653,test,cityscapes,streetViewData\test\cityscapes\mask\aachen_000152_000019.png,streetViewData\test\cityscapes\img\aachen_000152_000019.png
2654,test,cityscapes,streetViewData\test\cityscapes\mask\aachen_000153_000019.png,streetViewData\test\cityscapes\img\aachen_000153_000019.png
2655,test,cityscapes,streetViewData\test\cityscapes\mask\aachen_000154_000019.png,streetViewData\test\cityscapes\img\aachen_000154_000019.png
2656,test,cityscapes,streetViewData\test\cityscapes\mask\aachen_000155_000019.png,streetViewData\test\cityscapes\img\aachen_000155_000019.png
2657,test,cityscapes,streetViewData\test\cityscapes\mask\aachen_000156_000019.png,streetViewData\test\cityscapes\img\aachen_000156_000019.png
2658,test,cityscapes,streetViewData\test\cityscapes\mask\aachen_000157_000019.png,streetViewData\test\cityscapes\img\aachen_000157_000019.png
2659,test,cityscapes,streetViewData\test\cityscapes\mask\aachen_000158_000019.png,streetViewData\test\cityscapes\img\aachen_000158_000019.png
2660,test,cityscapes,streetViewData\test\cityscapes\mask\aachen_000159_000019.png,streetViewData\test\cityscapes\img\aachen_000159_000019.png
2661,test,cityscapes,streetViewData\test\cityscapes\mask\aachen_000160_000019.png,streetViewData\test\cityscapes\img\aachen_000160_000019.png
2662,test,cityscapes,streetViewData\test\cityscapes\mask\aachen_000161_000019.png,streetViewData\test\cityscapes\img\aachen_000161_000019.png
2663,test,cityscapes,streetViewData\test\cityscapes\mask\aachen_000162_000019.png,streetViewData\test\cityscapes\img\aachen_000162_000019.png
2664,test,cityscapes,streetViewData\test\cityscapes\mask\aachen_000163_000019.png,streetViewData\test\cityscapes\img\aachen_000163_000019.png
2665,test,cityscapes,streetViewData\test\cityscapes\mask\aachen_000164_000019.png,streetViewData\test\cityscapes\img\aachen_000164_000019.png
2666,test,cityscapes,streetViewData\test\cityscapes\mask\aachen_000165_000019.png,streetViewData\test\cityscapes\img\aachen_000165_000019.png
2667,test,cityscapes,streetViewData\test\cityscapes\mask\aachen_000166_000019.png,streetViewData\test\cityscapes\img\aachen_000166_000019.png
2668,test,cityscapes,streetViewData\test\cityscapes\mask\aachen_000167_000019.png,streetViewData\test\cityscapes\img\aachen_000167_000019.png
2669,test,cityscapes,streetViewData\test\cityscapes\mask\aachen_000168_000019.png,streetViewData\test\cityscapes\img\aachen_000168_000019.png
2670,test,cityscapes,streetViewData\test\cityscapes\mask\aachen_000169_000019.png,streetViewData\test\cityscapes\img\aachen_000169_000019.png
2671,test,cityscapes,streetViewData\test\cityscapes\mask\aachen_000170_000019.png,streetViewData\test\cityscapes\img\aachen_000170_000019.png
2672,test,cityscapes,streetViewData\test\cityscapes\mask\aachen_000171_000019.png,streetViewData\test\cityscapes\img\aachen_000171_000019.png
2673,test,cityscapes,streetViewData\test\cityscapes\mask\aachen_000172_000019.png,streetViewData\test\cityscapes\img\aachen_000172_000019.png
2674,test,cityscapes,streetViewData\test\cityscapes\mask\aachen_000173_000019.png,streetViewData\test\cityscapes\img\aachen_000173_000019.png
2675,test,cityscapes,streetViewData\test\cityscapes\mask\bremen_000000_000019.png,streetViewData\test\cityscapes\img\bremen_000000_000019.png
2676,test,cityscapes,streetViewData\test\cityscapes\mask\bremen_000001_000019.png,streetViewData\test\cityscapes\img\bremen_000001_000019.png
2677,test,cityscapes,streetViewData\test\cityscapes\mask\bremen_000002_000019.png,streetViewData\test\cityscapes\img\bremen_000002_000019.png
2678,test,cityscapes,streetViewData\test\cityscapes\mask\bremen_000003_000019.png,streetViewData\test\cityscapes\img\bremen_000003_000019.png
2679,test,cityscapes,streetViewData\test\cityscapes\mask\bremen_000004_000019.png,streetViewData\test\cityscapes\img\bremen_000004_000019.png
2680,test,cityscapes,streetViewData\test\cityscapes\mask\bremen_000005_000019.png,streetViewData\test\cityscapes\img\bremen_000005_000019.png
2681,test,cityscapes,streetViewData\test\cityscapes\mask\bremen_000006_000019.png,streetViewData\test\cityscapes\img\bremen_000006_000019.png
2682,test,cityscapes,streetViewData\test\cityscapes\mask\bremen_000007_000019.png,streetViewData\test\cityscapes\img\bremen_000007_000019.png
2683,test,cityscapes,streetViewData\test\cityscapes\mask\bremen_000008_000019.png,streetViewData\test\cityscapes\img\bremen_000008_000019.png
2684,test,cityscapes,streetViewData\test\cityscapes\mask\bremen_000009_000019.png,streetViewData\test\cityscapes\img\bremen_000009_000019.png
2685,test,cityscapes,streetViewData\test\cityscapes\mask\bremen_000010_000019.png,streetViewData\test\cityscapes\img\bremen_000010_000019.png
2686,test,cityscapes,streetViewData\test\cityscapes\mask\bremen_000011_000019.png,streetViewData\test\cityscapes\img\bremen_000011_000019.png
2687,test,cityscapes,streetViewData\test\cityscapes\mask\bremen_000012_000019.png,streetViewData\test\cityscapes\img\bremen_000012_000019.png
2688,test,cityscapes,streetViewData\test\cityscapes\mask\bremen_000013_000019.png,streetViewData\test\cityscapes\img\bremen_000013_000019.png
2689,test,cityscapes,streetViewData\test\cityscapes\mask\bremen_000014_000019.png,streetViewData\test\cityscapes\img\bremen_000014_000019.png
2690,test,cityscapes,streetViewData\test\cityscapes\mask\bremen_000015_000019.png,streetViewData\test\cityscapes\img\bremen_000015_000019.png
2691,test,cityscapes,streetViewData\test\cityscapes\mask\bremen_000016_000019.png,streetViewData\test\cityscapes\img\bremen_000016_000019.png
2692,test,cityscapes,streetViewData\test\cityscapes\mask\bremen_000017_000019.png,streetViewData\test\cityscapes\img\bremen_000017_000019.png
2693,test,cityscapes,streetViewData\test\cityscapes\mask\bremen_000018_000019.png,streetViewData\test\cityscapes\img\bremen_000018_000019.png
2694,test,cityscapes,streetViewData\test\cityscapes\mask\bremen_000019_000019.png,streetViewData\test\cityscapes\img\bremen_000019_000019.png
2695,test,cityscapes,streetViewData\test\cityscapes\mask\bremen_000020_000019.png,streetViewData\test\cityscapes\img\bremen_000020_000019.png
2696,test,cityscapes,streetViewData\test\cityscapes\mask\bremen_000021_000019.png,streetViewData\test\cityscapes\img\bremen_000021_000019.png
2697,test,cityscapes,streetViewData\test\cityscapes\mask\bremen_000022_000019.png,streetViewData\test\cityscapes\img\bremen_000022_000019.png
2698,test,cityscapes,streetViewData\test\cityscapes\mask\bremen_000023_000019.png,streetViewData\test\cityscapes\img\bremen_000023_000019.png
2699,test,cityscapes,streetViewData\test\cityscapes\mask\bremen_000024_000019.png,streetViewData\test\cityscapes\img\bremen_000024_000019.png
2700,test,cityscapes,streetViewData\test\cityscapes\mask\bremen_000025_000019.png,streetViewData\test\cityscapes\img\bremen_000025_000019.png
2701,test,cityscapes,streetViewData\test\cityscapes\mask\bremen_000026_000019.png,streetViewData\test\cityscapes\img\bremen_000026_000019.png
2702,test,cityscapes,streetViewData\test\cityscapes\mask\bremen_000027_000019.png,streetViewData\test\cityscapes\img\bremen_000027_000019.png
2703,test,cityscapes,streetViewData\test\cityscapes\mask\bremen_000028_000019.png,streetViewData\test\cityscapes\img\bremen_000028_000019.png
2704,test,cityscapes,streetViewData\test\cityscapes\mask\bremen_000029_000019.png,streetViewData\test\cityscapes\img\bremen_000029_000019.png
2705,test,cityscapes,streetViewData\test\cityscapes\mask\bremen_000030_000019.png,streetViewData\test\cityscapes\img\bremen_000030_000019.png
2706,test,cityscapes,streetViewData\test\cityscapes\mask\bremen_000031_000019.png,streetViewData\test\cityscapes\img\bremen_000031_000019.png
2707,test,cityscapes,streetViewData\test\cityscapes\mask\bremen_000032_000019.png,streetViewData\test\cityscapes\img\bremen_000032_000019.png
2708,test,cityscapes,streetViewData\test\cityscapes\mask\bremen_000033_000019.png,streetViewData\test\cityscapes\img\bremen_000033_000019.png
2709,test,cityscapes,streetViewData\test\cityscapes\mask\bremen_000034_000019.png,streetViewData\test\cityscapes\img\bremen_000034_000019.png
2710,test,cityscapes,streetViewData\test\cityscapes\mask\bremen_000035_000019.png,streetViewData\test\cityscapes\img\bremen_000035_000019.png
2711,test,cityscapes,streetViewData\test\cityscapes\mask\bremen_000036_000019.png,streetViewData\test\cityscapes\img\bremen_000036_000019.png
2712,test,cityscapes,streetViewData\test\cityscapes\mask\bremen_000037_000019.png,streetViewData\test\cityscapes\img\bremen_000037_000019.png
2713,test,cityscapes,streetViewData\test\cityscapes\mask\bremen_000038_000019.png,streetViewData\test\cityscapes\img\bremen_000038_000019.png
2714,test,cityscapes,streetViewData\test\cityscapes\mask\bremen_000039_000019.png,streetViewData\test\cityscapes\img\bremen_000039_000019.png
2715,test,cityscapes,streetViewData\test\cityscapes\mask\bremen_000040_000019.png,streetViewData\test\cityscapes\img\bremen_000040_000019.png
2716,test,cityscapes,streetViewData\test\cityscapes\mask\bremen_000041_000019.png,streetViewData\test\cityscapes\img\bremen_000041_000019.png
2717,test,cityscapes,streetViewData\test\cityscapes\mask\bremen_000042_000019.png,streetViewData\test\cityscapes\img\bremen_000042_000019.png
2718,test,cityscapes,streetViewData\test\cityscapes\mask\bremen_000043_000019.png,streetViewData\test\cityscapes\img\bremen_000043_000019.png
2719,test,cityscapes,streetViewData\test\cityscapes\mask\bremen_000044_000019.png,streetViewData\test\cityscapes\img\bremen_000044_000019.png
2720,test,cityscapes,streetViewData\test\cityscapes\mask\bremen_000045_000019.png,streetViewData\test\cityscapes\img\bremen_000045_000019.png
2721,test,cityscapes,streetViewData\test\cityscapes\mask\bremen_000046_000019.png,streetViewData\test\cityscapes\img\bremen_000046_000019.png
2722,test,cityscapes,streetViewData\test\cityscapes\mask\bremen_000047_000019.png,streetViewData\test\cityscapes\img\bremen_000047_000019.png
2723,test,cityscapes,streetViewData\test\cityscapes\mask\bremen_000048_000019.png,streetViewData\test\cityscapes\img\bremen_000048_000019.png
2724,test,cityscapes,streetViewData\test\cityscapes\mask\bremen_000049_000019.png,streetViewData\test\cityscapes\img\bremen_000049_000019.png
2725,test,cityscapes,streetViewData\test\cityscapes\mask\bremen_000050_000019.png,streetViewData\test\cityscapes\img\bremen_000050_000019.png
2726,test,cityscapes,streetViewData\test\cityscapes\mask\bremen_000051_000019.png,streetViewData\test\cityscapes\img\bremen_000051_000019.png
2727,test,cityscapes,streetViewData\test\cityscapes\mask\bremen_000052_000019.png,streetViewData\test\cityscapes\img\bremen_000052_000019.png
2728,test,cityscapes,streetViewData\test\cityscapes\mask\bremen_000053_000019.png,streetViewData\test\cityscapes\img\bremen_000053_000019.png
2729,test,cityscapes,streetViewData\test\cityscapes\mask\bremen_000054_000019.png,streetViewData\test\cityscapes\img\bremen_000054_000019.png
2730,test,cityscapes,streetViewData\test\cityscapes\mask\bremen_000055_000019.png,streetViewData\test\cityscapes\img\bremen_000055_000019.png
2731,test,cityscapes,streetViewData\test\cityscapes\mask\bremen_000056_000019.png,streetViewData\test\cityscapes\img\bremen_000056_000019.png
2732,test,cityscapes,streetViewData\test\cityscapes\mask\bremen_000057_000019.png,streetViewData\test\cityscapes\img\bremen_000057_000019.png
2733,test,cityscapes,streetViewData\test\cityscapes\mask\bremen_000058_000019.png,streetViewData\test\cityscapes\img\bremen_000058_000019.png
2734,test,cityscapes,streetViewData\test\cityscapes\mask\bremen_000059_000019.png,streetViewData\test\cityscapes\img\bremen_000059_000019.png
2735,test,cityscapes,streetViewData\test\cityscapes\mask\bremen_000060_000019.png,streetViewData\test\cityscapes\img\bremen_000060_000019.png
2736,test,cityscapes,streetViewData\test\cityscapes\mask\bremen_000061_000019.png,streetViewData\test\cityscapes\img\bremen_000061_000019.png
2737,test,cityscapes,streetViewData\test\cityscapes\mask\bremen_000062_000019.png,streetViewData\test\cityscapes\img\bremen_000062_000019.png
2738,test,cityscapes,streetViewData\test\cityscapes\mask\bremen_000063_000019.png,streetViewData\test\cityscapes\img\bremen_000063_000019.png
2739,test,cityscapes,streetViewData\test\cityscapes\mask\bremen_000064_000019.png,streetViewData\test\cityscapes\img\bremen_000064_000019.png
2740,test,cityscapes,streetViewData\test\cityscapes\mask\bremen_000065_000019.png,streetViewData\test\cityscapes\img\bremen_000065_000019.png
2741,test,cityscapes,streetViewData\test\cityscapes\mask\bremen_000066_000019.png,streetViewData\test\cityscapes\img\bremen_000066_000019.png
2742,test,cityscapes,streetViewData\test\cityscapes\mask\bremen_000067_000019.png,streetViewData\test\cityscapes\img\bremen_000067_000019.png
2743,test,cityscapes,streetViewData\test\cityscapes\mask\bremen_000068_000019.png,streetViewData\test\cityscapes\img\bremen_000068_000019.png
2744,test,cityscapes,streetViewData\test\cityscapes\mask\bremen_000069_000019.png,streetViewData\test\cityscapes\img\bremen_000069_000019.png
2745,test,cityscapes,streetViewData\test\cityscapes\mask\bremen_000070_000019.png,streetViewData\test\cityscapes\img\bremen_000070_000019.png
2746,test,cityscapes,streetViewData\test\cityscapes\mask\bremen_000071_000019.png,streetViewData\test\cityscapes\img\bremen_000071_000019.png
2747,test,cityscapes,streetViewData\test\cityscapes\mask\bremen_000072_000019.png,streetViewData\test\cityscapes\img\bremen_000072_000019.png
2748,test,cityscapes,streetViewData\test\cityscapes\mask\bremen_000073_000019.png,streetViewData\test\cityscapes\img\bremen_000073_000019.png
2749,test,cityscapes,streetViewData\test\cityscapes\mask\bremen_000074_000019.png,streetViewData\test\cityscapes\img\bremen_000074_000019.png
2750,test,cityscapes,streetViewData\test\cityscapes\mask\bremen_000075_000019.png,streetViewData\test\cityscapes\img\bremen_000075_000019.png
2751,test,cityscapes,streetViewData\test\cityscapes\mask\bremen_000076_000019.png,streetViewData\test\cityscapes\img\bremen_000076_000019.png
2752,test,cityscapes,streetViewData\test\cityscapes\mask\bremen_000077_000019.png,streetViewData\test\cityscapes\img\bremen_000077_000019.png
2753,test,cityscapes,streetViewData\test\cityscapes\mask\bremen_000078_000019.png,streetViewData\test\cityscapes\img\bremen_000078_000019.png
2754,test,cityscapes,streetViewData\test\cityscapes\mask\bremen_000079_000019.png,streetViewData\test\cityscapes\img\bremen_000079_000019.png
2755,test,cityscapes,streetViewData\test\cityscapes\mask\bremen_000080_000019.png,streetViewData\test\cityscapes\img\bremen_000080_000019.png
2756,test,cityscapes,streetViewData\test\cityscapes\mask\bremen_000081_000019.png,streetViewData\test\cityscapes\img\bremen_000081_000019.png
2757,test,cityscapes,streetViewData\test\cityscapes\mask\bremen_000082_000019.png,streetViewData\test\cityscapes\img\bremen_000082_000019.png
2758,test,cityscapes,streetViewData\test\cityscapes\mask\bremen_000083_000019.png,streetViewData\test\cityscapes\img\bremen_000083_000019.png
2759,test,cityscapes,streetViewData\test\cityscapes\mask\bremen_000084_000019.png,streetViewData\test\cityscapes\img\bremen_000084_000019.png
2760,test,cityscapes,streetViewData\test\cityscapes\mask\bremen_000085_000019.png,streetViewData\test\cityscapes\img\bremen_000085_000019.png
2761,test,cityscapes,streetViewData\test\cityscapes\mask\bremen_000086_000019.png,streetViewData\test\cityscapes\img\bremen_000086_000019.png
2762,test,cityscapes,streetViewData\test\cityscapes\mask\bremen_000087_000019.png,streetViewData\test\cityscapes\img\bremen_000087_000019.png
2763,test,cityscapes,streetViewData\test\cityscapes\mask\bremen_000088_000019.png,streetViewData\test\cityscapes\img\bremen_000088_000019.png
2764,test,cityscapes,streetViewData\test\cityscapes\mask\bremen_000089_000019.png,streetViewData\test\cityscapes\img\bremen_000089_000019.png
2765,test,cityscapes,streetViewData\test\cityscapes\mask\bremen_000090_000019.png,streetViewData\test\cityscapes\img\bremen_000090_000019.png
2766,test,cityscapes,streetViewData\test\cityscapes\mask\bremen_000091_000019.png,streetViewData\test\cityscapes\img\bremen_000091_000019.png
2767,test,cityscapes,streetViewData\test\cityscapes\mask\bremen_000092_000019.png,streetViewData\test\cityscapes\img\bremen_000092_000019.png
2768,test,cityscapes,streetViewData\test\cityscapes\mask\bremen_000093_000019.png,streetViewData\test\cityscapes\img\bremen_000093_000019.png
2769,test,cityscapes,streetViewData\test\cityscapes\mask\bremen_000094_000019.png,streetViewData\test\cityscapes\img\bremen_000094_000019.png
2770,test,cityscapes,streetViewData\test\cityscapes\mask\bremen_000095_000019.png,streetViewData\test\cityscapes\img\bremen_000095_000019.png
2771,test,cityscapes,streetViewData\test\cityscapes\mask\bremen_000096_000019.png,streetViewData\test\cityscapes\img\bremen_000096_000019.png
2772,test,cityscapes,streetViewData\test\cityscapes\mask\bremen_000097_000019.png,streetViewData\test\cityscapes\img\bremen_000097_000019.png
2773,test,cityscapes,streetViewData\test\cityscapes\mask\bremen_000098_000019.png,streetViewData\test\cityscapes\img\bremen_000098_000019.png
2774,test,cityscapes,streetViewData\test\cityscapes\mask\bremen_000099_000019.png,streetViewData\test\cityscapes\img\bremen_000099_000019.png
2775,test,cityscapes,streetViewData\test\cityscapes\mask\bremen_000100_000019.png,streetViewData\test\cityscapes\img\bremen_000100_000019.png
2776,test,cityscapes,streetViewData\test\cityscapes\mask\bremen_000101_000019.png,streetViewData\test\cityscapes\img\bremen_000101_000019.png
2777,test,cityscapes,streetViewData\test\cityscapes\mask\bremen_000102_000019.png,streetViewData\test\cityscapes\img\bremen_000102_000019.png
2778,test,cityscapes,streetViewData\test\cityscapes\mask\bremen_000103_000019.png,streetViewData\test\cityscapes\img\bremen_000103_000019.png
2779,test,cityscapes,streetViewData\test\cityscapes\mask\bremen_000104_000019.png,streetViewData\test\cityscapes\img\bremen_000104_000019.png
2780,test,cityscapes,streetViewData\test\cityscapes\mask\bremen_000105_000019.png,streetViewData\test\cityscapes\img\bremen_000105_000019.png
2781,test,cityscapes,streetViewData\test\cityscapes\mask\bremen_000106_000019.png,streetViewData\test\cityscapes\img\bremen_000106_000019.png
2782,test,cityscapes,streetViewData\test\cityscapes\mask\bremen_000107_000019.png,streetViewData\test\cityscapes\img\bremen_000107_000019.png
2783,test,cityscapes,streetViewData\test\cityscapes\mask\bremen_000108_000019.png,streetViewData\test\cityscapes\img\bremen_000108_000019.png
2784,test,cityscapes,streetViewData\test\cityscapes\mask\bremen_000109_000019.png,streetViewData\test\cityscapes\img\bremen_000109_000019.png
2785,test,cityscapes,streetViewData\test\cityscapes\mask\bremen_000110_000019.png,streetViewData\test\cityscapes\img\bremen_000110_000019.png
2786,test,cityscapes,streetViewData\test\cityscapes\mask\bremen_000111_000019.png,streetViewData\test\cityscapes\img\bremen_000111_000019.png
2787,test,cityscapes,streetViewData\test\cityscapes\mask\bremen_000112_000019.png,streetViewData\test\cityscapes\img\bremen_000112_000019.png
2788,test,cityscapes,streetViewData\test\cityscapes\mask\bremen_000113_000019.png,streetViewData\test\cityscapes\img\bremen_000113_000019.png
2789,test,cityscapes,streetViewData\test\cityscapes\mask\bremen_000114_000019.png,streetViewData\test\cityscapes\img\bremen_000114_000019.png
2790,test,cityscapes,streetViewData\test\cityscapes\mask\bremen_000115_000019.png,streetViewData\test\cityscapes\img\bremen_000115_000019.png
2791,test,cityscapes,streetViewData\test\cityscapes\mask\bremen_000116_000019.png,streetViewData\test\cityscapes\img\bremen_000116_000019.png
2792,test,cityscapes,streetViewData\test\cityscapes\mask\bremen_000117_000019.png,streetViewData\test\cityscapes\img\bremen_000117_000019.png
2793,test,cityscapes,streetViewData\test\cityscapes\mask\bremen_000118_000019.png,streetViewData\test\cityscapes\img\bremen_000118_000019.png
2794,test,cityscapes,streetViewData\test\cityscapes\mask\bremen_000119_000019.png,streetViewData\test\cityscapes\img\bremen_000119_000019.png
2795,test,cityscapes,streetViewData\test\cityscapes\mask\bremen_000120_000019.png,streetViewData\test\cityscapes\img\bremen_000120_000019.png
2796,test,cityscapes,streetViewData\test\cityscapes\mask\bremen_000121_000019.png,streetViewData\test\cityscapes\img\bremen_000121_000019.png
2797,test,cityscapes,streetViewData\test\cityscapes\mask\bremen_000122_000019.png,streetViewData\test\cityscapes\img\bremen_000122_000019.png
2798,test,cityscapes,streetViewData\test\cityscapes\mask\bremen_000123_000019.png,streetViewData\test\cityscapes\img\bremen_000123_000019.png
2799,test,cityscapes,streetViewData\test\cityscapes\mask\bremen_000124_000019.png,streetViewData\test\cityscapes\img\bremen_000124_000019.png
2800,test,cityscapes,streetViewData\test\cityscapes\mask\bremen_000125_000019.png,streetViewData\test\cityscapes\img\bremen_000125_000019.png
2801,test,cityscapes,streetViewData\test\cityscapes\mask\bremen_000126_000019.png,streetViewData\test\cityscapes\img\bremen_000126_000019.png
2802,test,cityscapes,streetViewData\test\cityscapes\mask\bremen_000127_000019.png,streetViewData\test\cityscapes\img\bremen_000127_000019.png
2803,test,cityscapes,streetViewData\test\cityscapes\mask\bremen_000128_000019.png,streetViewData\test\cityscapes\img\bremen_000128_000019.png
2804,test,cityscapes,streetViewData\test\cityscapes\mask\bremen_000129_000019.png,streetViewData\test\cityscapes\img\bremen_000129_000019.png
2805,test,cityscapes,streetViewData\test\cityscapes\mask\bremen_000130_000019.png,streetViewData\test\cityscapes\img\bremen_000130_000019.png
2806,test,cityscapes,streetViewData\test\cityscapes\mask\bremen_000131_000019.png,streetViewData\test\cityscapes\img\bremen_000131_000019.png
2807,test,cityscapes,streetViewData\test\cityscapes\mask\bremen_000132_000019.png,streetViewData\test\cityscapes\img\bremen_000132_000019.png
2808,test,cityscapes,streetViewData\test\cityscapes\mask\bremen_000133_000019.png,streetViewData\test\cityscapes\img\bremen_000133_000019.png
2809,test,cityscapes,streetViewData\test\cityscapes\mask\bremen_000134_000019.png,streetViewData\test\cityscapes\img\bremen_000134_000019.png
2810,test,cityscapes,streetViewData\test\cityscapes\mask\bremen_000135_000019.png,streetViewData\test\cityscapes\img\bremen_000135_000019.png
2811,test,cityscapes,streetViewData\test\cityscapes\mask\bremen_000136_000019.png,streetViewData\test\cityscapes\img\bremen_000136_000019.png
2812,test,cityscapes,streetViewData\test\cityscapes\mask\bremen_000137_000019.png,streetViewData\test\cityscapes\img\bremen_000137_000019.png
2813,test,cityscapes,streetViewData\test\cityscapes\mask\bremen_000138_000019.png,streetViewData\test\cityscapes\img\bremen_000138_000019.png
2814,test,cityscapes,streetViewData\test\cityscapes\mask\bremen_000139_000019.png,streetViewData\test\cityscapes\img\bremen_000139_000019.png
2815,test,cityscapes,streetViewData\test\cityscapes\mask\bremen_000140_000019.png,streetViewData\test\cityscapes\img\bremen_000140_000019.png
2816,test,cityscapes,streetViewData\test\cityscapes\mask\bremen_000141_000019.png,streetViewData\test\cityscapes\img\bremen_000141_000019.png
2817,test,cityscapes,streetViewData\test\cityscapes\mask\bremen_000142_000019.png,streetViewData\test\cityscapes\img\bremen_000142_000019.png
2818,test,cityscapes,streetViewData\test\cityscapes\mask\bremen_000143_000019.png,streetViewData\test\cityscapes\img\bremen_000143_000019.png
2819,test,cityscapes,streetViewData\test\cityscapes\mask\bremen_000144_000019.png,streetViewData\test\cityscapes\img\bremen_000144_000019.png
2820,test,cityscapes,streetViewData\test\cityscapes\mask\bremen_000145_000019.png,streetViewData\test\cityscapes\img\bremen_000145_000019.png
2821,test,cityscapes,streetViewData\test\cityscapes\mask\bremen_000146_000019.png,streetViewData\test\cityscapes\img\bremen_000146_000019.png
2822,test,cityscapes,streetViewData\test\cityscapes\mask\bremen_000147_000019.png,streetViewData\test\cityscapes\img\bremen_000147_000019.png
2823,test,cityscapes,streetViewData\test\cityscapes\mask\bremen_000148_000019.png,streetViewData\test\cityscapes\img\bremen_000148_000019.png
2824,test,cityscapes,streetViewData\test\cityscapes\mask\bremen_000149_000019.png,streetViewData\test\cityscapes\img\bremen_000149_000019.png
2825,test,cityscapes,streetViewData\test\cityscapes\mask\bremen_000150_000019.png,streetViewData\test\cityscapes\img\bremen_000150_000019.png
2826,test,cityscapes,streetViewData\test\cityscapes\mask\bremen_000151_000019.png,streetViewData\test\cityscapes\img\bremen_000151_000019.png
2827,test,cityscapes,streetViewData\test\cityscapes\mask\bremen_000152_000019.png,streetViewData\test\cityscapes\img\bremen_000152_000019.png
2828,test,cityscapes,streetViewData\test\cityscapes\mask\bremen_000153_000019.png,streetViewData\test\cityscapes\img\bremen_000153_000019.png
2829,test,cityscapes,streetViewData\test\cityscapes\mask\bremen_000154_000019.png,streetViewData\test\cityscapes\img\bremen_000154_000019.png
2830,test,cityscapes,streetViewData\test\cityscapes\mask\bremen_000155_000019.png,streetViewData\test\cityscapes\img\bremen_000155_000019.png
2831,test,cityscapes,streetViewData\test\cityscapes\mask\bremen_000156_000019.png,streetViewData\test\cityscapes\img\bremen_000156_000019.png
2832,test,cityscapes,streetViewData\test\cityscapes\mask\bremen_000157_000019.png,streetViewData\test\cityscapes\img\bremen_000157_000019.png
2833,test,cityscapes,streetViewData\test\cityscapes\mask\bremen_000158_000019.png,streetViewData\test\cityscapes\img\bremen_000158_000019.png
2834,test,cityscapes,streetViewData\test\cityscapes\mask\bremen_000159_000019.png,streetViewData\test\cityscapes\img\bremen_000159_000019.png
2835,test,cityscapes,streetViewData\test\cityscapes\mask\bremen_000160_000019.png,streetViewData\test\cityscapes\img\bremen_000160_000019.png
2836,test,cityscapes,streetViewData\test\cityscapes\mask\bremen_000161_000019.png,streetViewData\test\cityscapes\img\bremen_000161_000019.png
2837,test,cityscapes,streetViewData\test\cityscapes\mask\bremen_000162_000019.png,streetViewData\test\cityscapes\img\bremen_000162_000019.png
2838,test,cityscapes,streetViewData\test\cityscapes\mask\bremen_000163_000019.png,streetViewData\test\cityscapes\img\bremen_000163_000019.png
2839,test,cityscapes,streetViewData\test\cityscapes\mask\bremen_000164_000019.png,streetViewData\test\cityscapes\img\bremen_000164_000019.png
2840,test,cityscapes,streetViewData\test\cityscapes\mask\bremen_000165_000019.png,streetViewData\test\cityscapes\img\bremen_000165_000019.png
2841,test,cityscapes,streetViewData\test\cityscapes\mask\bremen_000166_000019.png,streetViewData\test\cityscapes\img\bremen_000166_000019.png
2842,test,cityscapes,streetViewData\test\cityscapes\mask\bremen_000167_000019.png,streetViewData\test\cityscapes\img\bremen_000167_000019.png
2843,test,cityscapes,streetViewData\test\cityscapes\mask\bremen_000168_000019.png,streetViewData\test\cityscapes\img\bremen_000168_000019.png
2844,test,cityscapes,streetViewData\test\cityscapes\mask\bremen_000169_000019.png,streetViewData\test\cityscapes\img\bremen_000169_000019.png
2845,test,cityscapes,streetViewData\test\cityscapes\mask\bremen_000170_000019.png,streetViewData\test\cityscapes\img\bremen_000170_000019.png
2846,test,cityscapes,streetViewData\test\cityscapes\mask\bremen_000171_000019.png,streetViewData\test\cityscapes\img\bremen_000171_000019.png
2847,test,cityscapes,streetViewData\test\cityscapes\mask\bremen_000172_000019.png,streetViewData\test\cityscapes\img\bremen_000172_000019.png
2848,test,cityscapes,streetViewData\test\cityscapes\mask\bremen_000173_000019.png,streetViewData\test\cityscapes\img\bremen_000173_000019.png
2849,test,cityscapes,streetViewData\test\cityscapes\mask\bremen_000174_000019.png,streetViewData\test\cityscapes\img\bremen_000174_000019.png
2850,test,cityscapes,streetViewData\test\cityscapes\mask\bremen_000175_000019.png,streetViewData\test\cityscapes\img\bremen_000175_000019.png
2851,test,cityscapes,streetViewData\test\cityscapes\mask\bremen_000176_000019.png,streetViewData\test\cityscapes\img\bremen_000176_000019.png
2852,test,cityscapes,streetViewData\test\cityscapes\mask\bremen_000177_000019.png,streetViewData\test\cityscapes\img\bremen_000177_000019.png
2853,test,cityscapes,streetViewData\test\cityscapes\mask\bremen_000178_000019.png,streetViewData\test\cityscapes\img\bremen_000178_000019.png
2854,test,cityscapes,streetViewData\test\cityscapes\mask\bremen_000179_000019.png,streetViewData\test\cityscapes\img\bremen_000179_000019.png
2855,test,cityscapes,streetViewData\test\cityscapes\mask\bremen_000180_000019.png,streetViewData\test\cityscapes\img\bremen_000180_000019.png
2856,test,cityscapes,streetViewData\test\cityscapes\mask\bremen_000181_000019.png,streetViewData\test\cityscapes\img\bremen_000181_000019.png
2857,test,cityscapes,streetViewData\test\cityscapes\mask\bremen_000182_000019.png,streetViewData\test\cityscapes\img\bremen_000182_000019.png
2858,test,cityscapes,streetViewData\test\cityscapes\mask\bremen_000183_000019.png,streetViewData\test\cityscapes\img\bremen_000183_000019.png
2859,test,cityscapes,streetViewData\test\cityscapes\mask\bremen_000184_000019.png,streetViewData\test\cityscapes\img\bremen_000184_000019.png
2860,test,cityscapes,streetViewData\test\cityscapes\mask\bremen_000185_000019.png,streetViewData\test\cityscapes\img\bremen_000185_000019.png
2861,test,cityscapes,streetViewData\test\cityscapes\mask\bremen_000186_000019.png,streetViewData\test\cityscapes\img\bremen_000186_000019.png
2862,test,cityscapes,streetViewData\test\cityscapes\mask\bremen_000187_000019.png,streetViewData\test\cityscapes\img\bremen_000187_000019.png
2863,test,cityscapes,streetViewData\test\cityscapes\mask\bremen_000188_000019.png,streetViewData\test\cityscapes\img\bremen_000188_000019.png
2864,test,cityscapes,streetViewData\test\cityscapes\mask\bremen_000189_000019.png,streetViewData\test\cityscapes\img\bremen_000189_000019.png
2865,test,cityscapes,streetViewData\test\cityscapes\mask\bremen_000190_000019.png,streetViewData\test\cityscapes\img\bremen_000190_000019.png
2866,test,cityscapes,streetViewData\test\cityscapes\mask\bremen_000191_000019.png,streetViewData\test\cityscapes\img\bremen_000191_000019.png
2867,test,cityscapes,streetViewData\test\cityscapes\mask\bremen_000192_000019.png,streetViewData\test\cityscapes\img\bremen_000192_000019.png
2868,test,cityscapes,streetViewData\test\cityscapes\mask\bremen_000193_000019.png,streetViewData\test\cityscapes\img\bremen_000193_000019.png
2869,test,cityscapes,streetViewData\test\cityscapes\mask\bremen_000194_000019.png,streetViewData\test\cityscapes\img\bremen_000194_000019.png
2870,test,cityscapes,streetViewData\test\cityscapes\mask\bremen_000195_000019.png,streetViewData\test\cityscapes\img\bremen_000195_000019.png
2871,test,cityscapes,streetViewData\test\cityscapes\mask\bremen_000196_000019.png,streetViewData\test\cityscapes\img\bremen_000196_000019.png
2872,test,cityscapes,streetViewData\test\cityscapes\mask\bremen_000197_000019.png,streetViewData\test\cityscapes\img\bremen_000197_000019.png
2873,test,cityscapes,streetViewData\test\cityscapes\mask\bremen_000198_000019.png,streetViewData\test\cityscapes\img\bremen_000198_000019.png
2874,test,cityscapes,streetViewData\test\cityscapes\mask\bremen_000199_000019.png,streetViewData\test\cityscapes\img\bremen_000199_000019.png
2875,test,cityscapes,streetViewData\test\cityscapes\mask\bremen_000200_000019.png,streetViewData\test\cityscapes\img\bremen_000200_000019.png
2876,test,cityscapes,streetViewData\test\cityscapes\mask\bremen_000201_000019.png,streetViewData\test\cityscapes\img\bremen_000201_000019.png
2877,test,cityscapes,streetViewData\test\cityscapes\mask\bremen_000202_000019.png,streetViewData\test\cityscapes\img\bremen_000202_000019.png
2878,test,cityscapes,streetViewData\test\cityscapes\mask\bremen_000203_000019.png,streetViewData\test\cityscapes\img\bremen_000203_000019.png
2879,test,cityscapes,streetViewData\test\cityscapes\mask\bremen_000204_000019.png,streetViewData\test\cityscapes\img\bremen_000204_000019.png
2880,test,cityscapes,streetViewData\test\cityscapes\mask\bremen_000205_000019.png,streetViewData\test\cityscapes\img\bremen_000205_000019.png
2881,test,cityscapes,streetViewData\test\cityscapes\mask\bremen_000206_000019.png,streetViewData\test\cityscapes\img\bremen_000206_000019.png
2882,test,cityscapes,streetViewData\test\cityscapes\mask\bremen_000207_000019.png,streetViewData\test\cityscapes\img\bremen_000207_000019.png
2883,test,cityscapes,streetViewData\test\cityscapes\mask\bremen_000208_000019.png,streetViewData\test\cityscapes\img\bremen_000208_000019.png
2884,test,cityscapes,streetViewData\test\cityscapes\mask\bremen_000209_000019.png,streetViewData\test\cityscapes\img\bremen_000209_000019.png
2885,test,cityscapes,streetViewData\test\cityscapes\mask\bremen_000210_000019.png,streetViewData\test\cityscapes\img\bremen_000210_000019.png
2886,test,cityscapes,streetViewData\test\cityscapes\mask\bremen_000211_000019.png,streetViewData\test\cityscapes\img\bremen_000211_000019.png
2887,test,cityscapes,streetViewData\test\cityscapes\mask\bremen_000212_000019.png,streetViewData\test\cityscapes\img\bremen_000212_000019.png
2888,test,cityscapes,streetViewData\test\cityscapes\mask\bremen_000213_000019.png,streetViewData\test\cityscapes\img\bremen_000213_000019.png
2889,test,cityscapes,streetViewData\test\cityscapes\mask\bremen_000214_000019.png,streetViewData\test\cityscapes\img\bremen_000214_000019.png
2890,test,cityscapes,streetViewData\test\cityscapes\mask\bremen_000215_000019.png,streetViewData\test\cityscapes\img\bremen_000215_000019.png
2891,test,cityscapes,streetViewData\test\cityscapes\mask\bremen_000216_000019.png,streetViewData\test\cityscapes\img\bremen_000216_000019.png
2892,test,cityscapes,streetViewData\test\cityscapes\mask\bremen_000217_000019.png,streetViewData\test\cityscapes\img\bremen_000217_000019.png
2893,test,cityscapes,streetViewData\test\cityscapes\mask\bremen_000218_000019.png,streetViewData\test\cityscapes\img\bremen_000218_000019.png
2894,test,cityscapes,streetViewData\test\cityscapes\mask\bremen_000219_000019.png,streetViewData\test\cityscapes\img\bremen_000219_000019.png
2895,test,cityscapes,streetViewData\test\cityscapes\mask\bremen_000220_000019.png,streetViewData\test\cityscapes\img\bremen_000220_000019.png
2896,test,cityscapes,streetViewData\test\cityscapes\mask\bremen_000221_000019.png,streetViewData\test\cityscapes\img\bremen_000221_000019.png
2897,test,cityscapes,streetViewData\test\cityscapes\mask\bremen_000222_000019.png,streetViewData\test\cityscapes\img\bremen_000222_000019.png
2898,test,cityscapes,streetViewData\test\cityscapes\mask\bremen_000223_000019.png,streetViewData\test\cityscapes\img\bremen_000223_000019.png
2899,test,cityscapes,streetViewData\test\cityscapes\mask\bremen_000224_000019.png,streetViewData\test\cityscapes\img\bremen_000224_000019.png
2900,test,cityscapes,streetViewData\test\cityscapes\mask\bremen_000225_000019.png,streetViewData\test\cityscapes\img\bremen_000225_000019.png
2901,test,cityscapes,streetViewData\test\cityscapes\mask\bremen_000226_000019.png,streetViewData\test\cityscapes\img\bremen_000226_000019.png
2902,test,cityscapes,streetViewData\test\cityscapes\mask\bremen_000227_000019.png,streetViewData\test\cityscapes\img\bremen_000227_000019.png
2903,test,cityscapes,streetViewData\test\cityscapes\mask\bremen_000228_000019.png,streetViewData\test\cityscapes\img\bremen_000228_000019.png
2904,test,cityscapes,streetViewData\test\cityscapes\mask\bremen_000229_000019.png,streetViewData\test\cityscapes\img\bremen_000229_000019.png
2905,test,cityscapes,streetViewData\test\cityscapes\mask\bremen_000230_000019.png,streetViewData\test\cityscapes\img\bremen_000230_000019.png
2906,test,cityscapes,streetViewData\test\cityscapes\mask\bremen_000231_000019.png,streetViewData\test\cityscapes\img\bremen_000231_000019.png
2907,test,cityscapes,streetViewData\test\cityscapes\mask\bremen_000232_000019.png,streetViewData\test\cityscapes\img\bremen_000232_000019.png
2908,test,cityscapes,streetViewData\test\cityscapes\mask\bremen_000233_000019.png,streetViewData\test\cityscapes\img\bremen_000233_000019.png
2909,test,cityscapes,streetViewData\test\cityscapes\mask\bremen_000234_000019.png,streetViewData\test\cityscapes\img\bremen_000234_000019.png
2910,test,cityscapes,streetViewData\test\cityscapes\mask\bremen_000235_000019.png,streetViewData\test\cityscapes\img\bremen_000235_000019.png
2911,test,cityscapes,streetViewData\test\cityscapes\mask\bremen_000236_000019.png,streetViewData\test\cityscapes\img\bremen_000236_000019.png
2912,test,cityscapes,streetViewData\test\cityscapes\mask\bremen_000237_000019.png,streetViewData\test\cityscapes\img\bremen_000237_000019.png
2913,test,cityscapes,streetViewData\test\cityscapes\mask\bremen_000238_000019.png,streetViewData\test\cityscapes\img\bremen_000238_000019.png
2914,test,cityscapes,streetViewData\test\cityscapes\mask\bremen_000239_000019.png,streetViewData\test\cityscapes\img\bremen_000239_000019.png
2915,test,cityscapes,streetViewData\test\cityscapes\mask\bremen_000240_000019.png,streetViewData\test\cityscapes\img\bremen_000240_000019.png
2916,test,cityscapes,streetViewData\test\cityscapes\mask\bremen_000241_000019.png,streetViewData\test\cityscapes\img\bremen_000241_000019.png
2917,test,cityscapes,streetViewData\test\cityscapes\mask\bremen_000242_000019.png,streetViewData\test\cityscapes\img\bremen_000242_000019.png
2918,test,cityscapes,streetViewData\test\cityscapes\mask\bremen_000243_000019.png,streetViewData\test\cityscapes\img\bremen_000243_000019.png
2919,test,cityscapes,streetViewData\test\cityscapes\mask\bremen_000244_000019.png,streetViewData\test\cityscapes\img\bremen_000244_000019.png
2920,test,cityscapes,streetViewData\test\cityscapes\mask\bremen_000245_000019.png,streetViewData\test\cityscapes\img\bremen_000245_000019.png
2921,test,cityscapes,streetViewData\test\cityscapes\mask\bremen_000246_000019.png,streetViewData\test\cityscapes\img\bremen_000246_000019.png
2922,test,cityscapes,streetViewData\test\cityscapes\mask\bremen_000247_000019.png,streetViewData\test\cityscapes\img\bremen_000247_000019.png
2923,test,cityscapes,streetViewData\test\cityscapes\mask\bremen_000248_000019.png,streetViewData\test\cityscapes\img\bremen_000248_000019.png
2924,test,cityscapes,streetViewData\test\cityscapes\mask\bremen_000249_000019.png,streetViewData\test\cityscapes\img\bremen_000249_000019.png
2925,test,cityscapes,streetViewData\test\cityscapes\mask\bremen_000250_000019.png,streetViewData\test\cityscapes\img\bremen_000250_000019.png
2926,test,cityscapes,streetViewData\test\cityscapes\mask\bremen_000251_000019.png,streetViewData\test\cityscapes\img\bremen_000251_000019.png
2927,test,cityscapes,streetViewData\test\cityscapes\mask\bremen_000252_000019.png,streetViewData\test\cityscapes\img\bremen_000252_000019.png
2928,test,cityscapes,streetViewData\test\cityscapes\mask\bremen_000253_000019.png,streetViewData\test\cityscapes\img\bremen_000253_000019.png
2929,test,cityscapes,streetViewData\test\cityscapes\mask\bremen_000254_000019.png,streetViewData\test\cityscapes\img\bremen_000254_000019.png
2930,test,cityscapes,streetViewData\test\cityscapes\mask\bremen_000255_000019.png,streetViewData\test\cityscapes\img\bremen_000255_000019.png
2931,test,cityscapes,streetViewData\test\cityscapes\mask\bremen_000256_000019.png,streetViewData\test\cityscapes\img\bremen_000256_000019.png
2932,test,cityscapes,streetViewData\test\cityscapes\mask\bremen_000257_000019.png,streetViewData\test\cityscapes\img\bremen_000257_000019.png
2933,test,cityscapes,streetViewData\test\cityscapes\mask\bremen_000258_000019.png,streetViewData\test\cityscapes\img\bremen_000258_000019.png
2934,test,cityscapes,streetViewData\test\cityscapes\mask\bremen_000259_000019.png,streetViewData\test\cityscapes\img\bremen_000259_000019.png
2935,test,cityscapes,streetViewData\test\cityscapes\mask\bremen_000260_000019.png,streetViewData\test\cityscapes\img\bremen_000260_000019.png
2936,test,cityscapes,streetViewData\test\cityscapes\mask\bremen_000261_000019.png,streetViewData\test\cityscapes\img\bremen_000261_000019.png
2937,test,cityscapes,streetViewData\test\cityscapes\mask\bremen_000262_000019.png,streetViewData\test\cityscapes\img\bremen_000262_000019.png
2938,test,cityscapes,streetViewData\test\cityscapes\mask\bremen_000263_000019.png,streetViewData\test\cityscapes\img\bremen_000263_000019.png
2939,test,cityscapes,streetViewData\test\cityscapes\mask\bremen_000264_000019.png,streetViewData\test\cityscapes\img\bremen_000264_000019.png
2940,test,cityscapes,streetViewData\test\cityscapes\mask\bremen_000265_000019.png,streetViewData\test\cityscapes\img\bremen_000265_000019.png
2941,test,cityscapes,streetViewData\test\cityscapes\mask\bremen_000266_000019.png,streetViewData\test\cityscapes\img\bremen_000266_000019.png
2942,test,cityscapes,streetViewData\test\cityscapes\mask\bremen_000267_000019.png,streetViewData\test\cityscapes\img\bremen_000267_000019.png
2943,test,cityscapes,streetViewData\test\cityscapes\mask\bremen_000268_000019.png,streetViewData\test\cityscapes\img\bremen_000268_000019.png
2944,test,cityscapes,streetViewData\test\cityscapes\mask\bremen_000269_000019.png,streetViewData\test\cityscapes\img\bremen_000269_000019.png
2945,test,cityscapes,streetViewData\test\cityscapes\mask\bremen_000270_000019.png,streetViewData\test\cityscapes\img\bremen_000270_000019.png
2946,test,cityscapes,streetViewData\test\cityscapes\mask\bremen_000271_000019.png,streetViewData\test\cityscapes\img\bremen_000271_000019.png
2947,test,cityscapes,streetViewData\test\cityscapes\mask\bremen_000272_000019.png,streetViewData\test\cityscapes\img\bremen_000272_000019.png
2948,test,cityscapes,streetViewData\test\cityscapes\mask\bremen_000273_000019.png,streetViewData\test\cityscapes\img\bremen_000273_000019.png
2949,test,cityscapes,streetViewData\test\cityscapes\mask\bremen_000274_000019.png,streetViewData\test\cityscapes\img\bremen_000274_000019.png
2950,test,cityscapes,streetViewData\test\cityscapes\mask\bremen_000275_000019.png,streetViewData\test\cityscapes\img\bremen_000275_000019.png
2951,test,cityscapes,streetViewData\test\cityscapes\mask\bremen_000276_000019.png,streetViewData\test\cityscapes\img\bremen_000276_000019.png
2952,test,cityscapes,streetViewData\test\cityscapes\mask\bremen_000277_000019.png,streetViewData\test\cityscapes\img\bremen_000277_000019.png
2953,test,cityscapes,streetViewData\test\cityscapes\mask\bremen_000278_000019.png,streetViewData\test\cityscapes\img\bremen_000278_000019.png
2954,test,cityscapes,streetViewData\test\cityscapes\mask\bremen_000279_000019.png,streetViewData\test\cityscapes\img\bremen_000279_000019.png
2955,test,cityscapes,streetViewData\test\cityscapes\mask\bremen_000280_000019.png,streetViewData\test\cityscapes\img\bremen_000280_000019.png
2956,test,cityscapes,streetViewData\test\cityscapes\mask\bremen_000281_000019.png,streetViewData\test\cityscapes\img\bremen_000281_000019.png
2957,test,cityscapes,streetViewData\test\cityscapes\mask\bremen_000282_000019.png,streetViewData\test\cityscapes\img\bremen_000282_000019.png
2958,test,cityscapes,streetViewData\test\cityscapes\mask\bremen_000283_000019.png,streetViewData\test\cityscapes\img\bremen_000283_000019.png
2959,test,cityscapes,streetViewData\test\cityscapes\mask\bremen_000284_000019.png,streetViewData\test\cityscapes\img\bremen_000284_000019.png
2960,test,cityscapes,streetViewData\test\cityscapes\mask\bremen_000285_000019.png,streetViewData\test\cityscapes\img\bremen_000285_000019.png
2961,test,cityscapes,streetViewData\test\cityscapes\mask\bremen_000286_000019.png,streetViewData\test\cityscapes\img\bremen_000286_000019.png
2962,test,cityscapes,streetViewData\test\cityscapes\mask\bremen_000287_000019.png,streetViewData\test\cityscapes\img\bremen_000287_000019.png
2963,test,cityscapes,streetViewData\test\cityscapes\mask\bremen_000288_000019.png,streetViewData\test\cityscapes\img\bremen_000288_000019.png
2964,test,cityscapes,streetViewData\test\cityscapes\mask\bremen_000289_000019.png,streetViewData\test\cityscapes\img\bremen_000289_000019.png
2965,test,cityscapes,streetViewData\test\cityscapes\mask\bremen_000290_000019.png,streetViewData\test\cityscapes\img\bremen_000290_000019.png
2966,test,cityscapes,streetViewData\test\cityscapes\mask\bremen_000291_000019.png,streetViewData\test\cityscapes\img\bremen_000291_000019.png
2967,test,cityscapes,streetViewData\test\cityscapes\mask\bremen_000292_000019.png,streetViewData\test\cityscapes\img\bremen_000292_000019.png
2968,test,cityscapes,streetViewData\test\cityscapes\mask\bremen_000293_000019.png,streetViewData\test\cityscapes\img\bremen_000293_000019.png
2969,test,cityscapes,streetViewData\test\cityscapes\mask\bremen_000294_000019.png,streetViewData\test\cityscapes\img\bremen_000294_000019.png
2970,test,cityscapes,streetViewData\test\cityscapes\mask\bremen_000295_000019.png,streetViewData\test\cityscapes\img\bremen_000295_000019.png
2971,test,cityscapes,streetViewData\test\cityscapes\mask\bremen_000296_000019.png,streetViewData\test\cityscapes\img\bremen_000296_000019.png
2972,test,cityscapes,streetViewData\test\cityscapes\mask\bremen_000297_000019.png,streetViewData\test\cityscapes\img\bremen_000297_000019.png
2973,test,cityscapes,streetViewData\test\cityscapes\mask\bremen_000298_000019.png,streetViewData\test\cityscapes\img\bremen_000298_000019.png
2974,test,cityscapes,streetViewData\test\cityscapes\mask\bremen_000299_000019.png,streetViewData\test\cityscapes\img\bremen_000299_000019.png
2975,test,cityscapes,streetViewData\test\cityscapes\mask\bremen_000300_000019.png,streetViewData\test\cityscapes\img\bremen_000300_000019.png
2976,test,cityscapes,streetViewData\test\cityscapes\mask\bremen_000301_000019.png,streetViewData\test\cityscapes\img\bremen_000301_000019.png
2977,test,cityscapes,streetViewData\test\cityscapes\mask\bremen_000302_000019.png,streetViewData\test\cityscapes\img\bremen_000302_000019.png
2978,test,cityscapes,streetViewData\test\cityscapes\mask\bremen_000303_000019.png,streetViewData\test\cityscapes\img\bremen_000303_000019.png
2979,test,cityscapes,streetViewData\test\cityscapes\mask\bremen_000304_000019.png,streetViewData\test\cityscapes\img\bremen_000304_000019.png
2980,test,cityscapes,streetViewData\test\cityscapes\mask\bremen_000305_000019.png,streetViewData\test\cityscapes\img\bremen_000305_000019.png
2981,test,cityscapes,streetViewData\test\cityscapes\mask\bremen_000306_000019.png,streetViewData\test\cityscapes\img\bremen_000306_000019.png
2982,test,cityscapes,streetViewData\test\cityscapes\mask\bremen_000307_000019.png,streetViewData\test\cityscapes\img\bremen_000307_000019.png
2983,test,cityscapes,streetViewData\test\cityscapes\mask\bremen_000308_000019.png,streetViewData\test\cityscapes\img\bremen_000308_000019.png
2984,test,cityscapes,streetViewData\test\cityscapes\mask\bremen_000309_000019.png,streetViewData\test\cityscapes\img\bremen_000309_000019.png
2985,test,cityscapes,streetViewData\test\cityscapes\mask\bremen_000310_000019.png,streetViewData\test\cityscapes\img\bremen_000310_000019.png
2986,test,cityscapes,streetViewData\test\cityscapes\mask\bremen_000311_000019.png,streetViewData\test\cityscapes\img\bremen_000311_000019.png
2987,test,cityscapes,streetViewData\test\cityscapes\mask\bremen_000312_000019.png,streetViewData\test\cityscapes\img\bremen_000312_000019.png
2988,test,cityscapes,streetViewData\test\cityscapes\mask\bremen_000313_000019.png,streetViewData\test\cityscapes\img\bremen_000313_000019.png
2989,test,cityscapes,streetViewData\test\cityscapes\mask\bremen_000314_000019.png,streetViewData\test\cityscapes\img\bremen_000314_000019.png
2990,test,cityscapes,streetViewData\test\cityscapes\mask\bremen_000315_000019.png,streetViewData\test\cityscapes\img\bremen_000315_000019.png
2991,test,cityscapes,streetViewData\test\cityscapes\mask\dusseldorf_000000_000019.png,streetViewData\test\cityscapes\img\dusseldorf_000000_000019.png
2992,test,cityscapes,streetViewData\test\cityscapes\mask\dusseldorf_000001_000019.png,streetViewData\test\cityscapes\img\dusseldorf_000001_000019.png
2993,test,cityscapes,streetViewData\test\cityscapes\mask\dusseldorf_000002_000019.png,streetViewData\test\cityscapes\img\dusseldorf_000002_000019.png
2994,test,cityscapes,streetViewData\test\cityscapes\mask\dusseldorf_000003_000019.png,streetViewData\test\cityscapes\img\dusseldorf_000003_000019.png
2995,test,cityscapes,streetViewData\test\cityscapes\mask\dusseldorf_000004_000019.png,streetViewData\test\cityscapes\img\dusseldorf_000004_000019.png
2996,test,cityscapes,streetViewData\test\cityscapes\mask\dusseldorf_000005_000019.png,streetViewData\test\cityscapes\img\dusseldorf_000005_000019.png
2997,test,cityscapes,streetViewData\test\cityscapes\mask\dusseldorf_000006_000019.png,streetViewData\test\cityscapes\img\dusseldorf_000006_000019.png
2998,test,cityscapes,streetViewData\test\cityscapes\mask\dusseldorf_000007_000019.png,streetViewData\test\cityscapes\img\dusseldorf_000007_000019.png
2999,test,cityscapes,streetViewData\test\cityscapes\mask\dusseldorf_000008_000019.png,streetViewData\test\cityscapes\img\dusseldorf_000008_000019.png
3000,test,cityscapes,streetViewData\test\cityscapes\mask\dusseldorf_000009_000019.png,streetViewData\test\cityscapes\img\dusseldorf_000009_000019.png
3001,test,cityscapes,streetViewData\test\cityscapes\mask\dusseldorf_000010_000019.png,streetViewData\test\cityscapes\img\dusseldorf_000010_000019.png
3002,test,cityscapes,streetViewData\test\cityscapes\mask\dusseldorf_000011_000019.png,streetViewData\test\cityscapes\img\dusseldorf_000011_000019.png
3003,test,cityscapes,streetViewData\test\cityscapes\mask\dusseldorf_000012_000019.png,streetViewData\test\cityscapes\img\dusseldorf_000012_000019.png
3004,test,cityscapes,streetViewData\test\cityscapes\mask\dusseldorf_000013_000019.png,streetViewData\test\cityscapes\img\dusseldorf_000013_000019.png
3005,test,cityscapes,streetViewData\test\cityscapes\mask\dusseldorf_000014_000019.png,streetViewData\test\cityscapes\img\dusseldorf_000014_000019.png
3006,test,cityscapes,streetViewData\test\cityscapes\mask\dusseldorf_000015_000019.png,streetViewData\test\cityscapes\img\dusseldorf_000015_000019.png
3007,test,cityscapes,streetViewData\test\cityscapes\mask\dusseldorf_000016_000019.png,streetViewData\test\cityscapes\img\dusseldorf_000016_000019.png
3008,test,cityscapes,streetViewData\test\cityscapes\mask\dusseldorf_000017_000019.png,streetViewData\test\cityscapes\img\dusseldorf_000017_000019.png
3009,test,cityscapes,streetViewData\test\cityscapes\mask\dusseldorf_000018_000019.png,streetViewData\test\cityscapes\img\dusseldorf_000018_000019.png
3010,test,cityscapes,streetViewData\test\cityscapes\mask\dusseldorf_000019_000019.png,streetViewData\test\cityscapes\img\dusseldorf_000019_000019.png
3011,test,cityscapes,streetViewData\test\cityscapes\mask\dusseldorf_000020_000019.png,streetViewData\test\cityscapes\img\dusseldorf_000020_000019.png
3012,test,cityscapes,streetViewData\test\cityscapes\mask\dusseldorf_000021_000019.png,streetViewData\test\cityscapes\img\dusseldorf_000021_000019.png
3013,test,cityscapes,streetViewData\test\cityscapes\mask\dusseldorf_000022_000019.png,streetViewData\test\cityscapes\img\dusseldorf_000022_000019.png
3014,test,cityscapes,streetViewData\test\cityscapes\mask\dusseldorf_000023_000019.png,streetViewData\test\cityscapes\img\dusseldorf_000023_000019.png
3015,test,cityscapes,streetViewData\test\cityscapes\mask\dusseldorf_000024_000019.png,streetViewData\test\cityscapes\img\dusseldorf_000024_000019.png
3016,test,cityscapes,streetViewData\test\cityscapes\mask\dusseldorf_000025_000019.png,streetViewData\test\cityscapes\img\dusseldorf_000025_000019.png
3017,test,cityscapes,streetViewData\test\cityscapes\mask\dusseldorf_000026_000019.png,streetViewData\test\cityscapes\img\dusseldorf_000026_000019.png
3018,test,cityscapes,streetViewData\test\cityscapes\mask\dusseldorf_000027_000019.png,streetViewData\test\cityscapes\img\dusseldorf_000027_000019.png
3019,test,cityscapes,streetViewData\test\cityscapes\mask\dusseldorf_000028_000019.png,streetViewData\test\cityscapes\img\dusseldorf_000028_000019.png
3020,test,cityscapes,streetViewData\test\cityscapes\mask\dusseldorf_000029_000019.png,streetViewData\test\cityscapes\img\dusseldorf_000029_000019.png
3021,test,cityscapes,streetViewData\test\cityscapes\mask\dusseldorf_000030_000019.png,streetViewData\test\cityscapes\img\dusseldorf_000030_000019.png
3022,test,cityscapes,streetViewData\test\cityscapes\mask\dusseldorf_000031_000019.png,streetViewData\test\cityscapes\img\dusseldorf_000031_000019.png
3023,test,cityscapes,streetViewData\test\cityscapes\mask\dusseldorf_000032_000019.png,streetViewData\test\cityscapes\img\dusseldorf_000032_000019.png
3024,test,cityscapes,streetViewData\test\cityscapes\mask\dusseldorf_000033_000019.png,streetViewData\test\cityscapes\img\dusseldorf_000033_000019.png
3025,test,cityscapes,streetViewData\test\cityscapes\mask\dusseldorf_000034_000019.png,streetViewData\test\cityscapes\img\dusseldorf_000034_000019.png
3026,test,cityscapes,streetViewData\test\cityscapes\mask\dusseldorf_000035_000019.png,streetViewData\test\cityscapes\img\dusseldorf_000035_000019.png
3027,test,cityscapes,streetViewData\test\cityscapes\mask\dusseldorf_000036_000019.png,streetViewData\test\cityscapes\img\dusseldorf_000036_000019.png
3028,test,cityscapes,streetViewData\test\cityscapes\mask\dusseldorf_000037_000019.png,streetViewData\test\cityscapes\img\dusseldorf_000037_000019.png
3029,test,cityscapes,streetViewData\test\cityscapes\mask\dusseldorf_000038_000019.png,streetViewData\test\cityscapes\img\dusseldorf_000038_000019.png
3030,test,cityscapes,streetViewData\test\cityscapes\mask\dusseldorf_000039_000019.png,streetViewData\test\cityscapes\img\dusseldorf_000039_000019.png
3031,test,cityscapes,streetViewData\test\cityscapes\mask\dusseldorf_000040_000019.png,streetViewData\test\cityscapes\img\dusseldorf_000040_000019.png
3032,test,cityscapes,streetViewData\test\cityscapes\mask\dusseldorf_000041_000019.png,streetViewData\test\cityscapes\img\dusseldorf_000041_000019.png
3033,test,cityscapes,streetViewData\test\cityscapes\mask\dusseldorf_000042_000019.png,streetViewData\test\cityscapes\img\dusseldorf_000042_000019.png
3034,test,cityscapes,streetViewData\test\cityscapes\mask\dusseldorf_000043_000019.png,streetViewData\test\cityscapes\img\dusseldorf_000043_000019.png
3035,test,cityscapes,streetViewData\test\cityscapes\mask\dusseldorf_000044_000019.png,streetViewData\test\cityscapes\img\dusseldorf_000044_000019.png
3036,test,cityscapes,streetViewData\test\cityscapes\mask\dusseldorf_000045_000019.png,streetViewData\test\cityscapes\img\dusseldorf_000045_000019.png
3037,test,cityscapes,streetViewData\test\cityscapes\mask\dusseldorf_000046_000019.png,streetViewData\test\cityscapes\img\dusseldorf_000046_000019.png
3038,test,cityscapes,streetViewData\test\cityscapes\mask\dusseldorf_000047_000019.png,streetViewData\test\cityscapes\img\dusseldorf_000047_000019.png
3039,test,cityscapes,streetViewData\test\cityscapes\mask\dusseldorf_000048_000019.png,streetViewData\test\cityscapes\img\dusseldorf_000048_000019.png
3040,test,cityscapes,streetViewData\test\cityscapes\mask\dusseldorf_000049_000019.png,streetViewData\test\cityscapes\img\dusseldorf_000049_000019.png
3041,test,cityscapes,streetViewData\test\cityscapes\mask\dusseldorf_000050_000019.png,streetViewData\test\cityscapes\img\dusseldorf_000050_000019.png
3042,test,cityscapes,streetViewData\test\cityscapes\mask\dusseldorf_000051_000019.png,streetViewData\test\cityscapes\img\dusseldorf_000051_000019.png
3043,test,cityscapes,streetViewData\test\cityscapes\mask\dusseldorf_000052_000019.png,streetViewData\test\cityscapes\img\dusseldorf_000052_000019.png
3044,test,cityscapes,streetViewData\test\cityscapes\mask\dusseldorf_000053_000019.png,streetViewData\test\cityscapes\img\dusseldorf_000053_000019.png
3045,test,cityscapes,streetViewData\test\cityscapes\mask\dusseldorf_000054_000019.png,streetViewData\test\cityscapes\img\dusseldorf_000054_000019.png
3046,test,cityscapes,streetViewData\test\cityscapes\mask\dusseldorf_000055_000019.png,streetViewData\test\cityscapes\img\dusseldorf_000055_000019.png
3047,test,cityscapes,streetViewData\test\cityscapes\mask\dusseldorf_000056_000019.png,streetViewData\test\cityscapes\img\dusseldorf_000056_000019.png
3048,test,cityscapes,streetViewData\test\cityscapes\mask\dusseldorf_000057_000019.png,streetViewData\test\cityscapes\img\dusseldorf_000057_000019.png
3049,test,cityscapes,streetViewData\test\cityscapes\mask\dusseldorf_000058_000019.png,streetViewData\test\cityscapes\img\dusseldorf_000058_000019.png
3050,test,cityscapes,streetViewData\test\cityscapes\mask\dusseldorf_000059_000019.png,streetViewData\test\cityscapes\img\dusseldorf_000059_000019.png
3051,test,cityscapes,streetViewData\test\cityscapes\mask\dusseldorf_000060_000019.png,streetViewData\test\cityscapes\img\dusseldorf_000060_000019.png
3052,test,cityscapes,streetViewData\test\cityscapes\mask\dusseldorf_000061_000019.png,streetViewData\test\cityscapes\img\dusseldorf_000061_000019.png
3053,test,cityscapes,streetViewData\test\cityscapes\mask\dusseldorf_000062_000019.png,streetViewData\test\cityscapes\img\dusseldorf_000062_000019.png
3054,test,cityscapes,streetViewData\test\cityscapes\mask\dusseldorf_000063_000019.png,streetViewData\test\cityscapes\img\dusseldorf_000063_000019.png
3055,test,cityscapes,streetViewData\test\cityscapes\mask\dusseldorf_000064_000019.png,streetViewData\test\cityscapes\img\dusseldorf_000064_000019.png
3056,test,cityscapes,streetViewData\test\cityscapes\mask\dusseldorf_000065_000019.png,streetViewData\test\cityscapes\img\dusseldorf_000065_000019.png
3057,test,cityscapes,streetViewData\test\cityscapes\mask\dusseldorf_000066_000019.png,streetViewData\test\cityscapes\img\dusseldorf_000066_000019.png
3058,test,cityscapes,streetViewData\test\cityscapes\mask\dusseldorf_000067_000019.png,streetViewData\test\cityscapes\img\dusseldorf_000067_000019.png
3059,test,cityscapes,streetViewData\test\cityscapes\mask\dusseldorf_000068_000019.png,streetViewData\test\cityscapes\img\dusseldorf_000068_000019.png
3060,test,cityscapes,streetViewData\test\cityscapes\mask\dusseldorf_000069_000019.png,streetViewData\test\cityscapes\img\dusseldorf_000069_000019.png
3061,test,cityscapes,streetViewData\test\cityscapes\mask\dusseldorf_000070_000019.png,streetViewData\test\cityscapes\img\dusseldorf_000070_000019.png
3062,test,cityscapes,streetViewData\test\cityscapes\mask\dusseldorf_000071_000019.png,streetViewData\test\cityscapes\img\dusseldorf_000071_000019.png
3063,test,cityscapes,streetViewData\test\cityscapes\mask\dusseldorf_000072_000019.png,streetViewData\test\cityscapes\img\dusseldorf_000072_000019.png
3064,test,cityscapes,streetViewData\test\cityscapes\mask\dusseldorf_000073_000019.png,streetViewData\test\cityscapes\img\dusseldorf_000073_000019.png
3065,test,cityscapes,streetViewData\test\cityscapes\mask\dusseldorf_000074_000019.png,streetViewData\test\cityscapes\img\dusseldorf_000074_000019.png
3066,test,cityscapes,streetViewData\test\cityscapes\mask\dusseldorf_000075_000019.png,streetViewData\test\cityscapes\img\dusseldorf_000075_000019.png
3067,test,cityscapes,streetViewData\test\cityscapes\mask\dusseldorf_000076_000019.png,streetViewData\test\cityscapes\img\dusseldorf_000076_000019.png
3068,test,cityscapes,streetViewData\test\cityscapes\mask\dusseldorf_000077_000019.png,streetViewData\test\cityscapes\img\dusseldorf_000077_000019.png
3069,test,cityscapes,streetViewData\test\cityscapes\mask\dusseldorf_000078_000019.png,streetViewData\test\cityscapes\img\dusseldorf_000078_000019.png
3070,test,cityscapes,streetViewData\test\cityscapes\mask\dusseldorf_000079_000019.png,streetViewData\test\cityscapes\img\dusseldorf_000079_000019.png
3071,test,cityscapes,streetViewData\test\cityscapes\mask\dusseldorf_000080_000019.png,streetViewData\test\cityscapes\img\dusseldorf_000080_000019.png
3072,test,cityscapes,streetViewData\test\cityscapes\mask\dusseldorf_000081_000019.png,streetViewData\test\cityscapes\img\dusseldorf_000081_000019.png
3073,test,cityscapes,streetViewData\test\cityscapes\mask\dusseldorf_000082_000019.png,streetViewData\test\cityscapes\img\dusseldorf_000082_000019.png
3074,test,cityscapes,streetViewData\test\cityscapes\mask\dusseldorf_000083_000019.png,streetViewData\test\cityscapes\img\dusseldorf_000083_000019.png
3075,test,cityscapes,streetViewData\test\cityscapes\mask\dusseldorf_000084_000019.png,streetViewData\test\cityscapes\img\dusseldorf_000084_000019.png
3076,test,cityscapes,streetViewData\test\cityscapes\mask\dusseldorf_000085_000019.png,streetViewData\test\cityscapes\img\dusseldorf_000085_000019.png
3077,test,cityscapes,streetViewData\test\cityscapes\mask\dusseldorf_000086_000019.png,streetViewData\test\cityscapes\img\dusseldorf_000086_000019.png
3078,test,cityscapes,streetViewData\test\cityscapes\mask\dusseldorf_000087_000019.png,streetViewData\test\cityscapes\img\dusseldorf_000087_000019.png
3079,test,cityscapes,streetViewData\test\cityscapes\mask\dusseldorf_000088_000019.png,streetViewData\test\cityscapes\img\dusseldorf_000088_000019.png
3080,test,cityscapes,streetViewData\test\cityscapes\mask\dusseldorf_000089_000019.png,streetViewData\test\cityscapes\img\dusseldorf_000089_000019.png
3081,test,cityscapes,streetViewData\test\cityscapes\mask\dusseldorf_000090_000019.png,streetViewData\test\cityscapes\img\dusseldorf_000090_000019.png
3082,test,cityscapes,streetViewData\test\cityscapes\mask\dusseldorf_000091_000019.png,streetViewData\test\cityscapes\img\dusseldorf_000091_000019.png
3083,test,cityscapes,streetViewData\test\cityscapes\mask\dusseldorf_000092_000019.png,streetViewData\test\cityscapes\img\dusseldorf_000092_000019.png
3084,test,cityscapes,streetViewData\test\cityscapes\mask\dusseldorf_000093_000019.png,streetViewData\test\cityscapes\img\dusseldorf_000093_000019.png
3085,test,cityscapes,streetViewData\test\cityscapes\mask\dusseldorf_000094_000019.png,streetViewData\test\cityscapes\img\dusseldorf_000094_000019.png
3086,test,cityscapes,streetViewData\test\cityscapes\mask\dusseldorf_000095_000019.png,streetViewData\test\cityscapes\img\dusseldorf_000095_000019.png
3087,test,cityscapes,streetViewData\test\cityscapes\mask\dusseldorf_000096_000019.png,streetViewData\test\cityscapes\img\dusseldorf_000096_000019.png
3088,test,cityscapes,streetViewData\test\cityscapes\mask\dusseldorf_000097_000019.png,streetViewData\test\cityscapes\img\dusseldorf_000097_000019.png
3089,test,cityscapes,streetViewData\test\cityscapes\mask\dusseldorf_000098_000019.png,streetViewData\test\cityscapes\img\dusseldorf_000098_000019.png
3090,test,cityscapes,streetViewData\test\cityscapes\mask\dusseldorf_000099_000019.png,streetViewData\test\cityscapes\img\dusseldorf_000099_000019.png
3091,test,cityscapes,streetViewData\test\cityscapes\mask\dusseldorf_000100_000019.png,streetViewData\test\cityscapes\img\dusseldorf_000100_000019.png
3092,test,cityscapes,streetViewData\test\cityscapes\mask\dusseldorf_000101_000019.png,streetViewData\test\cityscapes\img\dusseldorf_000101_000019.png
3093,test,cityscapes,streetViewData\test\cityscapes\mask\dusseldorf_000102_000019.png,streetViewData\test\cityscapes\img\dusseldorf_000102_000019.png
3094,test,cityscapes,streetViewData\test\cityscapes\mask\dusseldorf_000103_000019.png,streetViewData\test\cityscapes\img\dusseldorf_000103_000019.png
3095,test,cityscapes,streetViewData\test\cityscapes\mask\dusseldorf_000104_000019.png,streetViewData\test\cityscapes\img\dusseldorf_000104_000019.png
3096,test,cityscapes,streetViewData\test\cityscapes\mask\dusseldorf_000105_000019.png,streetViewData\test\cityscapes\img\dusseldorf_000105_000019.png
3097,test,cityscapes,streetViewData\test\cityscapes\mask\dusseldorf_000106_000019.png,streetViewData\test\cityscapes\img\dusseldorf_000106_000019.png
3098,test,cityscapes,streetViewData\test\cityscapes\mask\dusseldorf_000107_000019.png,streetViewData\test\cityscapes\img\dusseldorf_000107_000019.png
3099,test,cityscapes,streetViewData\test\cityscapes\mask\dusseldorf_000108_000019.png,streetViewData\test\cityscapes\img\dusseldorf_000108_000019.png
3100,test,cityscapes,streetViewData\test\cityscapes\mask\dusseldorf_000109_000019.png,streetViewData\test\cityscapes\img\dusseldorf_000109_000019.png
3101,test,cityscapes,streetViewData\test\cityscapes\mask\dusseldorf_000110_000019.png,streetViewData\test\cityscapes\img\dusseldorf_000110_000019.png
3102,test,cityscapes,streetViewData\test\cityscapes\mask\dusseldorf_000111_000019.png,streetViewData\test\cityscapes\img\dusseldorf_000111_000019.png
3103,test,cityscapes,streetViewData\test\cityscapes\mask\dusseldorf_000112_000019.png,streetViewData\test\cityscapes\img\dusseldorf_000112_000019.png
3104,test,cityscapes,streetViewData\test\cityscapes\mask\dusseldorf_000113_000019.png,streetViewData\test\cityscapes\img\dusseldorf_000113_000019.png
3105,test,cityscapes,streetViewData\test\cityscapes\mask\dusseldorf_000114_000019.png,streetViewData\test\cityscapes\img\dusseldorf_000114_000019.png
3106,test,cityscapes,streetViewData\test\cityscapes\mask\dusseldorf_000115_000019.png,streetViewData\test\cityscapes\img\dusseldorf_000115_000019.png
3107,test,cityscapes,streetViewData\test\cityscapes\mask\dusseldorf_000116_000019.png,streetViewData\test\cityscapes\img\dusseldorf_000116_000019.png
3108,test,cityscapes,streetViewData\test\cityscapes\mask\dusseldorf_000117_000019.png,streetViewData\test\cityscapes\img\dusseldorf_000117_000019.png
3109,test,cityscapes,streetViewData\test\cityscapes\mask\dusseldorf_000118_000019.png,streetViewData\test\cityscapes\img\dusseldorf_000118_000019.png
3110,test,cityscapes,streetViewData\test\cityscapes\mask\dusseldorf_000119_000019.png,streetViewData\test\cityscapes\img\dusseldorf_000119_000019.png
3111,test,cityscapes,streetViewData\test\cityscapes\mask\dusseldorf_000120_000019.png,streetViewData\test\cityscapes\img\dusseldorf_000120_000019.png
3112,test,cityscapes,streetViewData\test\cityscapes\mask\dusseldorf_000121_000019.png,streetViewData\test\cityscapes\img\dusseldorf_000121_000019.png
3113,test,cityscapes,streetViewData\test\cityscapes\mask\dusseldorf_000122_000019.png,streetViewData\test\cityscapes\img\dusseldorf_000122_000019.png
3114,test,cityscapes,streetViewData\test\cityscapes\mask\dusseldorf_000123_000019.png,streetViewData\test\cityscapes\img\dusseldorf_000123_000019.png
3115,test,cityscapes,streetViewData\test\cityscapes\mask\dusseldorf_000124_000019.png,streetViewData\test\cityscapes\img\dusseldorf_000124_000019.png
3116,test,cityscapes,streetViewData\test\cityscapes\mask\dusseldorf_000125_000019.png,streetViewData\test\cityscapes\img\dusseldorf_000125_000019.png
3117,test,cityscapes,streetViewData\test\cityscapes\mask\dusseldorf_000126_000019.png,streetViewData\test\cityscapes\img\dusseldorf_000126_000019.png
3118,test,cityscapes,streetViewData\test\cityscapes\mask\dusseldorf_000127_000019.png,streetViewData\test\cityscapes\img\dusseldorf_000127_000019.png
3119,test,cityscapes,streetViewData\test\cityscapes\mask\dusseldorf_000128_000019.png,streetViewData\test\cityscapes\img\dusseldorf_000128_000019.png
3120,test,cityscapes,streetViewData\test\cityscapes\mask\dusseldorf_000129_000019.png,streetViewData\test\cityscapes\img\dusseldorf_000129_000019.png
3121,test,cityscapes,streetViewData\test\cityscapes\mask\dusseldorf_000130_000019.png,streetViewData\test\cityscapes\img\dusseldorf_000130_000019.png
3122,test,cityscapes,streetViewData\test\cityscapes\mask\dusseldorf_000131_000019.png,streetViewData\test\cityscapes\img\dusseldorf_000131_000019.png
3123,test,cityscapes,streetViewData\test\cityscapes\mask\dusseldorf_000132_000019.png,streetViewData\test\cityscapes\img\dusseldorf_000132_000019.png
3124,test,cityscapes,streetViewData\test\cityscapes\mask\dusseldorf_000133_000019.png,streetViewData\test\cityscapes\img\dusseldorf_000133_000019.png
3125,test,cityscapes,streetViewData\test\cityscapes\mask\dusseldorf_000134_000019.png,streetViewData\test\cityscapes\img\dusseldorf_000134_000019.png
3126,test,cityscapes,streetViewData\test\cityscapes\mask\dusseldorf_000135_000019.png,streetViewData\test\cityscapes\img\dusseldorf_000135_000019.png
3127,test,cityscapes,streetViewData\test\cityscapes\mask\dusseldorf_000136_000019.png,streetViewData\test\cityscapes\img\dusseldorf_000136_000019.png
3128,test,cityscapes,streetViewData\test\cityscapes\mask\dusseldorf_000137_000019.png,streetViewData\test\cityscapes\img\dusseldorf_000137_000019.png
3129,test,cityscapes,streetViewData\test\cityscapes\mask\dusseldorf_000138_000019.png,streetViewData\test\cityscapes\img\dusseldorf_000138_000019.png
3130,test,cityscapes,streetViewData\test\cityscapes\mask\dusseldorf_000139_000019.png,streetViewData\test\cityscapes\img\dusseldorf_000139_000019.png
3131,test,cityscapes,streetViewData\test\cityscapes\mask\dusseldorf_000140_000019.png,streetViewData\test\cityscapes\img\dusseldorf_000140_000019.png
3132,test,cityscapes,streetViewData\test\cityscapes\mask\dusseldorf_000141_000019.png,streetViewData\test\cityscapes\img\dusseldorf_000141_000019.png
3133,test,cityscapes,streetViewData\test\cityscapes\mask\dusseldorf_000142_000019.png,streetViewData\test\cityscapes\img\dusseldorf_000142_000019.png
3134,test,cityscapes,streetViewData\test\cityscapes\mask\dusseldorf_000143_000019.png,streetViewData\test\cityscapes\img\dusseldorf_000143_000019.png
3135,test,cityscapes,streetViewData\test\cityscapes\mask\dusseldorf_000144_000019.png,streetViewData\test\cityscapes\img\dusseldorf_000144_000019.png
3136,test,cityscapes,streetViewData\test\cityscapes\mask\dusseldorf_000145_000019.png,streetViewData\test\cityscapes\img\dusseldorf_000145_000019.png
3137,test,cityscapes,streetViewData\test\cityscapes\mask\dusseldorf_000146_000019.png,streetViewData\test\cityscapes\img\dusseldorf_000146_000019.png
3138,test,cityscapes,streetViewData\test\cityscapes\mask\dusseldorf_000147_000019.png,streetViewData\test\cityscapes\img\dusseldorf_000147_000019.png
3139,test,cityscapes,streetViewData\test\cityscapes\mask\dusseldorf_000148_000019.png,streetViewData\test\cityscapes\img\dusseldorf_000148_000019.png
3140,test,cityscapes,streetViewData\test\cityscapes\mask\dusseldorf_000149_000019.png,streetViewData\test\cityscapes\img\dusseldorf_000149_000019.png
3141,test,cityscapes,streetViewData\test\cityscapes\mask\dusseldorf_000150_000019.png,streetViewData\test\cityscapes\img\dusseldorf_000150_000019.png
3142,test,cityscapes,streetViewData\test\cityscapes\mask\dusseldorf_000151_000019.png,streetViewData\test\cityscapes\img\dusseldorf_000151_000019.png
3143,test,cityscapes,streetViewData\test\cityscapes\mask\dusseldorf_000152_000019.png,streetViewData\test\cityscapes\img\dusseldorf_000152_000019.png
3144,test,cityscapes,streetViewData\test\cityscapes\mask\dusseldorf_000153_000019.png,streetViewData\test\cityscapes\img\dusseldorf_000153_000019.png
3145,test,cityscapes,streetViewData\test\cityscapes\mask\dusseldorf_000154_000019.png,streetViewData\test\cityscapes\img\dusseldorf_000154_000019.png
3146,test,cityscapes,streetViewData\test\cityscapes\mask\dusseldorf_000155_000019.png,streetViewData\test\cityscapes\img\dusseldorf_000155_000019.png
3147,test,cityscapes,streetViewData\test\cityscapes\mask\dusseldorf_000156_000019.png,streetViewData\test\cityscapes\img\dusseldorf_000156_000019.png
3148,test,cityscapes,streetViewData\test\cityscapes\mask\dusseldorf_000157_000019.png,streetViewData\test\cityscapes\img\dusseldorf_000157_000019.png
3149,test,cityscapes,streetViewData\test\cityscapes\mask\dusseldorf_000158_000019.png,streetViewData\test\cityscapes\img\dusseldorf_000158_000019.png
3150,test,cityscapes,streetViewData\test\cityscapes\mask\dusseldorf_000159_000019.png,streetViewData\test\cityscapes\img\dusseldorf_000159_000019.png
3151,test,cityscapes,streetViewData\test\cityscapes\mask\dusseldorf_000160_000019.png,streetViewData\test\cityscapes\img\dusseldorf_000160_000019.png
3152,test,cityscapes,streetViewData\test\cityscapes\mask\dusseldorf_000161_000019.png,streetViewData\test\cityscapes\img\dusseldorf_000161_000019.png
3153,test,cityscapes,streetViewData\test\cityscapes\mask\dusseldorf_000162_000019.png,streetViewData\test\cityscapes\img\dusseldorf_000162_000019.png
3154,test,cityscapes,streetViewData\test\cityscapes\mask\dusseldorf_000163_000019.png,streetViewData\test\cityscapes\img\dusseldorf_000163_000019.png
3155,test,cityscapes,streetViewData\test\cityscapes\mask\dusseldorf_000164_000019.png,streetViewData\test\cityscapes\img\dusseldorf_000164_000019.png
3156,test,cityscapes,streetViewData\test\cityscapes\mask\dusseldorf_000165_000019.png,streetViewData\test\cityscapes\img\dusseldorf_000165_000019.png
3157,test,cityscapes,streetViewData\test\cityscapes\mask\dusseldorf_000166_000019.png,streetViewData\test\cityscapes\img\dusseldorf_000166_000019.png
3158,test,cityscapes,streetViewData\test\cityscapes\mask\dusseldorf_000167_000019.png,streetViewData\test\cityscapes\img\dusseldorf_000167_000019.png
3159,test,cityscapes,streetViewData\test\cityscapes\mask\dusseldorf_000168_000019.png,streetViewData\test\cityscapes\img\dusseldorf_000168_000019.png
3160,test,cityscapes,streetViewData\test\cityscapes\mask\dusseldorf_000169_000019.png,streetViewData\test\cityscapes\img\dusseldorf_000169_000019.png
3161,test,cityscapes,streetViewData\test\cityscapes\mask\dusseldorf_000170_000019.png,streetViewData\test\cityscapes\img\dusseldorf_000170_000019.png
3162,test,cityscapes,streetViewData\test\cityscapes\mask\dusseldorf_000171_000019.png,streetViewData\test\cityscapes\img\dusseldorf_000171_000019.png
3163,test,cityscapes,streetViewData\test\cityscapes\mask\dusseldorf_000172_000019.png,streetViewData\test\cityscapes\img\dusseldorf_000172_000019.png
3164,test,cityscapes,streetViewData\test\cityscapes\mask\dusseldorf_000173_000019.png,streetViewData\test\cityscapes\img\dusseldorf_000173_000019.png
3165,test,cityscapes,streetViewData\test\cityscapes\mask\dusseldorf_000174_000019.png,streetViewData\test\cityscapes\img\dusseldorf_000174_000019.png
3166,test,cityscapes,streetViewData\test\cityscapes\mask\dusseldorf_000175_000019.png,streetViewData\test\cityscapes\img\dusseldorf_000175_000019.png
3167,test,cityscapes,streetViewData\test\cityscapes\mask\dusseldorf_000176_000019.png,streetViewData\test\cityscapes\img\dusseldorf_000176_000019.png
3168,test,cityscapes,streetViewData\test\cityscapes\mask\dusseldorf_000177_000019.png,streetViewData\test\cityscapes\img\dusseldorf_000177_000019.png
3169,test,cityscapes,streetViewData\test\cityscapes\mask\dusseldorf_000178_000019.png,streetViewData\test\cityscapes\img\dusseldorf_000178_000019.png
3170,test,cityscapes,streetViewData\test\cityscapes\mask\dusseldorf_000179_000019.png,streetViewData\test\cityscapes\img\dusseldorf_000179_000019.png
3171,test,cityscapes,streetViewData\test\cityscapes\mask\dusseldorf_000180_000019.png,streetViewData\test\cityscapes\img\dusseldorf_000180_000019.png
3172,test,cityscapes,streetViewData\test\cityscapes\mask\dusseldorf_000181_000019.png,streetViewData\test\cityscapes\img\dusseldorf_000181_000019.png
3173,test,cityscapes,streetViewData\test\cityscapes\mask\dusseldorf_000182_000019.png,streetViewData\test\cityscapes\img\dusseldorf_000182_000019.png
3174,test,cityscapes,streetViewData\test\cityscapes\mask\dusseldorf_000183_000019.png,streetViewData\test\cityscapes\img\dusseldorf_000183_000019.png
3175,test,cityscapes,streetViewData\test\cityscapes\mask\dusseldorf_000184_000019.png,streetViewData\test\cityscapes\img\dusseldorf_000184_000019.png
3176,test,cityscapes,streetViewData\test\cityscapes\mask\dusseldorf_000185_000019.png,streetViewData\test\cityscapes\img\dusseldorf_000185_000019.png
3177,test,cityscapes,streetViewData\test\cityscapes\mask\dusseldorf_000186_000019.png,streetViewData\test\cityscapes\img\dusseldorf_000186_000019.png
3178,test,cityscapes,streetViewData\test\cityscapes\mask\dusseldorf_000187_000019.png,streetViewData\test\cityscapes\img\dusseldorf_000187_000019.png
3179,test,cityscapes,streetViewData\test\cityscapes\mask\dusseldorf_000188_000019.png,streetViewData\test\cityscapes\img\dusseldorf_000188_000019.png
3180,test,cityscapes,streetViewData\test\cityscapes\mask\dusseldorf_000189_000019.png,streetViewData\test\cityscapes\img\dusseldorf_000189_000019.png
3181,test,cityscapes,streetViewData\test\cityscapes\mask\dusseldorf_000190_000019.png,streetViewData\test\cityscapes\img\dusseldorf_000190_000019.png
3182,test,cityscapes,streetViewData\test\cityscapes\mask\dusseldorf_000191_000019.png,streetViewData\test\cityscapes\img\dusseldorf_000191_000019.png
3183,test,cityscapes,streetViewData\test\cityscapes\mask\dusseldorf_000192_000019.png,streetViewData\test\cityscapes\img\dusseldorf_000192_000019.png
3184,test,cityscapes,streetViewData\test\cityscapes\mask\dusseldorf_000193_000019.png,streetViewData\test\cityscapes\img\dusseldorf_000193_000019.png
3185,test,cityscapes,streetViewData\test\cityscapes\mask\dusseldorf_000194_000019.png,streetViewData\test\cityscapes\img\dusseldorf_000194_000019.png
3186,test,cityscapes,streetViewData\test\cityscapes\mask\dusseldorf_000195_000019.png,streetViewData\test\cityscapes\img\dusseldorf_000195_000019.png
3187,test,cityscapes,streetViewData\test\cityscapes\mask\dusseldorf_000196_000019.png,streetViewData\test\cityscapes\img\dusseldorf_000196_000019.png
3188,test,cityscapes,streetViewData\test\cityscapes\mask\dusseldorf_000197_000019.png,streetViewData\test\cityscapes\img\dusseldorf_000197_000019.png
3189,test,cityscapes,streetViewData\test\cityscapes\mask\dusseldorf_000198_000019.png,streetViewData\test\cityscapes\img\dusseldorf_000198_000019.png
3190,test,cityscapes,streetViewData\test\cityscapes\mask\dusseldorf_000199_000019.png,streetViewData\test\cityscapes\img\dusseldorf_000199_000019.png
3191,test,cityscapes,streetViewData\test\cityscapes\mask\dusseldorf_000200_000019.png,streetViewData\test\cityscapes\img\dusseldorf_000200_000019.png
3192,test,cityscapes,streetViewData\test\cityscapes\mask\dusseldorf_000201_000019.png,streetViewData\test\cityscapes\img\dusseldorf_000201_000019.png
3193,test,cityscapes,streetViewData\test\cityscapes\mask\dusseldorf_000202_000019.png,streetViewData\test\cityscapes\img\dusseldorf_000202_000019.png
3194,test,cityscapes,streetViewData\test\cityscapes\mask\dusseldorf_000203_000019.png,streetViewData\test\cityscapes\img\dusseldorf_000203_000019.png
3195,test,cityscapes,streetViewData\test\cityscapes\mask\dusseldorf_000204_000019.png,streetViewData\test\cityscapes\img\dusseldorf_000204_000019.png
3196,test,cityscapes,streetViewData\test\cityscapes\mask\dusseldorf_000205_000019.png,streetViewData\test\cityscapes\img\dusseldorf_000205_000019.png
3197,test,cityscapes,streetViewData\test\cityscapes\mask\dusseldorf_000206_000019.png,streetViewData\test\cityscapes\img\dusseldorf_000206_000019.png
3198,test,cityscapes,streetViewData\test\cityscapes\mask\dusseldorf_000207_000019.png,streetViewData\test\cityscapes\img\dusseldorf_000207_000019.png
3199,test,cityscapes,streetViewData\test\cityscapes\mask\dusseldorf_000208_000019.png,streetViewData\test\cityscapes\img\dusseldorf_000208_000019.png
3200,test,cityscapes,streetViewData\test\cityscapes\mask\dusseldorf_000209_000019.png,streetViewData\test\cityscapes\img\dusseldorf_000209_000019.png
3201,test,cityscapes,streetViewData\test\cityscapes\mask\dusseldorf_000210_000019.png,streetViewData\test\cityscapes\img\dusseldorf_000210_000019.png
3202,test,cityscapes,streetViewData\test\cityscapes\mask\dusseldorf_000211_000019.png,streetViewData\test\cityscapes\img\dusseldorf_000211_000019.png
3203,test,cityscapes,streetViewData\test\cityscapes\mask\dusseldorf_000212_000019.png,streetViewData\test\cityscapes\img\dusseldorf_000212_000019.png
3204,test,cityscapes,streetViewData\test\cityscapes\mask\dusseldorf_000213_000019.png,streetViewData\test\cityscapes\img\dusseldorf_000213_000019.png
3205,test,cityscapes,streetViewData\test\cityscapes\mask\dusseldorf_000214_000019.png,streetViewData\test\cityscapes\img\dusseldorf_000214_000019.png
3206,test,cityscapes,streetViewData\test\cityscapes\mask\dusseldorf_000215_000019.png,streetViewData\test\cityscapes\img\dusseldorf_000215_000019.png
3207,test,cityscapes,streetViewData\test\cityscapes\mask\dusseldorf_000216_000019.png,streetViewData\test\cityscapes\img\dusseldorf_000216_000019.png
3208,test,cityscapes,streetViewData\test\cityscapes\mask\dusseldorf_000217_000019.png,streetViewData\test\cityscapes\img\dusseldorf_000217_000019.png
3209,test,cityscapes,streetViewData\test\cityscapes\mask\dusseldorf_000218_000019.png,streetViewData\test\cityscapes\img\dusseldorf_000218_000019.png
3210,test,cityscapes,streetViewData\test\cityscapes\mask\dusseldorf_000219_000019.png,streetViewData\test\cityscapes\img\dusseldorf_000219_000019.png
3211,test,cityscapes,streetViewData\test\cityscapes\mask\dusseldorf_000220_000019.png,streetViewData\test\cityscapes\img\dusseldorf_000220_000019.png
3212,test,cityscapes,streetViewData\test\cityscapes\mask\weimar_000000_000019.png,streetViewData\test\cityscapes\img\weimar_000000_000019.png
3213,test,cityscapes,streetViewData\test\cityscapes\mask\weimar_000001_000019.png,streetViewData\test\cityscapes\img\weimar_000001_000019.png
3214,test,cityscapes,streetViewData\test\cityscapes\mask\weimar_000002_000019.png,streetViewData\test\cityscapes\img\weimar_000002_000019.png
3215,test,cityscapes,streetViewData\test\cityscapes\mask\weimar_000003_000019.png,streetViewData\test\cityscapes\img\weimar_000003_000019.png
3216,test,cityscapes,streetViewData\test\cityscapes\mask\weimar_000004_000019.png,streetViewData\test\cityscapes\img\weimar_000004_000019.png
3217,test,cityscapes,streetViewData\test\cityscapes\mask\weimar_000005_000019.png,streetViewData\test\cityscapes\img\weimar_000005_000019.png
3218,test,cityscapes,streetViewData\test\cityscapes\mask\weimar_000006_000019.png,streetViewData\test\cityscapes\img\weimar_000006_000019.png
3219,test,cityscapes,streetViewData\test\cityscapes\mask\weimar_000007_000019.png,streetViewData\test\cityscapes\img\weimar_000007_000019.png
3220,test,cityscapes,streetViewData\test\cityscapes\mask\weimar_000008_000019.png,streetViewData\test\cityscapes\img\weimar_000008_000019.png
3221,test,cityscapes,streetViewData\test\cityscapes\mask\weimar_000009_000019.png,streetViewData\test\cityscapes\img\weimar_000009_000019.png
3222,test,cityscapes,streetViewData\test\cityscapes\mask\weimar_000010_000019.png,streetViewData\test\cityscapes\img\weimar_000010_000019.png
3223,test,cityscapes,streetViewData\test\cityscapes\mask\weimar_000011_000019.png,streetViewData\test\cityscapes\img\weimar_000011_000019.png
3224,test,cityscapes,streetViewData\test\cityscapes\mask\weimar_000012_000019.png,streetViewData\test\cityscapes\img\weimar_000012_000019.png
3225,test,cityscapes,streetViewData\test\cityscapes\mask\weimar_000013_000019.png,streetViewData\test\cityscapes\img\weimar_000013_000019.png
3226,test,cityscapes,streetViewData\test\cityscapes\mask\weimar_000014_000019.png,streetViewData\test\cityscapes\img\weimar_000014_000019.png
3227,test,cityscapes,streetViewData\test\cityscapes\mask\weimar_000015_000019.png,streetViewData\test\cityscapes\img\weimar_000015_000019.png
3228,test,cityscapes,streetViewData\test\cityscapes\mask\weimar_000016_000019.png,streetViewData\test\cityscapes\img\weimar_000016_000019.png
3229,test,cityscapes,streetViewData\test\cityscapes\mask\weimar_000017_000019.png,streetViewData\test\cityscapes\img\weimar_000017_000019.png
3230,test,cityscapes,streetViewData\test\cityscapes\mask\weimar_000018_000019.png,streetViewData\test\cityscapes\img\weimar_000018_000019.png
3231,test,cityscapes,streetViewData\test\cityscapes\mask\weimar_000019_000019.png,streetViewData\test\cityscapes\img\weimar_000019_000019.png
3232,test,cityscapes,streetViewData\test\cityscapes\mask\weimar_000020_000019.png,streetViewData\test\cityscapes\img\weimar_000020_000019.png
3233,test,cityscapes,streetViewData\test\cityscapes\mask\weimar_000021_000019.png,streetViewData\test\cityscapes\img\weimar_000021_000019.png
3234,test,cityscapes,streetViewData\test\cityscapes\mask\weimar_000022_000019.png,streetViewData\test\cityscapes\img\weimar_000022_000019.png
3235,test,cityscapes,streetViewData\test\cityscapes\mask\weimar_000023_000019.png,streetViewData\test\cityscapes\img\weimar_000023_000019.png
3236,test,cityscapes,streetViewData\test\cityscapes\mask\weimar_000024_000019.png,streetViewData\test\cityscapes\img\weimar_000024_000019.png
3237,test,cityscapes,streetViewData\test\cityscapes\mask\weimar_000025_000019.png,streetViewData\test\cityscapes\img\weimar_000025_000019.png
3238,test,cityscapes,streetViewData\test\cityscapes\mask\weimar_000026_000019.png,streetViewData\test\cityscapes\img\weimar_000026_000019.png
3239,test,cityscapes,streetViewData\test\cityscapes\mask\weimar_000027_000019.png,streetViewData\test\cityscapes\img\weimar_000027_000019.png
3240,test,cityscapes,streetViewData\test\cityscapes\mask\weimar_000028_000019.png,streetViewData\test\cityscapes\img\weimar_000028_000019.png
3241,test,cityscapes,streetViewData\test\cityscapes\mask\weimar_000029_000019.png,streetViewData\test\cityscapes\img\weimar_000029_000019.png
3242,test,cityscapes,streetViewData\test\cityscapes\mask\weimar_000030_000019.png,streetViewData\test\cityscapes\img\weimar_000030_000019.png
3243,test,cityscapes,streetViewData\test\cityscapes\mask\weimar_000031_000019.png,streetViewData\test\cityscapes\img\weimar_000031_000019.png
3244,test,cityscapes,streetViewData\test\cityscapes\mask\weimar_000032_000019.png,streetViewData\test\cityscapes\img\weimar_000032_000019.png
3245,test,cityscapes,streetViewData\test\cityscapes\mask\weimar_000033_000019.png,streetViewData\test\cityscapes\img\weimar_000033_000019.png
3246,test,cityscapes,streetViewData\test\cityscapes\mask\weimar_000034_000019.png,streetViewData\test\cityscapes\img\weimar_000034_000019.png
3247,test,cityscapes,streetViewData\test\cityscapes\mask\weimar_000035_000019.png,streetViewData\test\cityscapes\img\weimar_000035_000019.png
3248,test,cityscapes,streetViewData\test\cityscapes\mask\weimar_000036_000019.png,streetViewData\test\cityscapes\img\weimar_000036_000019.png
3249,test,cityscapes,streetViewData\test\cityscapes\mask\weimar_000037_000019.png,streetViewData\test\cityscapes\img\weimar_000037_000019.png
3250,test,cityscapes,streetViewData\test\cityscapes\mask\weimar_000038_000019.png,streetViewData\test\cityscapes\img\weimar_000038_000019.png
3251,test,cityscapes,streetViewData\test\cityscapes\mask\weimar_000039_000019.png,streetViewData\test\cityscapes\img\weimar_000039_000019.png
3252,test,cityscapes,streetViewData\test\cityscapes\mask\weimar_000040_000019.png,streetViewData\test\cityscapes\img\weimar_000040_000019.png
3253,test,cityscapes,streetViewData\test\cityscapes\mask\weimar_000041_000019.png,streetViewData\test\cityscapes\img\weimar_000041_000019.png
3254,test,cityscapes,streetViewData\test\cityscapes\mask\weimar_000042_000019.png,streetViewData\test\cityscapes\img\weimar_000042_000019.png
3255,test,cityscapes,streetViewData\test\cityscapes\mask\weimar_000043_000019.png,streetViewData\test\cityscapes\img\weimar_000043_000019.png
3256,test,cityscapes,streetViewData\test\cityscapes\mask\weimar_000044_000019.png,streetViewData\test\cityscapes\img\weimar_000044_000019.png
3257,test,cityscapes,streetViewData\test\cityscapes\mask\weimar_000045_000019.png,streetViewData\test\cityscapes\img\weimar_000045_000019.png
3258,test,cityscapes,streetViewData\test\cityscapes\mask\weimar_000046_000019.png,streetViewData\test\cityscapes\img\weimar_000046_000019.png
3259,test,cityscapes,streetViewData\test\cityscapes\mask\weimar_000047_000019.png,streetViewData\test\cityscapes\img\weimar_000047_000019.png
3260,test,cityscapes,streetViewData\test\cityscapes\mask\weimar_000048_000019.png,streetViewData\test\cityscapes\img\weimar_000048_000019.png
3261,test,cityscapes,streetViewData\test\cityscapes\mask\weimar_000049_000019.png,streetViewData\test\cityscapes\img\weimar_000049_000019.png
3262,test,cityscapes,streetViewData\test\cityscapes\mask\weimar_000050_000019.png,streetViewData\test\cityscapes\img\weimar_000050_000019.png
3263,test,cityscapes,streetViewData\test\cityscapes\mask\weimar_000051_000019.png,streetViewData\test\cityscapes\img\weimar_000051_000019.png
3264,test,cityscapes,streetViewData\test\cityscapes\mask\weimar_000052_000019.png,streetViewData\test\cityscapes\img\weimar_000052_000019.png
3265,test,cityscapes,streetViewData\test\cityscapes\mask\weimar_000053_000019.png,streetViewData\test\cityscapes\img\weimar_000053_000019.png
3266,test,cityscapes,streetViewData\test\cityscapes\mask\weimar_000054_000019.png,streetViewData\test\cityscapes\img\weimar_000054_000019.png
3267,test,cityscapes,streetViewData\test\cityscapes\mask\weimar_000055_000019.png,streetViewData\test\cityscapes\img\weimar_000055_000019.png
3268,test,cityscapes,streetViewData\test\cityscapes\mask\weimar_000056_000019.png,streetViewData\test\cityscapes\img\weimar_000056_000019.png
3269,test,cityscapes,streetViewData\test\cityscapes\mask\weimar_000057_000019.png,streetViewData\test\cityscapes\img\weimar_000057_000019.png
3270,test,cityscapes,streetViewData\test\cityscapes\mask\weimar_000058_000019.png,streetViewData\test\cityscapes\img\weimar_000058_000019.png
3271,test,cityscapes,streetViewData\test\cityscapes\mask\weimar_000059_000019.png,streetViewData\test\cityscapes\img\weimar_000059_000019.png
3272,test,cityscapes,streetViewData\test\cityscapes\mask\weimar_000060_000019.png,streetViewData\test\cityscapes\img\weimar_000060_000019.png
3273,test,cityscapes,streetViewData\test\cityscapes\mask\weimar_000061_000019.png,streetViewData\test\cityscapes\img\weimar_000061_000019.png
3274,test,cityscapes,streetViewData\test\cityscapes\mask\weimar_000062_000019.png,streetViewData\test\cityscapes\img\weimar_000062_000019.png
3275,test,cityscapes,streetViewData\test\cityscapes\mask\weimar_000063_000019.png,streetViewData\test\cityscapes\img\weimar_000063_000019.png
3276,test,cityscapes,streetViewData\test\cityscapes\mask\weimar_000064_000019.png,streetViewData\test\cityscapes\img\weimar_000064_000019.png
3277,test,cityscapes,streetViewData\test\cityscapes\mask\weimar_000065_000019.png,streetViewData\test\cityscapes\img\weimar_000065_000019.png
3278,test,cityscapes,streetViewData\test\cityscapes\mask\weimar_000066_000019.png,streetViewData\test\cityscapes\img\weimar_000066_000019.png
3279,test,cityscapes,streetViewData\test\cityscapes\mask\weimar_000067_000019.png,streetViewData\test\cityscapes\img\weimar_000067_000019.png
3280,test,cityscapes,streetViewData\test\cityscapes\mask\weimar_000068_000019.png,streetViewData\test\cityscapes\img\weimar_000068_000019.png
3281,test,cityscapes,streetViewData\test\cityscapes\mask\weimar_000069_000019.png,streetViewData\test\cityscapes\img\weimar_000069_000019.png
3282,test,cityscapes,streetViewData\test\cityscapes\mask\weimar_000070_000019.png,streetViewData\test\cityscapes\img\weimar_000070_000019.png
3283,test,cityscapes,streetViewData\test\cityscapes\mask\weimar_000071_000019.png,streetViewData\test\cityscapes\img\weimar_000071_000019.png
3284,test,cityscapes,streetViewData\test\cityscapes\mask\weimar_000072_000019.png,streetViewData\test\cityscapes\img\weimar_000072_000019.png
3285,test,cityscapes,streetViewData\test\cityscapes\mask\weimar_000073_000019.png,streetViewData\test\cityscapes\img\weimar_000073_000019.png
3286,test,cityscapes,streetViewData\test\cityscapes\mask\weimar_000074_000019.png,streetViewData\test\cityscapes\img\weimar_000074_000019.png
3287,test,cityscapes,streetViewData\test\cityscapes\mask\weimar_000075_000019.png,streetViewData\test\cityscapes\img\weimar_000075_000019.png
3288,test,cityscapes,streetViewData\test\cityscapes\mask\weimar_000076_000019.png,streetViewData\test\cityscapes\img\weimar_000076_000019.png
3289,test,cityscapes,streetViewData\test\cityscapes\mask\weimar_000077_000019.png,streetViewData\test\cityscapes\img\weimar_000077_000019.png
3290,test,cityscapes,streetViewData\test\cityscapes\mask\weimar_000078_000019.png,streetViewData\test\cityscapes\img\weimar_000078_000019.png
3291,test,cityscapes,streetViewData\test\cityscapes\mask\weimar_000079_000019.png,streetViewData\test\cityscapes\img\weimar_000079_000019.png
3292,test,cityscapes,streetViewData\test\cityscapes\mask\weimar_000080_000019.png,streetViewData\test\cityscapes\img\weimar_000080_000019.png
3293,test,cityscapes,streetViewData\test\cityscapes\mask\weimar_000081_000019.png,streetViewData\test\cityscapes\img\weimar_000081_000019.png
3294,test,cityscapes,streetViewData\test\cityscapes\mask\weimar_000082_000019.png,streetViewData\test\cityscapes\img\weimar_000082_000019.png
3295,test,cityscapes,streetViewData\test\cityscapes\mask\weimar_000083_000019.png,streetViewData\test\cityscapes\img\weimar_000083_000019.png
3296,test,cityscapes,streetViewData\test\cityscapes\mask\weimar_000084_000019.png,streetViewData\test\cityscapes\img\weimar_000084_000019.png
3297,test,cityscapes,streetViewData\test\cityscapes\mask\weimar_000085_000019.png,streetViewData\test\cityscapes\img\weimar_000085_000019.png
3298,test,cityscapes,streetViewData\test\cityscapes\mask\weimar_000086_000019.png,streetViewData\test\cityscapes\img\weimar_000086_000019.png
3299,test,cityscapes,streetViewData\test\cityscapes\mask\weimar_000087_000019.png,streetViewData\test\cityscapes\img\weimar_000087_000019.png
3300,test,cityscapes,streetViewData\test\cityscapes\mask\weimar_000088_000019.png,streetViewData\test\cityscapes\img\weimar_000088_000019.png
3301,test,cityscapes,streetViewData\test\cityscapes\mask\weimar_000089_000019.png,streetViewData\test\cityscapes\img\weimar_000089_000019.png
3302,test,cityscapes,streetViewData\test\cityscapes\mask\weimar_000090_000019.png,streetViewData\test\cityscapes\img\weimar_000090_000019.png
3303,test,cityscapes,streetViewData\test\cityscapes\mask\weimar_000091_000019.png,streetViewData\test\cityscapes\img\weimar_000091_000019.png
3304,test,cityscapes,streetViewData\test\cityscapes\mask\weimar_000092_000019.png,streetViewData\test\cityscapes\img\weimar_000092_000019.png
3305,test,cityscapes,streetViewData\test\cityscapes\mask\weimar_000093_000019.png,streetViewData\test\cityscapes\img\weimar_000093_000019.png
3306,test,cityscapes,streetViewData\test\cityscapes\mask\weimar_000094_000019.png,streetViewData\test\cityscapes\img\weimar_000094_000019.png
3307,test,cityscapes,streetViewData\test\cityscapes\mask\weimar_000095_000019.png,streetViewData\test\cityscapes\img\weimar_000095_000019.png
3308,test,cityscapes,streetViewData\test\cityscapes\mask\weimar_000096_000019.png,streetViewData\test\cityscapes\img\weimar_000096_000019.png
3309,test,cityscapes,streetViewData\test\cityscapes\mask\weimar_000097_000019.png,streetViewData\test\cityscapes\img\weimar_000097_000019.png
3310,test,cityscapes,streetViewData\test\cityscapes\mask\weimar_000098_000019.png,streetViewData\test\cityscapes\img\weimar_000098_000019.png
3311,test,cityscapes,streetViewData\test\cityscapes\mask\weimar_000099_000019.png,streetViewData\test\cityscapes\img\weimar_000099_000019.png
3312,test,cityscapes,streetViewData\test\cityscapes\mask\weimar_000100_000019.png,streetViewData\test\cityscapes\img\weimar_000100_000019.png
3313,test,cityscapes,streetViewData\test\cityscapes\mask\weimar_000101_000019.png,streetViewData\test\cityscapes\img\weimar_000101_000019.png
3314,test,cityscapes,streetViewData\test\cityscapes\mask\weimar_000102_000019.png,streetViewData\test\cityscapes\img\weimar_000102_000019.png
3315,test,cityscapes,streetViewData\test\cityscapes\mask\weimar_000103_000019.png,streetViewData\test\cityscapes\img\weimar_000103_000019.png
3316,test,cityscapes,streetViewData\test\cityscapes\mask\weimar_000104_000019.png,streetViewData\test\cityscapes\img\weimar_000104_000019.png
3317,test,cityscapes,streetViewData\test\cityscapes\mask\weimar_000105_000019.png,streetViewData\test\cityscapes\img\weimar_000105_000019.png
3318,test,cityscapes,streetViewData\test\cityscapes\mask\weimar_000106_000019.png,streetViewData\test\cityscapes\img\weimar_000106_000019.png
3319,test,cityscapes,streetViewData\test\cityscapes\mask\weimar_000107_000019.png,streetViewData\test\cityscapes\img\weimar_000107_000019.png
3320,test,cityscapes,streetViewData\test\cityscapes\mask\weimar_000108_000019.png,streetViewData\test\cityscapes\img\weimar_000108_000019.png
3321,test,cityscapes,streetViewData\test\cityscapes\mask\weimar_000109_000019.png,streetViewData\test\cityscapes\img\weimar_000109_000019.png
3322,test,cityscapes,streetViewData\test\cityscapes\mask\weimar_000110_000019.png,streetViewData\test\cityscapes\img\weimar_000110_000019.png
3323,test,cityscapes,streetViewData\test\cityscapes\mask\weimar_000111_000019.png,streetViewData\test\cityscapes\img\weimar_000111_000019.png
3324,test,cityscapes,streetViewData\test\cityscapes\mask\weimar_000112_000019.png,streetViewData\test\cityscapes\img\weimar_000112_000019.png
3325,test,cityscapes,streetViewData\test\cityscapes\mask\weimar_000113_000019.png,streetViewData\test\cityscapes\img\weimar_000113_000019.png
3326,test,cityscapes,streetViewData\test\cityscapes\mask\weimar_000114_000019.png,streetViewData\test\cityscapes\img\weimar_000114_000019.png
3327,test,cityscapes,streetViewData\test\cityscapes\mask\weimar_000115_000019.png,streetViewData\test\cityscapes\img\weimar_000115_000019.png
3328,test,cityscapes,streetViewData\test\cityscapes\mask\weimar_000116_000019.png,streetViewData\test\cityscapes\img\weimar_000116_000019.png
3329,test,cityscapes,streetViewData\test\cityscapes\mask\weimar_000117_000019.png,streetViewData\test\cityscapes\img\weimar_000117_000019.png
3330,test,cityscapes,streetViewData\test\cityscapes\mask\weimar_000118_000019.png,streetViewData\test\cityscapes\img\weimar_000118_000019.png
3331,test,cityscapes,streetViewData\test\cityscapes\mask\weimar_000119_000019.png,streetViewData\test\cityscapes\img\weimar_000119_000019.png
3332,test,cityscapes,streetViewData\test\cityscapes\mask\weimar_000120_000019.png,streetViewData\test\cityscapes\img\weimar_000120_000019.png
3333,test,cityscapes,streetViewData\test\cityscapes\mask\weimar_000121_000019.png,streetViewData\test\cityscapes\img\weimar_000121_000019.png
3334,test,cityscapes,streetViewData\test\cityscapes\mask\weimar_000122_000019.png,streetViewData\test\cityscapes\img\weimar_000122_000019.png
3335,test,cityscapes,streetViewData\test\cityscapes\mask\weimar_000123_000019.png,streetViewData\test\cityscapes\img\weimar_000123_000019.png
3336,test,cityscapes,streetViewData\test\cityscapes\mask\weimar_000124_000019.png,streetViewData\test\cityscapes\img\weimar_000124_000019.png
3337,test,cityscapes,streetViewData\test\cityscapes\mask\weimar_000125_000019.png,streetViewData\test\cityscapes\img\weimar_000125_000019.png
3338,test,cityscapes,streetViewData\test\cityscapes\mask\weimar_000126_000019.png,streetViewData\test\cityscapes\img\weimar_000126_000019.png
3339,test,cityscapes,streetViewData\test\cityscapes\mask\weimar_000127_000019.png,streetViewData\test\cityscapes\img\weimar_000127_000019.png
3340,test,cityscapes,streetViewData\test\cityscapes\mask\weimar_000128_000019.png,streetViewData\test\cityscapes\img\weimar_000128_000019.png
3341,test,cityscapes,streetViewData\test\cityscapes\mask\weimar_000129_000019.png,streetViewData\test\cityscapes\img\weimar_000129_000019.png
3342,test,cityscapes,streetViewData\test\cityscapes\mask\weimar_000130_000019.png,streetViewData\test\cityscapes\img\weimar_000130_000019.png
3343,test,cityscapes,streetViewData\test\cityscapes\mask\weimar_000131_000019.png,streetViewData\test\cityscapes\img\weimar_000131_000019.png
3344,test,cityscapes,streetViewData\test\cityscapes\mask\weimar_000132_000019.png,streetViewData\test\cityscapes\img\weimar_000132_000019.png
3345,test,cityscapes,streetViewData\test\cityscapes\mask\weimar_000133_000019.png,streetViewData\test\cityscapes\img\weimar_000133_000019.png
3346,test,cityscapes,streetViewData\test\cityscapes\mask\weimar_000134_000019.png,streetViewData\test\cityscapes\img\weimar_000134_000019.png
3347,test,cityscapes,streetViewData\test\cityscapes\mask\weimar_000135_000019.png,streetViewData\test\cityscapes\img\weimar_000135_000019.png
3348,test,cityscapes,streetViewData\test\cityscapes\mask\weimar_000136_000019.png,streetViewData\test\cityscapes\img\weimar_000136_000019.png
3349,test,cityscapes,streetViewData\test\cityscapes\mask\weimar_000137_000019.png,streetViewData\test\cityscapes\img\weimar_000137_000019.png
3350,test,cityscapes,streetViewData\test\cityscapes\mask\weimar_000138_000019.png,streetViewData\test\cityscapes\img\weimar_000138_000019.png
3351,test,cityscapes,streetViewData\test\cityscapes\mask\weimar_000139_000019.png,streetViewData\test\cityscapes\img\weimar_000139_000019.png
3352,test,cityscapes,streetViewData\test\cityscapes\mask\weimar_000140_000019.png,streetViewData\test\cityscapes\img\weimar_000140_000019.png
3353,test,cityscapes,streetViewData\test\cityscapes\mask\weimar_000141_000019.png,streetViewData\test\cityscapes\img\weimar_000141_000019.png
3354,test,cityscapes,streetViewData\test\cityscapes\mask\zurich_000000_000019.png,streetViewData\test\cityscapes\img\zurich_000000_000019.png
3355,test,cityscapes,streetViewData\test\cityscapes\mask\zurich_000001_000019.png,streetViewData\test\cityscapes\img\zurich_000001_000019.png
3356,test,cityscapes,streetViewData\test\cityscapes\mask\zurich_000002_000019.png,streetViewData\test\cityscapes\img\zurich_000002_000019.png
3357,test,cityscapes,streetViewData\test\cityscapes\mask\zurich_000003_000019.png,streetViewData\test\cityscapes\img\zurich_000003_000019.png
3358,test,cityscapes,streetViewData\test\cityscapes\mask\zurich_000004_000019.png,streetViewData\test\cityscapes\img\zurich_000004_000019.png
3359,test,cityscapes,streetViewData\test\cityscapes\mask\zurich_000005_000019.png,streetViewData\test\cityscapes\img\zurich_000005_000019.png
3360,test,cityscapes,streetViewData\test\cityscapes\mask\zurich_000006_000019.png,streetViewData\test\cityscapes\img\zurich_000006_000019.png
3361,test,cityscapes,streetViewData\test\cityscapes\mask\zurich_000007_000019.png,streetViewData\test\cityscapes\img\zurich_000007_000019.png
3362,test,cityscapes,streetViewData\test\cityscapes\mask\zurich_000008_000019.png,streetViewData\test\cityscapes\img\zurich_000008_000019.png
3363,test,cityscapes,streetViewData\test\cityscapes\mask\zurich_000009_000019.png,streetViewData\test\cityscapes\img\zurich_000009_000019.png
3364,test,cityscapes,streetViewData\test\cityscapes\mask\zurich_000010_000019.png,streetViewData\test\cityscapes\img\zurich_000010_000019.png
3365,test,cityscapes,streetViewData\test\cityscapes\mask\zurich_000011_000019.png,streetViewData\test\cityscapes\img\zurich_000011_000019.png
3366,test,cityscapes,streetViewData\test\cityscapes\mask\zurich_000012_000019.png,streetViewData\test\cityscapes\img\zurich_000012_000019.png
3367,test,cityscapes,streetViewData\test\cityscapes\mask\zurich_000013_000019.png,streetViewData\test\cityscapes\img\zurich_000013_000019.png
3368,test,cityscapes,streetViewData\test\cityscapes\mask\zurich_000014_000019.png,streetViewData\test\cityscapes\img\zurich_000014_000019.png
3369,test,cityscapes,streetViewData\test\cityscapes\mask\zurich_000015_000019.png,streetViewData\test\cityscapes\img\zurich_000015_000019.png
3370,test,cityscapes,streetViewData\test\cityscapes\mask\zurich_000016_000019.png,streetViewData\test\cityscapes\img\zurich_000016_000019.png
3371,test,cityscapes,streetViewData\test\cityscapes\mask\zurich_000017_000019.png,streetViewData\test\cityscapes\img\zurich_000017_000019.png
3372,test,cityscapes,streetViewData\test\cityscapes\mask\zurich_000018_000019.png,streetViewData\test\cityscapes\img\zurich_000018_000019.png
3373,test,cityscapes,streetViewData\test\cityscapes\mask\zurich_000019_000019.png,streetViewData\test\cityscapes\img\zurich_000019_000019.png
3374,test,cityscapes,streetViewData\test\cityscapes\mask\zurich_000020_000019.png,streetViewData\test\cityscapes\img\zurich_000020_000019.png
3375,test,cityscapes,streetViewData\test\cityscapes\mask\zurich_000021_000019.png,streetViewData\test\cityscapes\img\zurich_000021_000019.png
3376,test,cityscapes,streetViewData\test\cityscapes\mask\zurich_000022_000019.png,streetViewData\test\cityscapes\img\zurich_000022_000019.png
3377,test,cityscapes,streetViewData\test\cityscapes\mask\zurich_000023_000019.png,streetViewData\test\cityscapes\img\zurich_000023_000019.png
3378,test,cityscapes,streetViewData\test\cityscapes\mask\zurich_000024_000019.png,streetViewData\test\cityscapes\img\zurich_000024_000019.png
3379,test,cityscapes,streetViewData\test\cityscapes\mask\zurich_000025_000019.png,streetViewData\test\cityscapes\img\zurich_000025_000019.png
3380,test,cityscapes,streetViewData\test\cityscapes\mask\zurich_000026_000019.png,streetViewData\test\cityscapes\img\zurich_000026_000019.png
3381,test,cityscapes,streetViewData\test\cityscapes\mask\zurich_000027_000019.png,streetViewData\test\cityscapes\img\zurich_000027_000019.png
3382,test,cityscapes,streetViewData\test\cityscapes\mask\zurich_000028_000019.png,streetViewData\test\cityscapes\img\zurich_000028_000019.png
3383,test,cityscapes,streetViewData\test\cityscapes\mask\zurich_000029_000019.png,streetViewData\test\cityscapes\img\zurich_000029_000019.png
3384,test,cityscapes,streetViewData\test\cityscapes\mask\zurich_000030_000019.png,streetViewData\test\cityscapes\img\zurich_000030_000019.png
3385,test,cityscapes,streetViewData\test\cityscapes\mask\zurich_000031_000019.png,streetViewData\test\cityscapes\img\zurich_000031_000019.png
3386,test,cityscapes,streetViewData\test\cityscapes\mask\zurich_000032_000019.png,streetViewData\test\cityscapes\img\zurich_000032_000019.png
3387,test,cityscapes,streetViewData\test\cityscapes\mask\zurich_000033_000019.png,streetViewData\test\cityscapes\img\zurich_000033_000019.png
3388,test,cityscapes,streetViewData\test\cityscapes\mask\zurich_000034_000019.png,streetViewData\test\cityscapes\img\zurich_000034_000019.png
3389,test,cityscapes,streetViewData\test\cityscapes\mask\zurich_000035_000019.png,streetViewData\test\cityscapes\img\zurich_000035_000019.png
3390,test,cityscapes,streetViewData\test\cityscapes\mask\zurich_000036_000019.png,streetViewData\test\cityscapes\img\zurich_000036_000019.png
3391,test,cityscapes,streetViewData\test\cityscapes\mask\zurich_000037_000019.png,streetViewData\test\cityscapes\img\zurich_000037_000019.png
3392,test,cityscapes,streetViewData\test\cityscapes\mask\zurich_000038_000019.png,streetViewData\test\cityscapes\img\zurich_000038_000019.png
3393,test,cityscapes,streetViewData\test\cityscapes\mask\zurich_000039_000019.png,streetViewData\test\cityscapes\img\zurich_000039_000019.png
3394,test,cityscapes,streetViewData\test\cityscapes\mask\zurich_000040_000019.png,streetViewData\test\cityscapes\img\zurich_000040_000019.png
3395,test,cityscapes,streetViewData\test\cityscapes\mask\zurich_000041_000019.png,streetViewData\test\cityscapes\img\zurich_000041_000019.png
3396,test,cityscapes,streetViewData\test\cityscapes\mask\zurich_000042_000019.png,streetViewData\test\cityscapes\img\zurich_000042_000019.png
3397,test,cityscapes,streetViewData\test\cityscapes\mask\zurich_000043_000019.png,streetViewData\test\cityscapes\img\zurich_000043_000019.png
3398,test,cityscapes,streetViewData\test\cityscapes\mask\zurich_000044_000019.png,streetViewData\test\cityscapes\img\zurich_000044_000019.png
3399,test,cityscapes,streetViewData\test\cityscapes\mask\zurich_000045_000019.png,streetViewData\test\cityscapes\img\zurich_000045_000019.png
3400,test,cityscapes,streetViewData\test\cityscapes\mask\zurich_000046_000019.png,streetViewData\test\cityscapes\img\zurich_000046_000019.png
3401,test,cityscapes,streetViewData\test\cityscapes\mask\zurich_000047_000019.png,streetViewData\test\cityscapes\img\zurich_000047_000019.png
3402,test,cityscapes,streetViewData\test\cityscapes\mask\zurich_000048_000019.png,streetViewData\test\cityscapes\img\zurich_000048_000019.png
3403,test,cityscapes,streetViewData\test\cityscapes\mask\zurich_000049_000019.png,streetViewData\test\cityscapes\img\zurich_000049_000019.png
3404,test,cityscapes,streetViewData\test\cityscapes\mask\zurich_000050_000019.png,streetViewData\test\cityscapes\img\zurich_000050_000019.png
3405,test,cityscapes,streetViewData\test\cityscapes\mask\zurich_000051_000019.png,streetViewData\test\cityscapes\img\zurich_000051_000019.png
3406,test,cityscapes,streetViewData\test\cityscapes\mask\zurich_000052_000019.png,streetViewData\test\cityscapes\img\zurich_000052_000019.png
3407,test,cityscapes,streetViewData\test\cityscapes\mask\zurich_000053_000019.png,streetViewData\test\cityscapes\img\zurich_000053_000019.png
3408,test,cityscapes,streetViewData\test\cityscapes\mask\zurich_000054_000019.png,streetViewData\test\cityscapes\img\zurich_000054_000019.png
3409,test,cityscapes,streetViewData\test\cityscapes\mask\zurich_000055_000019.png,streetViewData\test\cityscapes\img\zurich_000055_000019.png
3410,test,cityscapes,streetViewData\test\cityscapes\mask\zurich_000056_000019.png,streetViewData\test\cityscapes\img\zurich_000056_000019.png
3411,test,cityscapes,streetViewData\test\cityscapes\mask\zurich_000057_000019.png,streetViewData\test\cityscapes\img\zurich_000057_000019.png
3412,test,cityscapes,streetViewData\test\cityscapes\mask\zurich_000058_000019.png,streetViewData\test\cityscapes\img\zurich_000058_000019.png
3413,test,cityscapes,streetViewData\test\cityscapes\mask\zurich_000059_000019.png,streetViewData\test\cityscapes\img\zurich_000059_000019.png
3414,test,cityscapes,streetViewData\test\cityscapes\mask\zurich_000060_000019.png,streetViewData\test\cityscapes\img\zurich_000060_000019.png
3415,test,cityscapes,streetViewData\test\cityscapes\mask\zurich_000061_000019.png,streetViewData\test\cityscapes\img\zurich_000061_000019.png
3416,test,cityscapes,streetViewData\test\cityscapes\mask\zurich_000062_000019.png,streetViewData\test\cityscapes\img\zurich_000062_000019.png
3417,test,cityscapes,streetViewData\test\cityscapes\mask\zurich_000063_000019.png,streetViewData\test\cityscapes\img\zurich_000063_000019.png
3418,test,cityscapes,streetViewData\test\cityscapes\mask\zurich_000064_000019.png,streetViewData\test\cityscapes\img\zurich_000064_000019.png
3419,test,cityscapes,streetViewData\test\cityscapes\mask\zurich_000065_000019.png,streetViewData\test\cityscapes\img\zurich_000065_000019.png
3420,test,cityscapes,streetViewData\test\cityscapes\mask\zurich_000066_000019.png,streetViewData\test\cityscapes\img\zurich_000066_000019.png
3421,test,cityscapes,streetViewData\test\cityscapes\mask\zurich_000067_000019.png,streetViewData\test\cityscapes\img\zurich_000067_000019.png
3422,test,cityscapes,streetViewData\test\cityscapes\mask\zurich_000068_000019.png,streetViewData\test\cityscapes\img\zurich_000068_000019.png
3423,test,cityscapes,streetViewData\test\cityscapes\mask\zurich_000069_000019.png,streetViewData\test\cityscapes\img\zurich_000069_000019.png
3424,test,cityscapes,streetViewData\test\cityscapes\mask\zurich_000070_000019.png,streetViewData\test\cityscapes\img\zurich_000070_000019.png
3425,test,cityscapes,streetViewData\test\cityscapes\mask\zurich_000071_000019.png,streetViewData\test\cityscapes\img\zurich_000071_000019.png
3426,test,cityscapes,streetViewData\test\cityscapes\mask\zurich_000072_000019.png,streetViewData\test\cityscapes\img\zurich_000072_000019.png
3427,test,cityscapes,streetViewData\test\cityscapes\mask\zurich_000073_000019.png,streetViewData\test\cityscapes\img\zurich_000073_000019.png
3428,test,cityscapes,streetViewData\test\cityscapes\mask\zurich_000074_000019.png,streetViewData\test\cityscapes\img\zurich_000074_000019.png
3429,test,cityscapes,streetViewData\test\cityscapes\mask\zurich_000075_000019.png,streetViewData\test\cityscapes\img\zurich_000075_000019.png
3430,test,cityscapes,streetViewData\test\cityscapes\mask\zurich_000076_000019.png,streetViewData\test\cityscapes\img\zurich_000076_000019.png
3431,test,cityscapes,streetViewData\test\cityscapes\mask\zurich_000077_000019.png,streetViewData\test\cityscapes\img\zurich_000077_000019.png
3432,test,cityscapes,streetViewData\test\cityscapes\mask\zurich_000078_000019.png,streetViewData\test\cityscapes\img\zurich_000078_000019.png
3433,test,cityscapes,streetViewData\test\cityscapes\mask\zurich_000079_000019.png,streetViewData\test\cityscapes\img\zurich_000079_000019.png
3434,test,cityscapes,streetViewData\test\cityscapes\mask\zurich_000080_000019.png,streetViewData\test\cityscapes\img\zurich_000080_000019.png
3435,test,cityscapes,streetViewData\test\cityscapes\mask\zurich_000081_000019.png,streetViewData\test\cityscapes\img\zurich_000081_000019.png
3436,test,cityscapes,streetViewData\test\cityscapes\mask\zurich_000082_000019.png,streetViewData\test\cityscapes\img\zurich_000082_000019.png
3437,test,cityscapes,streetViewData\test\cityscapes\mask\zurich_000083_000019.png,streetViewData\test\cityscapes\img\zurich_000083_000019.png
3438,test,cityscapes,streetViewData\test\cityscapes\mask\zurich_000084_000019.png,streetViewData\test\cityscapes\img\zurich_000084_000019.png
3439,test,cityscapes,streetViewData\test\cityscapes\mask\zurich_000085_000019.png,streetViewData\test\cityscapes\img\zurich_000085_000019.png
3440,test,cityscapes,streetViewData\test\cityscapes\mask\zurich_000086_000019.png,streetViewData\test\cityscapes\img\zurich_000086_000019.png
3441,test,cityscapes,streetViewData\test\cityscapes\mask\zurich_000087_000019.png,streetViewData\test\cityscapes\img\zurich_000087_000019.png
3442,test,cityscapes,streetViewData\test\cityscapes\mask\zurich_000088_000019.png,streetViewData\test\cityscapes\img\zurich_000088_000019.png
3443,test,cityscapes,streetViewData\test\cityscapes\mask\zurich_000089_000019.png,streetViewData\test\cityscapes\img\zurich_000089_000019.png
3444,test,cityscapes,streetViewData\test\cityscapes\mask\zurich_000090_000019.png,streetViewData\test\cityscapes\img\zurich_000090_000019.png
3445,test,cityscapes,streetViewData\test\cityscapes\mask\zurich_000091_000019.png,streetViewData\test\cityscapes\img\zurich_000091_000019.png
3446,test,cityscapes,streetViewData\test\cityscapes\mask\zurich_000092_000019.png,streetViewData\test\cityscapes\img\zurich_000092_000019.png
3447,test,cityscapes,streetViewData\test\cityscapes\mask\zurich_000093_000019.png,streetViewData\test\cityscapes\img\zurich_000093_000019.png
3448,test,cityscapes,streetViewData\test\cityscapes\mask\zurich_000094_000019.png,streetViewData\test\cityscapes\img\zurich_000094_000019.png
3449,test,cityscapes,streetViewData\test\cityscapes\mask\zurich_000095_000019.png,streetViewData\test\cityscapes\img\zurich_000095_000019.png
3450,test,cityscapes,streetViewData\test\cityscapes\mask\zurich_000096_000019.png,streetViewData\test\cityscapes\img\zurich_000096_000019.png
3451,test,cityscapes,streetViewData\test\cityscapes\mask\zurich_000097_000019.png,streetViewData\test\cityscapes\img\zurich_000097_000019.png
3452,test,cityscapes,streetViewData\test\cityscapes\mask\zurich_000098_000019.png,streetViewData\test\cityscapes\img\zurich_000098_000019.png
3453,test,cityscapes,streetViewData\test\cityscapes\mask\zurich_000099_000019.png,streetViewData\test\cityscapes\img\zurich_000099_000019.png
3454,test,cityscapes,streetViewData\test\cityscapes\mask\zurich_000100_000019.png,streetViewData\test\cityscapes\img\zurich_000100_000019.png
3455,test,cityscapes,streetViewData\test\cityscapes\mask\zurich_000101_000019.png,streetViewData\test\cityscapes\img\zurich_000101_000019.png
3456,test,cityscapes,streetViewData\test\cityscapes\mask\zurich_000102_000019.png,streetViewData\test\cityscapes\img\zurich_000102_000019.png
3457,test,cityscapes,streetViewData\test\cityscapes\mask\zurich_000103_000019.png,streetViewData\test\cityscapes\img\zurich_000103_000019.png
3458,test,cityscapes,streetViewData\test\cityscapes\mask\zurich_000104_000019.png,streetViewData\test\cityscapes\img\zurich_000104_000019.png
3459,test,cityscapes,streetViewData\test\cityscapes\mask\zurich_000105_000019.png,streetViewData\test\cityscapes\img\zurich_000105_000019.png
3460,test,cityscapes,streetViewData\test\cityscapes\mask\zurich_000106_000019.png,streetViewData\test\cityscapes\img\zurich_000106_000019.png
3461,test,cityscapes,streetViewData\test\cityscapes\mask\zurich_000107_000019.png,streetViewData\test\cityscapes\img\zurich_000107_000019.png
3462,test,cityscapes,streetViewData\test\cityscapes\mask\zurich_000108_000019.png,streetViewData\test\cityscapes\img\zurich_000108_000019.png
3463,test,cityscapes,streetViewData\test\cityscapes\mask\zurich_000109_000019.png,streetViewData\test\cityscapes\img\zurich_000109_000019.png
3464,test,cityscapes,streetViewData\test\cityscapes\mask\zurich_000110_000019.png,streetViewData\test\cityscapes\img\zurich_000110_000019.png
3465,test,cityscapes,streetViewData\test\cityscapes\mask\zurich_000111_000019.png,streetViewData\test\cityscapes\img\zurich_000111_000019.png
3466,test,cityscapes,streetViewData\test\cityscapes\mask\zurich_000112_000019.png,streetViewData\test\cityscapes\img\zurich_000112_000019.png
3467,test,cityscapes,streetViewData\test\cityscapes\mask\zurich_000113_000019.png,streetViewData\test\cityscapes\img\zurich_000113_000019.png
3468,test,cityscapes,streetViewData\test\cityscapes\mask\zurich_000114_000019.png,streetViewData\test\cityscapes\img\zurich_000114_000019.png
3469,test,cityscapes,streetViewData\test\cityscapes\mask\zurich_000115_000019.png,streetViewData\test\cityscapes\img\zurich_000115_000019.png
3470,test,cityscapes,streetViewData\test\cityscapes\mask\zurich_000116_000019.png,streetViewData\test\cityscapes\img\zurich_000116_000019.png
3471,test,cityscapes,streetViewData\test\cityscapes\mask\zurich_000117_000019.png,streetViewData\test\cityscapes\img\zurich_000117_000019.png
3472,test,cityscapes,streetViewData\test\cityscapes\mask\zurich_000118_000019.png,streetViewData\test\cityscapes\img\zurich_000118_000019.png
3473,test,cityscapes,streetViewData\test\cityscapes\mask\zurich_000119_000019.png,streetViewData\test\cityscapes\img\zurich_000119_000019.png
3474,test,cityscapes,streetViewData\test\cityscapes\mask\zurich_000120_000019.png,streetViewData\test\cityscapes\img\zurich_000120_000019.png
3475,test,cityscapes,streetViewData\test\cityscapes\mask\zurich_000121_000019.png,streetViewData\test\cityscapes\img\zurich_000121_000019.png
